2024-11-28 10:43:25,651 [INFO] Activator:176 - 


2024-11-28 10:43:25,684 [INFO] Activator:177 - !SESSION log4j initialized
2024-11-28 10:43:35,662 [INFO] LogOutputStream:77 - [STDOUT_REDIRECT] 
2024-11-28 10:43:41,196 [INFO] ApplicationProperties:184 - Using Application install path: D:\software\STM32CubeIDE_1.16.1\STM32CubeIDE\plugins\com.st.stm32cube.common.mx_6.12.1.202409122256
2024-11-28 10:43:41,237 [INFO] DbMcusXml:78 - Set database path to: D:\software\STM32CubeIDE_1.16.1\STM32CubeIDE\plugins\com.st.stm32cube.common.mx_6.12.1.202409122256\\db\/mcu/
2024-11-28 10:43:41,237 [INFO] ApiDb:274 - Set plugin database path to: D:\software\STM32CubeIDE_1.16.1\STM32CubeIDE\plugins\com.st.stm32cube.common.mx_6.12.1.202409122256\\db\/plugins/boardmanager/
2024-11-28 10:43:41,238 [WARN] ApiDb:259 - Overriding images path with different value:  => D:\software\STM32CubeIDE_1.16.1\STM32CubeIDE\plugins\com.st.stm32cube.common.mx_6.12.1.202409122256\\db\/plugins/mcufinder/images/
2024-11-28 10:43:41,347 [INFO] ApiDb:250 - Set database path to: C:\Users\19948\.stmcufinder\plugins\mcufinder//mcu/
2024-11-28 10:43:41,348 [INFO] DbMcusAds:125 - Set database path to: C:\Users\19948\.stmcufinder\plugins\mcufinder//mcu/
2024-11-28 10:43:41,350 [INFO] CrossReferenceDbSqlite:203 - Set database path to: C:\Users\19948\.stmcufinder\plugins\mcufinder//mcu/cs/
2024-11-28 10:43:41,499 [INFO] RulesReader:64 - Compatibility file has been processed (297 Rules)
2024-11-28 10:43:41,664 [INFO] DbMcusXml:78 - Set database path to: D:\software\STM32CubeIDE_1.16.1\STM32CubeIDE\plugins\com.st.stm32cube.common.mx_6.12.1.202409122256\\db\/mcu/
2024-11-28 10:43:41,665 [INFO] ApiDb:274 - Set plugin database path to: D:\software\STM32CubeIDE_1.16.1\STM32CubeIDE\plugins\com.st.stm32cube.common.mx_6.12.1.202409122256\\db\/plugins/boardmanager/
2024-11-28 10:43:41,665 [INFO] ApiDb:261 - Set plugin images path to: D:\software\STM32CubeIDE_1.16.1\STM32CubeIDE\plugins\com.st.stm32cube.common.mx_6.12.1.202409122256\\db\/plugins/mcufinder/images/
2024-11-28 10:43:41,665 [WARN] DbFile:41 - Overriding database path with different value: C:\Users\19948\.stmcufinder\plugins\mcufinder/ => C:\Users\19948\.stmcufinder\plugins\mcufinder
2024-11-28 10:43:41,665 [INFO] ApiDb:250 - Set database path to: C:\Users\19948\.stmcufinder\plugins\mcufinder//mcu/
2024-11-28 10:43:41,665 [WARN] DbFile:41 - Overriding database path with different value: C:\Users\19948\.stmcufinder\plugins\mcufinder/ => C:\Users\19948\.stmcufinder\plugins\mcufinder
2024-11-28 10:43:41,665 [INFO] DbMcusAds:125 - Set database path to: C:\Users\19948\.stmcufinder\plugins\mcufinder//mcu/
2024-11-28 10:43:41,665 [WARN] DbFile:41 - Overriding database path with different value: C:\Users\19948\.stmcufinder\plugins\mcufinder/ => C:\Users\19948\.stmcufinder\plugins\mcufinder
2024-11-28 10:43:41,665 [WARN] DbFile:41 - Overriding database path with different value: C:\Users\19948\.stmcufinder\plugins\mcufinder/ => C:\Users\19948\.stmcufinder\plugins\mcufinder
2024-11-28 10:43:41,665 [INFO] CrossReferenceDbSqlite:203 - Set database path to: C:\Users\19948\.stmcufinder\plugins\mcufinder//mcu/cs/
2024-11-28 10:43:41,807 [INFO] MainPanel:268 - HeapMemory: 268435456
2024-11-28 10:43:41,927 [INFO] DbMcusXml:78 - Set database path to: D:\software\STM32CubeIDE_1.16.1\STM32CubeIDE\plugins\com.st.stm32cube.common.mx_6.12.1.202409122256\\db\/mcu/
2024-11-28 10:43:41,927 [INFO] ApiDb:274 - Set plugin database path to: D:\software\STM32CubeIDE_1.16.1\STM32CubeIDE\plugins\com.st.stm32cube.common.mx_6.12.1.202409122256\\db\/plugins/boardmanager/
2024-11-28 10:43:41,927 [INFO] ApiDb:261 - Set plugin images path to: D:\software\STM32CubeIDE_1.16.1\STM32CubeIDE\plugins\com.st.stm32cube.common.mx_6.12.1.202409122256\\db\/plugins/mcufinder/images/
2024-11-28 10:43:41,928 [WARN] DbFile:41 - Overriding database path with different value: C:\Users\19948\.stmcufinder\plugins\mcufinder/ => C:\Users\19948\.stmcufinder\plugins\mcufinder
2024-11-28 10:43:41,928 [INFO] ApiDb:250 - Set database path to: C:\Users\19948\.stmcufinder\plugins\mcufinder//mcu/
2024-11-28 10:43:41,928 [WARN] DbFile:41 - Overriding database path with different value: C:\Users\19948\.stmcufinder\plugins\mcufinder/ => C:\Users\19948\.stmcufinder\plugins\mcufinder
2024-11-28 10:43:41,928 [INFO] DbMcusAds:125 - Set database path to: C:\Users\19948\.stmcufinder\plugins\mcufinder//mcu/
2024-11-28 10:43:41,928 [WARN] DbFile:41 - Overriding database path with different value: C:\Users\19948\.stmcufinder\plugins\mcufinder/ => C:\Users\19948\.stmcufinder\plugins\mcufinder
2024-11-28 10:43:41,928 [WARN] DbFile:41 - Overriding database path with different value: C:\Users\19948\.stmcufinder\plugins\mcufinder/ => C:\Users\19948\.stmcufinder\plugins\mcufinder
2024-11-28 10:43:41,929 [INFO] CrossReferenceDbSqlite:203 - Set database path to: C:\Users\19948\.stmcufinder\plugins\mcufinder//mcu/cs/
2024-11-28 10:43:41,949 [INFO] ApplicationProperties:184 - Using Application install path: D:\software\STM32CubeIDE_1.16.1\STM32CubeIDE\plugins\com.st.stm32cube.common.mx_6.12.1.202409122256
2024-11-28 10:43:41,951 [INFO] PluginManage:196 - Search for loadable plugins [exclusion list=, ]
2024-11-28 10:43:42,023 [INFO] PluginManage:310 - Check plugin analytics
2024-11-28 10:43:42,264 [INFO] AnalyticsPlugin:253 - Accepted Software Licenses: 
2024-11-28 10:43:42,264 [INFO] AnalyticsPlugin:255 - Accepted CMSIS Pack Licenses: 
2024-11-28 10:43:42,264 [INFO] AnalyticsPlugin:257 - Accepted Firmware Licenses: FW.F4.1.28.0
2024-11-28 10:43:42,267 [INFO] PluginManage:359 - Loaded plugin analytics (category:tool,tabindex:-1)
2024-11-28 10:43:42,267 [INFO] PluginManage:310 - Check plugin cadmodel
2024-11-28 10:43:42,308 [INFO] CADModel:105 - Init CAD model plugin
2024-11-28 10:43:42,308 [INFO] PluginManage:359 - Loaded plugin cadmodel (category:power,tabindex:5)
2024-11-28 10:43:42,309 [INFO] PluginManage:310 - Check plugin clock
2024-11-28 10:43:42,322 [INFO] PluginManage:359 - Loaded plugin clock (category:base,tabindex:2)
2024-11-28 10:43:42,322 [INFO] PluginManage:310 - Check plugin ddr
2024-11-28 10:43:42,338 [INFO] PluginManage:359 - Loaded plugin ddr (category:tool,tabindex:6)
2024-11-28 10:43:42,339 [INFO] PluginManage:310 - Check plugin filemanager
2024-11-28 10:43:42,777 [INFO] PluginManage:359 - Loaded plugin filemanager (category:base,tabindex:10)
2024-11-28 10:43:42,777 [INFO] PluginManage:310 - Check plugin ipmanager
2024-11-28 10:43:42,814 [INFO] PluginManage:359 - Loaded plugin ipmanager (category:base,tabindex:5)
2024-11-28 10:43:42,814 [INFO] PluginManage:310 - Check plugin lpbam
2024-11-28 10:43:42,820 [INFO] PluginManage:359 - Loaded plugin lpbam (category:base,tabindex:0)
2024-11-28 10:43:42,820 [INFO] PluginManage:310 - Check plugin memorymap
2024-11-28 10:43:42,833 [INFO] PluginManage:359 - Loaded plugin memorymap (category:base,tabindex:4)
2024-11-28 10:43:42,833 [INFO] PluginManage:310 - Check plugin pinoutandconfiguration
2024-11-28 10:43:42,840 [INFO] PluginManage:359 - Loaded plugin pinoutandconfiguration (category:base,tabindex:1)
2024-11-28 10:43:42,840 [INFO] PluginManage:310 - Check plugin pinoutconfig
2024-11-28 10:43:43,034 [WARN] SupportedApi:132 - Cannot load RTOS API schema: s4s-elt-must-match.1: The content of 'definitions' must match (annotation?, (simpleType | complexType)?, (unique | key | keyref)*)). A problem was found starting at: attribute.
2024-11-28 10:43:43,152 [INFO] PluginManage:359 - Loaded plugin pinoutconfig (category:base,tabindex:0)
2024-11-28 10:43:43,152 [INFO] PluginManage:310 - Check plugin power
2024-11-28 10:43:43,191 [INFO] PluginManage:359 - Loaded plugin power (category:power,tabindex:4)
2024-11-28 10:43:43,191 [INFO] PluginManage:310 - Check plugin projectmanager
2024-11-28 10:43:43,210 [INFO] PluginManage:359 - Loaded plugin projectmanager (category:projectmanager,tabindex:4)
2024-11-28 10:43:43,210 [INFO] PluginManage:310 - Check plugin rif
2024-11-28 10:43:43,229 [INFO] PluginManage:359 - Loaded plugin rif (category:base,tabindex:3)
2024-11-28 10:43:43,229 [INFO] PluginManage:310 - Check plugin thirdparty
2024-11-28 10:43:43,454 [INFO] PluginManage:359 - Loaded plugin thirdparty (category:base,tabindex:-1)
2024-11-28 10:43:43,454 [WARN] IntegrityCheckThread:84 - waiting for thirdparty lock release [integrity check]
2024-11-28 10:43:43,455 [INFO] PluginManage:310 - Check plugin tools
2024-11-28 10:43:43,455 [INFO] IntegrityCheckThread:86 - entering critical section [integrity check]
2024-11-28 10:43:43,455 [INFO] ThirdPartyUpdaterWithRetryManager:70 - Updater plugin not ready yet. [1/15]
2024-11-28 10:43:43,457 [INFO] PluginManage:359 - Loaded plugin tools (category:base,tabindex:7)
2024-11-28 10:43:43,457 [INFO] PluginManage:310 - Check plugin tutovideos
2024-11-28 10:43:43,607 [INFO] PluginManage:359 - Loaded plugin tutovideos (category:base,tabindex:-1)
2024-11-28 10:43:43,607 [INFO] PluginManage:310 - Check plugin updater
2024-11-28 10:43:43,636 [INFO] PluginManage:359 - Loaded plugin updater (category:base,tabindex:12)
2024-11-28 10:43:43,636 [INFO] PluginManage:310 - Check plugin userauth
2024-11-28 10:43:43,676 [INFO] UserAuth:113 - Init User Auth plugin
2024-11-28 10:43:43,676 [INFO] PluginManage:359 - Loaded plugin userauth (category:base,tabindex:14)
2024-11-28 10:43:43,676 [INFO] PluginManage:283 - PluginManage : Loaded plugins [18]
2024-11-28 10:43:44,029 [INFO] PinOutPanel:1561 - setPackage(No Configuration,No Configuration)
2024-11-28 10:43:44,196 [INFO] CADModel:165 - CPN selected for project level
2024-11-28 10:43:44,196 [INFO] CADModel:114 - Register for checkConnection events
2024-11-28 10:43:44,677 [INFO] IPUIPlugin:80 - create IPUIPlugin
2024-11-28 10:43:44,677 [INFO] PluginManager:220 - loadIPPluginJar : add adc
2024-11-28 10:43:44,679 [INFO] IPUIPlugin:80 - create IPUIPlugin
2024-11-28 10:43:44,679 [INFO] PluginManager:220 - loadIPPluginJar : add aes
2024-11-28 10:43:44,681 [INFO] IPUIPlugin:80 - create IPUIPlugin
2024-11-28 10:43:44,681 [INFO] PluginManager:220 - loadIPPluginJar : add can
2024-11-28 10:43:44,682 [INFO] IPUIPlugin:80 - create IPUIPlugin
2024-11-28 10:43:44,682 [INFO] PluginManager:220 - loadIPPluginJar : add comp
2024-11-28 10:43:44,683 [INFO] IPUIPlugin:80 - create IPUIPlugin
2024-11-28 10:43:44,683 [INFO] PluginManager:220 - loadIPPluginJar : add cryp
2024-11-28 10:43:44,711 [INFO] IPUIPlugin:80 - create IPUIPlugin
2024-11-28 10:43:44,711 [INFO] PluginManager:220 - loadIPPluginJar : add ddr_ctrl_phy
2024-11-28 10:43:44,714 [INFO] IPUIPlugin:80 - create IPUIPlugin
2024-11-28 10:43:44,714 [INFO] PluginManager:220 - loadIPPluginJar : add dfsdm
2024-11-28 10:43:44,718 [INFO] IPUIPlugin:80 - create IPUIPlugin
2024-11-28 10:43:44,718 [INFO] PluginManager:220 - loadIPPluginJar : add dma
2024-11-28 10:43:44,721 [INFO] IPUIPlugin:80 - create IPUIPlugin
2024-11-28 10:43:44,721 [INFO] PluginManager:220 - loadIPPluginJar : add dma3
2024-11-28 10:43:44,723 [INFO] IPUIPlugin:80 - create IPUIPlugin
2024-11-28 10:43:44,724 [INFO] PluginManager:220 - loadIPPluginJar : add extmemmanager
2024-11-28 10:43:44,725 [INFO] IPUIPlugin:80 - create IPUIPlugin
2024-11-28 10:43:44,725 [INFO] PluginManager:220 - loadIPPluginJar : add fatfs
2024-11-28 10:43:44,728 [INFO] IPUIPlugin:80 - create IPUIPlugin
2024-11-28 10:43:44,728 [INFO] PluginManager:220 - loadIPPluginJar : add fmc
2024-11-28 10:43:44,746 [INFO] IPUIPlugin:80 - create IPUIPlugin
2024-11-28 10:43:44,747 [INFO] PluginManager:220 - loadIPPluginJar : add freertos
2024-11-28 10:43:44,748 [INFO] IPUIPlugin:80 - create IPUIPlugin
2024-11-28 10:43:44,748 [INFO] PluginManager:220 - loadIPPluginJar : add genericplugin
2024-11-28 10:43:44,750 [INFO] IPUIPlugin:80 - create IPUIPlugin
2024-11-28 10:43:44,750 [INFO] PluginManager:220 - loadIPPluginJar : add gfxmmu
2024-11-28 10:43:44,752 [INFO] IPUIPlugin:80 - create IPUIPlugin
2024-11-28 10:43:44,752 [INFO] PluginManager:220 - loadIPPluginJar : add gic
2024-11-28 10:43:44,755 [INFO] IPUIPlugin:80 - create IPUIPlugin
2024-11-28 10:43:44,755 [INFO] PluginManager:220 - loadIPPluginJar : add gpio
2024-11-28 10:43:44,757 [INFO] IPUIPlugin:80 - create IPUIPlugin
2024-11-28 10:43:44,757 [INFO] PluginManager:220 - loadIPPluginJar : add gtzc
2024-11-28 10:43:44,758 [INFO] IPUIPlugin:80 - create IPUIPlugin
2024-11-28 10:43:44,759 [INFO] PluginManager:220 - loadIPPluginJar : add hash
2024-11-28 10:43:44,761 [INFO] IPUIPlugin:80 - create IPUIPlugin
2024-11-28 10:43:44,761 [INFO] PluginManager:220 - loadIPPluginJar : add i2c
2024-11-28 10:43:44,763 [INFO] IPUIPlugin:80 - create IPUIPlugin
2024-11-28 10:43:44,763 [INFO] PluginManager:220 - loadIPPluginJar : add i2s
2024-11-28 10:43:44,764 [INFO] IPUIPlugin:80 - create IPUIPlugin
2024-11-28 10:43:44,764 [INFO] PluginManager:220 - loadIPPluginJar : add i3c
2024-11-28 10:43:44,766 [INFO] IPUIPlugin:80 - create IPUIPlugin
2024-11-28 10:43:44,766 [INFO] PluginManager:220 - loadIPPluginJar : add ipddr
2024-11-28 10:43:44,790 [INFO] IPUIPlugin:80 - create IPUIPlugin
2024-11-28 10:43:44,790 [INFO] PluginManager:220 - loadIPPluginJar : add linkedlist
2024-11-28 10:43:44,792 [INFO] IPUIPlugin:80 - create IPUIPlugin
2024-11-28 10:43:44,792 [INFO] PluginManager:220 - loadIPPluginJar : add lorawan
2024-11-28 10:43:44,793 [INFO] IPUIPlugin:80 - create IPUIPlugin
2024-11-28 10:43:44,793 [INFO] PluginManager:220 - loadIPPluginJar : add ltdc
2024-11-28 10:43:44,797 [INFO] IPUIPlugin:80 - create IPUIPlugin
2024-11-28 10:43:44,797 [INFO] PluginManager:220 - loadIPPluginJar : add mdma
2024-11-28 10:43:44,799 [INFO] IPUIPlugin:80 - create IPUIPlugin
2024-11-28 10:43:44,799 [INFO] PluginManager:220 - loadIPPluginJar : add nvic
2024-11-28 10:43:44,802 [INFO] IPUIPlugin:80 - create IPUIPlugin
2024-11-28 10:43:44,802 [INFO] PluginManager:220 - loadIPPluginJar : add opamp
2024-11-28 10:43:44,804 [INFO] IPUIPlugin:80 - create IPUIPlugin
2024-11-28 10:43:44,804 [INFO] PluginManager:220 - loadIPPluginJar : add openamp
2024-11-28 10:43:44,806 [INFO] IPUIPlugin:80 - create IPUIPlugin
2024-11-28 10:43:44,807 [INFO] PluginManager:220 - loadIPPluginJar : add pdm2pcm
2024-11-28 10:43:44,810 [INFO] IPUIPlugin:80 - create IPUIPlugin
2024-11-28 10:43:44,811 [INFO] PluginManager:220 - loadIPPluginJar : add plateformsettings
2024-11-28 10:43:44,812 [INFO] IPUIPlugin:80 - create IPUIPlugin
2024-11-28 10:43:44,813 [INFO] PluginManager:220 - loadIPPluginJar : add quadspi
2024-11-28 10:43:44,814 [INFO] IPUIPlugin:80 - create IPUIPlugin
2024-11-28 10:43:44,814 [INFO] PluginManager:220 - loadIPPluginJar : add radio
2024-11-28 10:43:44,817 [INFO] IPUIPlugin:80 - create IPUIPlugin
2024-11-28 10:43:44,817 [INFO] PluginManager:220 - loadIPPluginJar : add resmgrutility
2024-11-28 10:43:44,819 [INFO] IPUIPlugin:80 - create IPUIPlugin
2024-11-28 10:43:44,819 [INFO] PluginManager:220 - loadIPPluginJar : add sai
2024-11-28 10:43:44,821 [INFO] IPUIPlugin:80 - create IPUIPlugin
2024-11-28 10:43:44,821 [INFO] PluginManager:220 - loadIPPluginJar : add spi
2024-11-28 10:43:44,824 [INFO] IPUIPlugin:80 - create IPUIPlugin
2024-11-28 10:43:44,824 [INFO] PluginManager:220 - loadIPPluginJar : add stm32_wpan
2024-11-28 10:43:44,826 [INFO] IPUIPlugin:80 - create IPUIPlugin
2024-11-28 10:43:44,826 [INFO] PluginManager:220 - loadIPPluginJar : add tim
2024-11-28 10:43:44,828 [INFO] IPUIPlugin:80 - create IPUIPlugin
2024-11-28 10:43:44,829 [INFO] PluginManager:220 - loadIPPluginJar : add touchsensing
2024-11-28 10:43:44,830 [INFO] IPUIPlugin:80 - create IPUIPlugin
2024-11-28 10:43:44,830 [INFO] PluginManager:220 - loadIPPluginJar : add tracer_emb
2024-11-28 10:43:44,832 [INFO] IPUIPlugin:80 - create IPUIPlugin
2024-11-28 10:43:44,832 [INFO] PluginManager:220 - loadIPPluginJar : add ts
2024-11-28 10:43:44,834 [INFO] IPUIPlugin:80 - create IPUIPlugin
2024-11-28 10:43:44,834 [INFO] PluginManager:220 - loadIPPluginJar : add tsc
2024-11-28 10:43:44,836 [INFO] IPUIPlugin:80 - create IPUIPlugin
2024-11-28 10:43:44,836 [INFO] PluginManager:220 - loadIPPluginJar : add ucpd
2024-11-28 10:43:44,838 [INFO] IPUIPlugin:80 - create IPUIPlugin
2024-11-28 10:43:44,838 [INFO] PluginManager:220 - loadIPPluginJar : add usart
2024-11-28 10:43:44,840 [INFO] IPUIPlugin:80 - create IPUIPlugin
2024-11-28 10:43:44,840 [INFO] PluginManager:220 - loadIPPluginJar : add usbx
2024-11-28 10:43:44,981 [INFO] CADModel:165 - CPN selected for project level
2024-11-28 10:43:44,981 [INFO] CADModel:114 - Register for checkConnection events
2024-11-28 10:43:44,981 [FATAL] Updater:334 - Updater called before beeing initialized
2024-11-28 10:43:44,981 [ERROR] CADModel:125 - Updater not yet initialized, retry later 
2024-11-28 10:43:45,214 [INFO] CADModel:165 - CPN selected for project level
2024-11-28 10:43:45,214 [INFO] CADModel:114 - Register for checkConnection events
2024-11-28 10:43:45,214 [FATAL] Updater:334 - Updater called before beeing initialized
2024-11-28 10:43:45,214 [ERROR] CADModel:125 - Updater not yet initialized, retry later 
2024-11-28 10:43:45,218 [FATAL] Updater:334 - Updater called before beeing initialized
2024-11-28 10:43:45,331 [FATAL] Updater:334 - Updater called before beeing initialized
2024-11-28 10:43:45,350 [INFO] DbMcusAds:53 - JSON generation date=Fri Sep 20 21:04:38 CST 2024 (1726837478367)
2024-11-28 10:43:45,350 [FATAL] Updater:334 - Updater called before beeing initialized
2024-11-28 10:43:45,531 [WARN] DetailPanel:346 - Failed to get advertising image, set to default
2024-11-28 10:43:45,666 [FATAL] Updater:334 - Updater called before beeing initialized
2024-11-28 10:43:45,667 [FATAL] Updater:334 - Updater called before beeing initialized
2024-11-28 10:43:45,667 [FATAL] Updater:334 - Updater called before beeing initialized
2024-11-28 10:43:45,667 [WARN] DetailPanel:346 - Failed to get advertising image, set to default
2024-11-28 10:43:45,668 [FATAL] Updater:334 - Updater called before beeing initialized
2024-11-28 10:43:45,846 [ERROR] Updater:1164 - MainUpdater not yet initialized. External WinMGr cannot be set.
2024-11-28 10:43:45,862 [INFO] Updater:1100 - Updater Version found : 6.12.1
2024-11-28 10:43:45,897 [INFO] ApplicationProperties:184 - Using Application install path: D:\software\STM32CubeIDE_1.16.1\STM32CubeIDE\plugins\com.st.stm32cube.common.mx_6.12.1.202409122256
2024-11-28 10:43:46,458 [INFO] ThirdPartyUpdaterWithRetryManager:70 - Updater plugin not ready yet. [2/15]
2024-11-28 10:43:47,486 [ERROR] LogOutputStream:75 - [STDERR_REDIRECT] Nov 28, 2024 10:43:47 AM java.util.prefs.WindowsPreferences <init>
2024-11-28 10:43:47,488 [ERROR] LogOutputStream:75 - [STDERR_REDIRECT] WARNING: Could not open/create prefs root node Software\JavaSoft\Prefs at root 0xffffffff80000002. Windows RegCreateKeyEx(...) returned error code 5.
2024-11-28 10:43:47,488 [ERROR] LogOutputStream:75 - [STDERR_REDIRECT] 
2024-11-28 10:43:48,673 [INFO] MainUpdater:2873 - connection check result : 10
2024-11-28 10:43:48,673 [INFO] MainUpdater:290 - Updater Check For Update Now.
2024-11-28 10:43:48,674 [INFO] MicroXplorer:498 - Change Database Version : DB.6.0.121
2024-11-28 10:43:48,714 [INFO] McuFinderGlobals:63 - Set McuFinder mode to 2 (CubeIDE integrated)
2024-11-28 10:43:48,716 [INFO] UserAuth:417 - Internet connection configuration mode: 1
2024-11-28 10:43:48,774 [INFO] JxBrowserEngine:152 - Initiate JxBrowser Engine with user profile folder
2024-11-28 10:43:48,868 [INFO] CheckServerUpdateThread:120 - End of CheckServer Thread
2024-11-28 10:43:49,827 [INFO] WebApp:167 - Instantiating new browser for Auth
2024-11-28 10:43:50,066 [WARN] PackLoader:240 - Cannot read IP mode file for STMicroelectronics.FP-SNS-MOTENVWB1.1.4.0
2024-11-28 10:43:50,091 [WARN] PackLoader:240 - Cannot read IP mode file for STMicroelectronics.FP-ATR-ASTRA1.2.0.1
2024-11-28 10:43:50,101 [WARN] PackLoader:240 - Cannot read IP mode file for STMicroelectronics.X-CUBE-SMBUS.2.1.0
2024-11-28 10:43:50,115 [WARN] PackLoader:240 - Cannot read IP mode file for STMicroelectronics.X-CUBE-WB05N.1.1.0
2024-11-28 10:43:50,143 [WARN] PackLoader:240 - Cannot read IP mode file for STMicroelectronics.X-CUBE-AZRTOS-F7.1.1.0
2024-11-28 10:43:50,150 [WARN] PackLoader:240 - Cannot read IP mode file for STMicroelectronics.FP-SNS-MOTENV1.4.3.2
2024-11-28 10:43:50,195 [WARN] PackLoader:240 - Cannot read IP mode file for STMicroelectronics.X-CUBE-MEMS1.11.0.0
2024-11-28 10:43:50,307 [WARN] PackLoader:240 - Cannot read IP mode file for STMicroelectronics.X-CUBE-BLE1.6.2.4
2024-11-28 10:43:50,313 [WARN] PackLoader:240 - Cannot read IP mode file for STMicroelectronics.FP-SNS-FLIGHT1.5.0.2
2024-11-28 10:43:50,320 [WARN] PackLoader:240 - Cannot read IP mode file for STMicroelectronics.X-CUBE-DISPLAY.3.0.0
2024-11-28 10:43:50,327 [WARN] PackLoader:240 - Cannot read IP mode file for STMicroelectronics.X-CUBE-BLE1.7.0.0
2024-11-28 10:43:50,336 [WARN] PackLoader:240 - Cannot read IP mode file for STMicroelectronics.X-CUBE-NFC10.1.0.0
2024-11-28 10:43:50,344 [WARN] PackLoader:240 - Cannot read IP mode file for STMicroelectronics.X-CUBE-TOUCHGFX.4.22.0
2024-11-28 10:43:50,348 [WARN] PackLoader:240 - Cannot read IP mode file for STMicroelectronics.X-CUBE-TOUCHGFX.4.22.1
2024-11-28 10:43:50,359 [WARN] PackLoader:240 - Cannot read IP mode file for STMicroelectronics.X-CUBE-BLEMGR.3.1.0
2024-11-28 10:43:50,364 [WARN] PackLoader:240 - Cannot read IP mode file for STMicroelectronics.FP-SNS-SMARTAG2.1.2.0
2024-11-28 10:43:50,373 [INFO] LogOutputStream:77 - [STDOUT_REDIRECT] 1 : Invalid condition id : UX_CORESTACK_Condition cause : null
2024-11-28 10:43:50,373 [INFO] LogOutputStream:77 - [STDOUT_REDIRECT] 1 : Invalid condition id : UX_CORESTACK_Condition cause : null
2024-11-28 10:43:50,374 [INFO] LogOutputStream:77 - [STDOUT_REDIRECT] 1 : Invalid condition id : UX_CORESTACK_Condition cause : null
2024-11-28 10:43:50,375 [INFO] LogOutputStream:77 - [STDOUT_REDIRECT] 1 : Invalid condition id : UX_CORESTACK_Condition cause : null
2024-11-28 10:43:50,376 [INFO] LogOutputStream:77 - [STDOUT_REDIRECT] 1 : Invalid condition id : UX_CORESTACK_Condition cause : null
2024-11-28 10:43:50,377 [WARN] PackLoader:240 - Cannot read IP mode file for STMicroelectronics.X-CUBE-AZRTOS-WL.2.0.0
2024-11-28 10:43:50,382 [WARN] PackLoader:240 - Cannot read IP mode file for STMicroelectronics.FP-SNS-MOTENV1.5.0.0
2024-11-28 10:43:50,389 [WARN] PackLoader:240 - Cannot read IP mode file for wolfSSL.I-CUBE-wolfMQTT.1.19.0
2024-11-28 10:43:50,402 [WARN] PackLoader:240 - Cannot read IP mode file for WES.I-CUBE-Cesium.1.3.0
2024-11-28 10:43:50,407 [WARN] PackLoader:240 - Cannot read IP mode file for STMicroelectronics.X-CUBE-BLE2.3.3.0
2024-11-28 10:43:50,416 [WARN] PackLoader:240 - Cannot read IP mode file for STMicroelectronics.X-CUBE-TOF1.3.2.0
2024-11-28 10:43:50,426 [WARN] PackLoader:240 - Cannot read IP mode file for STMicroelectronics.X-CUBE-NFC9.1.0.0
2024-11-28 10:43:50,432 [WARN] PackLoader:240 - Cannot read IP mode file for STMicroelectronics.X-CUBE-TCPP.4.1.0
2024-11-28 10:43:50,438 [WARN] PackLoader:240 - Cannot read IP mode file for STMicroelectronics.X-CUBE-TOUCHGFX.4.21.1
2024-11-28 10:43:50,462 [WARN] PackLoader:240 - Cannot read IP mode file for STMicroelectronics.X-CUBE-MEMS1.9.4.0
2024-11-28 10:43:50,525 [WARN] PackLoader:240 - Cannot read IP mode file for STMicroelectronics.X-CUBE-AI.7.3.0
2024-11-28 10:43:50,531 [WARN] PackLoader:240 - Cannot read IP mode file for STMicroelectronics.X-CUBE-ALGOBUILD.1.3.0
2024-11-28 10:43:50,545 [WARN] PackLoader:240 - Cannot read IP mode file for STMicroelectronics.X-CUBE-AZRTOS-G0.1.1.0
2024-11-28 10:43:50,555 [WARN] PackLoader:240 - Cannot read IP mode file for STMicroelectronics.X-CUBE-SAFEA1.1.2.2
2024-11-28 10:43:50,562 [WARN] PackLoader:240 - Cannot read IP mode file for STMicroelectronics.X-CUBE-NFC4.3.0.0
2024-11-28 10:43:50,573 [WARN] PackLoader:240 - Cannot read IP mode file for EmbeddedOffice.I-CUBE-FS-RTOS.1.0.1
2024-11-28 10:43:50,574 [ERROR] ConditionMgr:805 - Attr not supported : Dmpu
2024-11-28 10:43:50,574 [ERROR] ConditionMgr:805 - Attr not supported : Dmpu
2024-11-28 10:43:50,574 [ERROR] ConditionMgr:805 - Attr not supported : Dmpu
2024-11-28 10:43:50,574 [ERROR] ConditionMgr:805 - Attr not supported : Dmpu
2024-11-28 10:43:50,574 [ERROR] ConditionMgr:805 - Attr not supported : Dmpu
2024-11-28 10:43:50,574 [ERROR] ConditionMgr:805 - Attr not supported : Dmpu
2024-11-28 10:43:50,574 [ERROR] ConditionMgr:805 - Attr not supported : Dmpu
2024-11-28 10:43:50,574 [ERROR] ConditionMgr:805 - Attr not supported : Dmpu
2024-11-28 10:43:50,574 [ERROR] ConditionMgr:805 - Attr not supported : Dmpu
2024-11-28 10:43:50,574 [ERROR] ConditionMgr:805 - Attr not supported : Dmpu
2024-11-28 10:43:50,574 [ERROR] ConditionMgr:805 - Attr not supported : Dmpu
2024-11-28 10:43:50,574 [ERROR] ConditionMgr:805 - Attr not supported : Dmpu
2024-11-28 10:43:50,574 [ERROR] ConditionMgr:805 - Attr not supported : Dmpu
2024-11-28 10:43:50,575 [ERROR] ConditionMgr:805 - Attr not supported : Dmpu
2024-11-28 10:43:50,575 [ERROR] ConditionMgr:805 - Attr not supported : Dmpu
2024-11-28 10:43:50,575 [ERROR] ConditionMgr:805 - Attr not supported : Dmpu
2024-11-28 10:43:50,575 [ERROR] ConditionMgr:805 - Attr not supported : Dmpu
2024-11-28 10:43:50,575 [ERROR] ConditionMgr:805 - Attr not supported : Dmpu
2024-11-28 10:43:50,575 [ERROR] ConditionMgr:805 - Attr not supported : Dmpu
2024-11-28 10:43:50,575 [ERROR] ConditionMgr:805 - Attr not supported : Dmpu
2024-11-28 10:43:50,575 [ERROR] ConditionMgr:805 - Attr not supported : Dmpu
2024-11-28 10:43:50,575 [ERROR] ConditionMgr:805 - Attr not supported : Dmpu
2024-11-28 10:43:50,575 [ERROR] ConditionMgr:805 - Attr not supported : Dmpu
2024-11-28 10:43:50,575 [ERROR] ConditionMgr:805 - Attr not supported : Dmpu
2024-11-28 10:43:50,575 [ERROR] ConditionMgr:805 - Attr not supported : Dmpu
2024-11-28 10:43:50,575 [ERROR] ConditionMgr:805 - Attr not supported : Dmpu
2024-11-28 10:43:50,575 [ERROR] ConditionMgr:805 - Attr not supported : Dmpu
2024-11-28 10:43:50,575 [ERROR] ConditionMgr:805 - Attr not supported : Dmpu
2024-11-28 10:43:50,575 [ERROR] ConditionMgr:805 - Attr not supported : Dmpu
2024-11-28 10:43:50,575 [ERROR] ConditionMgr:805 - Attr not supported : Dmpu
2024-11-28 10:43:50,575 [ERROR] ConditionMgr:805 - Attr not supported : Dmpu
2024-11-28 10:43:50,575 [ERROR] ConditionMgr:805 - Attr not supported : Dmpu
2024-11-28 10:43:50,575 [ERROR] ConditionMgr:805 - Attr not supported : Dmpu
2024-11-28 10:43:50,576 [ERROR] ConditionMgr:805 - Attr not supported : Dmpu
2024-11-28 10:43:50,576 [ERROR] ConditionMgr:805 - Attr not supported : Dmpu
2024-11-28 10:43:50,576 [ERROR] ConditionMgr:805 - Attr not supported : Dmpu
2024-11-28 10:43:50,576 [ERROR] ConditionMgr:805 - Attr not supported : Dmpu
2024-11-28 10:43:50,576 [ERROR] ConditionMgr:805 - Attr not supported : Dmpu
2024-11-28 10:43:50,576 [ERROR] ConditionMgr:805 - Attr not supported : Dmpu
2024-11-28 10:43:50,576 [ERROR] ConditionMgr:805 - Attr not supported : Dmpu
2024-11-28 10:43:50,576 [ERROR] ConditionMgr:805 - Attr not supported : Dmpu
2024-11-28 10:43:50,576 [ERROR] ConditionMgr:805 - Attr not supported : Dmpu
2024-11-28 10:43:50,576 [ERROR] ConditionMgr:805 - Attr not supported : Dmpu
2024-11-28 10:43:50,576 [ERROR] ConditionMgr:805 - Attr not supported : Dmpu
2024-11-28 10:43:50,576 [ERROR] ConditionMgr:805 - Attr not supported : Dmpu
2024-11-28 10:43:50,576 [ERROR] ConditionMgr:805 - Attr not supported : Dmpu
2024-11-28 10:43:50,576 [ERROR] ConditionMgr:805 - Attr not supported : Dmpu
2024-11-28 10:43:50,576 [ERROR] ConditionMgr:805 - Attr not supported : Dmpu
2024-11-28 10:43:50,576 [ERROR] ConditionMgr:805 - Attr not supported : Dmpu
2024-11-28 10:43:50,576 [ERROR] ConditionMgr:805 - Attr not supported : Dmpu
2024-11-28 10:43:50,576 [ERROR] ConditionMgr:805 - Attr not supported : Dmpu
2024-11-28 10:43:50,577 [ERROR] ConditionMgr:805 - Attr not supported : Dmpu
2024-11-28 10:43:50,577 [ERROR] ConditionMgr:805 - Attr not supported : Dmpu
2024-11-28 10:43:50,577 [ERROR] ConditionMgr:805 - Attr not supported : Dmpu
2024-11-28 10:43:50,577 [ERROR] ConditionMgr:805 - Attr not supported : Dmpu
2024-11-28 10:43:50,577 [ERROR] ConditionMgr:805 - Attr not supported : Dmpu
2024-11-28 10:43:50,577 [ERROR] ConditionMgr:805 - Attr not supported : Dmpu
2024-11-28 10:43:50,577 [ERROR] ConditionMgr:805 - Attr not supported : Dmpu
2024-11-28 10:43:50,577 [ERROR] ConditionMgr:805 - Attr not supported : Dmpu
2024-11-28 10:43:50,577 [ERROR] ConditionMgr:805 - Attr not supported : Dmpu
2024-11-28 10:43:50,577 [ERROR] ConditionMgr:805 - Attr not supported : Dmpu
2024-11-28 10:43:50,577 [ERROR] ConditionMgr:805 - Attr not supported : Dmpu
2024-11-28 10:43:50,577 [ERROR] ConditionMgr:805 - Attr not supported : Dmpu
2024-11-28 10:43:50,577 [ERROR] ConditionMgr:805 - Attr not supported : Dmpu
2024-11-28 10:43:50,585 [WARN] PackLoader:240 - Cannot read IP mode file for STMicroelectronics.X-CUBE-BLEMGR.3.0.0
2024-11-28 10:43:50,599 [WARN] PackLoader:240 - Cannot read IP mode file for STMicroelectronics.X-CUBE-BLEMGR.1.3.0
2024-11-28 10:43:50,620 [WARN] PackLoader:240 - Cannot read IP mode file for RealThread.X-CUBE-RT-Thread_Nano.4.1.1
2024-11-28 10:43:50,625 [WARN] PackLoader:240 - Cannot read IP mode file for STMicroelectronics.FP-ATR-SIGFOX1.3.2.0
2024-11-28 10:43:50,630 [WARN] ConditionMgr:438 - getConditionDescription Invalid condition id : Cortex-A Device cause : null
2024-11-28 10:43:50,646 [WARN] ConditionMgr:1039 - genDependencies : Invalid condition id : Cortex-A Device cause : null
2024-11-28 10:43:50,647 [WARN] ConditionMgr:1039 - genDependencies : Invalid condition id : Cortex-A Device cause : null
2024-11-28 10:43:50,647 [WARN] ConditionMgr:1039 - genDependencies : Invalid condition id : Cortex-A Device cause : null
2024-11-28 10:43:50,652 [WARN] PackLoader:240 - Cannot read IP mode file for STMicroelectronics.X-CUBE-EEPRMA1.5.1.0
2024-11-28 10:43:50,678 [WARN] PackLoader:240 - Cannot read IP mode file for STMicroelectronics.X-CUBE-MEMS1.9.5.0
2024-11-28 10:43:50,798 [WARN] PackLoader:240 - Cannot read IP mode file for SEGGER.I-CUBE-embOS.1.3.1
2024-11-28 10:43:50,830 [WARN] PackLoader:240 - Cannot read IP mode file for STMicroelectronics.X-CUBE-ALGOBUILD.1.4.0
2024-11-28 10:43:50,834 [WARN] PackLoader:240 - Cannot read IP mode file for STMicroelectronics.X-CUBE-AI.9.1.0
2024-11-28 10:43:50,840 [WARN] PackLoader:240 - Cannot read IP mode file for STMicroelectronics.X-CUBE-GNSS1.6.0.0
2024-11-28 10:43:50,854 [WARN] PackLoader:240 - Cannot read IP mode file for STMicroelectronics.X-CUBE-AZRTOS-F4.1.1.0
2024-11-28 10:43:50,860 [WARN] PackLoader:240 - Cannot read IP mode file for STMicroelectronics.X-CUBE-ISPU.2.1.0
2024-11-28 10:43:50,865 [WARN] PackLoader:240 - Cannot read IP mode file for STMicroelectronics.X-CUBE-FREERTOS.1.2.0
2024-11-28 10:43:50,876 [WARN] PackLoader:240 - Cannot read IP mode file for STMicroelectronics.X-CUBE-AZRTOS-L5.2.0.0
2024-11-28 10:43:50,903 [WARN] PackLoader:240 - Cannot read IP mode file for STMicroelectronics.X-CUBE-MEMS1.9.6.0
2024-11-28 10:43:50,983 [INFO] WebApp:448 - Apply proxy settings
2024-11-28 10:43:50,984 [INFO] WebApp:533 - Chromium requires no authentication
2024-11-28 10:43:50,995 [INFO] WebApp:476 - Direct internet connection detected
2024-11-28 10:43:51,013 [WARN] PackLoader:240 - Cannot read IP mode file for STMicroelectronics.X-CUBE-EEPRMA1.4.2.0
2024-11-28 10:43:51,022 [WARN] PackLoader:240 - Cannot read IP mode file for STMicroelectronics.X-CUBE-NFC6.3.1.0
2024-11-28 10:43:51,031 [INFO] WebApp:869 - Register for checkConnection events
2024-11-28 10:43:51,031 [INFO] WebApp:448 - Apply proxy settings
2024-11-28 10:43:51,031 [INFO] WebApp:533 - Chromium requires no authentication
2024-11-28 10:43:51,031 [INFO] WebApp:476 - Direct internet connection detected
2024-11-28 10:43:51,033 [WARN] PackLoader:240 - Cannot read IP mode file for ITTIA_DB.I-CUBE-ITTIADB.8.8.0
2024-11-28 10:43:51,040 [WARN] PackLoader:240 - Cannot read IP mode file for emotas.I-CUBE-CANOPEN.1.1.3
2024-11-28 10:43:51,046 [WARN] PackLoader:240 - Cannot read IP mode file for STMicroelectronics.X-CUBE-BLEMGR.2.0.0
2024-11-28 10:43:51,052 [WARN] PackLoader:240 - Cannot read IP mode file for STMicroelectronics.X-CUBE-DPower.1.2.0
2024-11-28 10:43:51,055 [WARN] PackLoader:240 - Cannot read IP mode file for STMicroelectronics.X-CUBE-AI.9.0.0
2024-11-28 10:43:51,067 [WARN] ConditionMgr:438 - getConditionDescription Invalid condition id : UX DEVICE CLASS RTOS Condition cause : null
2024-11-28 10:43:51,067 [WARN] ConditionMgr:438 - getConditionDescription Invalid condition id : UX DEVICE CLASS RTOS Condition cause : null
2024-11-28 10:43:51,069 [WARN] PackLoader:240 - Cannot read IP mode file for STMicroelectronics.X-CUBE-AZRTOS-H7.3.1.0
2024-11-28 10:43:51,070 [WARN] ConditionMgr:1039 - genDependencies : Invalid condition id : UX DEVICE CLASS RTOS Condition cause : null
2024-11-28 10:43:51,070 [WARN] ConditionMgr:1039 - genDependencies : Invalid condition id : UX DEVICE CLASS RTOS Condition cause : null
2024-11-28 10:43:51,070 [WARN] ConditionMgr:1039 - genDependencies : Invalid condition id : UX DEVICE CLASS RTOS Condition cause : null
2024-11-28 10:43:51,071 [WARN] ConditionMgr:1039 - genDependencies : Invalid condition id : UX DEVICE CLASS RTOS Condition cause : null
2024-11-28 10:43:51,071 [WARN] ConditionMgr:1039 - genDependencies : Invalid condition id : UX DEVICE CLASS RTOS Condition cause : null
2024-11-28 10:43:51,076 [WARN] PackLoader:240 - Cannot read IP mode file for wolfSSL.I-CUBE-wolfSSL.5.5.4
2024-11-28 10:43:51,082 [WARN] PackLoader:240 - Cannot read IP mode file for STMicroelectronics.X-CUBE-NFC7.1.0.1
2024-11-28 10:43:51,087 [WARN] PackLoader:240 - Cannot read IP mode file for STMicroelectronics.X-CUBE-NFC7.1.0.0
2024-11-28 10:43:51,093 [WARN] PackLoader:240 - Cannot read IP mode file for wolfSSL.I-CUBE-wolfTPM.3.2.0
2024-11-28 10:43:51,099 [WARN] PackLoader:240 - Cannot read IP mode file for STMicroelectronics.X-CUBE-NFC6.3.0.0
2024-11-28 10:43:51,104 [WARN] PackLoader:240 - Cannot read IP mode file for STMicroelectronics.X-CUBE-EEPRMA1.4.1.0
2024-11-28 10:43:51,141 [WARN] PackLoader:240 - Cannot read IP mode file for STMicroelectronics.X-CUBE-AI.8.1.0
2024-11-28 10:43:51,157 [WARN] ConditionMgr:438 - getConditionDescription Invalid condition id : LAN8742 Phy interface Condition cause : null
2024-11-28 10:43:51,158 [WARN] PackLoader:240 - Cannot read IP mode file for STMicroelectronics.X-CUBE-AZRTOS-L4.2.0.0
2024-11-28 10:43:51,158 [WARN] ConditionMgr:1039 - genDependencies : Invalid condition id : LAN8742 Phy interface Condition cause : null
2024-11-28 10:43:51,159 [WARN] ConditionMgr:1039 - genDependencies : Invalid condition id : LAN8742 Phy interface Condition cause : null
2024-11-28 10:43:51,159 [WARN] ConditionMgr:1039 - genDependencies : Invalid condition id : LAN8742 Phy interface Condition cause : null
2024-11-28 10:43:51,165 [WARN] PackLoader:240 - Cannot read IP mode file for STMicroelectronics.X-CUBE-SFXS2LP1.4.0.0
2024-11-28 10:43:51,179 [WARN] PackLoader:240 - Cannot read IP mode file for STMicroelectronics.X-CUBE-AZRTOS-H7.3.0.0
2024-11-28 10:43:51,185 [WARN] PackLoader:240 - Cannot read IP mode file for STMicroelectronics.X-CUBE-ISPU.1.1.0
2024-11-28 10:43:51,200 [WARN] PackLoader:240 - Cannot read IP mode file for STMicroelectronics.X-CUBE-AZRTOS-H7.3.3.0
2024-11-28 10:43:51,209 [WARN] PackLoader:240 - Cannot read IP mode file for RoweBots.I-CUBE-UNISONRTOS.5.5.0-4
2024-11-28 10:43:51,218 [WARN] PackLoader:240 - Cannot read IP mode file for STMicroelectronics.X-CUBE-IPS.3.0.0
2024-11-28 10:43:51,230 [WARN] ConditionMgr:438 - getConditionDescription Invalid condition id : UX DEVICE CLASS RTOS Condition cause : null
2024-11-28 10:43:51,230 [WARN] ConditionMgr:438 - getConditionDescription Invalid condition id : UX DEVICE CLASS RTOS Condition cause : null
2024-11-28 10:43:51,232 [WARN] PackLoader:240 - Cannot read IP mode file for STMicroelectronics.X-CUBE-AZRTOS-WB.2.0.0
2024-11-28 10:43:51,232 [WARN] ConditionMgr:1039 - genDependencies : Invalid condition id : UX DEVICE CLASS RTOS Condition cause : null
2024-11-28 10:43:51,232 [WARN] ConditionMgr:1039 - genDependencies : Invalid condition id : UX DEVICE CLASS RTOS Condition cause : null
2024-11-28 10:43:51,232 [WARN] ConditionMgr:1039 - genDependencies : Invalid condition id : UX DEVICE CLASS RTOS Condition cause : null
2024-11-28 10:43:51,232 [WARN] ConditionMgr:1039 - genDependencies : Invalid condition id : UX DEVICE CLASS RTOS Condition cause : null
2024-11-28 10:43:51,233 [WARN] ConditionMgr:1039 - genDependencies : Invalid condition id : UX DEVICE CLASS RTOS Condition cause : null
2024-11-28 10:43:51,237 [WARN] PackLoader:240 - Cannot read IP mode file for STMicroelectronics.X-CUBE-FREERTOS.1.0.1
2024-11-28 10:43:51,240 [WARN] PackLoader:240 - Cannot read IP mode file for STMicroelectronics.X-CUBE-GNSS1.7.0.0
2024-11-28 10:43:51,248 [WARN] PackLoader:240 - Cannot read IP mode file for STMicroelectronics.FP-SNS-STBOX1.2.0.0
2024-11-28 10:43:51,260 [WARN] PackLoader:240 - Cannot read IP mode file for STMicroelectronics.X-CUBE-AZRTOS-L5.1.1.0
2024-11-28 10:43:51,265 [WARN] PackLoader:240 - Cannot read IP mode file for STMicroelectronics.X-CUBE-AI.8.0.1
2024-11-28 10:43:51,273 [WARN] PackLoader:240 - Cannot read IP mode file for STMicroelectronics.X-CUBE-SUBG2.5.0.0
2024-11-28 10:43:51,295 [WARN] PackLoader:240 - Cannot read IP mode file for Cesanta.I-CUBE-Mongoose.7.13.0
2024-11-28 10:43:51,300 [INFO] WebApp:220 - Starting web application
2024-11-28 10:43:51,300 [INFO] WebApp:578 - Web application path used D:\software\STM32CubeIDE_1.16.1\STM32CubeIDE\plugins\com.st.stm32cube.common.mx_6.12.1.202409122256\db\plugins\mcufinder\reactClient1\index.html
2024-11-28 10:43:51,303 [WARN] PackLoader:240 - Cannot read IP mode file for STMicroelectronics.X-CUBE-TOF1.3.3.1
2024-11-28 10:43:51,332 [WARN] PackLoader:240 - Cannot read IP mode file for STMicroelectronics.X-CUBE-AZRTOS-G4.2.0.0
2024-11-28 10:43:51,338 [WARN] PackLoader:240 - Cannot read IP mode file for STMicroelectronics.FP-ATR-ASTRA1.1.1.1
2024-11-28 10:43:51,351 [WARN] PackLoader:240 - Cannot read IP mode file for Infineon.AIROC-Wi-Fi-Bluetooth-STM32.1.5.1
2024-11-28 10:43:51,371 [WARN] PackLoader:240 - Cannot read IP mode file for STMicroelectronics.FP-SNS-MOTENVWB1.1.3.0
2024-11-28 10:43:51,377 [WARN] PackLoader:240 - Cannot read IP mode file for STMicroelectronics.FP-SNS-MOTENVWB1.1.3.1
2024-11-28 10:43:51,387 [WARN] PackLoader:240 - Cannot read IP mode file for STMicroelectronics.X-CUBE-AZRTOS-G4.1.0.0
2024-11-28 10:43:51,401 [WARN] PackLoader:240 - Cannot read IP mode file for STMicroelectronics.X-CUBE-AZRTOS-L4.1.0.0
2024-11-28 10:43:51,408 [WARN] PackLoader:240 - Cannot read IP mode file for STMicroelectronics.X-CUBE-ISPU.2.0.0
2024-11-28 10:43:51,414 [WARN] PackLoader:240 - Cannot read IP mode file for STMicroelectronics.X-CUBE-ALS.1.0.2
2024-11-28 10:43:51,455 [WARN] PackLoader:240 - Cannot read IP mode file for STMicroelectronics.X-CUBE-MEMS1.10.0.0
2024-11-28 10:43:51,483 [INFO] UserAuth:417 - Internet connection configuration mode: 1
2024-11-28 10:43:51,577 [WARN] PackLoader:240 - Cannot read IP mode file for STMicroelectronics.X-CUBE-FREERTOS.1.1.0
2024-11-28 10:43:51,580 [WARN] PackLoader:240 - Cannot read IP mode file for STMicroelectronics.X-CUBE-TOUCHGFX.4.24.0
2024-11-28 10:43:51,587 [WARN] PackLoader:240 - Cannot read IP mode file for STMicroelectronics.X-CUBE-AZRTOS-WL.1.0.0
2024-11-28 10:43:51,591 [WARN] PackLoader:240 - Cannot read IP mode file for STMicroelectronics.X-CUBE-TOUCHGFX.4.24.1
2024-11-28 10:43:51,597 [WARN] PackLoader:240 - Cannot read IP mode file for portGmbH.I-Cube-SoM-uGOAL.1.1.0
2024-11-28 10:43:51,601 [WARN] PackLoader:240 - Cannot read IP mode file for STMicroelectronics.X-CUBE-ALS.1.0.1
2024-11-28 10:43:51,610 [WARN] PackLoader:240 - Cannot read IP mode file for STMicroelectronics.X-CUBE-AZRTOS-WB.1.1.0
2024-11-28 10:43:51,627 [WARN] PackLoader:240 - Cannot read IP mode file for STMicroelectronics.X-CUBE-AZRTOS-H7RS.1.0.0
2024-11-28 10:43:51,634 [WARN] PackLoader:240 - Cannot read IP mode file for STMicroelectronics.FP-ATR-ASTRA1.2.0.0
2024-11-28 10:43:51,648 [WARN] PackLoader:240 - Cannot read IP mode file for STMicroelectronics.X-CUBE-TOF1.3.4.2
2024-11-28 10:43:51,659 [WARN] PackLoader:240 - Cannot read IP mode file for STMicroelectronics.X-CUBE-TOF1.3.4.0
2024-11-28 10:43:51,667 [WARN] PackLoader:240 - Cannot read IP mode file for wolfSSL.I-CUBE-wolfSSH.1.4.17
2024-11-28 10:43:51,668 [INFO] ThirdParty:978 - Integrity check success = true
2024-11-28 10:43:51,668 [INFO] IntegrityCheckThread:100 - exiting critical section [integrity check]
2024-11-28 10:43:51,668 [INFO] IntegrityCheckThread:103 - End integrity checks thread
2024-11-28 13:03:09,373 [INFO] McuFinderGlobals:63 - Set McuFinder mode to 2 (CubeIDE integrated)
2024-11-28 13:03:09,413 [INFO] MainUpdater:2873 - connection check result : 10
2024-11-28 13:03:09,429 [INFO] MainUpdater:2873 - connection check result : 10
2024-11-28 13:03:10,376 [INFO] RulesReader:64 - Compatibility file has been processed (297 Rules)
2024-11-28 13:03:10,388 [INFO] RulesReader:64 - Compatibility file has been processed (297 Rules)
2024-11-28 13:03:10,424 [INFO] MicroXplorer:468 - Change Database Path : 
2024-11-28 13:03:10,424 [INFO] MicroXplorer:498 - Change Database Version : DB.6.0.121
2024-11-28 13:03:10,476 [WARN] ThirdParty:871 - waiting for thirdparty lock release [close project]
2024-11-28 13:03:10,476 [INFO] ThirdParty:873 - entering critical section [close project]
2024-11-28 13:03:10,476 [INFO] ThirdParty:883 - exiting critical section [close project]
2024-11-28 13:03:10,478 [INFO] PinOutPanel:1561 - setPackage(No Configuration,No Configuration)
2024-11-28 13:03:10,483 [INFO] UtilMem:75 - Begin LoadConfig() Used Memory: 814733432 Bytes (1073741824)
2024-11-28 13:03:10,484 [INFO] MicroXplorer:468 - Change Database Path : 
2024-11-28 13:03:10,484 [INFO] MicroXplorer:498 - Change Database Version : DB.6.0.121
2024-11-28 13:03:10,484 [INFO] OpenFileManager:332 - Change cursor
2024-11-28 13:03:10,591 [INFO] Mcu:2032 - Initializing MCU STM32F103Z(C-D-E)Tx STM32F103ZETx STM32F103ZET6
2024-11-28 13:03:11,955 [INFO] Context:742 - Trying to add GPIOservice into a context  which must be forbidden
2024-11-28 13:03:12,321 [INFO] RtosManager:555 - Registered RTOS mode: class=CMSIS, group=RTOS, mode=CMSIS_V1, owner=FREERTOS
2024-11-28 13:03:12,321 [INFO] RtosManager:555 - Registered RTOS mode: class=CMSIS, group=RTOS2, mode=CMSIS_V2, owner=FREERTOS
2024-11-28 13:03:12,321 [INFO] RtosManager:555 - Registered RTOS mode: class=RTOS, group=Core, mode=CMSIS_V1, owner=FREERTOS
2024-11-28 13:03:12,321 [INFO] RtosManager:555 - Registered RTOS mode: class=RTOS, group=Core, mode=CMSIS_V2, owner=FREERTOS
2024-11-28 13:03:12,321 [WARN] ModelIntegratedComponent:184 - Missing modes for component STMicroelectronics:FreeRTOS:0.0.1:STMicroelectronics:RTOS:FreeRTOS:Core:::10.2.0:
2024-11-28 13:03:12,325 [WARN] ModelIntegratedComponent:63 - No mode defined for component null
2024-11-28 13:03:12,325 [WARN] ModelIntegratedComponent:63 - No mode defined for component null
2024-11-28 13:03:12,325 [WARN] ModelIntegratedComponent:63 - No mode defined for component null
2024-11-28 13:03:12,325 [WARN] ModelIntegratedComponent:63 - No mode defined for component null
2024-11-28 13:03:12,325 [WARN] ModelIntegratedComponent:63 - No mode defined for component null
2024-11-28 13:03:12,325 [WARN] ModelIntegratedComponent:63 - No mode defined for component null
2024-11-28 13:03:12,326 [WARN] ModelIntegratedComponent:63 - No mode defined for component null
2024-11-28 13:03:12,326 [WARN] ModelIntegratedComponent:63 - No mode defined for component null
2024-11-28 13:03:12,326 [WARN] ModelIntegratedComponent:63 - No mode defined for component null
2024-11-28 13:03:12,326 [WARN] ModelIntegratedComponent:63 - No mode defined for component null
2024-11-28 13:03:12,326 [WARN] ModelIntegratedComponent:63 - No mode defined for component null
2024-11-28 13:03:12,326 [WARN] ModelIntegratedComponent:63 - No mode defined for component null
2024-11-28 13:03:12,326 [WARN] ModelIntegratedComponent:63 - No mode defined for component null
2024-11-28 13:03:12,326 [WARN] ModelIntegratedComponent:63 - No mode defined for component null
2024-11-28 13:03:12,326 [WARN] ModelIntegratedComponent:63 - No mode defined for component null
2024-11-28 13:03:12,326 [WARN] ModelIntegratedComponent:63 - No mode defined for component null
2024-11-28 13:03:12,326 [WARN] ModelIntegratedComponent:63 - No mode defined for component null
2024-11-28 13:03:12,326 [WARN] ModelIntegratedComponent:63 - No mode defined for component null
2024-11-28 13:03:12,326 [WARN] ModelIntegratedComponent:63 - No mode defined for component null
2024-11-28 13:03:12,326 [WARN] ModelIntegratedComponent:63 - No mode defined for component null
2024-11-28 13:03:12,326 [WARN] ModelIntegratedComponent:63 - No mode defined for component null
2024-11-28 13:03:12,326 [WARN] ModelIntegratedComponent:63 - No mode defined for component null
2024-11-28 13:03:12,326 [WARN] ModelIntegratedComponent:63 - No mode defined for component null
2024-11-28 13:03:12,326 [WARN] ModelIntegratedComponent:63 - No mode defined for component null
2024-11-28 13:03:12,326 [WARN] ModelIntegratedComponent:63 - No mode defined for component null
2024-11-28 13:03:12,326 [WARN] ModelIntegratedComponent:63 - No mode defined for component null
2024-11-28 13:03:12,326 [WARN] ModelIntegratedComponent:63 - No mode defined for component null
2024-11-28 13:03:12,326 [WARN] ModelIntegratedComponent:63 - No mode defined for component null
2024-11-28 13:03:12,326 [WARN] ModelIntegratedComponent:63 - No mode defined for component null
2024-11-28 13:03:12,326 [WARN] ModelIntegratedComponent:63 - No mode defined for component null
2024-11-28 13:03:12,326 [WARN] ModelIntegratedComponent:63 - No mode defined for component null
2024-11-28 13:03:12,326 [WARN] ModelIntegratedComponent:63 - No mode defined for component null
2024-11-28 13:03:12,326 [WARN] ModelIntegratedComponent:63 - No mode defined for component null
2024-11-28 13:03:12,326 [WARN] ModelIntegratedComponent:63 - No mode defined for component null
2024-11-28 13:03:12,326 [WARN] ModelIntegratedComponent:63 - No mode defined for component null
2024-11-28 13:03:12,326 [WARN] ModelPack:524 - Component already loaded: STMicroelectronics:HAL Drivers:0.0.0:STMicroelectronics:Device:STMicro_Driver:XSPI:HAL::0.0.1:HAL_XSPI
2024-11-28 13:03:12,478 [INFO] ThirdPartyModel:298 - Start build external matchings
2024-11-28 13:03:13,418 [INFO] ThirdPartyModel:316 - End build external matchings
2024-11-28 13:03:13,446 [INFO] RtosManager:919 - Current active RTOS is FREERTOS [Cortex-M3NS]
2024-11-28 13:03:13,453 [INFO] ImportTextPane:205 - (OptionalMessage_ERROR) IP (RCC) : Parameter (ADCFreqValue) has invalid value (36000000)
2024-11-28 13:03:13,453 [INFO] ImportTextPane:205 - (OptionalMessage_ERROR) IP (RCC) : Invalid parameter (FamilyName)
2024-11-28 13:03:13,453 [INFO] ImportTextPane:205 - (OptionalMessage_ERROR) IP (RCC) : Parameter (MCOFreq_Value) has invalid value (72000000)
2024-11-28 13:03:15,594 [INFO] ApiDb:581 - Connected to CubeFinder SQLite database (C:\Users\19948\.stmcufinder\plugins\mcufinder\mcu\cube-finder-db.db)
2024-11-28 13:03:15,718 [INFO] ApiDb:668 - CubeFinder database Data Model version=2.1
2024-11-28 13:03:15,718 [INFO] ApiDb:669 - CubeFinder database Configuration version=3.0.39
2024-11-28 13:03:15,719 [INFO] ApiDb:670 - CubeFinder database generation date=2024-10-15 (1729006872)
2024-11-28 13:03:15,719 [INFO] ApiDb:671 - CubeFinder database FW Pack versions=[FP-ATR-ASTRA1_V2.0.0, FP-SNS-FLIGHT1_V5.0.2, FP-SNS-MOTENV1_V5.0.0, FP-SNS-MOTENVWB1_V1.4.0, FP-SNS-SMARTAG2_V1.2.0, FP-SNS-STBOX1_V2.0.0, STM32Cube_FW_C0_V1.2.0, STM32Cube_FW_F4_V1.28.1, STM32Cube_FW_F7_V1.17.2, STM32Cube_FW_G0_V1.6.2, STM32Cube_FW_G4_V1.6.0, STM32Cube_FW_H5_V1.3.0, STM32Cube_FW_H7RS_V1.1.0, STM32Cube_FW_H7_V1.11.2, STM32Cube_FW_L0_V1.12.2, STM32Cube_FW_L5_V1.5.1, STM32Cube_FW_U0_V1.1.0, STM32Cube_FW_U5_V1.6.0, STM32Cube_FW_WB0_V1.0.0, STM32Cube_FW_WBA_V1.4.1, STM32Cube_FW_WB_V1.20.0, STM32Cube_FW_WL_V1.3.0, X-CUBE-ALGOBUILD_V1.4.0, X-CUBE-ALS_V1.0.2, X-CUBE-AZRTOS-F4_V1.1.0, X-CUBE-AZRTOS-F7_V1.1.0, X-CUBE-AZRTOS-G0_V1.1.0, X-CUBE-AZRTOS-G4_V2.0.0, X-CUBE-AZRTOS-H7RS_V1.0.0, X-CUBE-AZRTOS-H7_V3.3.0, X-CUBE-AZRTOS-L4_V2.0.0, X-CUBE-AZRTOS-L5_V2.0.0, X-CUBE-AZRTOS-WB_V2.0.0, X-CUBE-AZRTOS-WL_V2.0.0, X-CUBE-BLE1_V7.0.0, X-CUBE-BLE2_V3.3.0, X-CUBE-BLEMGR_V3.1.0, X-CUBE-EEPRMA1_V5.1.0, X-CUBE-FREERTOS_V1.2.0, X-CUBE-GNSS1_V6.0.0, X-CUBE-MEMS1_V11.0.0, X-CUBE-NFC4_V3.0.0, X-CUBE-NFC7_V1.0.1, X-CUBE-SFXS2LP1_V4.0.0, X-CUBE-SUBG2_V5.0.0, X-CUBE-TOF1_V3.4.2]
2024-11-28 13:03:15,833 [INFO] DbBoardsSqlite:226 - include board P-NUCLEO-WB55-NUCLEO as a kit item of type 'Nucleo-64'
2024-11-28 13:03:15,833 [INFO] DbBoardsSqlite:226 - include board P-NUCLEO-WB55-USBDONGLE as a kit item of type 'Nucleo USB Dongle'
2024-11-28 13:03:15,834 [INFO] DbBoardsSqlite:226 - include board STEVAL-IDP005V1 as a kit item of type 'Evaluation Board'
2024-11-28 13:03:15,834 [INFO] DbBoardsSqlite:226 - include board STEVAL-IDP005V2 as a kit item of type 'Evaluation Board'
2024-11-28 13:03:16,194 [INFO] ApiDb:240 - Found 646 in-development CPN: [B-G473E-ZEST1S, B-WB1M-WPAN1, B-WL5M-SUBG1, NUCLEO-C031C6, NUCLEO-C071RB, NUCLEO-H503RB, NUCLEO-H533RE, NUCLEO-H563ZI, NUCLEO-H7S3L8, NUCLEO-U031R8, NUCLEO-U083RC, NUCLEO-U545RE-Q, NUCLEO-U5A5ZJ-Q, NUCLEO-WB05KZ, NUCLEO-WB07CC, NUCLEO-WB09KE, NUCLEO-WBA52CG, NUCLEO-WBA55CG, STEVAL-PROTEUS1, STEVAL-SMARTAG2, STEVAL-STWINBX1, STM320518-EVAL, STM32C0116-DK, STM32C011D6Y3TR, STM32C011D6Y6TR, STM32C011F4P3, STM32C011F4P6, STM32C011F4U3, STM32C011F4U6TR, STM32C011F6P3, STM32C011F6P6, STM32C011F6U3, STM32C011F6U6TR, STM32C011J4M3, STM32C011J4M6, STM32C011J6M3, STM32C011J6M6, STM32C0316-DK, STM32C031C4T3, STM32C031C4T6, STM32C031C4U3, STM32C031C4U6, STM32C031C6T3, STM32C031C6T6, STM32C031C6U3, STM32C031C6U6, STM32C031F4P3, STM32C031F4P6, STM32C031F6P3, STM32C031F6P6, STM32C031G4U3, STM32C031G4U6, STM32C031G6U3, STM32C031G6U6, STM32C031K4T3, STM32C031K4T6, STM32C031K4U3, STM32C031K4U6, STM32C031K6T3, STM32C031K6T6, STM32C031K6U3, STM32C031K6U6, STM32C071C8T6, STM32C071C8T6N, STM32C071C8U6, STM32C071C8U6N, STM32C071CBT6, STM32C071CBT6N, STM32C071CBU6, STM32C071CBU6N, STM32C071F8P6, STM32C071F8P6N, STM32C071FBP6, STM32C071FBP6N, STM32C071FBY6TR, STM32C071G8U6, STM32C071G8U6N, STM32C071GBU6, STM32C071GBU6N, STM32C071K8T6, STM32C071K8T6N, STM32C071K8U6, STM32C071K8U6N, STM32C071KBT6, STM32C071KBT6N, STM32C071KBU6, STM32C071KBU6N, STM32C071R8T6, STM32C071R8T6N, STM32C071RBI6N, STM32C071RBT6, STM32C071RBT6N, STM32G071K8TXN, STM32G071K8UXN, STM32G081GBU6N, STM32G081KBT6N, STM32G081KBUXN, STM32G0B1CCT6N, STM32G0B1KCT6, STM32G0B1NEY6TR, STM32G0B1RCT6N, STM32G0C1CCT6, STM32G0C1CCT6N, STM32G0C1CCU6N, STM32G0C1CET6N, STM32G0C1CEU6N, STM32G0C1KCT6, STM32G0C1NEY6TR, STM32G0C1RCI6N, STM32G0C1RCT6N, STM32G0C1REI6N, STM32G0C1RET6N, STM32G0C1VCI6, STM32G0C1VEI6, STM32G411C6T3, STM32G411C6T6, STM32G411C6U3, STM32G411C6U6, STM32G411C8T3, STM32G411C8T6, STM32G411C8U3, STM32G411C8U6, STM32G411CBT3, STM32G411CBT6, STM32G411CBU3, STM32G411CBU6, STM32G411K6T3, STM32G411K6T6, STM32G411K6U3, STM32G411K6U6, STM32G411K8T3, STM32G411K8T6, STM32G411K8U3, STM32G411K8U6, STM32G411KBT3, STM32G411KBT6, STM32G411KBU3, STM32G411KBU6, STM32G411M6T3, STM32G411M6T6, STM32G411M8T3, STM32G411M8T6, STM32G411MBT3, STM32G411MBT6, STM32G411R6T3, STM32G411R6T6, STM32G411R8T3, STM32G411R8T6, STM32G411RBT3, STM32G411RBT6, STM32G414CBT3, STM32G414CBT6, STM32G414CBU3, STM32G414CBU6, STM32G414CCT3, STM32G414CCT6, STM32G414CCU3, STM32G414CCU6, STM32G414MBT3, STM32G414MBT6, STM32G414MCT3, STM32G414MCT6, STM32G414RBT3, STM32G414RBT6, STM32G414RCT3, STM32G414RCT6, STM32G414VBT3, STM32G414VBT6, STM32G414VCT3, STM32G414VCT6, STM32G431CBT3Z, STM32G431RBT3Z, STM32G471CCT6, STM32G471CCU6, STM32G471CET3, STM32G471CET6, STM32G471CEU3, STM32G471CEU6, STM32G471MCT6, STM32G471MET3, STM32G471MET6, STM32G471MEY6TR, STM32G471QCT6, STM32G471QET3, STM32G471RCT6, STM32G471RET3, STM32G471RET6, STM32G471VCH6, STM32G471VCI6, STM32G471VCT6, STM32G471VEH3, STM32G471VEH6, STM32G471VEI3, STM32G471VEI6, STM32G471VET3, STM32G471VET6, STM32G473QET3Z, STM32G473RET3Z, STM32G474CCT6, STM32G491RET3Z, STM32H503CBT6, STM32H503CBU6, STM32H503EBY6TR, STM32H503KBU6, STM32H503RBT6, STM32H523CCT6, STM32H523CCU6, STM32H523CET6, STM32H523CEU6, STM32H523HEY6TR, STM32H523RCT6, STM32H523RET6, STM32H523VCI6, STM32H523VCT6, STM32H523VEI6, STM32H523VET6, STM32H523ZCJ6, STM32H523ZCT6, STM32H523ZEJ6, STM32H523ZET6, STM32H533CET6, STM32H533CEU6, STM32H533HEY6TR, STM32H533RET6, STM32H533VEI6, STM32H533VET6, STM32H533ZEJ6, STM32H533ZET6, STM32H562AGI6, STM32H562AII6, STM32H562IGK6, STM32H562IGT6, STM32H562IIK6, STM32H562IIT6, STM32H562RGT6, STM32H562RGV6, STM32H562RIT6, STM32H562RIV6, STM32H562VGT6, STM32H562VIT6, STM32H562ZGT6, STM32H562ZIT6, STM32H563AGI6, STM32H563AII3Q, STM32H563AII6, STM32H563IGK6, STM32H563IGT6, STM32H563IIK3Q, STM32H563IIK6, STM32H563IIT3Q, STM32H563IIT6, STM32H563MIY3QTR, STM32H563RGT6, STM32H563RGV6, STM32H563RIT6, STM32H563RIV6, STM32H563VGT6, STM32H563VIT3Q, STM32H563VIT6, STM32H563ZGT6, STM32H563ZIT3Q, STM32H563ZIT6, STM32H573AII3Q, STM32H573AII6, STM32H573I-DK, STM32H573IIK3Q, STM32H573IIK6, STM32H573IIT3Q, STM32H573IIT6, STM32H573MIY3QTR, STM32H573RIT6, STM32H573RIV6, STM32H573VIT3Q, STM32H573VIT6, STM32H573ZIT3Q, STM32H573ZIT6, STM32H7R3A8I6, STM32H7R3I8K6, STM32H7R3I8T6, STM32H7R3L8H6, STM32H7R3L8H6H, STM32H7R3R8V6, STM32H7R3V8H6, STM32H7R3V8T6, STM32H7R3V8Y6TR, STM32H7R3Z8J6, STM32H7R3Z8T6, STM32H7R7A8I6, STM32H7R7I8K6, STM32H7R7I8T6, STM32H7R7L8H6, STM32H7R7L8H6H, STM32H7R7Z8J6, STM32H7S3A8I6, STM32H7S3I8K6, STM32H7S3I8T6, STM32H7S3L8H6, STM32H7S3L8H6H, STM32H7S3R8V6, STM32H7S3V8H6, STM32H7S3V8T6, STM32H7S3V8Y6TR, STM32H7S3Z8J6, STM32H7S3Z8T6, STM32H7S78-DK, STM32H7S7A8I6, STM32H7S7I8K6, STM32H7S7I8T6, STM32H7S7L8H6, STM32H7S7L8H6H, STM32H7S7Z8J6, STM32L4R5QGI6STR, STM32MP131AAE3, STM32MP131AAF3, STM32MP131AAG3, STM32MP131CAE3, STM32MP131CAF3, STM32MP131CAG3, STM32MP131DAE7, STM32MP131DAF7, STM32MP131DAG7, STM32MP131FAE7, STM32MP131FAF7, STM32MP131FAG7, STM32MP133AAE3, STM32MP133AAF3, STM32MP133AAG3, STM32MP133CAE3, STM32MP133CAF3, STM32MP133CAG3, STM32MP133DAE7, STM32MP133DAF7, STM32MP133DAG7, STM32MP133FAE7, STM32MP133FAF7, STM32MP133FAG7, STM32MP135AAE3, STM32MP135AAF3, STM32MP135AAG3, STM32MP135CAE3, STM32MP135CAF3, STM32MP135CAG3, STM32MP135DAE7, STM32MP135DAF7, STM32MP135DAG7, STM32MP135F-DK, STM32MP135FAE7, STM32MP135FAF7, STM32MP135FAF7T, STM32MP135FAF7U, STM32MP135FAG7, STM32MP251AAI3, STM32MP251AAK3, STM32MP251AAL3, STM32MP251CAI3, STM32MP251CAK3, STM32MP251CAL3, STM32MP251DAI3, STM32MP251DAK3, STM32MP251DAL3, STM32MP251FAI3, STM32MP251FAK3, STM32MP251FAL3, STM32MP253AAI3, STM32MP253AAK3, STM32MP253AAL3, STM32MP253CAI3, STM32MP253CAK3, STM32MP253CAL3, STM32MP253DAI3, STM32MP253DAK3, STM32MP253DAL3, STM32MP253FAI3, STM32MP253FAK3, STM32MP253FAL3, STM32MP255AAI3, STM32MP255AAK3, STM32MP255AAL3, STM32MP255CAI3, STM32MP255CAK3, STM32MP255CAL3, STM32MP255DAI3, STM32MP255DAK3, STM32MP255DAL3, STM32MP255FAI3, STM32MP255FAK3, STM32MP255FAL3, STM32MP257AAI3, STM32MP257AAK3, STM32MP257AAL3, STM32MP257CAI3, STM32MP257CAK3, STM32MP257CAL3, STM32MP257DAI3, STM32MP257DAK3, STM32MP257DAL3, STM32MP257F-DK, STM32MP257F-EV1, STM32MP257FAI3, STM32MP257FAK3, STM32MP257FAL3, STM32U031C6T6, STM32U031C6U6, STM32U031C8T6, STM32U031C8U6, STM32U031F4P6, STM32U031F6P6, STM32U031F8P6, STM32U031G6Y6TR, STM32U031G8Y6TR, STM32U031K4U6, STM32U031K6U6, STM32U031K8U6, STM32U031R6I6, STM32U031R6T6, STM32U031R8I6, STM32U031R8T6, STM32U073C8T6, STM32U073C8U6, STM32U073CBT6, STM32U073CBU6, STM32U073CCT6, STM32U073CCU6, STM32U073H8Y6TR, STM32U073HBY6TR, STM32U073HCY6TR, STM32U073K8U6, STM32U073KBU6, STM32U073KCU6, STM32U073M8I6, STM32U073M8T6, STM32U073MBI6, STM32U073MBT6, STM32U073MCI6, STM32U073MCT6, STM32U073R8I6, STM32U073R8T6, STM32U073RBI6, STM32U073RBT6, STM32U073RCI6, STM32U073RCT6, STM32U083C-DK, STM32U083CCT6, STM32U083CCU6, STM32U083HCY6TR, STM32U083KCU6, STM32U083MCI6, STM32U083MCT6, STM32U083RCI6, STM32U083RCT6, STM32U535CBT6, STM32U535CBT6Q, STM32U535CBU6, STM32U535CBU6Q, STM32U535CCT6, STM32U535CCT6Q, STM32U535CCU6, STM32U535CCU6Q, STM32U535CET6, STM32U535CET6Q, STM32U535CEU6, STM32U535CEU6Q, STM32U535JEY6QTR, STM32U535NCY6QTR, STM32U535NEY6QTR, STM32U535RBI6, STM32U535RBI6Q, STM32U535RBT6, STM32U535RBT6Q, STM32U535RCI6, STM32U535RCI6Q, STM32U535RCT6, STM32U535RCT6Q, STM32U535REI6, STM32U535REI6Q, STM32U535RET6, STM32U535RET6Q, STM32U535VCI6, STM32U535VCI6Q, STM32U535VCT6, STM32U535VCT6Q, STM32U535VEI6, STM32U535VEI6Q, STM32U535VET6, STM32U535VET6Q, STM32U545CET6, STM32U545CET6Q, STM32U545CEU6, STM32U545CEU6Q, STM32U545JEY6QTR, STM32U545NEY6QTR, STM32U545REI6, STM32U545REI6Q, STM32U545RET6, STM32U545RET6Q, STM32U545VEI6, STM32U545VEI6Q, STM32U545VET6, STM32U545VET6Q, STM32U595AIH6, STM32U595AIH6Q, STM32U595AJH6, STM32U595AJH6Q, STM32U595QII6, STM32U595QII6Q, STM32U595QJI6, STM32U595QJI6Q, STM32U595RIT6, STM32U595RIT6Q, STM32U595RJT6, STM32U595RJT6Q, STM32U595VIT6, STM32U595VIT6Q, STM32U595VJT6, STM32U595VJT6Q, STM32U595ZIT6, STM32U595ZIT6Q, STM32U595ZIY6QTR, STM32U595ZJT6, STM32U595ZJT6Q, STM32U595ZJY6QTR, STM32U599BJY6QTR, STM32U599NIH6Q, STM32U599NJH6Q, STM32U599VIT6Q, STM32U599VJT6, STM32U599VJT6Q, STM32U599ZIT6Q, STM32U599ZIY6QTR, STM32U599ZJT6Q, STM32U599ZJY6QTR, STM32U5A5AJH6, STM32U5A5AJH6Q, STM32U5A5QII3Q , STM32U5A5QJI6, STM32U5A5QJI6Q, STM32U5A5RJT6, STM32U5A5RJT6Q, STM32U5A5VJT6, STM32U5A5VJT6Q, STM32U5A5ZJT6, STM32U5A5ZJT6Q, STM32U5A5ZJY6QTR, STM32U5A9BJY6QTR, STM32U5A9J-DK, STM32U5A9NJH6Q, STM32U5A9VJT6Q, STM32U5A9ZJT6Q, STM32U5A9ZJY6QTR, STM32U5F7VIT6, STM32U5F7VIT6Q, STM32U5F7VJT6, STM32U5F7VJT6Q, STM32U5F9BJY6QTR, STM32U5F9NJH6Q, STM32U5F9VIT6Q, STM32U5F9VJT6Q, STM32U5F9ZIJ6QTR, STM32U5F9ZIT6Q, STM32U5F9ZJJ6QTR, STM32U5F9ZJT6Q, STM32U5G7VJT6, STM32U5G7VJT6Q, STM32U5G9BJY6QTR, STM32U5G9J-DK1, STM32U5G9J-DK2, STM32U5G9NJH6Q, STM32U5G9VJT6Q, STM32U5G9ZJJ6QTR, STM32U5G9ZJT6Q, STM32WB05KZV6TR, STM32WB05KZV7TR, STM32WB05TZF6TR, STM32WB05TZF7TR, STM32WB06CCF6TR, STM32WB06CCF7TR, STM32WB06CCV6TR, STM32WB06CCV7TR, STM32WB06KCV6TR, STM32WB06KCV7TR, STM32WB07CCF6TR, STM32WB07CCF7TR, STM32WB07CCV6TR, STM32WB07CCV7TR, STM32WB07KCV6TR, STM32WB07KCV7TR, STM32WB09KEV6TR, STM32WB09KEV7TR, STM32WB09TEF6TR, STM32WB09TEF7TR, STM32WB1MMCH6, STM32WBA50KGU6, STM32WBA50KGU6TR, STM32WBA52CEU6, STM32WBA52CEU6TR, STM32WBA52CEU7, STM32WBA52CEU7TR, STM32WBA52CGU6, STM32WBA52CGU6TR, STM32WBA52CGU6U, STM32WBA52CGU7, STM32WBA52CGU7TR, STM32WBA52KEU6, STM32WBA52KEU6TR, STM32WBA52KGU6, STM32WBA52KGU6TR, STM32WBA54CEU6, STM32WBA54CEU6TR, STM32WBA54CEU7, STM32WBA54CEU7TR, STM32WBA54CGU6, STM32WBA54CGU6TR, STM32WBA54CGU7, STM32WBA54CGU7TR, STM32WBA54KEU6, STM32WBA54KEU6TR, STM32WBA54KEU7, STM32WBA54KEU7TR, STM32WBA54KGU6, STM32WBA54KGU6TR, STM32WBA54KGU7, STM32WBA54KGU7TR, STM32WBA55CEU6, STM32WBA55CEU6TR, STM32WBA55CEU7, STM32WBA55CEU7TR, STM32WBA55CGU6, STM32WBA55CGU6TR, STM32WBA55CGU6U, STM32WBA55CGU7, STM32WBA55CGU7TR, STM32WBA55G-DK1, STM32WBA55HEF6, STM32WBA55HEF7, STM32WBA55HGF6, STM32WBA55HGF7, STM32WBA55UEI6, STM32WBA55UEI6TR, STM32WBA55UEI7, STM32WBA55UEI7TR, STM32WBA55UGI6, STM32WBA55UGI6TR, STM32WBA55UGI7, STM32WBA55UGI7TR, STM32WL5MOCH6, STM32WL5MOCH6TR]
2024-11-28 13:03:22,736 [INFO] BoardInfo:889 - No configuration file found for board P-NUCLEO-WB55
2024-11-28 13:03:22,740 [INFO] DbBoards:161 - Kit is not supported: P-NUCLEO-WB55
2024-11-28 13:03:22,894 [INFO] BoardInfo:889 - No configuration file found for board STEVAL-BFA001V1B
2024-11-28 13:03:22,899 [INFO] DbBoards:161 - Kit is not supported: STEVAL-BFA001V1B
2024-11-28 13:03:22,933 [INFO] BoardInfo:889 - No configuration file found for board STEVAL-BFA001V2B
2024-11-28 13:03:22,939 [INFO] DbBoards:161 - Kit is not supported: STEVAL-BFA001V2B
2024-11-28 13:03:26,419 [INFO] DbBoards:168 - Found 201 boards, 198 are supported
2024-11-28 13:03:26,419 [INFO] DbBoards:169 - Found 201 boards, 25 of them is supported for  Bsp
2024-11-28 13:03:26,422 [INFO] ApiDb:668 - CubeFinder database Data Model version=2.1
2024-11-28 13:03:26,422 [INFO] ApiDb:669 - CubeFinder database Configuration version=3.0.39
2024-11-28 13:03:26,422 [INFO] ApiDb:670 - CubeFinder database generation date=2024-10-15 (1729006872)
2024-11-28 13:03:26,422 [INFO] ApiDb:671 - CubeFinder database FW Pack versions=[FP-ATR-ASTRA1_V2.0.0, FP-SNS-FLIGHT1_V5.0.2, FP-SNS-MOTENV1_V5.0.0, FP-SNS-MOTENVWB1_V1.4.0, FP-SNS-SMARTAG2_V1.2.0, FP-SNS-STBOX1_V2.0.0, STM32Cube_FW_C0_V1.2.0, STM32Cube_FW_F4_V1.28.1, STM32Cube_FW_F7_V1.17.2, STM32Cube_FW_G0_V1.6.2, STM32Cube_FW_G4_V1.6.0, STM32Cube_FW_H5_V1.3.0, STM32Cube_FW_H7RS_V1.1.0, STM32Cube_FW_H7_V1.11.2, STM32Cube_FW_L0_V1.12.2, STM32Cube_FW_L5_V1.5.1, STM32Cube_FW_U0_V1.1.0, STM32Cube_FW_U5_V1.6.0, STM32Cube_FW_WB0_V1.0.0, STM32Cube_FW_WBA_V1.4.1, STM32Cube_FW_WB_V1.20.0, STM32Cube_FW_WL_V1.3.0, X-CUBE-ALGOBUILD_V1.4.0, X-CUBE-ALS_V1.0.2, X-CUBE-AZRTOS-F4_V1.1.0, X-CUBE-AZRTOS-F7_V1.1.0, X-CUBE-AZRTOS-G0_V1.1.0, X-CUBE-AZRTOS-G4_V2.0.0, X-CUBE-AZRTOS-H7RS_V1.0.0, X-CUBE-AZRTOS-H7_V3.3.0, X-CUBE-AZRTOS-L4_V2.0.0, X-CUBE-AZRTOS-L5_V2.0.0, X-CUBE-AZRTOS-WB_V2.0.0, X-CUBE-AZRTOS-WL_V2.0.0, X-CUBE-BLE1_V7.0.0, X-CUBE-BLE2_V3.3.0, X-CUBE-BLEMGR_V3.1.0, X-CUBE-EEPRMA1_V5.1.0, X-CUBE-FREERTOS_V1.2.0, X-CUBE-GNSS1_V6.0.0, X-CUBE-MEMS1_V11.0.0, X-CUBE-NFC4_V3.0.0, X-CUBE-NFC7_V1.0.1, X-CUBE-SFXS2LP1_V4.0.0, X-CUBE-SUBG2_V5.0.0, X-CUBE-TOF1_V3.4.2]
2024-11-28 13:03:27,915 [INFO] ApiDb:240 - Found 646 in-development CPN: [B-G473E-ZEST1S, B-WB1M-WPAN1, B-WL5M-SUBG1, NUCLEO-C031C6, NUCLEO-C071RB, NUCLEO-H503RB, NUCLEO-H533RE, NUCLEO-H563ZI, NUCLEO-H7S3L8, NUCLEO-U031R8, NUCLEO-U083RC, NUCLEO-U545RE-Q, NUCLEO-U5A5ZJ-Q, NUCLEO-WB05KZ, NUCLEO-WB07CC, NUCLEO-WB09KE, NUCLEO-WBA52CG, NUCLEO-WBA55CG, STEVAL-PROTEUS1, STEVAL-SMARTAG2, STEVAL-STWINBX1, STM320518-EVAL, STM32C0116-DK, STM32C011D6Y3TR, STM32C011D6Y6TR, STM32C011F4P3, STM32C011F4P6, STM32C011F4U3, STM32C011F4U6TR, STM32C011F6P3, STM32C011F6P6, STM32C011F6U3, STM32C011F6U6TR, STM32C011J4M3, STM32C011J4M6, STM32C011J6M3, STM32C011J6M6, STM32C0316-DK, STM32C031C4T3, STM32C031C4T6, STM32C031C4U3, STM32C031C4U6, STM32C031C6T3, STM32C031C6T6, STM32C031C6U3, STM32C031C6U6, STM32C031F4P3, STM32C031F4P6, STM32C031F6P3, STM32C031F6P6, STM32C031G4U3, STM32C031G4U6, STM32C031G6U3, STM32C031G6U6, STM32C031K4T3, STM32C031K4T6, STM32C031K4U3, STM32C031K4U6, STM32C031K6T3, STM32C031K6T6, STM32C031K6U3, STM32C031K6U6, STM32C071C8T6, STM32C071C8T6N, STM32C071C8U6, STM32C071C8U6N, STM32C071CBT6, STM32C071CBT6N, STM32C071CBU6, STM32C071CBU6N, STM32C071F8P6, STM32C071F8P6N, STM32C071FBP6, STM32C071FBP6N, STM32C071FBY6TR, STM32C071G8U6, STM32C071G8U6N, STM32C071GBU6, STM32C071GBU6N, STM32C071K8T6, STM32C071K8T6N, STM32C071K8U6, STM32C071K8U6N, STM32C071KBT6, STM32C071KBT6N, STM32C071KBU6, STM32C071KBU6N, STM32C071R8T6, STM32C071R8T6N, STM32C071RBI6N, STM32C071RBT6, STM32C071RBT6N, STM32G071K8TXN, STM32G071K8UXN, STM32G081GBU6N, STM32G081KBT6N, STM32G081KBUXN, STM32G0B1CCT6N, STM32G0B1KCT6, STM32G0B1NEY6TR, STM32G0B1RCT6N, STM32G0C1CCT6, STM32G0C1CCT6N, STM32G0C1CCU6N, STM32G0C1CET6N, STM32G0C1CEU6N, STM32G0C1KCT6, STM32G0C1NEY6TR, STM32G0C1RCI6N, STM32G0C1RCT6N, STM32G0C1REI6N, STM32G0C1RET6N, STM32G0C1VCI6, STM32G0C1VEI6, STM32G411C6T3, STM32G411C6T6, STM32G411C6U3, STM32G411C6U6, STM32G411C8T3, STM32G411C8T6, STM32G411C8U3, STM32G411C8U6, STM32G411CBT3, STM32G411CBT6, STM32G411CBU3, STM32G411CBU6, STM32G411K6T3, STM32G411K6T6, STM32G411K6U3, STM32G411K6U6, STM32G411K8T3, STM32G411K8T6, STM32G411K8U3, STM32G411K8U6, STM32G411KBT3, STM32G411KBT6, STM32G411KBU3, STM32G411KBU6, STM32G411M6T3, STM32G411M6T6, STM32G411M8T3, STM32G411M8T6, STM32G411MBT3, STM32G411MBT6, STM32G411R6T3, STM32G411R6T6, STM32G411R8T3, STM32G411R8T6, STM32G411RBT3, STM32G411RBT6, STM32G414CBT3, STM32G414CBT6, STM32G414CBU3, STM32G414CBU6, STM32G414CCT3, STM32G414CCT6, STM32G414CCU3, STM32G414CCU6, STM32G414MBT3, STM32G414MBT6, STM32G414MCT3, STM32G414MCT6, STM32G414RBT3, STM32G414RBT6, STM32G414RCT3, STM32G414RCT6, STM32G414VBT3, STM32G414VBT6, STM32G414VCT3, STM32G414VCT6, STM32G431CBT3Z, STM32G431RBT3Z, STM32G471CCT6, STM32G471CCU6, STM32G471CET3, STM32G471CET6, STM32G471CEU3, STM32G471CEU6, STM32G471MCT6, STM32G471MET3, STM32G471MET6, STM32G471MEY6TR, STM32G471QCT6, STM32G471QET3, STM32G471RCT6, STM32G471RET3, STM32G471RET6, STM32G471VCH6, STM32G471VCI6, STM32G471VCT6, STM32G471VEH3, STM32G471VEH6, STM32G471VEI3, STM32G471VEI6, STM32G471VET3, STM32G471VET6, STM32G473QET3Z, STM32G473RET3Z, STM32G474CCT6, STM32G491RET3Z, STM32H503CBT6, STM32H503CBU6, STM32H503EBY6TR, STM32H503KBU6, STM32H503RBT6, STM32H523CCT6, STM32H523CCU6, STM32H523CET6, STM32H523CEU6, STM32H523HEY6TR, STM32H523RCT6, STM32H523RET6, STM32H523VCI6, STM32H523VCT6, STM32H523VEI6, STM32H523VET6, STM32H523ZCJ6, STM32H523ZCT6, STM32H523ZEJ6, STM32H523ZET6, STM32H533CET6, STM32H533CEU6, STM32H533HEY6TR, STM32H533RET6, STM32H533VEI6, STM32H533VET6, STM32H533ZEJ6, STM32H533ZET6, STM32H562AGI6, STM32H562AII6, STM32H562IGK6, STM32H562IGT6, STM32H562IIK6, STM32H562IIT6, STM32H562RGT6, STM32H562RGV6, STM32H562RIT6, STM32H562RIV6, STM32H562VGT6, STM32H562VIT6, STM32H562ZGT6, STM32H562ZIT6, STM32H563AGI6, STM32H563AII3Q, STM32H563AII6, STM32H563IGK6, STM32H563IGT6, STM32H563IIK3Q, STM32H563IIK6, STM32H563IIT3Q, STM32H563IIT6, STM32H563MIY3QTR, STM32H563RGT6, STM32H563RGV6, STM32H563RIT6, STM32H563RIV6, STM32H563VGT6, STM32H563VIT3Q, STM32H563VIT6, STM32H563ZGT6, STM32H563ZIT3Q, STM32H563ZIT6, STM32H573AII3Q, STM32H573AII6, STM32H573I-DK, STM32H573IIK3Q, STM32H573IIK6, STM32H573IIT3Q, STM32H573IIT6, STM32H573MIY3QTR, STM32H573RIT6, STM32H573RIV6, STM32H573VIT3Q, STM32H573VIT6, STM32H573ZIT3Q, STM32H573ZIT6, STM32H7R3A8I6, STM32H7R3I8K6, STM32H7R3I8T6, STM32H7R3L8H6, STM32H7R3L8H6H, STM32H7R3R8V6, STM32H7R3V8H6, STM32H7R3V8T6, STM32H7R3V8Y6TR, STM32H7R3Z8J6, STM32H7R3Z8T6, STM32H7R7A8I6, STM32H7R7I8K6, STM32H7R7I8T6, STM32H7R7L8H6, STM32H7R7L8H6H, STM32H7R7Z8J6, STM32H7S3A8I6, STM32H7S3I8K6, STM32H7S3I8T6, STM32H7S3L8H6, STM32H7S3L8H6H, STM32H7S3R8V6, STM32H7S3V8H6, STM32H7S3V8T6, STM32H7S3V8Y6TR, STM32H7S3Z8J6, STM32H7S3Z8T6, STM32H7S78-DK, STM32H7S7A8I6, STM32H7S7I8K6, STM32H7S7I8T6, STM32H7S7L8H6, STM32H7S7L8H6H, STM32H7S7Z8J6, STM32L4R5QGI6STR, STM32MP131AAE3, STM32MP131AAF3, STM32MP131AAG3, STM32MP131CAE3, STM32MP131CAF3, STM32MP131CAG3, STM32MP131DAE7, STM32MP131DAF7, STM32MP131DAG7, STM32MP131FAE7, STM32MP131FAF7, STM32MP131FAG7, STM32MP133AAE3, STM32MP133AAF3, STM32MP133AAG3, STM32MP133CAE3, STM32MP133CAF3, STM32MP133CAG3, STM32MP133DAE7, STM32MP133DAF7, STM32MP133DAG7, STM32MP133FAE7, STM32MP133FAF7, STM32MP133FAG7, STM32MP135AAE3, STM32MP135AAF3, STM32MP135AAG3, STM32MP135CAE3, STM32MP135CAF3, STM32MP135CAG3, STM32MP135DAE7, STM32MP135DAF7, STM32MP135DAG7, STM32MP135F-DK, STM32MP135FAE7, STM32MP135FAF7, STM32MP135FAF7T, STM32MP135FAF7U, STM32MP135FAG7, STM32MP251AAI3, STM32MP251AAK3, STM32MP251AAL3, STM32MP251CAI3, STM32MP251CAK3, STM32MP251CAL3, STM32MP251DAI3, STM32MP251DAK3, STM32MP251DAL3, STM32MP251FAI3, STM32MP251FAK3, STM32MP251FAL3, STM32MP253AAI3, STM32MP253AAK3, STM32MP253AAL3, STM32MP253CAI3, STM32MP253CAK3, STM32MP253CAL3, STM32MP253DAI3, STM32MP253DAK3, STM32MP253DAL3, STM32MP253FAI3, STM32MP253FAK3, STM32MP253FAL3, STM32MP255AAI3, STM32MP255AAK3, STM32MP255AAL3, STM32MP255CAI3, STM32MP255CAK3, STM32MP255CAL3, STM32MP255DAI3, STM32MP255DAK3, STM32MP255DAL3, STM32MP255FAI3, STM32MP255FAK3, STM32MP255FAL3, STM32MP257AAI3, STM32MP257AAK3, STM32MP257AAL3, STM32MP257CAI3, STM32MP257CAK3, STM32MP257CAL3, STM32MP257DAI3, STM32MP257DAK3, STM32MP257DAL3, STM32MP257F-DK, STM32MP257F-EV1, STM32MP257FAI3, STM32MP257FAK3, STM32MP257FAL3, STM32U031C6T6, STM32U031C6U6, STM32U031C8T6, STM32U031C8U6, STM32U031F4P6, STM32U031F6P6, STM32U031F8P6, STM32U031G6Y6TR, STM32U031G8Y6TR, STM32U031K4U6, STM32U031K6U6, STM32U031K8U6, STM32U031R6I6, STM32U031R6T6, STM32U031R8I6, STM32U031R8T6, STM32U073C8T6, STM32U073C8U6, STM32U073CBT6, STM32U073CBU6, STM32U073CCT6, STM32U073CCU6, STM32U073H8Y6TR, STM32U073HBY6TR, STM32U073HCY6TR, STM32U073K8U6, STM32U073KBU6, STM32U073KCU6, STM32U073M8I6, STM32U073M8T6, STM32U073MBI6, STM32U073MBT6, STM32U073MCI6, STM32U073MCT6, STM32U073R8I6, STM32U073R8T6, STM32U073RBI6, STM32U073RBT6, STM32U073RCI6, STM32U073RCT6, STM32U083C-DK, STM32U083CCT6, STM32U083CCU6, STM32U083HCY6TR, STM32U083KCU6, STM32U083MCI6, STM32U083MCT6, STM32U083RCI6, STM32U083RCT6, STM32U535CBT6, STM32U535CBT6Q, STM32U535CBU6, STM32U535CBU6Q, STM32U535CCT6, STM32U535CCT6Q, STM32U535CCU6, STM32U535CCU6Q, STM32U535CET6, STM32U535CET6Q, STM32U535CEU6, STM32U535CEU6Q, STM32U535JEY6QTR, STM32U535NCY6QTR, STM32U535NEY6QTR, STM32U535RBI6, STM32U535RBI6Q, STM32U535RBT6, STM32U535RBT6Q, STM32U535RCI6, STM32U535RCI6Q, STM32U535RCT6, STM32U535RCT6Q, STM32U535REI6, STM32U535REI6Q, STM32U535RET6, STM32U535RET6Q, STM32U535VCI6, STM32U535VCI6Q, STM32U535VCT6, STM32U535VCT6Q, STM32U535VEI6, STM32U535VEI6Q, STM32U535VET6, STM32U535VET6Q, STM32U545CET6, STM32U545CET6Q, STM32U545CEU6, STM32U545CEU6Q, STM32U545JEY6QTR, STM32U545NEY6QTR, STM32U545REI6, STM32U545REI6Q, STM32U545RET6, STM32U545RET6Q, STM32U545VEI6, STM32U545VEI6Q, STM32U545VET6, STM32U545VET6Q, STM32U595AIH6, STM32U595AIH6Q, STM32U595AJH6, STM32U595AJH6Q, STM32U595QII6, STM32U595QII6Q, STM32U595QJI6, STM32U595QJI6Q, STM32U595RIT6, STM32U595RIT6Q, STM32U595RJT6, STM32U595RJT6Q, STM32U595VIT6, STM32U595VIT6Q, STM32U595VJT6, STM32U595VJT6Q, STM32U595ZIT6, STM32U595ZIT6Q, STM32U595ZIY6QTR, STM32U595ZJT6, STM32U595ZJT6Q, STM32U595ZJY6QTR, STM32U599BJY6QTR, STM32U599NIH6Q, STM32U599NJH6Q, STM32U599VIT6Q, STM32U599VJT6, STM32U599VJT6Q, STM32U599ZIT6Q, STM32U599ZIY6QTR, STM32U599ZJT6Q, STM32U599ZJY6QTR, STM32U5A5AJH6, STM32U5A5AJH6Q, STM32U5A5QII3Q , STM32U5A5QJI6, STM32U5A5QJI6Q, STM32U5A5RJT6, STM32U5A5RJT6Q, STM32U5A5VJT6, STM32U5A5VJT6Q, STM32U5A5ZJT6, STM32U5A5ZJT6Q, STM32U5A5ZJY6QTR, STM32U5A9BJY6QTR, STM32U5A9J-DK, STM32U5A9NJH6Q, STM32U5A9VJT6Q, STM32U5A9ZJT6Q, STM32U5A9ZJY6QTR, STM32U5F7VIT6, STM32U5F7VIT6Q, STM32U5F7VJT6, STM32U5F7VJT6Q, STM32U5F9BJY6QTR, STM32U5F9NJH6Q, STM32U5F9VIT6Q, STM32U5F9VJT6Q, STM32U5F9ZIJ6QTR, STM32U5F9ZIT6Q, STM32U5F9ZJJ6QTR, STM32U5F9ZJT6Q, STM32U5G7VJT6, STM32U5G7VJT6Q, STM32U5G9BJY6QTR, STM32U5G9J-DK1, STM32U5G9J-DK2, STM32U5G9NJH6Q, STM32U5G9VJT6Q, STM32U5G9ZJJ6QTR, STM32U5G9ZJT6Q, STM32WB05KZV6TR, STM32WB05KZV7TR, STM32WB05TZF6TR, STM32WB05TZF7TR, STM32WB06CCF6TR, STM32WB06CCF7TR, STM32WB06CCV6TR, STM32WB06CCV7TR, STM32WB06KCV6TR, STM32WB06KCV7TR, STM32WB07CCF6TR, STM32WB07CCF7TR, STM32WB07CCV6TR, STM32WB07CCV7TR, STM32WB07KCV6TR, STM32WB07KCV7TR, STM32WB09KEV6TR, STM32WB09KEV7TR, STM32WB09TEF6TR, STM32WB09TEF7TR, STM32WB1MMCH6, STM32WBA50KGU6, STM32WBA50KGU6TR, STM32WBA52CEU6, STM32WBA52CEU6TR, STM32WBA52CEU7, STM32WBA52CEU7TR, STM32WBA52CGU6, STM32WBA52CGU6TR, STM32WBA52CGU6U, STM32WBA52CGU7, STM32WBA52CGU7TR, STM32WBA52KEU6, STM32WBA52KEU6TR, STM32WBA52KGU6, STM32WBA52KGU6TR, STM32WBA54CEU6, STM32WBA54CEU6TR, STM32WBA54CEU7, STM32WBA54CEU7TR, STM32WBA54CGU6, STM32WBA54CGU6TR, STM32WBA54CGU7, STM32WBA54CGU7TR, STM32WBA54KEU6, STM32WBA54KEU6TR, STM32WBA54KEU7, STM32WBA54KEU7TR, STM32WBA54KGU6, STM32WBA54KGU6TR, STM32WBA54KGU7, STM32WBA54KGU7TR, STM32WBA55CEU6, STM32WBA55CEU6TR, STM32WBA55CEU7, STM32WBA55CEU7TR, STM32WBA55CGU6, STM32WBA55CGU6TR, STM32WBA55CGU6U, STM32WBA55CGU7, STM32WBA55CGU7TR, STM32WBA55G-DK1, STM32WBA55HEF6, STM32WBA55HEF7, STM32WBA55HGF6, STM32WBA55HGF7, STM32WBA55UEI6, STM32WBA55UEI6TR, STM32WBA55UEI7, STM32WBA55UEI7TR, STM32WBA55UGI6, STM32WBA55UGI6TR, STM32WBA55UGI7, STM32WBA55UGI7TR, STM32WL5MOCH6, STM32WL5MOCH6TR]
2024-11-28 13:03:27,915 [INFO] DbMcus:218 - Found 4252 MCUs, 4252 are supported
2024-11-28 13:03:27,919 [INFO] ApiDb:423 - Load user favorites file C:\Users\19948/.stm32cubeide/favorites.mcus.txt: 0 item(s)
2024-11-28 13:03:27,919 [INFO] ApiDb:427 - User favorites MCUs=[]
2024-11-28 13:03:27,919 [INFO] DbMcus:224 - Set 0 / 0 favorites MCUs
2024-11-28 13:03:28,113 [INFO] ApiDb:423 - Load user favorites file C:\Users\19948/.stm32cubeide/favorites.boards.txt: 0 item(s)
2024-11-28 13:03:28,113 [INFO] ApiDb:427 - User favorites Boards=[]
2024-11-28 13:03:28,113 [INFO] DbBoards:198 - Set 0 / 0 favorites Boards
2024-11-28 13:03:28,187 [INFO] UtilMem:75 - End LoadConfig() Used Memory: 616708704 Bytes (1073741824)
2024-11-28 13:03:28,367 [WARN] ThirdParty:833 - waiting for thirdparty lock release [change project]
2024-11-28 13:03:28,367 [INFO] ThirdParty:835 - entering critical section [change project]
2024-11-28 13:03:28,367 [INFO] ThirdParty:1030 - CMSIS Pack Vendor :STMicroelectronics USBPD 4.1
2024-11-28 13:03:28,367 [INFO] ThirdParty:1030 - CMSIS Pack Vendor :STMicroelectronics X-CUBE-GNSS1 6.0.0
2024-11-28 13:03:28,367 [INFO] ThirdParty:1030 - CMSIS Pack Vendor :STMicroelectronics USB_HOST 2.0.0
2024-11-28 13:03:28,367 [INFO] ThirdParty:1030 - CMSIS Pack Vendor :STMicroelectronics FP-SNS-MOTENVWB1 1.4.0
2024-11-28 13:03:28,367 [INFO] ThirdParty:1030 - CMSIS Pack Vendor :STMicroelectronics X-CUBE-AZRTOS-F4 1.1.0
2024-11-28 13:03:28,367 [INFO] ThirdParty:1030 - CMSIS Pack Vendor :STMicroelectronics LIBJPEG 8.0.0
2024-11-28 13:03:28,367 [INFO] ThirdParty:1030 - CMSIS Pack Vendor :STMicroelectronics FP-ATR-ASTRA1 2.0.1
2024-11-28 13:03:28,367 [INFO] ThirdParty:1030 - CMSIS Pack Vendor :STMicroelectronics X-CUBE-SMBUS 2.1.0
2024-11-28 13:03:28,367 [INFO] ThirdParty:1030 - CMSIS Pack Vendor :STMicroelectronics X-CUBE-WB05N 1.1.0
2024-11-28 13:03:28,367 [INFO] ThirdParty:1030 - CMSIS Pack Vendor :STMicroelectronics X-CUBE-ISPU 2.1.0
2024-11-28 13:03:28,367 [INFO] ThirdParty:1030 - CMSIS Pack Vendor :STMicroelectronics X-CUBE-FREERTOS 1.2.0
2024-11-28 13:03:28,367 [INFO] ThirdParty:1030 - CMSIS Pack Vendor :STMicroelectronics X-CUBE-AZRTOS-F7 1.1.0
2024-11-28 13:03:28,367 [INFO] ThirdParty:1030 - CMSIS Pack Vendor :STMicroelectronics X-CUBE-AZRTOS-L5 2.0.0
2024-11-28 13:03:28,367 [INFO] ThirdParty:1030 - CMSIS Pack Vendor :STMicroelectronics USB_DEVICE 2.0.0
2024-11-28 13:03:28,367 [INFO] ThirdParty:1030 - CMSIS Pack Vendor :STMicroelectronics X-CUBE-MEMS1 9.6.0
2024-11-28 13:03:28,367 [INFO] ThirdParty:1030 - CMSIS Pack Vendor :STMicroelectronics X-CUBE-EEPRMA1 4.2.0
2024-11-28 13:03:28,367 [INFO] ThirdParty:1030 - CMSIS Pack Vendor :STMicroelectronics X-CUBE-NFC6 3.1.0
2024-11-28 13:03:28,367 [INFO] ThirdParty:1030 - CMSIS Pack Vendor :ITTIA_DB I-CUBE-ITTIADB 8.8.0
2024-11-28 13:03:28,367 [INFO] ThirdParty:1030 - CMSIS Pack Vendor :STMicroelectronics FP-SNS-MOTENV1 4.3.2
2024-11-28 13:03:28,367 [INFO] ThirdParty:1030 - CMSIS Pack Vendor :STMicroelectronics X-CUBE-MEMS1 11.0.0
2024-11-28 13:03:28,367 [INFO] ThirdParty:1030 - CMSIS Pack Vendor :STMicroelectronics X-CUBE-BLE1 6.2.4
2024-11-28 13:03:28,367 [INFO] ThirdParty:1030 - CMSIS Pack Vendor :STMicroelectronics FreeRTOS 0.0.1
2024-11-28 13:03:28,367 [INFO] ThirdParty:1030 - CMSIS Pack Vendor :emotas I-CUBE-CANOPEN 1.1.3
2024-11-28 13:03:28,367 [INFO] ThirdParty:1030 - CMSIS Pack Vendor :STMicroelectronics X-CUBE-BLEMGR 2.0.0
2024-11-28 13:03:28,367 [INFO] ThirdParty:1030 - CMSIS Pack Vendor :STMicroelectronics X-CUBE-DPower 1.2.0
2024-11-28 13:03:28,367 [INFO] ThirdParty:1030 - CMSIS Pack Vendor :STMicroelectronics FP-SNS-FLIGHT1 5.0.2
2024-11-28 13:03:28,367 [INFO] ThirdParty:1030 - CMSIS Pack Vendor :STMicroelectronics X-CUBE-AI 9.0.0
2024-11-28 13:03:28,367 [INFO] ThirdParty:1030 - CMSIS Pack Vendor :STMicroelectronics X-CUBE-AZRTOS-H7 3.1.0
2024-11-28 13:03:28,367 [INFO] ThirdParty:1030 - CMSIS Pack Vendor :STMicroelectronics PDM2PCM 3.3.0
2024-11-28 13:03:28,367 [INFO] ThirdParty:1030 - CMSIS Pack Vendor :STMicroelectronics X-CUBE-DISPLAY 3.0.0
2024-11-28 13:03:28,367 [INFO] ThirdParty:1030 - CMSIS Pack Vendor :STMicroelectronics X-CUBE-BLE1 7.0.0
2024-11-28 13:03:28,367 [INFO] ThirdParty:1030 - CMSIS Pack Vendor :STMicroelectronics X-CUBE-NFC10 1.0.0
2024-11-28 13:03:28,367 [INFO] ThirdParty:1030 - CMSIS Pack Vendor :wolfSSL I-CUBE-wolfSSL 5.5.4
2024-11-28 13:03:28,367 [INFO] ThirdParty:1030 - CMSIS Pack Vendor :STMicroelectronics HAL Drivers 0.0.0
2024-11-28 13:03:28,367 [INFO] ThirdParty:1030 - CMSIS Pack Vendor :STMicroelectronics X-CUBE-TOUCHGFX 4.22.0
2024-11-28 13:03:28,367 [INFO] ThirdParty:1030 - CMSIS Pack Vendor :STMicroelectronics X-CUBE-NFC7 1.0.1
2024-11-28 13:03:28,367 [INFO] ThirdParty:1030 - CMSIS Pack Vendor :STMicroelectronics MBEDTLS 2.14.1
2024-11-28 13:03:28,367 [INFO] ThirdParty:1030 - CMSIS Pack Vendor :STMicroelectronics X-CUBE-NFC7 1.0.0
2024-11-28 13:03:28,367 [INFO] ThirdParty:1030 - CMSIS Pack Vendor :STMicroelectronics X-CUBE-TOUCHGFX 4.22.1
2024-11-28 13:03:28,367 [INFO] ThirdParty:1030 - CMSIS Pack Vendor :wolfSSL I-CUBE-wolfTPM 3.2.0
2024-11-28 13:03:28,367 [INFO] ThirdParty:1030 - CMSIS Pack Vendor :STMicroelectronics X-CUBE-NFC6 3.0.0
2024-11-28 13:03:28,367 [INFO] ThirdParty:1030 - CMSIS Pack Vendor :STMicroelectronics X-CUBE-EEPRMA1 4.1.0
2024-11-28 13:03:28,367 [INFO] ThirdParty:1030 - CMSIS Pack Vendor :STMicroelectronics X-CUBE-BLEMGR 3.1.0
2024-11-28 13:03:28,367 [INFO] ThirdParty:1030 - CMSIS Pack Vendor :STMicroelectronics FP-SNS-SMARTAG2 1.2.0
2024-11-28 13:03:28,367 [INFO] ThirdParty:1030 - CMSIS Pack Vendor :STMicroelectronics X-CUBE-AZRTOS-WL 2.0.0
2024-11-28 13:03:28,367 [INFO] ThirdParty:1030 - CMSIS Pack Vendor :STMicroelectronics FP-SNS-MOTENV1 5.0.0
2024-11-28 13:03:28,367 [INFO] ThirdParty:1030 - CMSIS Pack Vendor :STMicroelectronics USB_DEVICE 1.0.0
2024-11-28 13:03:28,367 [INFO] ThirdParty:1030 - CMSIS Pack Vendor :STMicroelectronics X-CUBE-AI 8.1.0
2024-11-28 13:03:28,367 [INFO] ThirdParty:1030 - CMSIS Pack Vendor :wolfSSL I-CUBE-wolfMQTT 1.19.0
2024-11-28 13:03:28,367 [INFO] ThirdParty:1030 - CMSIS Pack Vendor :STMicroelectronics X-CUBE-AZRTOS-L4 2.0.0
2024-11-28 13:03:28,367 [INFO] ThirdParty:1030 - CMSIS Pack Vendor :STMicroelectronics ThreadX 0.0.2
2024-11-28 13:03:28,367 [INFO] ThirdParty:1030 - CMSIS Pack Vendor :WES I-CUBE-Cesium 1.3.0
2024-11-28 13:03:28,367 [INFO] ThirdParty:1030 - CMSIS Pack Vendor :STMicroelectronics lwIP 2.1.2
2024-11-28 13:03:28,367 [INFO] ThirdParty:1030 - CMSIS Pack Vendor :STMicroelectronics X-CUBE-SFXS2LP1 4.0.0
2024-11-28 13:03:28,378 [INFO] ThirdParty:1030 - CMSIS Pack Vendor :STMicroelectronics X-CUBE-BLE2 3.3.0
2024-11-28 13:03:28,378 [INFO] ThirdParty:1030 - CMSIS Pack Vendor :STMicroelectronics X-CUBE-TOF1 3.2.0
2024-11-28 13:03:28,378 [INFO] ThirdParty:1030 - CMSIS Pack Vendor :STMicroelectronics PDM2PCM 3.2.0
2024-11-28 13:03:28,378 [INFO] ThirdParty:1030 - CMSIS Pack Vendor :STMicroelectronics X-CUBE-AZRTOS-H7 3.0.0
2024-11-28 13:03:28,378 [INFO] ThirdParty:1030 - CMSIS Pack Vendor :STMicroelectronics X-CUBE-ISPU 1.1.0
2024-11-28 13:03:28,378 [INFO] ThirdParty:1030 - CMSIS Pack Vendor :STMicroelectronics X-CUBE-AZRTOS-H7 3.3.0
2024-11-28 13:03:28,378 [INFO] ThirdParty:1030 - CMSIS Pack Vendor :RoweBots I-CUBE-UNISONRTOS 5.5.0-4
2024-11-28 13:03:28,378 [INFO] ThirdParty:1030 - CMSIS Pack Vendor :STMicroelectronics X-CUBE-NFC9 1.0.0
2024-11-28 13:03:28,378 [INFO] ThirdParty:1030 - CMSIS Pack Vendor :STMicroelectronics USB_DEVICE 3.0.0
2024-11-28 13:03:28,378 [INFO] ThirdParty:1030 - CMSIS Pack Vendor :STMicroelectronics X-CUBE-TCPP 4.1.0
2024-11-28 13:03:28,378 [INFO] ThirdParty:1030 - CMSIS Pack Vendor :STMicroelectronics X-CUBE-IPS 3.0.0
2024-11-28 13:03:28,378 [INFO] ThirdParty:1030 - CMSIS Pack Vendor :STMicroelectronics X-CUBE-AZRTOS-WB 2.0.0
2024-11-28 13:03:28,378 [INFO] ThirdParty:1030 - CMSIS Pack Vendor :STMicroelectronics X-CUBE-FREERTOS 1.0.1
2024-11-28 13:03:28,378 [INFO] ThirdParty:1030 - CMSIS Pack Vendor :STMicroelectronics X-CUBE-TOUCHGFX 4.21.1
2024-11-28 13:03:28,378 [INFO] ThirdParty:1030 - CMSIS Pack Vendor :STMicroelectronics X-CUBE-GNSS1 7.0.0
2024-11-28 13:03:28,378 [INFO] ThirdParty:1030 - CMSIS Pack Vendor :STMicroelectronics X-CUBE-MEMS1 9.4.0
2024-11-28 13:03:28,378 [INFO] ThirdParty:1030 - CMSIS Pack Vendor :STMicroelectronics X-CUBE-AI 7.3.0
2024-11-28 13:03:28,378 [INFO] ThirdParty:1030 - CMSIS Pack Vendor :STMicroelectronics FP-SNS-STBOX1 2.0.0
2024-11-28 13:03:28,378 [INFO] ThirdParty:1030 - CMSIS Pack Vendor :STMicroelectronics X-CUBE-ALGOBUILD 1.3.0
2024-11-28 13:03:28,378 [INFO] ThirdParty:1030 - CMSIS Pack Vendor :STMicroelectronics X-CUBE-AZRTOS-L5 1.1.0
2024-11-28 13:03:28,378 [INFO] ThirdParty:1030 - CMSIS Pack Vendor :STMicroelectronics X-CUBE-AZRTOS-G0 1.1.0
2024-11-28 13:03:28,378 [INFO] ThirdParty:1030 - CMSIS Pack Vendor :STMicroelectronics X-CUBE-AI 8.0.1
2024-11-28 13:03:28,378 [INFO] ThirdParty:1030 - CMSIS Pack Vendor :STMicroelectronics X-CUBE-SAFEA1 1.2.2
2024-11-28 13:03:28,378 [INFO] ThirdParty:1030 - CMSIS Pack Vendor :STMicroelectronics X-CUBE-NFC4 3.0.0
2024-11-28 13:03:28,378 [INFO] ThirdParty:1030 - CMSIS Pack Vendor :STMicroelectronics X-CUBE-SUBG2 5.0.0
2024-11-28 13:03:28,378 [INFO] ThirdParty:1030 - CMSIS Pack Vendor :STMicroelectronics STM32_WPAN 1.0.0
2024-11-28 13:03:28,378 [INFO] ThirdParty:1030 - CMSIS Pack Vendor :EmbeddedOffice I-CUBE-FS-RTOS 1.0.1
2024-11-28 13:03:28,378 [INFO] ThirdParty:1030 - CMSIS Pack Vendor :STMicroelectronics lwIP 2.0.3
2024-11-28 13:03:28,378 [INFO] ThirdParty:1030 - CMSIS Pack Vendor :Cesanta I-CUBE-Mongoose 7.13.0
2024-11-28 13:03:28,378 [INFO] ThirdParty:1030 - CMSIS Pack Vendor :STMicroelectronics USB_HOST 1.0.0
2024-11-28 13:03:28,378 [INFO] ThirdParty:1030 - CMSIS Pack Vendor :STMicroelectronics X-CUBE-TOF1 3.3.1
2024-11-28 13:03:28,378 [INFO] ThirdParty:1030 - CMSIS Pack Vendor :STMicroelectronics X-CUBE-AZRTOS-G4 2.0.0
2024-11-28 13:03:28,378 [INFO] ThirdParty:1030 - CMSIS Pack Vendor :STMicroelectronics PDM2PCM 3.1.0
2024-11-28 13:03:28,378 [INFO] ThirdParty:1030 - CMSIS Pack Vendor :STMicroelectronics FP-ATR-ASTRA1 1.1.1
2024-11-28 13:03:28,378 [INFO] ThirdParty:1030 - CMSIS Pack Vendor :Infineon AIROC-Wi-Fi-Bluetooth-STM32 1.5.1
2024-11-28 13:03:28,378 [INFO] ThirdParty:1030 - CMSIS Pack Vendor :STMicroelectronics X-CUBE-BLEMGR 3.0.0
2024-11-28 13:03:28,378 [INFO] ThirdParty:1030 - CMSIS Pack Vendor :STMicroelectronics X-CUBE-BLEMGR 1.3.0
2024-11-28 13:03:28,378 [INFO] ThirdParty:1030 - CMSIS Pack Vendor :STMicroelectronics FP-SNS-MOTENVWB1 1.3.0
2024-11-28 13:03:28,378 [INFO] ThirdParty:1030 - CMSIS Pack Vendor :RealThread X-CUBE-RT-Thread_Nano 4.1.1
2024-11-28 13:03:28,378 [INFO] ThirdParty:1030 - CMSIS Pack Vendor :STMicroelectronics FP-SNS-MOTENVWB1 1.3.1
2024-11-28 13:03:28,378 [INFO] ThirdParty:1030 - CMSIS Pack Vendor :STMicroelectronics FP-ATR-SIGFOX1 3.2.0
2024-11-28 13:03:28,378 [INFO] ThirdParty:1030 - CMSIS Pack Vendor :STMicroelectronics X-CUBE-AZRTOS-G4 1.0.0
2024-11-28 13:03:28,378 [INFO] ThirdParty:1030 - CMSIS Pack Vendor :STMicroelectronics X-CUBE-AZRTOS-L4 1.0.0
2024-11-28 13:03:28,378 [INFO] ThirdParty:1030 - CMSIS Pack Vendor :quantropi X-CUBE-qispace-sdk-base 1.9.3
2024-11-28 13:03:28,378 [INFO] ThirdParty:1030 - CMSIS Pack Vendor :STMicroelectronics X-CUBE-ISPU 2.0.0
2024-11-28 13:03:28,378 [INFO] ThirdParty:1030 - CMSIS Pack Vendor :STMicroelectronics X-CUBE-EEPRMA1 5.1.0
2024-11-28 13:03:28,378 [INFO] ThirdParty:1030 - CMSIS Pack Vendor :STMicroelectronics MBEDTLS 2.16.2
2024-11-28 13:03:28,378 [INFO] ThirdParty:1030 - CMSIS Pack Vendor :STMicroelectronics X-CUBE-ALS 1.0.2
2024-11-28 13:03:28,378 [INFO] ThirdParty:1030 - CMSIS Pack Vendor :STMicroelectronics X-CUBE-MEMS1 10.0.0
2024-11-28 13:03:28,378 [INFO] ThirdParty:1030 - CMSIS Pack Vendor :STMicroelectronics X-CUBE-FREERTOS 1.1.0
2024-11-28 13:03:28,378 [INFO] ThirdParty:1030 - CMSIS Pack Vendor :STMicroelectronics X-CUBE-TOUCHGFX 4.24.0
2024-11-28 13:03:28,378 [INFO] ThirdParty:1030 - CMSIS Pack Vendor :STMicroelectronics X-CUBE-AZRTOS-WL 1.0.0
2024-11-28 13:03:28,378 [INFO] ThirdParty:1030 - CMSIS Pack Vendor :STMicroelectronics X-CUBE-TOUCHGFX 4.24.1
2024-11-28 13:03:28,378 [INFO] ThirdParty:1030 - CMSIS Pack Vendor :portGmbH I-Cube-SoM-uGOAL 1.1.0
2024-11-28 13:03:28,378 [INFO] ThirdParty:1030 - CMSIS Pack Vendor :STMicroelectronics X-CUBE-ALS 1.0.1
2024-11-28 13:03:28,378 [INFO] ThirdParty:1030 - CMSIS Pack Vendor :STMicroelectronics X-CUBE-MEMS1 9.5.0
2024-11-28 13:03:28,378 [INFO] ThirdParty:1030 - CMSIS Pack Vendor :STMicroelectronics ThreadX 1.0.0
2024-11-28 13:03:28,378 [INFO] ThirdParty:1030 - CMSIS Pack Vendor :STMicroelectronics X-CUBE-AZRTOS-WB 1.1.0
2024-11-28 13:03:28,378 [INFO] ThirdParty:1030 - CMSIS Pack Vendor :SEGGER I-CUBE-embOS 1.3.1
2024-11-28 13:03:28,378 [INFO] ThirdParty:1030 - CMSIS Pack Vendor :STMicroelectronics X-CUBE-ALGOBUILD 1.4.0
2024-11-28 13:03:28,378 [INFO] ThirdParty:1030 - CMSIS Pack Vendor :STMicroelectronics X-CUBE-AZRTOS-H7RS 1.0.0
2024-11-28 13:03:28,378 [INFO] ThirdParty:1030 - CMSIS Pack Vendor :STMicroelectronics FP-ATR-ASTRA1 2.0.0
2024-11-28 13:03:28,378 [INFO] ThirdParty:1030 - CMSIS Pack Vendor :STMicroelectronics X-CUBE-TOF1 3.4.2
2024-11-28 13:03:28,378 [INFO] ThirdParty:1030 - CMSIS Pack Vendor :STMicroelectronics X-CUBE-AI 9.1.0
2024-11-28 13:03:28,378 [INFO] ThirdParty:1030 - CMSIS Pack Vendor :STMicroelectronics X-CUBE-TOF1 3.4.0
2024-11-28 13:03:28,378 [INFO] ThirdParty:1030 - CMSIS Pack Vendor :wolfSSL I-CUBE-wolfSSH 1.4.17
2024-11-28 13:03:28,378 [INFO] ThirdParty:841 - exiting critical section [change project]
2024-11-28 13:03:28,818 [INFO] PinOutPanel:1561 - setPackage(No Configuration,No Configuration)
2024-11-28 13:03:28,819 [INFO] PinOutPanel:1561 - setPackage(STM32F103ZETx,LQFP144)
2024-11-28 13:03:29,362 [INFO] UtilMem:75 - Before build in PCC Used Memory: 821281808 Bytes (1073741824)
2024-11-28 13:03:30,162 [INFO] UtilMem:75 - After build in PCC Used Memory: 920896616 Bytes (1073741824)
2024-11-28 13:03:30,314 [INFO] ApiDbMcu:508 - Load IP Config File for FREERTOS
2024-11-28 13:03:30,344 [INFO] ApiDbMcu:508 - Load IP Config File for USB_DEVICE
2024-11-28 13:03:30,367 [INFO] IPUIPlugin:80 - create IPUIPlugin
2024-11-28 13:03:30,367 [INFO] IPUIPlugin:80 - create IPUIPlugin
2024-11-28 13:03:30,367 [INFO] IPUIPlugin:80 - create IPUIPlugin
2024-11-28 13:03:30,367 [INFO] IPUIPlugin:80 - create IPUIPlugin
2024-11-28 13:03:30,369 [INFO] IPUIPlugin:80 - create IPUIPlugin
2024-11-28 13:03:30,369 [INFO] IPUIPlugin:80 - create IPUIPlugin
2024-11-28 13:03:30,369 [INFO] IPUIPlugin:80 - create IPUIPlugin
2024-11-28 13:03:30,369 [INFO] IPUIPlugin:80 - create IPUIPlugin
2024-11-28 13:03:30,369 [INFO] IPUIPlugin:80 - create IPUIPlugin
2024-11-28 13:03:30,369 [INFO] IPUIPlugin:80 - create IPUIPlugin
2024-11-28 13:03:30,369 [INFO] IPUIPlugin:80 - create IPUIPlugin
2024-11-28 13:03:30,369 [INFO] IPUIPlugin:80 - create IPUIPlugin
2024-11-28 13:03:30,370 [INFO] IPUIPlugin:80 - create IPUIPlugin
2024-11-28 13:03:30,370 [INFO] IPUIPlugin:80 - create IPUIPlugin
2024-11-28 13:03:30,370 [INFO] IPUIPlugin:80 - create IPUIPlugin
2024-11-28 13:03:30,370 [INFO] IPUIPlugin:80 - create IPUIPlugin
2024-11-28 13:03:30,370 [INFO] IPUIPlugin:80 - create IPUIPlugin
2024-11-28 13:03:30,370 [INFO] IPUIPlugin:80 - create IPUIPlugin
2024-11-28 13:03:30,370 [INFO] IPUIPlugin:80 - create IPUIPlugin
2024-11-28 13:03:30,371 [INFO] IPUIPlugin:80 - create IPUIPlugin
2024-11-28 13:03:30,371 [INFO] IPUIPlugin:80 - create IPUIPlugin
2024-11-28 13:03:30,371 [INFO] IPUIPlugin:80 - create IPUIPlugin
2024-11-28 13:03:30,371 [INFO] IPUIPlugin:80 - create IPUIPlugin
2024-11-28 13:03:30,371 [INFO] IPUIPlugin:80 - create IPUIPlugin
2024-11-28 13:03:30,372 [INFO] IPUIPlugin:80 - create IPUIPlugin
2024-11-28 13:03:30,372 [INFO] IPUIPlugin:80 - create IPUIPlugin
2024-11-28 13:03:30,372 [INFO] IPUIPlugin:80 - create IPUIPlugin
2024-11-28 13:03:30,372 [INFO] IPUIPlugin:80 - create IPUIPlugin
2024-11-28 13:03:30,372 [INFO] IPUIPlugin:80 - create IPUIPlugin
2024-11-28 13:03:30,372 [INFO] IPUIPlugin:80 - create IPUIPlugin
2024-11-28 13:03:30,373 [INFO] IPUIPlugin:80 - create IPUIPlugin
2024-11-28 13:03:30,373 [INFO] IPUIPlugin:80 - create IPUIPlugin
2024-11-28 13:03:30,373 [INFO] IPUIPlugin:80 - create IPUIPlugin
2024-11-28 13:03:30,373 [INFO] IPUIPlugin:80 - create IPUIPlugin
2024-11-28 13:03:30,373 [INFO] IPUIPlugin:80 - create IPUIPlugin
2024-11-28 13:03:30,374 [INFO] IPUIPlugin:80 - create IPUIPlugin
2024-11-28 13:03:30,374 [INFO] IPUIPlugin:80 - create IPUIPlugin
2024-11-28 13:03:30,374 [INFO] IPUIPlugin:80 - create IPUIPlugin
2024-11-28 13:03:30,374 [INFO] IPUIPlugin:80 - create IPUIPlugin
2024-11-28 13:03:30,374 [INFO] IPUIPlugin:80 - create IPUIPlugin
2024-11-28 13:03:30,437 [WARN] FreeRTOS:1023 - Null or empty value: should not occur! (nothing added to the table)
2024-11-28 13:03:30,713 [INFO] CADModel:165 - CPN selected for project levelSTM32F103ZET6
2024-11-28 13:03:30,713 [INFO] CADModel:114 - Register for checkConnection events
2024-11-28 13:03:30,715 [INFO] RtosManager:697 - Active RTOS found at IOC load: FREERTOS [Cortex-M3NS]
2024-11-28 13:03:30,758 [INFO] OpenFileManager:363 - Restore cursor
2024-11-28 13:03:48,547 [ERROR] RtosPanel:558 - Can not restore the selected Tab for FREERTOS(A reason can be that the tab is no more available.)
2024-11-28 13:03:51,765 [INFO] TasksAndQueuesTab:757 - Dynamic
2024-11-28 13:03:51,765 [WARN] TasksAndQueuesTab:763 - 128 128
2024-11-28 13:03:51,765 [WARN] TasksAndQueuesTab:775 - max value is: 768.0
2024-11-28 13:03:51,765 [INFO] TasksAndQueuesTab:757 - Dynamic
2024-11-28 13:03:51,765 [WARN] TasksAndQueuesTab:763 - 128 128
2024-11-28 13:03:51,765 [WARN] TasksAndQueuesTab:775 - max value is: 768.0
2024-11-28 13:03:51,765 [INFO] TasksAndQueuesTab:757 - Dynamic
2024-11-28 13:03:51,766 [WARN] TasksAndQueuesTab:763 - 128 128
2024-11-28 13:03:51,766 [WARN] TasksAndQueuesTab:775 - max value is: 768.0
2024-11-28 13:03:56,787 [INFO] EditThreadDialog:704 - RAM SIZE (in KB): 64
2024-11-28 13:03:56,787 [INFO] EditThreadDialog:706 - RAM SIZE (in words): 16384
2024-11-28 13:04:16,662 [INFO] TasksAndQueuesTab:757 - Dynamic
2024-11-28 13:04:16,662 [WARN] TasksAndQueuesTab:763 - 128 128
2024-11-28 13:04:16,662 [WARN] TasksAndQueuesTab:775 - max value is: 768.0
2024-11-28 13:04:16,662 [INFO] TasksAndQueuesTab:757 - Dynamic
2024-11-28 13:04:16,662 [WARN] TasksAndQueuesTab:763 - 128 128
2024-11-28 13:04:16,662 [WARN] TasksAndQueuesTab:775 - max value is: 768.0
2024-11-28 13:04:16,662 [INFO] TasksAndQueuesTab:757 - Dynamic
2024-11-28 13:04:16,662 [WARN] TasksAndQueuesTab:763 - 128 128
2024-11-28 13:04:16,663 [WARN] TasksAndQueuesTab:775 - max value is: 768.0
2024-11-28 13:04:16,663 [INFO] TasksAndQueuesTab:757 - Dynamic
2024-11-28 13:04:16,663 [WARN] TasksAndQueuesTab:763 - 128 128
2024-11-28 13:04:16,663 [WARN] TasksAndQueuesTab:775 - max value is: 768.0
2024-11-28 13:04:19,898 [INFO] UtilMem:75 - End SaveConfig() Used Memory: 652160104 Bytes (1073741824)
2024-11-28 13:04:21,316 [INFO] UtilMem:75 - End SaveConfig() Used Memory: 678288608 Bytes (1073741824)
2024-11-28 13:04:22,116 [INFO] UtilMem:75 - End SaveConfig() Used Memory: 658743440 Bytes (1073741824)
2024-11-28 13:04:22,564 [INFO] BlockDiagram:2766 - set Specific Code input for plugin: NVIC
2024-11-28 13:04:22,564 [INFO] BlockDiagram:2766 - set Specific Code input for plugin: FREERTOS
2024-11-28 13:04:22,564 [INFO] BlockDiagram:2766 - set Specific Code input for plugin: USART
2024-11-28 13:04:22,564 [INFO] BlockDiagram:2766 - set Specific Code input for plugin: USART
2024-11-28 13:04:22,564 [INFO] BlockDiagram:2766 - set Specific Code input for plugin: TIM1_8F1
2024-11-28 13:04:22,564 [INFO] BlockDiagram:2766 - set Specific Code input for plugin: USB_DEVICE
2024-11-28 13:04:22,564 [INFO] BlockDiagram:2766 - set Specific Code input for plugin: USB
2024-11-28 13:04:22,564 [INFO] BlockDiagram:2766 - set Specific Code input for plugin: SYS
2024-11-28 13:04:22,565 [INFO] BlockDiagram:2766 - set Specific Code input for plugin: GPIO
2024-11-28 13:04:22,565 [INFO] BlockDiagram:2766 - set Specific Code input for plugin: RCC
2024-11-28 13:04:22,566 [INFO] CodeGenerator:807 - code generatio: config db path: D:\software\STM32CubeIDE_1.16.1\STM32CubeIDE\plugins\com.st.stm32cube.common.mx_6.12.1.202409122256\\db\
2024-11-28 13:04:22,728 [INFO] CodeEngine:255 - oldGeneratedFile, D:\thor_work\2024\MyDemo\day0\untitled\MXTmpFiles\license.tmp_save
2024-11-28 13:04:22,996 [INFO] CodeEngine:279 - Generated code: D:\thor_work\2024\MyDemo\day0\untitled\MXTmpFiles\license.tmp
2024-11-28 13:04:23,207 [INFO] CodeEngine:255 - oldGeneratedFile, D:\thor_work\2024\MyDemo\day0\untitled\MXTmpFiles\gpio.tmp_save
2024-11-28 13:04:23,287 [INFO] CodeEngine:279 - Generated code: D:\thor_work\2024\MyDemo\day0\untitled\MXTmpFiles\gpio.tmp
2024-11-28 13:04:23,425 [INFO] CodeEngine:255 - oldGeneratedFile, D:\thor_work\2024\MyDemo\day0\untitled\MXTmpFiles\usb_vars.tmp_save
2024-11-28 13:04:23,472 [INFO] CodeEngine:279 - Generated code: D:\thor_work\2024\MyDemo\day0\untitled\MXTmpFiles\usb_vars.tmp
2024-11-28 13:04:23,478 [INFO] CodeEngine:255 - oldGeneratedFile, D:\thor_work\2024\MyDemo\day0\untitled\MXTmpFiles\usb_inc.tmp_save
2024-11-28 13:04:23,522 [INFO] CodeEngine:279 - Generated code: D:\thor_work\2024\MyDemo\day0\untitled\MXTmpFiles\usb_inc.tmp
2024-11-28 13:04:23,529 [INFO] CodeEngine:255 - oldGeneratedFile, D:\thor_work\2024\MyDemo\day0\untitled\MXTmpFiles\usb_HalInit.tmp_save
2024-11-28 13:04:23,580 [INFO] CodeEngine:279 - Generated code: D:\thor_work\2024\MyDemo\day0\untitled\MXTmpFiles\usb_HalInit.tmp
2024-11-28 13:04:23,587 [INFO] CodeEngine:255 - oldGeneratedFile, D:\thor_work\2024\MyDemo\day0\untitled\MXTmpFiles\usb_Msp.tmp_save
2024-11-28 13:04:23,647 [INFO] CodeEngine:279 - Generated code: D:\thor_work\2024\MyDemo\day0\untitled\MXTmpFiles\usb_Msp.tmp
2024-11-28 13:04:23,987 [INFO] Middleware:1439 - No code input for Bsp Dependency
2024-11-28 13:04:24,017 [INFO] CodeEngine:255 - oldGeneratedFile, D:\thor_work\2024\MyDemo\day0\untitled\MXTmpFiles\rtos_inc.tmp_save
2024-11-28 13:04:24,064 [INFO] CodeEngine:279 - Generated code: D:\thor_work\2024\MyDemo\day0\untitled\MXTmpFiles\rtos_inc.tmp
2024-11-28 13:04:24,067 [INFO] CodeEngine:255 - oldGeneratedFile, D:\thor_work\2024\MyDemo\day0\untitled\MXTmpFiles\rtos_kernelInit.tmp_save
2024-11-28 13:04:24,107 [INFO] CodeEngine:279 - Generated code: D:\thor_work\2024\MyDemo\day0\untitled\MXTmpFiles\rtos_kernelInit.tmp
2024-11-28 13:04:24,107 [INFO] CodeEngine:255 - oldGeneratedFile, D:\thor_work\2024\MyDemo\day0\untitled\MXTmpFiles\rtos_kernelStart.tmp_save
2024-11-28 13:04:24,148 [INFO] CodeEngine:279 - Generated code: D:\thor_work\2024\MyDemo\day0\untitled\MXTmpFiles\rtos_kernelStart.tmp
2024-11-28 13:04:24,164 [INFO] CodeEngine:255 - oldGeneratedFile, D:\thor_work\2024\MyDemo\day0\untitled\MXTmpFiles\rtos_typedefs.tmp_save
2024-11-28 13:04:24,197 [INFO] CodeEngine:279 - Generated code: D:\thor_work\2024\MyDemo\day0\untitled\MXTmpFiles\rtos_typedefs.tmp
2024-11-28 13:04:24,208 [INFO] CodeEngine:255 - oldGeneratedFile, D:\thor_work\2024\MyDemo\day0\untitled\MXTmpFiles\rtos_vars.tmp_save
2024-11-28 13:04:24,238 [INFO] CodeEngine:279 - Generated code: D:\thor_work\2024\MyDemo\day0\untitled\MXTmpFiles\rtos_vars.tmp
2024-11-28 13:04:24,248 [INFO] CodeEngine:255 - oldGeneratedFile, D:\thor_work\2024\MyDemo\day0\untitled\MXTmpFiles\rtos_pfp.tmp_save
2024-11-28 13:04:24,288 [INFO] CodeEngine:279 - Generated code: D:\thor_work\2024\MyDemo\day0\untitled\MXTmpFiles\rtos_pfp.tmp
2024-11-28 13:04:24,297 [INFO] CodeEngine:255 - oldGeneratedFile, D:\thor_work\2024\MyDemo\day0\untitled\MXTmpFiles\rtos_obj_creat.tmp_save
2024-11-28 13:04:24,349 [INFO] CodeEngine:279 - Generated code: D:\thor_work\2024\MyDemo\day0\untitled\MXTmpFiles\rtos_obj_creat.tmp
2024-11-28 13:04:24,367 [INFO] CodeEngine:255 - oldGeneratedFile, D:\thor_work\2024\MyDemo\day0\untitled\MXTmpFiles\rtos_default_thread.tmp_save
2024-11-28 13:04:24,408 [INFO] CodeEngine:279 - Generated code: D:\thor_work\2024\MyDemo\day0\untitled\MXTmpFiles\rtos_default_thread.tmp
2024-11-28 13:04:24,414 [INFO] CodeEngine:255 - oldGeneratedFile, D:\thor_work\2024\MyDemo\day0\untitled\MXTmpFiles\rtos_threads.tmp_save
2024-11-28 13:04:24,452 [INFO] CodeEngine:279 - Generated code: D:\thor_work\2024\MyDemo\day0\untitled\MXTmpFiles\rtos_threads.tmp
2024-11-28 13:04:24,465 [INFO] Middleware:1439 - No code input for Bsp Dependency
2024-11-28 13:04:24,487 [INFO] Middleware:1439 - No code input for Bsp Dependency
2024-11-28 13:04:24,498 [INFO] CodeEngine:255 - oldGeneratedFile, D:\thor_work\2024\MyDemo\day0\untitled\MXTmpFiles\rtos_inc.tmp_save
2024-11-28 13:04:24,534 [INFO] CodeEngine:279 - Generated code: D:\thor_work\2024\MyDemo\day0\untitled\MXTmpFiles\rtos_inc.tmp
2024-11-28 13:04:24,540 [INFO] CodeEngine:255 - oldGeneratedFile, D:\thor_work\2024\MyDemo\day0\untitled\MXTmpFiles\rtos_kernelInit.tmp_save
2024-11-28 13:04:24,574 [INFO] CodeEngine:279 - Generated code: D:\thor_work\2024\MyDemo\day0\untitled\MXTmpFiles\rtos_kernelInit.tmp
2024-11-28 13:04:24,580 [INFO] CodeEngine:255 - oldGeneratedFile, D:\thor_work\2024\MyDemo\day0\untitled\MXTmpFiles\rtos_kernelStart.tmp_save
2024-11-28 13:04:24,617 [INFO] CodeEngine:279 - Generated code: D:\thor_work\2024\MyDemo\day0\untitled\MXTmpFiles\rtos_kernelStart.tmp
2024-11-28 13:04:24,624 [INFO] CodeEngine:255 - oldGeneratedFile, D:\thor_work\2024\MyDemo\day0\untitled\MXTmpFiles\rtos_typedefs.tmp_save
2024-11-28 13:04:24,669 [INFO] CodeEngine:279 - Generated code: D:\thor_work\2024\MyDemo\day0\untitled\MXTmpFiles\rtos_typedefs.tmp
2024-11-28 13:04:24,677 [INFO] CodeEngine:255 - oldGeneratedFile, D:\thor_work\2024\MyDemo\day0\untitled\MXTmpFiles\rtos_vars.tmp_save
2024-11-28 13:04:24,718 [INFO] CodeEngine:279 - Generated code: D:\thor_work\2024\MyDemo\day0\untitled\MXTmpFiles\rtos_vars.tmp
2024-11-28 13:04:24,726 [INFO] CodeEngine:255 - oldGeneratedFile, D:\thor_work\2024\MyDemo\day0\untitled\MXTmpFiles\rtos_pfp.tmp_save
2024-11-28 13:04:24,766 [INFO] CodeEngine:279 - Generated code: D:\thor_work\2024\MyDemo\day0\untitled\MXTmpFiles\rtos_pfp.tmp
2024-11-28 13:04:24,773 [INFO] CodeEngine:255 - oldGeneratedFile, D:\thor_work\2024\MyDemo\day0\untitled\MXTmpFiles\rtos_obj_creat.tmp_save
2024-11-28 13:04:24,821 [INFO] CodeEngine:279 - Generated code: D:\thor_work\2024\MyDemo\day0\untitled\MXTmpFiles\rtos_obj_creat.tmp
2024-11-28 13:04:24,829 [INFO] CodeEngine:255 - oldGeneratedFile, D:\thor_work\2024\MyDemo\day0\untitled\MXTmpFiles\rtos_default_thread.tmp_save
2024-11-28 13:04:24,898 [INFO] CodeEngine:279 - Generated code: D:\thor_work\2024\MyDemo\day0\untitled\MXTmpFiles\rtos_default_thread.tmp
2024-11-28 13:04:24,909 [INFO] CodeEngine:255 - oldGeneratedFile, D:\thor_work\2024\MyDemo\day0\untitled\MXTmpFiles\rtos_threads.tmp_save
2024-11-28 13:04:24,953 [INFO] CodeEngine:279 - Generated code: D:\thor_work\2024\MyDemo\day0\untitled\MXTmpFiles\rtos_threads.tmp
2024-11-28 13:04:24,969 [INFO] CodeEngine:255 - oldGeneratedFile, D:\thor_work\2024\MyDemo\day0\untitled\Core\Inc\FreeRTOSConfig.h_save
2024-11-28 13:04:25,019 [INFO] CodeEngine:279 - Generated code: D:\thor_work\2024\MyDemo\day0\untitled\Core\Inc\FreeRTOSConfig.h
2024-11-28 13:04:25,035 [INFO] CodeEngine:255 - oldGeneratedFile, D:\thor_work\2024\MyDemo\day0\untitled\Core\Src\freertos.c_save
2024-11-28 13:04:25,076 [INFO] CodeEngine:279 - Generated code: D:\thor_work\2024\MyDemo\day0\untitled\Core\Src\freertos.c
2024-11-28 13:04:25,085 [INFO] Middleware:1439 - No code input for Bsp Dependency
2024-11-28 13:04:25,100 [INFO] CodeEngine:255 - oldGeneratedFile, D:\thor_work\2024\MyDemo\day0\untitled\USB_DEVICE\App\usb_device.c_save
2024-11-28 13:04:25,229 [INFO] CodeEngine:279 - Generated code: D:\thor_work\2024\MyDemo\day0\untitled\USB_DEVICE\App\usb_device.c
2024-11-28 13:04:25,284 [INFO] CodeEngine:255 - oldGeneratedFile, D:\thor_work\2024\MyDemo\day0\untitled\USB_DEVICE\App\usb_device.h_save
2024-11-28 13:04:25,328 [INFO] CodeEngine:279 - Generated code: D:\thor_work\2024\MyDemo\day0\untitled\USB_DEVICE\App\usb_device.h
2024-11-28 13:04:25,378 [INFO] CodeEngine:255 - oldGeneratedFile, D:\thor_work\2024\MyDemo\day0\untitled\USB_DEVICE\Target\usbd_conf.h_save
2024-11-28 13:04:25,418 [INFO] CodeEngine:279 - Generated code: D:\thor_work\2024\MyDemo\day0\untitled\USB_DEVICE\Target\usbd_conf.h
2024-11-28 13:04:25,435 [INFO] CodeEngine:255 - oldGeneratedFile, D:\thor_work\2024\MyDemo\day0\untitled\USB_DEVICE\Target\usbd_conf.c_save
2024-11-28 13:04:25,485 [INFO] CodeEngine:279 - Generated code: D:\thor_work\2024\MyDemo\day0\untitled\USB_DEVICE\Target\usbd_conf.c
2024-11-28 13:04:25,494 [INFO] CodeEngine:255 - oldGeneratedFile, D:\thor_work\2024\MyDemo\day0\untitled\USB_DEVICE\App\usbd_desc.h_save
2024-11-28 13:04:25,539 [INFO] CodeEngine:279 - Generated code: D:\thor_work\2024\MyDemo\day0\untitled\USB_DEVICE\App\usbd_desc.h
2024-11-28 13:04:25,548 [INFO] CodeEngine:255 - oldGeneratedFile, D:\thor_work\2024\MyDemo\day0\untitled\USB_DEVICE\App\usbd_desc.c_save
2024-11-28 13:04:25,598 [INFO] CodeEngine:279 - Generated code: D:\thor_work\2024\MyDemo\day0\untitled\USB_DEVICE\App\usbd_desc.c
2024-11-28 13:04:25,617 [INFO] CodeEngine:255 - oldGeneratedFile, D:\thor_work\2024\MyDemo\day0\untitled\USB_DEVICE\App\usbd_custom_hid_if.h_save
2024-11-28 13:04:25,648 [INFO] CodeEngine:279 - Generated code: D:\thor_work\2024\MyDemo\day0\untitled\USB_DEVICE\App\usbd_custom_hid_if.h
2024-11-28 13:04:25,664 [INFO] CodeEngine:255 - oldGeneratedFile, D:\thor_work\2024\MyDemo\day0\untitled\USB_DEVICE\App\usbd_custom_hid_if.c_save
2024-11-28 13:04:25,708 [INFO] CodeEngine:279 - Generated code: D:\thor_work\2024\MyDemo\day0\untitled\USB_DEVICE\App\usbd_custom_hid_if.c
2024-11-28 13:04:25,731 [INFO] CodeEngine:255 - oldGeneratedFile, D:\thor_work\2024\MyDemo\day0\untitled\Core\Src\stm32f1xx_it.c_save
2024-11-28 13:04:25,796 [INFO] CodeEngine:279 - Generated code: D:\thor_work\2024\MyDemo\day0\untitled\Core\Src\stm32f1xx_it.c
2024-11-28 13:04:25,799 [INFO] CodeEngine:255 - oldGeneratedFile, D:\thor_work\2024\MyDemo\day0\untitled\Core\Inc\stm32f1xx_it.h_save
2024-11-28 13:04:25,858 [INFO] CodeEngine:279 - Generated code: D:\thor_work\2024\MyDemo\day0\untitled\Core\Inc\stm32f1xx_it.h
2024-11-28 13:04:25,968 [INFO] CodeEngine:255 - oldGeneratedFile, D:\thor_work\2024\MyDemo\day0\untitled\Core\Src\stm32f1xx_hal_msp.c_save
2024-11-28 13:04:26,037 [INFO] CodeEngine:279 - Generated code: D:\thor_work\2024\MyDemo\day0\untitled\Core\Src\stm32f1xx_hal_msp.c
2024-11-28 13:04:26,037 [INFO] CodeEngine:255 - oldGeneratedFile, D:\thor_work\2024\MyDemo\day0\untitled\MXTmpFiles\system.tmp_save
2024-11-28 13:04:26,078 [INFO] CodeEngine:279 - Generated code: D:\thor_work\2024\MyDemo\day0\untitled\MXTmpFiles\system.tmp
2024-11-28 13:04:26,080 [INFO] CodeEngine:255 - oldGeneratedFile, D:\thor_work\2024\MyDemo\day0\untitled\Core\Src\stm32f1xx_hal_timebase_tim.c_save
2024-11-28 13:04:26,127 [INFO] CodeEngine:279 - Generated code: D:\thor_work\2024\MyDemo\day0\untitled\Core\Src\stm32f1xx_hal_timebase_tim.c
2024-11-28 13:04:26,147 [INFO] CodeEngine:311 - oldGeneratedFile, D:\thor_work\2024\MyDemo\day0\untitled\Core\Inc\stm32f1xx_hal_conf.h_save
2024-11-28 13:04:26,193 [INFO] CodeEngine:335 - Generated code: D:\thor_work\2024\MyDemo\day0\untitled\Core\Inc\stm32f1xx_hal_conf.h
2024-11-28 13:04:26,207 [WARN] IPConfigManager:3554 - IP not found : TIM
2024-11-28 13:04:26,238 [WARN] CodeGenerator:4002 - IP not found : null
2024-11-28 13:04:26,248 [INFO] CodeEngine:255 - oldGeneratedFile, D:\thor_work\2024\MyDemo\day0\untitled\Core\Inc\main.h_save
2024-11-28 13:04:26,319 [INFO] CodeEngine:279 - Generated code: D:\thor_work\2024\MyDemo\day0\untitled\Core\Inc\main.h
2024-11-28 13:04:26,330 [INFO] CodeEngine:255 - oldGeneratedFile, D:\thor_work\2024\MyDemo\day0\untitled\Core\Src\main.c_save
2024-11-28 13:04:26,438 [INFO] CodeEngine:279 - Generated code: D:\thor_work\2024\MyDemo\day0\untitled\Core\Src\main.c
2024-11-28 13:04:27,598 [INFO] ProjectBuilder:3249 - Time for Copy HAL[1] : 1010mS.
2024-11-28 13:04:27,628 [INFO] ProjectBuilder:4828 - Project Generator version: 4.5.0-B34
2024-11-28 13:04:27,738 [INFO] ConfigFileManager:1531 - The Die is : DIE414
2024-11-28 13:04:27,780 [INFO] ApiDbMcu:508 - Load IP Config File for FATFS
2024-11-28 13:04:28,380 [INFO] LogOutputStream:77 - [STDOUT_REDIRECT] 
2024-11-28 13:04:30,468 [INFO] ProjectBuilder:5097 - Time for Generating toolchain IDE Files: 2840mS.
2024-11-28 13:04:30,469 [INFO] ProjectBuilder:3107 - Time for Copy CMSIS : 1mS.
2024-11-28 13:04:30,494 [INFO] ProjectBuilder:3107 - Time for Copy CMSIS : 0mS.
2024-11-28 17:31:43,863 [ERROR] LogOutputStream:75 - [STDERR_REDIRECT] 
