2024-10-30 08:58:47,066 [INFO] Activator:176 - 


2024-10-30 08:58:47,084 [INFO] Activator:177 - !SESSION log4j initialized
2024-10-30 08:58:57,284 [INFO] LogOutputStream:77 - [STDOUT_REDIRECT] 
2024-10-30 08:59:03,847 [INFO] ApplicationProperties:184 - Using Application install path: D:\software\STM32CubeIDE_1.16.1\STM32CubeIDE\plugins\com.st.stm32cube.common.mx_6.12.1.202409122256
2024-10-30 08:59:03,968 [INFO] DbMcusXml:78 - Set database path to: D:\software\STM32CubeIDE_1.16.1\STM32CubeIDE\plugins\com.st.stm32cube.common.mx_6.12.1.202409122256\\db\/mcu/
2024-10-30 08:59:03,968 [INFO] ApiDb:274 - Set plugin database path to: D:\software\STM32CubeIDE_1.16.1\STM32CubeIDE\plugins\com.st.stm32cube.common.mx_6.12.1.202409122256\\db\/plugins/boardmanager/
2024-10-30 08:59:03,968 [WARN] ApiDb:259 - Overriding images path with different value:  => D:\software\STM32CubeIDE_1.16.1\STM32CubeIDE\plugins\com.st.stm32cube.common.mx_6.12.1.202409122256\\db\/plugins/mcufinder/images/
2024-10-30 08:59:04,121 [INFO] ApiDb:250 - Set database path to: C:\Users\19948\.stmcufinder\plugins\mcufinder//mcu/
2024-10-30 08:59:04,122 [INFO] DbMcusAds:125 - Set database path to: C:\Users\19948\.stmcufinder\plugins\mcufinder//mcu/
2024-10-30 08:59:04,123 [INFO] CrossReferenceDbSqlite:203 - Set database path to: C:\Users\19948\.stmcufinder\plugins\mcufinder//mcu/cs/
2024-10-30 08:59:04,337 [INFO] RulesReader:64 - Compatibility file has been processed (297 Rules)
2024-10-30 08:59:04,528 [INFO] DbMcusXml:78 - Set database path to: D:\software\STM32CubeIDE_1.16.1\STM32CubeIDE\plugins\com.st.stm32cube.common.mx_6.12.1.202409122256\\db\/mcu/
2024-10-30 08:59:04,529 [INFO] ApiDb:274 - Set plugin database path to: D:\software\STM32CubeIDE_1.16.1\STM32CubeIDE\plugins\com.st.stm32cube.common.mx_6.12.1.202409122256\\db\/plugins/boardmanager/
2024-10-30 08:59:04,529 [INFO] ApiDb:261 - Set plugin images path to: D:\software\STM32CubeIDE_1.16.1\STM32CubeIDE\plugins\com.st.stm32cube.common.mx_6.12.1.202409122256\\db\/plugins/mcufinder/images/
2024-10-30 08:59:04,529 [WARN] DbFile:41 - Overriding database path with different value: C:\Users\19948\.stmcufinder\plugins\mcufinder/ => C:\Users\19948\.stmcufinder\plugins\mcufinder
2024-10-30 08:59:04,529 [INFO] ApiDb:250 - Set database path to: C:\Users\19948\.stmcufinder\plugins\mcufinder//mcu/
2024-10-30 08:59:04,529 [WARN] DbFile:41 - Overriding database path with different value: C:\Users\19948\.stmcufinder\plugins\mcufinder/ => C:\Users\19948\.stmcufinder\plugins\mcufinder
2024-10-30 08:59:04,529 [INFO] DbMcusAds:125 - Set database path to: C:\Users\19948\.stmcufinder\plugins\mcufinder//mcu/
2024-10-30 08:59:04,529 [WARN] DbFile:41 - Overriding database path with different value: C:\Users\19948\.stmcufinder\plugins\mcufinder/ => C:\Users\19948\.stmcufinder\plugins\mcufinder
2024-10-30 08:59:04,529 [WARN] DbFile:41 - Overriding database path with different value: C:\Users\19948\.stmcufinder\plugins\mcufinder/ => C:\Users\19948\.stmcufinder\plugins\mcufinder
2024-10-30 08:59:04,529 [INFO] CrossReferenceDbSqlite:203 - Set database path to: C:\Users\19948\.stmcufinder\plugins\mcufinder//mcu/cs/
2024-10-30 08:59:04,895 [INFO] MainPanel:268 - HeapMemory: 268435456
2024-10-30 08:59:05,099 [INFO] DbMcusXml:78 - Set database path to: D:\software\STM32CubeIDE_1.16.1\STM32CubeIDE\plugins\com.st.stm32cube.common.mx_6.12.1.202409122256\\db\/mcu/
2024-10-30 08:59:05,099 [INFO] ApiDb:274 - Set plugin database path to: D:\software\STM32CubeIDE_1.16.1\STM32CubeIDE\plugins\com.st.stm32cube.common.mx_6.12.1.202409122256\\db\/plugins/boardmanager/
2024-10-30 08:59:05,100 [INFO] ApiDb:261 - Set plugin images path to: D:\software\STM32CubeIDE_1.16.1\STM32CubeIDE\plugins\com.st.stm32cube.common.mx_6.12.1.202409122256\\db\/plugins/mcufinder/images/
2024-10-30 08:59:05,100 [WARN] DbFile:41 - Overriding database path with different value: C:\Users\19948\.stmcufinder\plugins\mcufinder/ => C:\Users\19948\.stmcufinder\plugins\mcufinder
2024-10-30 08:59:05,100 [INFO] ApiDb:250 - Set database path to: C:\Users\19948\.stmcufinder\plugins\mcufinder//mcu/
2024-10-30 08:59:05,100 [WARN] DbFile:41 - Overriding database path with different value: C:\Users\19948\.stmcufinder\plugins\mcufinder/ => C:\Users\19948\.stmcufinder\plugins\mcufinder
2024-10-30 08:59:05,100 [INFO] DbMcusAds:125 - Set database path to: C:\Users\19948\.stmcufinder\plugins\mcufinder//mcu/
2024-10-30 08:59:05,100 [WARN] DbFile:41 - Overriding database path with different value: C:\Users\19948\.stmcufinder\plugins\mcufinder/ => C:\Users\19948\.stmcufinder\plugins\mcufinder
2024-10-30 08:59:05,100 [WARN] DbFile:41 - Overriding database path with different value: C:\Users\19948\.stmcufinder\plugins\mcufinder/ => C:\Users\19948\.stmcufinder\plugins\mcufinder
2024-10-30 08:59:05,100 [INFO] CrossReferenceDbSqlite:203 - Set database path to: C:\Users\19948\.stmcufinder\plugins\mcufinder//mcu/cs/
2024-10-30 08:59:05,131 [INFO] ApplicationProperties:184 - Using Application install path: D:\software\STM32CubeIDE_1.16.1\STM32CubeIDE\plugins\com.st.stm32cube.common.mx_6.12.1.202409122256
2024-10-30 08:59:05,132 [INFO] PluginManage:196 - Search for loadable plugins [exclusion list=, ]
2024-10-30 08:59:05,180 [INFO] PluginManage:310 - Check plugin analytics
2024-10-30 08:59:05,433 [INFO] AnalyticsPlugin:253 - Accepted Software Licenses: 
2024-10-30 08:59:05,433 [INFO] AnalyticsPlugin:255 - Accepted CMSIS Pack Licenses: 
2024-10-30 08:59:05,433 [INFO] AnalyticsPlugin:257 - Accepted Firmware Licenses: 
2024-10-30 08:59:05,435 [INFO] PluginManage:359 - Loaded plugin analytics (category:tool,tabindex:-1)
2024-10-30 08:59:05,435 [INFO] PluginManage:310 - Check plugin cadmodel
2024-10-30 08:59:05,482 [INFO] CADModel:105 - Init CAD model plugin
2024-10-30 08:59:05,482 [INFO] PluginManage:359 - Loaded plugin cadmodel (category:power,tabindex:5)
2024-10-30 08:59:05,482 [INFO] PluginManage:310 - Check plugin clock
2024-10-30 08:59:05,499 [INFO] PluginManage:359 - Loaded plugin clock (category:base,tabindex:2)
2024-10-30 08:59:05,499 [INFO] PluginManage:310 - Check plugin ddr
2024-10-30 08:59:05,529 [INFO] PluginManage:359 - Loaded plugin ddr (category:tool,tabindex:6)
2024-10-30 08:59:05,529 [INFO] PluginManage:310 - Check plugin filemanager
2024-10-30 08:59:06,691 [INFO] PluginManage:359 - Loaded plugin filemanager (category:base,tabindex:10)
2024-10-30 08:59:06,691 [INFO] PluginManage:310 - Check plugin ipmanager
2024-10-30 08:59:06,697 [INFO] PluginManage:359 - Loaded plugin ipmanager (category:base,tabindex:5)
2024-10-30 08:59:06,697 [INFO] PluginManage:310 - Check plugin lpbam
2024-10-30 08:59:06,733 [INFO] PluginManage:359 - Loaded plugin lpbam (category:base,tabindex:0)
2024-10-30 08:59:06,733 [INFO] PluginManage:310 - Check plugin memorymap
2024-10-30 08:59:06,802 [INFO] PluginManage:359 - Loaded plugin memorymap (category:base,tabindex:4)
2024-10-30 08:59:06,802 [INFO] PluginManage:310 - Check plugin pinoutandconfiguration
2024-10-30 08:59:06,844 [INFO] PluginManage:359 - Loaded plugin pinoutandconfiguration (category:base,tabindex:1)
2024-10-30 08:59:06,844 [INFO] PluginManage:310 - Check plugin pinoutconfig
2024-10-30 08:59:07,068 [WARN] SupportedApi:132 - Cannot load RTOS API schema: s4s-elt-must-match.1: The content of 'definitions' must match (annotation?, (simpleType | complexType)?, (unique | key | keyref)*)). A problem was found starting at: attribute.
2024-10-30 08:59:07,203 [INFO] PluginManage:359 - Loaded plugin pinoutconfig (category:base,tabindex:0)
2024-10-30 08:59:07,203 [INFO] PluginManage:310 - Check plugin power
2024-10-30 08:59:07,290 [INFO] PluginManage:359 - Loaded plugin power (category:power,tabindex:4)
2024-10-30 08:59:07,290 [INFO] PluginManage:310 - Check plugin projectmanager
2024-10-30 08:59:07,303 [INFO] PluginManage:359 - Loaded plugin projectmanager (category:projectmanager,tabindex:4)
2024-10-30 08:59:07,303 [INFO] PluginManage:310 - Check plugin rif
2024-10-30 08:59:07,326 [INFO] PluginManage:359 - Loaded plugin rif (category:base,tabindex:3)
2024-10-30 08:59:07,326 [INFO] PluginManage:310 - Check plugin thirdparty
2024-10-30 08:59:07,550 [INFO] PluginManage:359 - Loaded plugin thirdparty (category:base,tabindex:-1)
2024-10-30 08:59:07,550 [WARN] IntegrityCheckThread:84 - waiting for thirdparty lock release [integrity check]
2024-10-30 08:59:07,550 [INFO] PluginManage:310 - Check plugin tools
2024-10-30 08:59:07,550 [INFO] IntegrityCheckThread:86 - entering critical section [integrity check]
2024-10-30 08:59:07,551 [INFO] ThirdPartyUpdaterWithRetryManager:70 - Updater plugin not ready yet. [1/15]
2024-10-30 08:59:07,552 [INFO] PluginManage:359 - Loaded plugin tools (category:base,tabindex:7)
2024-10-30 08:59:07,552 [INFO] PluginManage:310 - Check plugin tutovideos
2024-10-30 08:59:07,777 [INFO] PluginManage:359 - Loaded plugin tutovideos (category:base,tabindex:-1)
2024-10-30 08:59:07,777 [INFO] PluginManage:310 - Check plugin updater
2024-10-30 08:59:07,825 [INFO] PluginManage:359 - Loaded plugin updater (category:base,tabindex:12)
2024-10-30 08:59:07,826 [INFO] PluginManage:310 - Check plugin userauth
2024-10-30 08:59:07,859 [INFO] UserAuth:113 - Init User Auth plugin
2024-10-30 08:59:07,859 [INFO] PluginManage:359 - Loaded plugin userauth (category:base,tabindex:14)
2024-10-30 08:59:07,860 [INFO] PluginManage:283 - PluginManage : Loaded plugins [18]
2024-10-30 08:59:08,452 [INFO] PinOutPanel:1561 - setPackage(No Configuration,No Configuration)
2024-10-30 08:59:08,564 [INFO] CADModel:165 - CPN selected for project level
2024-10-30 08:59:08,564 [INFO] CADModel:114 - Register for checkConnection events
2024-10-30 08:59:08,660 [INFO] IPUIPlugin:80 - create IPUIPlugin
2024-10-30 08:59:08,660 [INFO] PluginManager:220 - loadIPPluginJar : add adc
2024-10-30 08:59:08,662 [INFO] IPUIPlugin:80 - create IPUIPlugin
2024-10-30 08:59:08,662 [INFO] PluginManager:220 - loadIPPluginJar : add aes
2024-10-30 08:59:08,664 [INFO] IPUIPlugin:80 - create IPUIPlugin
2024-10-30 08:59:08,664 [INFO] PluginManager:220 - loadIPPluginJar : add can
2024-10-30 08:59:08,666 [INFO] IPUIPlugin:80 - create IPUIPlugin
2024-10-30 08:59:08,666 [INFO] PluginManager:220 - loadIPPluginJar : add comp
2024-10-30 08:59:08,668 [INFO] IPUIPlugin:80 - create IPUIPlugin
2024-10-30 08:59:08,668 [INFO] PluginManager:220 - loadIPPluginJar : add cryp
2024-10-30 08:59:08,699 [INFO] IPUIPlugin:80 - create IPUIPlugin
2024-10-30 08:59:08,699 [INFO] PluginManager:220 - loadIPPluginJar : add ddr_ctrl_phy
2024-10-30 08:59:08,701 [INFO] IPUIPlugin:80 - create IPUIPlugin
2024-10-30 08:59:08,701 [INFO] PluginManager:220 - loadIPPluginJar : add dfsdm
2024-10-30 08:59:08,705 [INFO] IPUIPlugin:80 - create IPUIPlugin
2024-10-30 08:59:08,705 [INFO] PluginManager:220 - loadIPPluginJar : add dma
2024-10-30 08:59:08,706 [INFO] IPUIPlugin:80 - create IPUIPlugin
2024-10-30 08:59:08,706 [INFO] PluginManager:220 - loadIPPluginJar : add dma3
2024-10-30 08:59:08,708 [INFO] IPUIPlugin:80 - create IPUIPlugin
2024-10-30 08:59:08,708 [INFO] PluginManager:220 - loadIPPluginJar : add extmemmanager
2024-10-30 08:59:08,709 [INFO] IPUIPlugin:80 - create IPUIPlugin
2024-10-30 08:59:08,709 [INFO] PluginManager:220 - loadIPPluginJar : add fatfs
2024-10-30 08:59:08,712 [INFO] IPUIPlugin:80 - create IPUIPlugin
2024-10-30 08:59:08,712 [INFO] PluginManager:220 - loadIPPluginJar : add fmc
2024-10-30 08:59:08,717 [INFO] IPUIPlugin:80 - create IPUIPlugin
2024-10-30 08:59:08,717 [INFO] PluginManager:220 - loadIPPluginJar : add freertos
2024-10-30 08:59:08,718 [INFO] IPUIPlugin:80 - create IPUIPlugin
2024-10-30 08:59:08,718 [INFO] PluginManager:220 - loadIPPluginJar : add genericplugin
2024-10-30 08:59:08,719 [INFO] IPUIPlugin:80 - create IPUIPlugin
2024-10-30 08:59:08,719 [INFO] PluginManager:220 - loadIPPluginJar : add gfxmmu
2024-10-30 08:59:08,722 [INFO] IPUIPlugin:80 - create IPUIPlugin
2024-10-30 08:59:08,722 [INFO] PluginManager:220 - loadIPPluginJar : add gic
2024-10-30 08:59:08,724 [INFO] IPUIPlugin:80 - create IPUIPlugin
2024-10-30 08:59:08,724 [INFO] PluginManager:220 - loadIPPluginJar : add gpio
2024-10-30 08:59:08,726 [INFO] IPUIPlugin:80 - create IPUIPlugin
2024-10-30 08:59:08,726 [INFO] PluginManager:220 - loadIPPluginJar : add gtzc
2024-10-30 08:59:08,727 [INFO] IPUIPlugin:80 - create IPUIPlugin
2024-10-30 08:59:08,728 [INFO] PluginManager:220 - loadIPPluginJar : add hash
2024-10-30 08:59:08,729 [INFO] IPUIPlugin:80 - create IPUIPlugin
2024-10-30 08:59:08,729 [INFO] PluginManager:220 - loadIPPluginJar : add i2c
2024-10-30 08:59:08,731 [INFO] IPUIPlugin:80 - create IPUIPlugin
2024-10-30 08:59:08,731 [INFO] PluginManager:220 - loadIPPluginJar : add i2s
2024-10-30 08:59:08,732 [INFO] IPUIPlugin:80 - create IPUIPlugin
2024-10-30 08:59:08,733 [INFO] PluginManager:220 - loadIPPluginJar : add i3c
2024-10-30 08:59:08,735 [INFO] IPUIPlugin:80 - create IPUIPlugin
2024-10-30 08:59:08,735 [INFO] PluginManager:220 - loadIPPluginJar : add ipddr
2024-10-30 08:59:08,758 [INFO] IPUIPlugin:80 - create IPUIPlugin
2024-10-30 08:59:08,759 [INFO] PluginManager:220 - loadIPPluginJar : add linkedlist
2024-10-30 08:59:08,760 [INFO] IPUIPlugin:80 - create IPUIPlugin
2024-10-30 08:59:08,761 [INFO] PluginManager:220 - loadIPPluginJar : add lorawan
2024-10-30 08:59:08,762 [INFO] IPUIPlugin:80 - create IPUIPlugin
2024-10-30 08:59:08,762 [INFO] PluginManager:220 - loadIPPluginJar : add ltdc
2024-10-30 08:59:08,765 [INFO] IPUIPlugin:80 - create IPUIPlugin
2024-10-30 08:59:08,765 [INFO] PluginManager:220 - loadIPPluginJar : add mdma
2024-10-30 08:59:08,767 [INFO] IPUIPlugin:80 - create IPUIPlugin
2024-10-30 08:59:08,767 [INFO] PluginManager:220 - loadIPPluginJar : add nvic
2024-10-30 08:59:08,768 [INFO] IPUIPlugin:80 - create IPUIPlugin
2024-10-30 08:59:08,768 [INFO] PluginManager:220 - loadIPPluginJar : add opamp
2024-10-30 08:59:08,771 [INFO] IPUIPlugin:80 - create IPUIPlugin
2024-10-30 08:59:08,771 [INFO] PluginManager:220 - loadIPPluginJar : add openamp
2024-10-30 08:59:08,773 [INFO] IPUIPlugin:80 - create IPUIPlugin
2024-10-30 08:59:08,773 [INFO] PluginManager:220 - loadIPPluginJar : add pdm2pcm
2024-10-30 08:59:08,778 [INFO] IPUIPlugin:80 - create IPUIPlugin
2024-10-30 08:59:08,780 [INFO] PluginManager:220 - loadIPPluginJar : add plateformsettings
2024-10-30 08:59:08,782 [INFO] IPUIPlugin:80 - create IPUIPlugin
2024-10-30 08:59:08,782 [INFO] PluginManager:220 - loadIPPluginJar : add quadspi
2024-10-30 08:59:08,783 [INFO] IPUIPlugin:80 - create IPUIPlugin
2024-10-30 08:59:08,784 [INFO] PluginManager:220 - loadIPPluginJar : add radio
2024-10-30 08:59:08,829 [INFO] IPUIPlugin:80 - create IPUIPlugin
2024-10-30 08:59:08,829 [INFO] PluginManager:220 - loadIPPluginJar : add resmgrutility
2024-10-30 08:59:08,831 [INFO] IPUIPlugin:80 - create IPUIPlugin
2024-10-30 08:59:08,832 [INFO] PluginManager:220 - loadIPPluginJar : add sai
2024-10-30 08:59:08,833 [INFO] IPUIPlugin:80 - create IPUIPlugin
2024-10-30 08:59:08,833 [INFO] PluginManager:220 - loadIPPluginJar : add spi
2024-10-30 08:59:08,836 [INFO] IPUIPlugin:80 - create IPUIPlugin
2024-10-30 08:59:08,836 [INFO] PluginManager:220 - loadIPPluginJar : add stm32_wpan
2024-10-30 08:59:08,837 [INFO] IPUIPlugin:80 - create IPUIPlugin
2024-10-30 08:59:08,837 [INFO] PluginManager:220 - loadIPPluginJar : add tim
2024-10-30 08:59:08,839 [INFO] IPUIPlugin:80 - create IPUIPlugin
2024-10-30 08:59:08,839 [INFO] PluginManager:220 - loadIPPluginJar : add touchsensing
2024-10-30 08:59:08,841 [INFO] IPUIPlugin:80 - create IPUIPlugin
2024-10-30 08:59:08,841 [INFO] PluginManager:220 - loadIPPluginJar : add tracer_emb
2024-10-30 08:59:08,842 [INFO] IPUIPlugin:80 - create IPUIPlugin
2024-10-30 08:59:08,842 [INFO] PluginManager:220 - loadIPPluginJar : add ts
2024-10-30 08:59:08,843 [INFO] IPUIPlugin:80 - create IPUIPlugin
2024-10-30 08:59:08,843 [INFO] PluginManager:220 - loadIPPluginJar : add tsc
2024-10-30 08:59:08,844 [INFO] IPUIPlugin:80 - create IPUIPlugin
2024-10-30 08:59:08,844 [INFO] PluginManager:220 - loadIPPluginJar : add ucpd
2024-10-30 08:59:08,846 [INFO] IPUIPlugin:80 - create IPUIPlugin
2024-10-30 08:59:08,846 [INFO] PluginManager:220 - loadIPPluginJar : add usart
2024-10-30 08:59:08,848 [INFO] IPUIPlugin:80 - create IPUIPlugin
2024-10-30 08:59:08,848 [INFO] PluginManager:220 - loadIPPluginJar : add usbx
2024-10-30 08:59:08,964 [INFO] CADModel:165 - CPN selected for project level
2024-10-30 08:59:08,965 [INFO] CADModel:114 - Register for checkConnection events
2024-10-30 08:59:08,965 [FATAL] Updater:334 - Updater called before beeing initialized
2024-10-30 08:59:08,966 [ERROR] CADModel:125 - Updater not yet initialized, retry later 
2024-10-30 08:59:09,187 [INFO] CADModel:165 - CPN selected for project level
2024-10-30 08:59:09,187 [INFO] CADModel:114 - Register for checkConnection events
2024-10-30 08:59:09,187 [FATAL] Updater:334 - Updater called before beeing initialized
2024-10-30 08:59:09,187 [ERROR] CADModel:125 - Updater not yet initialized, retry later 
2024-10-30 08:59:09,190 [FATAL] Updater:334 - Updater called before beeing initialized
2024-10-30 08:59:09,272 [FATAL] Updater:334 - Updater called before beeing initialized
2024-10-30 08:59:09,285 [INFO] DbMcusAds:53 - JSON generation date=Fri Sep 20 21:04:38 CST 2024 (1726837478367)
2024-10-30 08:59:09,285 [FATAL] Updater:334 - Updater called before beeing initialized
2024-10-30 08:59:09,445 [WARN] DetailPanel:346 - Failed to get advertising image, set to default
2024-10-30 08:59:09,651 [FATAL] Updater:334 - Updater called before beeing initialized
2024-10-30 08:59:09,652 [FATAL] Updater:334 - Updater called before beeing initialized
2024-10-30 08:59:09,653 [FATAL] Updater:334 - Updater called before beeing initialized
2024-10-30 08:59:09,653 [WARN] DetailPanel:346 - Failed to get advertising image, set to default
2024-10-30 08:59:09,653 [FATAL] Updater:334 - Updater called before beeing initialized
2024-10-30 08:59:09,732 [ERROR] Updater:1164 - MainUpdater not yet initialized. External WinMGr cannot be set.
2024-10-30 08:59:09,749 [INFO] Updater:1100 - Updater Version found : 6.12.1
2024-10-30 08:59:09,774 [INFO] ApplicationProperties:184 - Using Application install path: D:\software\STM32CubeIDE_1.16.1\STM32CubeIDE\plugins\com.st.stm32cube.common.mx_6.12.1.202409122256
2024-10-30 08:59:10,553 [INFO] ThirdPartyUpdaterWithRetryManager:70 - Updater plugin not ready yet. [2/15]
2024-10-30 08:59:11,364 [ERROR] LogOutputStream:75 - [STDERR_REDIRECT] Oct 30, 2024 8:59:11 AM java.util.prefs.WindowsPreferences <init>
2024-10-30 08:59:11,365 [ERROR] LogOutputStream:75 - [STDERR_REDIRECT] WARNING: Could not open/create prefs root node Software\JavaSoft\Prefs at root 0xffffffff80000002. Windows RegCreateKeyEx(...) returned error code 5.
2024-10-30 08:59:11,365 [ERROR] LogOutputStream:75 - [STDERR_REDIRECT] 
2024-10-30 08:59:11,862 [INFO] MainUpdater:2873 - connection check result : 10
2024-10-30 08:59:11,862 [INFO] MainUpdater:290 - Updater Check For Update Now.
2024-10-30 08:59:11,863 [INFO] MicroXplorer:498 - Change Database Version : DB.6.0.121
2024-10-30 08:59:11,900 [INFO] McuFinderGlobals:63 - Set McuFinder mode to 2 (CubeIDE integrated)
2024-10-30 08:59:11,901 [INFO] UserAuth:417 - Internet connection configuration mode: 1
2024-10-30 08:59:12,100 [INFO] JxBrowserEngine:152 - Initiate JxBrowser Engine with user profile folder
2024-10-30 08:59:12,205 [INFO] CheckServerUpdateThread:120 - End of CheckServer Thread
2024-10-30 08:59:13,243 [INFO] WebApp:167 - Instantiating new browser for Auth
2024-10-30 08:59:14,017 [INFO] WebApp:448 - Apply proxy settings
2024-10-30 08:59:14,017 [INFO] WebApp:533 - Chromium requires no authentication
2024-10-30 08:59:14,029 [INFO] WebApp:476 - Direct internet connection detected
2024-10-30 08:59:14,034 [WARN] PackLoader:240 - Cannot read IP mode file for STMicroelectronics.FP-SNS-MOTENVWB1.1.4.0
2024-10-30 08:59:14,058 [WARN] PackLoader:240 - Cannot read IP mode file for STMicroelectronics.X-CUBE-SMBUS.2.1.0
2024-10-30 08:59:14,063 [INFO] WebApp:869 - Register for checkConnection events
2024-10-30 08:59:14,063 [INFO] WebApp:448 - Apply proxy settings
2024-10-30 08:59:14,063 [INFO] WebApp:533 - Chromium requires no authentication
2024-10-30 08:59:14,063 [INFO] WebApp:476 - Direct internet connection detected
2024-10-30 08:59:14,081 [WARN] PackLoader:240 - Cannot read IP mode file for STMicroelectronics.X-CUBE-WB05N.1.1.0
2024-10-30 08:59:14,099 [WARN] PackLoader:240 - Cannot read IP mode file for STMicroelectronics.X-CUBE-AZRTOS-F7.1.1.0
2024-10-30 08:59:14,107 [WARN] PackLoader:240 - Cannot read IP mode file for STMicroelectronics.FP-SNS-MOTENV1.4.3.2
2024-10-30 08:59:14,150 [WARN] PackLoader:240 - Cannot read IP mode file for STMicroelectronics.X-CUBE-MEMS1.11.0.0
2024-10-30 08:59:14,237 [WARN] PackLoader:240 - Cannot read IP mode file for STMicroelectronics.X-CUBE-BLE1.6.2.4
2024-10-30 08:59:14,242 [WARN] PackLoader:240 - Cannot read IP mode file for STMicroelectronics.FP-SNS-FLIGHT1.5.0.2
2024-10-30 08:59:14,250 [WARN] PackLoader:240 - Cannot read IP mode file for STMicroelectronics.X-CUBE-DISPLAY.3.0.0
2024-10-30 08:59:14,268 [WARN] PackLoader:240 - Cannot read IP mode file for STMicroelectronics.X-CUBE-BLE1.7.0.0
2024-10-30 08:59:14,275 [WARN] PackLoader:240 - Cannot read IP mode file for STMicroelectronics.X-CUBE-NFC10.1.0.0
2024-10-30 08:59:14,283 [WARN] PackLoader:240 - Cannot read IP mode file for STMicroelectronics.X-CUBE-TOUCHGFX.4.22.0
2024-10-30 08:59:14,287 [WARN] PackLoader:240 - Cannot read IP mode file for STMicroelectronics.X-CUBE-TOUCHGFX.4.22.1
2024-10-30 08:59:14,296 [WARN] PackLoader:240 - Cannot read IP mode file for STMicroelectronics.X-CUBE-BLEMGR.3.1.0
2024-10-30 08:59:14,301 [WARN] PackLoader:240 - Cannot read IP mode file for STMicroelectronics.FP-SNS-SMARTAG2.1.2.0
2024-10-30 08:59:14,309 [INFO] LogOutputStream:77 - [STDOUT_REDIRECT] 1 : Invalid condition id : UX_CORESTACK_Condition cause : null
2024-10-30 08:59:14,309 [INFO] LogOutputStream:77 - [STDOUT_REDIRECT] 1 : Invalid condition id : UX_CORESTACK_Condition cause : null
2024-10-30 08:59:14,310 [INFO] LogOutputStream:77 - [STDOUT_REDIRECT] 1 : Invalid condition id : UX_CORESTACK_Condition cause : null
2024-10-30 08:59:14,311 [INFO] LogOutputStream:77 - [STDOUT_REDIRECT] 1 : Invalid condition id : UX_CORESTACK_Condition cause : null
2024-10-30 08:59:14,311 [INFO] LogOutputStream:77 - [STDOUT_REDIRECT] 1 : Invalid condition id : UX_CORESTACK_Condition cause : null
2024-10-30 08:59:14,313 [WARN] PackLoader:240 - Cannot read IP mode file for STMicroelectronics.X-CUBE-AZRTOS-WL.2.0.0
2024-10-30 08:59:14,318 [WARN] PackLoader:240 - Cannot read IP mode file for STMicroelectronics.FP-SNS-MOTENV1.5.0.0
2024-10-30 08:59:14,323 [WARN] PackLoader:240 - Cannot read IP mode file for wolfSSL.I-CUBE-wolfMQTT.1.19.0
2024-10-30 08:59:14,330 [WARN] PackLoader:240 - Cannot read IP mode file for WES.I-CUBE-Cesium.1.3.0
2024-10-30 08:59:14,335 [WARN] PackLoader:240 - Cannot read IP mode file for STMicroelectronics.X-CUBE-BLE2.3.3.0
2024-10-30 08:59:14,343 [WARN] PackLoader:240 - Cannot read IP mode file for STMicroelectronics.X-CUBE-TOF1.3.2.0
2024-10-30 08:59:14,350 [WARN] PackLoader:240 - Cannot read IP mode file for STMicroelectronics.X-CUBE-NFC9.1.0.0
2024-10-30 08:59:14,356 [WARN] PackLoader:240 - Cannot read IP mode file for STMicroelectronics.X-CUBE-TCPP.4.1.0
2024-10-30 08:59:14,360 [WARN] PackLoader:240 - Cannot read IP mode file for STMicroelectronics.X-CUBE-TOUCHGFX.4.21.1
2024-10-30 08:59:14,370 [INFO] WebApp:220 - Starting web application
2024-10-30 08:59:14,370 [INFO] WebApp:578 - Web application path used D:\software\STM32CubeIDE_1.16.1\STM32CubeIDE\plugins\com.st.stm32cube.common.mx_6.12.1.202409122256\db\plugins\mcufinder\reactClient1\index.html
2024-10-30 08:59:14,395 [WARN] PackLoader:240 - Cannot read IP mode file for STMicroelectronics.X-CUBE-MEMS1.9.4.0
2024-10-30 08:59:14,461 [WARN] PackLoader:240 - Cannot read IP mode file for STMicroelectronics.X-CUBE-AI.7.3.0
2024-10-30 08:59:14,467 [WARN] PackLoader:240 - Cannot read IP mode file for STMicroelectronics.X-CUBE-ALGOBUILD.1.3.0
2024-10-30 08:59:14,476 [WARN] PackLoader:240 - Cannot read IP mode file for STMicroelectronics.X-CUBE-AZRTOS-G0.1.1.0
2024-10-30 08:59:14,482 [WARN] PackLoader:240 - Cannot read IP mode file for STMicroelectronics.X-CUBE-SAFEA1.1.2.2
2024-10-30 08:59:14,505 [WARN] PackLoader:240 - Cannot read IP mode file for STMicroelectronics.X-CUBE-NFC4.3.0.0
2024-10-30 08:59:14,525 [INFO] UserAuth:417 - Internet connection configuration mode: 1
2024-10-30 08:59:14,530 [WARN] PackLoader:240 - Cannot read IP mode file for EmbeddedOffice.I-CUBE-FS-RTOS.1.0.1
2024-10-30 08:59:14,530 [ERROR] ConditionMgr:805 - Attr not supported : Dmpu
2024-10-30 08:59:14,530 [ERROR] ConditionMgr:805 - Attr not supported : Dmpu
2024-10-30 08:59:14,530 [ERROR] ConditionMgr:805 - Attr not supported : Dmpu
2024-10-30 08:59:14,530 [ERROR] ConditionMgr:805 - Attr not supported : Dmpu
2024-10-30 08:59:14,531 [ERROR] ConditionMgr:805 - Attr not supported : Dmpu
2024-10-30 08:59:14,531 [ERROR] ConditionMgr:805 - Attr not supported : Dmpu
2024-10-30 08:59:14,531 [ERROR] ConditionMgr:805 - Attr not supported : Dmpu
2024-10-30 08:59:14,531 [ERROR] ConditionMgr:805 - Attr not supported : Dmpu
2024-10-30 08:59:14,531 [ERROR] ConditionMgr:805 - Attr not supported : Dmpu
2024-10-30 08:59:14,531 [ERROR] ConditionMgr:805 - Attr not supported : Dmpu
2024-10-30 08:59:14,531 [ERROR] ConditionMgr:805 - Attr not supported : Dmpu
2024-10-30 08:59:14,531 [ERROR] ConditionMgr:805 - Attr not supported : Dmpu
2024-10-30 08:59:14,531 [ERROR] ConditionMgr:805 - Attr not supported : Dmpu
2024-10-30 08:59:14,531 [ERROR] ConditionMgr:805 - Attr not supported : Dmpu
2024-10-30 08:59:14,531 [ERROR] ConditionMgr:805 - Attr not supported : Dmpu
2024-10-30 08:59:14,531 [ERROR] ConditionMgr:805 - Attr not supported : Dmpu
2024-10-30 08:59:14,531 [ERROR] ConditionMgr:805 - Attr not supported : Dmpu
2024-10-30 08:59:14,531 [ERROR] ConditionMgr:805 - Attr not supported : Dmpu
2024-10-30 08:59:14,531 [ERROR] ConditionMgr:805 - Attr not supported : Dmpu
2024-10-30 08:59:14,531 [ERROR] ConditionMgr:805 - Attr not supported : Dmpu
2024-10-30 08:59:14,531 [ERROR] ConditionMgr:805 - Attr not supported : Dmpu
2024-10-30 08:59:14,531 [ERROR] ConditionMgr:805 - Attr not supported : Dmpu
2024-10-30 08:59:14,532 [ERROR] ConditionMgr:805 - Attr not supported : Dmpu
2024-10-30 08:59:14,532 [ERROR] ConditionMgr:805 - Attr not supported : Dmpu
2024-10-30 08:59:14,532 [ERROR] ConditionMgr:805 - Attr not supported : Dmpu
2024-10-30 08:59:14,532 [ERROR] ConditionMgr:805 - Attr not supported : Dmpu
2024-10-30 08:59:14,532 [ERROR] ConditionMgr:805 - Attr not supported : Dmpu
2024-10-30 08:59:14,532 [ERROR] ConditionMgr:805 - Attr not supported : Dmpu
2024-10-30 08:59:14,532 [ERROR] ConditionMgr:805 - Attr not supported : Dmpu
2024-10-30 08:59:14,532 [ERROR] ConditionMgr:805 - Attr not supported : Dmpu
2024-10-30 08:59:14,532 [ERROR] ConditionMgr:805 - Attr not supported : Dmpu
2024-10-30 08:59:14,532 [ERROR] ConditionMgr:805 - Attr not supported : Dmpu
2024-10-30 08:59:14,532 [ERROR] ConditionMgr:805 - Attr not supported : Dmpu
2024-10-30 08:59:14,532 [ERROR] ConditionMgr:805 - Attr not supported : Dmpu
2024-10-30 08:59:14,532 [ERROR] ConditionMgr:805 - Attr not supported : Dmpu
2024-10-30 08:59:14,532 [ERROR] ConditionMgr:805 - Attr not supported : Dmpu
2024-10-30 08:59:14,532 [ERROR] ConditionMgr:805 - Attr not supported : Dmpu
2024-10-30 08:59:14,532 [ERROR] ConditionMgr:805 - Attr not supported : Dmpu
2024-10-30 08:59:14,532 [ERROR] ConditionMgr:805 - Attr not supported : Dmpu
2024-10-30 08:59:14,532 [ERROR] ConditionMgr:805 - Attr not supported : Dmpu
2024-10-30 08:59:14,532 [ERROR] ConditionMgr:805 - Attr not supported : Dmpu
2024-10-30 08:59:14,532 [ERROR] ConditionMgr:805 - Attr not supported : Dmpu
2024-10-30 08:59:14,532 [ERROR] ConditionMgr:805 - Attr not supported : Dmpu
2024-10-30 08:59:14,532 [ERROR] ConditionMgr:805 - Attr not supported : Dmpu
2024-10-30 08:59:14,532 [ERROR] ConditionMgr:805 - Attr not supported : Dmpu
2024-10-30 08:59:14,532 [ERROR] ConditionMgr:805 - Attr not supported : Dmpu
2024-10-30 08:59:14,532 [ERROR] ConditionMgr:805 - Attr not supported : Dmpu
2024-10-30 08:59:14,532 [ERROR] ConditionMgr:805 - Attr not supported : Dmpu
2024-10-30 08:59:14,532 [ERROR] ConditionMgr:805 - Attr not supported : Dmpu
2024-10-30 08:59:14,533 [ERROR] ConditionMgr:805 - Attr not supported : Dmpu
2024-10-30 08:59:14,533 [ERROR] ConditionMgr:805 - Attr not supported : Dmpu
2024-10-30 08:59:14,533 [ERROR] ConditionMgr:805 - Attr not supported : Dmpu
2024-10-30 08:59:14,533 [ERROR] ConditionMgr:805 - Attr not supported : Dmpu
2024-10-30 08:59:14,533 [ERROR] ConditionMgr:805 - Attr not supported : Dmpu
2024-10-30 08:59:14,533 [ERROR] ConditionMgr:805 - Attr not supported : Dmpu
2024-10-30 08:59:14,533 [ERROR] ConditionMgr:805 - Attr not supported : Dmpu
2024-10-30 08:59:14,533 [ERROR] ConditionMgr:805 - Attr not supported : Dmpu
2024-10-30 08:59:14,533 [ERROR] ConditionMgr:805 - Attr not supported : Dmpu
2024-10-30 08:59:14,533 [ERROR] ConditionMgr:805 - Attr not supported : Dmpu
2024-10-30 08:59:14,533 [ERROR] ConditionMgr:805 - Attr not supported : Dmpu
2024-10-30 08:59:14,533 [ERROR] ConditionMgr:805 - Attr not supported : Dmpu
2024-10-30 08:59:14,533 [ERROR] ConditionMgr:805 - Attr not supported : Dmpu
2024-10-30 08:59:14,533 [ERROR] ConditionMgr:805 - Attr not supported : Dmpu
2024-10-30 08:59:14,533 [ERROR] ConditionMgr:805 - Attr not supported : Dmpu
2024-10-30 08:59:14,538 [WARN] PackLoader:240 - Cannot read IP mode file for STMicroelectronics.X-CUBE-BLEMGR.3.0.0
2024-10-30 08:59:14,546 [WARN] PackLoader:240 - Cannot read IP mode file for STMicroelectronics.X-CUBE-BLEMGR.1.3.0
2024-10-30 08:59:14,554 [WARN] PackLoader:240 - Cannot read IP mode file for RealThread.X-CUBE-RT-Thread_Nano.4.1.1
2024-10-30 08:59:14,560 [WARN] PackLoader:240 - Cannot read IP mode file for STMicroelectronics.FP-ATR-SIGFOX1.3.2.0
2024-10-30 08:59:14,567 [WARN] PackLoader:240 - Cannot read IP mode file for STMicroelectronics.X-CUBE-EEPRMA1.5.1.0
2024-10-30 08:59:14,600 [WARN] PackLoader:240 - Cannot read IP mode file for STMicroelectronics.X-CUBE-MEMS1.9.5.0
2024-10-30 08:59:14,681 [WARN] PackLoader:240 - Cannot read IP mode file for SEGGER.I-CUBE-embOS.1.3.1
2024-10-30 08:59:14,706 [WARN] PackLoader:240 - Cannot read IP mode file for STMicroelectronics.X-CUBE-ALGOBUILD.1.4.0
2024-10-30 08:59:14,709 [WARN] PackLoader:240 - Cannot read IP mode file for STMicroelectronics.X-CUBE-AI.9.1.0
2024-10-30 08:59:14,713 [WARN] PackLoader:240 - Cannot read IP mode file for STMicroelectronics.X-CUBE-GNSS1.6.0.0
2024-10-30 08:59:14,724 [WARN] PackLoader:240 - Cannot read IP mode file for STMicroelectronics.X-CUBE-AZRTOS-F4.1.1.0
2024-10-30 08:59:14,729 [WARN] PackLoader:240 - Cannot read IP mode file for STMicroelectronics.X-CUBE-ISPU.2.1.0
2024-10-30 08:59:14,733 [WARN] PackLoader:240 - Cannot read IP mode file for STMicroelectronics.X-CUBE-FREERTOS.1.2.0
2024-10-30 08:59:14,744 [WARN] PackLoader:240 - Cannot read IP mode file for STMicroelectronics.X-CUBE-AZRTOS-L5.2.0.0
2024-10-30 08:59:14,766 [WARN] PackLoader:240 - Cannot read IP mode file for STMicroelectronics.X-CUBE-MEMS1.9.6.0
2024-10-30 08:59:14,852 [WARN] PackLoader:240 - Cannot read IP mode file for STMicroelectronics.X-CUBE-EEPRMA1.4.2.0
2024-10-30 08:59:14,865 [WARN] PackLoader:240 - Cannot read IP mode file for STMicroelectronics.X-CUBE-NFC6.3.1.0
2024-10-30 08:59:14,871 [WARN] PackLoader:240 - Cannot read IP mode file for ITTIA_DB.I-CUBE-ITTIADB.8.8.0
2024-10-30 08:59:14,877 [WARN] PackLoader:240 - Cannot read IP mode file for emotas.I-CUBE-CANOPEN.1.1.3
2024-10-30 08:59:14,881 [WARN] PackLoader:240 - Cannot read IP mode file for STMicroelectronics.X-CUBE-BLEMGR.2.0.0
2024-10-30 08:59:14,887 [WARN] PackLoader:240 - Cannot read IP mode file for STMicroelectronics.X-CUBE-DPower.1.2.0
2024-10-30 08:59:14,891 [WARN] PackLoader:240 - Cannot read IP mode file for STMicroelectronics.X-CUBE-AI.9.0.0
2024-10-30 08:59:14,900 [WARN] ConditionMgr:438 - getConditionDescription Invalid condition id : UX DEVICE CLASS RTOS Condition cause : null
2024-10-30 08:59:14,900 [WARN] ConditionMgr:438 - getConditionDescription Invalid condition id : UX DEVICE CLASS RTOS Condition cause : null
2024-10-30 08:59:14,901 [WARN] PackLoader:240 - Cannot read IP mode file for STMicroelectronics.X-CUBE-AZRTOS-H7.3.1.0
2024-10-30 08:59:14,902 [WARN] ConditionMgr:1039 - genDependencies : Invalid condition id : UX DEVICE CLASS RTOS Condition cause : null
2024-10-30 08:59:14,902 [WARN] ConditionMgr:1039 - genDependencies : Invalid condition id : UX DEVICE CLASS RTOS Condition cause : null
2024-10-30 08:59:14,902 [WARN] ConditionMgr:1039 - genDependencies : Invalid condition id : UX DEVICE CLASS RTOS Condition cause : null
2024-10-30 08:59:14,902 [WARN] ConditionMgr:1039 - genDependencies : Invalid condition id : UX DEVICE CLASS RTOS Condition cause : null
2024-10-30 08:59:14,903 [WARN] ConditionMgr:1039 - genDependencies : Invalid condition id : UX DEVICE CLASS RTOS Condition cause : null
2024-10-30 08:59:14,907 [WARN] PackLoader:240 - Cannot read IP mode file for wolfSSL.I-CUBE-wolfSSL.5.5.4
2024-10-30 08:59:14,911 [WARN] PackLoader:240 - Cannot read IP mode file for STMicroelectronics.X-CUBE-NFC7.1.0.1
2024-10-30 08:59:14,914 [WARN] PackLoader:240 - Cannot read IP mode file for STMicroelectronics.X-CUBE-NFC7.1.0.0
2024-10-30 08:59:14,919 [WARN] PackLoader:240 - Cannot read IP mode file for wolfSSL.I-CUBE-wolfTPM.3.2.0
2024-10-30 08:59:14,922 [WARN] PackLoader:240 - Cannot read IP mode file for STMicroelectronics.X-CUBE-NFC6.3.0.0
2024-10-30 08:59:14,927 [WARN] PackLoader:240 - Cannot read IP mode file for STMicroelectronics.X-CUBE-EEPRMA1.4.1.0
2024-10-30 08:59:14,930 [WARN] PackLoader:240 - Cannot read IP mode file for STMicroelectronics.X-CUBE-AI.8.1.0
2024-10-30 08:59:14,941 [WARN] ConditionMgr:438 - getConditionDescription Invalid condition id : LAN8742 Phy interface Condition cause : null
2024-10-30 08:59:14,941 [WARN] PackLoader:240 - Cannot read IP mode file for STMicroelectronics.X-CUBE-AZRTOS-L4.2.0.0
2024-10-30 08:59:14,942 [WARN] ConditionMgr:1039 - genDependencies : Invalid condition id : LAN8742 Phy interface Condition cause : null
2024-10-30 08:59:14,942 [WARN] ConditionMgr:1039 - genDependencies : Invalid condition id : LAN8742 Phy interface Condition cause : null
2024-10-30 08:59:14,942 [WARN] ConditionMgr:1039 - genDependencies : Invalid condition id : LAN8742 Phy interface Condition cause : null
2024-10-30 08:59:14,947 [WARN] PackLoader:240 - Cannot read IP mode file for STMicroelectronics.X-CUBE-SFXS2LP1.4.0.0
2024-10-30 08:59:14,959 [WARN] PackLoader:240 - Cannot read IP mode file for STMicroelectronics.X-CUBE-AZRTOS-H7.3.0.0
2024-10-30 08:59:14,964 [WARN] PackLoader:240 - Cannot read IP mode file for STMicroelectronics.X-CUBE-ISPU.1.1.0
2024-10-30 08:59:14,975 [WARN] PackLoader:240 - Cannot read IP mode file for STMicroelectronics.X-CUBE-AZRTOS-H7.3.3.0
2024-10-30 08:59:14,987 [WARN] PackLoader:240 - Cannot read IP mode file for RoweBots.I-CUBE-UNISONRTOS.5.5.0-4
2024-10-30 08:59:14,995 [WARN] PackLoader:240 - Cannot read IP mode file for STMicroelectronics.X-CUBE-IPS.3.0.0
2024-10-30 08:59:15,006 [WARN] ConditionMgr:438 - getConditionDescription Invalid condition id : UX DEVICE CLASS RTOS Condition cause : null
2024-10-30 08:59:15,007 [WARN] ConditionMgr:438 - getConditionDescription Invalid condition id : UX DEVICE CLASS RTOS Condition cause : null
2024-10-30 08:59:15,008 [WARN] PackLoader:240 - Cannot read IP mode file for STMicroelectronics.X-CUBE-AZRTOS-WB.2.0.0
2024-10-30 08:59:15,009 [WARN] ConditionMgr:1039 - genDependencies : Invalid condition id : UX DEVICE CLASS RTOS Condition cause : null
2024-10-30 08:59:15,009 [WARN] ConditionMgr:1039 - genDependencies : Invalid condition id : UX DEVICE CLASS RTOS Condition cause : null
2024-10-30 08:59:15,009 [WARN] ConditionMgr:1039 - genDependencies : Invalid condition id : UX DEVICE CLASS RTOS Condition cause : null
2024-10-30 08:59:15,009 [WARN] ConditionMgr:1039 - genDependencies : Invalid condition id : UX DEVICE CLASS RTOS Condition cause : null
2024-10-30 08:59:15,009 [WARN] ConditionMgr:1039 - genDependencies : Invalid condition id : UX DEVICE CLASS RTOS Condition cause : null
2024-10-30 08:59:15,013 [WARN] PackLoader:240 - Cannot read IP mode file for STMicroelectronics.X-CUBE-FREERTOS.1.0.1
2024-10-30 08:59:15,017 [WARN] PackLoader:240 - Cannot read IP mode file for STMicroelectronics.X-CUBE-GNSS1.7.0.0
2024-10-30 08:59:15,022 [WARN] PackLoader:240 - Cannot read IP mode file for STMicroelectronics.FP-SNS-STBOX1.2.0.0
2024-10-30 08:59:15,032 [WARN] PackLoader:240 - Cannot read IP mode file for STMicroelectronics.X-CUBE-AZRTOS-L5.1.1.0
2024-10-30 08:59:15,036 [WARN] PackLoader:240 - Cannot read IP mode file for STMicroelectronics.X-CUBE-AI.8.0.1
2024-10-30 08:59:15,042 [WARN] PackLoader:240 - Cannot read IP mode file for STMicroelectronics.X-CUBE-SUBG2.5.0.0
2024-10-30 08:59:15,049 [WARN] PackLoader:240 - Cannot read IP mode file for Cesanta.I-CUBE-Mongoose.7.13.0
2024-10-30 08:59:15,056 [WARN] PackLoader:240 - Cannot read IP mode file for STMicroelectronics.X-CUBE-TOF1.3.3.1
2024-10-30 08:59:15,070 [WARN] PackLoader:240 - Cannot read IP mode file for STMicroelectronics.X-CUBE-AZRTOS-G4.2.0.0
2024-10-30 08:59:15,074 [WARN] PackLoader:240 - Cannot read IP mode file for STMicroelectronics.FP-ATR-ASTRA1.1.1.1
2024-10-30 08:59:15,082 [WARN] PackLoader:240 - Cannot read IP mode file for Infineon.AIROC-Wi-Fi-Bluetooth-STM32.1.5.1
2024-10-30 08:59:15,087 [WARN] PackLoader:240 - Cannot read IP mode file for STMicroelectronics.FP-SNS-MOTENVWB1.1.3.0
2024-10-30 08:59:15,090 [WARN] PackLoader:240 - Cannot read IP mode file for STMicroelectronics.FP-SNS-MOTENVWB1.1.3.1
2024-10-30 08:59:15,098 [WARN] PackLoader:240 - Cannot read IP mode file for STMicroelectronics.X-CUBE-AZRTOS-G4.1.0.0
2024-10-30 08:59:15,106 [WARN] PackLoader:240 - Cannot read IP mode file for STMicroelectronics.X-CUBE-AZRTOS-L4.1.0.0
2024-10-30 08:59:15,111 [WARN] PackLoader:240 - Cannot read IP mode file for STMicroelectronics.X-CUBE-ISPU.2.0.0
2024-10-30 08:59:15,114 [WARN] PackLoader:240 - Cannot read IP mode file for STMicroelectronics.X-CUBE-ALS.1.0.2
2024-10-30 08:59:15,133 [WARN] PackLoader:240 - Cannot read IP mode file for STMicroelectronics.X-CUBE-MEMS1.10.0.0
2024-10-30 08:59:15,189 [WARN] PackLoader:240 - Cannot read IP mode file for STMicroelectronics.X-CUBE-FREERTOS.1.1.0
2024-10-30 08:59:15,193 [WARN] PackLoader:240 - Cannot read IP mode file for STMicroelectronics.X-CUBE-TOUCHGFX.4.24.0
2024-10-30 08:59:15,206 [WARN] PackLoader:240 - Cannot read IP mode file for STMicroelectronics.X-CUBE-AZRTOS-WL.1.0.0
2024-10-30 08:59:15,210 [WARN] PackLoader:240 - Cannot read IP mode file for STMicroelectronics.X-CUBE-TOUCHGFX.4.24.1
2024-10-30 08:59:15,217 [WARN] PackLoader:240 - Cannot read IP mode file for portGmbH.I-Cube-SoM-uGOAL.1.1.0
2024-10-30 08:59:15,221 [WARN] PackLoader:240 - Cannot read IP mode file for STMicroelectronics.X-CUBE-ALS.1.0.1
2024-10-30 08:59:15,230 [WARN] PackLoader:240 - Cannot read IP mode file for STMicroelectronics.X-CUBE-AZRTOS-WB.1.1.0
2024-10-30 08:59:15,240 [WARN] PackLoader:240 - Cannot read IP mode file for STMicroelectronics.X-CUBE-AZRTOS-H7RS.1.0.0
2024-10-30 08:59:15,244 [WARN] PackLoader:240 - Cannot read IP mode file for STMicroelectronics.FP-ATR-ASTRA1.2.0.0
2024-10-30 08:59:15,250 [WARN] PackLoader:240 - Cannot read IP mode file for STMicroelectronics.X-CUBE-TOF1.3.4.2
2024-10-30 08:59:15,260 [WARN] PackLoader:240 - Cannot read IP mode file for STMicroelectronics.X-CUBE-TOF1.3.4.0
2024-10-30 08:59:15,267 [WARN] PackLoader:240 - Cannot read IP mode file for wolfSSL.I-CUBE-wolfSSH.1.4.17
2024-10-30 08:59:15,268 [INFO] ThirdParty:978 - Integrity check success = true
2024-10-30 08:59:15,268 [INFO] IntegrityCheckThread:100 - exiting critical section [integrity check]
2024-10-30 08:59:15,268 [INFO] IntegrityCheckThread:103 - End integrity checks thread
2024-10-30 10:31:12,631 [INFO] McuFinderGlobals:63 - Set McuFinder mode to 2 (CubeIDE integrated)
2024-10-30 10:31:12,699 [INFO] MainUpdater:2873 - connection check result : 10
2024-10-30 10:31:12,723 [INFO] MainUpdater:2873 - connection check result : 10
2024-10-30 10:31:13,241 [INFO] RulesReader:64 - Compatibility file has been processed (297 Rules)
2024-10-30 10:31:13,250 [INFO] RulesReader:64 - Compatibility file has been processed (297 Rules)
2024-10-30 10:31:13,283 [INFO] MicroXplorer:468 - Change Database Path : 
2024-10-30 10:31:13,283 [INFO] MicroXplorer:498 - Change Database Version : DB.6.0.121
2024-10-30 10:31:13,345 [WARN] ThirdParty:871 - waiting for thirdparty lock release [close project]
2024-10-30 10:31:13,345 [INFO] ThirdParty:873 - entering critical section [close project]
2024-10-30 10:31:13,346 [INFO] ThirdParty:883 - exiting critical section [close project]
2024-10-30 10:31:13,347 [INFO] PinOutPanel:1561 - setPackage(No Configuration,No Configuration)
2024-10-30 10:31:13,350 [INFO] UtilMem:75 - Begin LoadConfig() Used Memory: 163896568 Bytes (524288000)
2024-10-30 10:31:13,398 [INFO] MicroXplorer:468 - Change Database Path : 
2024-10-30 10:31:13,398 [INFO] MicroXplorer:498 - Change Database Version : DB.6.0.121
2024-10-30 10:31:13,398 [INFO] OpenFileManager:332 - Change cursor
2024-10-30 10:31:13,585 [INFO] Mcu:2032 - Initializing MCU STM32F103Z(C-D-E)Tx STM32F103ZETx STM32F103ZET6
2024-10-30 10:31:15,374 [INFO] Context:742 - Trying to add GPIOservice into a context  which must be forbidden
2024-10-30 10:31:15,830 [INFO] RtosManager:555 - Registered RTOS mode: class=CMSIS, group=RTOS, mode=CMSIS_V1, owner=FREERTOS
2024-10-30 10:31:15,830 [INFO] RtosManager:555 - Registered RTOS mode: class=CMSIS, group=RTOS2, mode=CMSIS_V2, owner=FREERTOS
2024-10-30 10:31:15,830 [INFO] RtosManager:555 - Registered RTOS mode: class=RTOS, group=Core, mode=CMSIS_V1, owner=FREERTOS
2024-10-30 10:31:15,831 [INFO] RtosManager:555 - Registered RTOS mode: class=RTOS, group=Core, mode=CMSIS_V2, owner=FREERTOS
2024-10-30 10:31:15,831 [WARN] ModelIntegratedComponent:184 - Missing modes for component STMicroelectronics:FreeRTOS:0.0.1:STMicroelectronics:RTOS:FreeRTOS:Core:::10.2.0:
2024-10-30 10:31:15,834 [WARN] ModelIntegratedComponent:63 - No mode defined for component null
2024-10-30 10:31:15,835 [WARN] ModelIntegratedComponent:63 - No mode defined for component null
2024-10-30 10:31:15,835 [WARN] ModelIntegratedComponent:63 - No mode defined for component null
2024-10-30 10:31:15,835 [WARN] ModelIntegratedComponent:63 - No mode defined for component null
2024-10-30 10:31:15,835 [WARN] ModelIntegratedComponent:63 - No mode defined for component null
2024-10-30 10:31:15,835 [WARN] ModelIntegratedComponent:63 - No mode defined for component null
2024-10-30 10:31:15,835 [WARN] ModelIntegratedComponent:63 - No mode defined for component null
2024-10-30 10:31:15,835 [WARN] ModelIntegratedComponent:63 - No mode defined for component null
2024-10-30 10:31:15,835 [WARN] ModelIntegratedComponent:63 - No mode defined for component null
2024-10-30 10:31:15,835 [WARN] ModelIntegratedComponent:63 - No mode defined for component null
2024-10-30 10:31:15,835 [WARN] ModelIntegratedComponent:63 - No mode defined for component null
2024-10-30 10:31:15,835 [WARN] ModelIntegratedComponent:63 - No mode defined for component null
2024-10-30 10:31:15,835 [WARN] ModelIntegratedComponent:63 - No mode defined for component null
2024-10-30 10:31:15,835 [WARN] ModelIntegratedComponent:63 - No mode defined for component null
2024-10-30 10:31:15,835 [WARN] ModelIntegratedComponent:63 - No mode defined for component null
2024-10-30 10:31:15,835 [WARN] ModelIntegratedComponent:63 - No mode defined for component null
2024-10-30 10:31:15,835 [WARN] ModelIntegratedComponent:63 - No mode defined for component null
2024-10-30 10:31:15,835 [WARN] ModelIntegratedComponent:63 - No mode defined for component null
2024-10-30 10:31:15,835 [WARN] ModelIntegratedComponent:63 - No mode defined for component null
2024-10-30 10:31:15,835 [WARN] ModelIntegratedComponent:63 - No mode defined for component null
2024-10-30 10:31:15,835 [WARN] ModelIntegratedComponent:63 - No mode defined for component null
2024-10-30 10:31:15,835 [WARN] ModelIntegratedComponent:63 - No mode defined for component null
2024-10-30 10:31:15,835 [WARN] ModelIntegratedComponent:63 - No mode defined for component null
2024-10-30 10:31:15,835 [WARN] ModelIntegratedComponent:63 - No mode defined for component null
2024-10-30 10:31:15,835 [WARN] ModelIntegratedComponent:63 - No mode defined for component null
2024-10-30 10:31:15,835 [WARN] ModelIntegratedComponent:63 - No mode defined for component null
2024-10-30 10:31:15,835 [WARN] ModelIntegratedComponent:63 - No mode defined for component null
2024-10-30 10:31:15,835 [WARN] ModelIntegratedComponent:63 - No mode defined for component null
2024-10-30 10:31:15,835 [WARN] ModelIntegratedComponent:63 - No mode defined for component null
2024-10-30 10:31:15,835 [WARN] ModelIntegratedComponent:63 - No mode defined for component null
2024-10-30 10:31:15,835 [WARN] ModelIntegratedComponent:63 - No mode defined for component null
2024-10-30 10:31:15,835 [WARN] ModelIntegratedComponent:63 - No mode defined for component null
2024-10-30 10:31:15,835 [WARN] ModelIntegratedComponent:63 - No mode defined for component null
2024-10-30 10:31:15,835 [WARN] ModelIntegratedComponent:63 - No mode defined for component null
2024-10-30 10:31:15,835 [WARN] ModelIntegratedComponent:63 - No mode defined for component null
2024-10-30 10:31:15,836 [WARN] ModelPack:524 - Component already loaded: STMicroelectronics:HAL Drivers:0.0.0:STMicroelectronics:Device:STMicro_Driver:XSPI:HAL::0.0.1:HAL_XSPI
2024-10-30 10:31:15,966 [INFO] ThirdPartyModel:298 - Start build external matchings
2024-10-30 10:31:16,894 [INFO] ThirdPartyModel:316 - End build external matchings
2024-10-30 10:31:16,920 [INFO] RtosManager:919 - Current active RTOS is FREERTOS [Cortex-M3NS]
2024-10-30 10:31:16,948 [INFO] ImportTextPane:205 - (OptionalMessage_ERROR) IP (RCC) : Parameter (ADCFreqValue) has invalid value (36000000)
2024-10-30 10:31:16,948 [INFO] ImportTextPane:205 - (OptionalMessage_ERROR) IP (RCC) : Invalid parameter (FamilyName)
2024-10-30 10:31:16,948 [INFO] ImportTextPane:205 - (OptionalMessage_ERROR) IP (RCC) : Parameter (MCOFreq_Value) has invalid value (72000000)
2024-10-30 10:31:16,948 [INFO] ImportTextPane:205 - (OptionalMessage_ERROR) IP (RCC) : Parameter (USBFreq_Value) has invalid value (72000000)
2024-10-30 10:31:19,309 [INFO] ApiDb:581 - Connected to CubeFinder SQLite database (C:\Users\19948\.stmcufinder\plugins\mcufinder\mcu\cube-finder-db.db)
2024-10-30 10:31:19,417 [INFO] ApiDb:668 - CubeFinder database Data Model version=2.1
2024-10-30 10:31:19,418 [INFO] ApiDb:669 - CubeFinder database Configuration version=3.0.39
2024-10-30 10:31:19,418 [INFO] ApiDb:670 - CubeFinder database generation date=2024-10-15 (1729006872)
2024-10-30 10:31:19,418 [INFO] ApiDb:671 - CubeFinder database FW Pack versions=[FP-ATR-ASTRA1_V2.0.0, FP-SNS-FLIGHT1_V5.0.2, FP-SNS-MOTENV1_V5.0.0, FP-SNS-MOTENVWB1_V1.4.0, FP-SNS-SMARTAG2_V1.2.0, FP-SNS-STBOX1_V2.0.0, STM32Cube_FW_C0_V1.2.0, STM32Cube_FW_F4_V1.28.1, STM32Cube_FW_F7_V1.17.2, STM32Cube_FW_G0_V1.6.2, STM32Cube_FW_G4_V1.6.0, STM32Cube_FW_H5_V1.3.0, STM32Cube_FW_H7RS_V1.1.0, STM32Cube_FW_H7_V1.11.2, STM32Cube_FW_L0_V1.12.2, STM32Cube_FW_L5_V1.5.1, STM32Cube_FW_U0_V1.1.0, STM32Cube_FW_U5_V1.6.0, STM32Cube_FW_WB0_V1.0.0, STM32Cube_FW_WBA_V1.4.1, STM32Cube_FW_WB_V1.20.0, STM32Cube_FW_WL_V1.3.0, X-CUBE-ALGOBUILD_V1.4.0, X-CUBE-ALS_V1.0.2, X-CUBE-AZRTOS-F4_V1.1.0, X-CUBE-AZRTOS-F7_V1.1.0, X-CUBE-AZRTOS-G0_V1.1.0, X-CUBE-AZRTOS-G4_V2.0.0, X-CUBE-AZRTOS-H7RS_V1.0.0, X-CUBE-AZRTOS-H7_V3.3.0, X-CUBE-AZRTOS-L4_V2.0.0, X-CUBE-AZRTOS-L5_V2.0.0, X-CUBE-AZRTOS-WB_V2.0.0, X-CUBE-AZRTOS-WL_V2.0.0, X-CUBE-BLE1_V7.0.0, X-CUBE-BLE2_V3.3.0, X-CUBE-BLEMGR_V3.1.0, X-CUBE-EEPRMA1_V5.1.0, X-CUBE-FREERTOS_V1.2.0, X-CUBE-GNSS1_V6.0.0, X-CUBE-MEMS1_V11.0.0, X-CUBE-NFC4_V3.0.0, X-CUBE-NFC7_V1.0.1, X-CUBE-SFXS2LP1_V4.0.0, X-CUBE-SUBG2_V5.0.0, X-CUBE-TOF1_V3.4.2]
2024-10-30 10:31:19,524 [INFO] DbBoardsSqlite:226 - include board P-NUCLEO-WB55-NUCLEO as a kit item of type 'Nucleo-64'
2024-10-30 10:31:19,524 [INFO] DbBoardsSqlite:226 - include board P-NUCLEO-WB55-USBDONGLE as a kit item of type 'Nucleo USB Dongle'
2024-10-30 10:31:19,525 [INFO] DbBoardsSqlite:226 - include board STEVAL-IDP005V1 as a kit item of type 'Evaluation Board'
2024-10-30 10:31:19,525 [INFO] DbBoardsSqlite:226 - include board STEVAL-IDP005V2 as a kit item of type 'Evaluation Board'
2024-10-30 10:31:19,869 [INFO] ApiDb:240 - Found 646 in-development CPN: [B-G473E-ZEST1S, B-WB1M-WPAN1, B-WL5M-SUBG1, NUCLEO-C031C6, NUCLEO-C071RB, NUCLEO-H503RB, NUCLEO-H533RE, NUCLEO-H563ZI, NUCLEO-H7S3L8, NUCLEO-U031R8, NUCLEO-U083RC, NUCLEO-U545RE-Q, NUCLEO-U5A5ZJ-Q, NUCLEO-WB05KZ, NUCLEO-WB07CC, NUCLEO-WB09KE, NUCLEO-WBA52CG, NUCLEO-WBA55CG, STEVAL-PROTEUS1, STEVAL-SMARTAG2, STEVAL-STWINBX1, STM320518-EVAL, STM32C0116-DK, STM32C011D6Y3TR, STM32C011D6Y6TR, STM32C011F4P3, STM32C011F4P6, STM32C011F4U3, STM32C011F4U6TR, STM32C011F6P3, STM32C011F6P6, STM32C011F6U3, STM32C011F6U6TR, STM32C011J4M3, STM32C011J4M6, STM32C011J6M3, STM32C011J6M6, STM32C0316-DK, STM32C031C4T3, STM32C031C4T6, STM32C031C4U3, STM32C031C4U6, STM32C031C6T3, STM32C031C6T6, STM32C031C6U3, STM32C031C6U6, STM32C031F4P3, STM32C031F4P6, STM32C031F6P3, STM32C031F6P6, STM32C031G4U3, STM32C031G4U6, STM32C031G6U3, STM32C031G6U6, STM32C031K4T3, STM32C031K4T6, STM32C031K4U3, STM32C031K4U6, STM32C031K6T3, STM32C031K6T6, STM32C031K6U3, STM32C031K6U6, STM32C071C8T6, STM32C071C8T6N, STM32C071C8U6, STM32C071C8U6N, STM32C071CBT6, STM32C071CBT6N, STM32C071CBU6, STM32C071CBU6N, STM32C071F8P6, STM32C071F8P6N, STM32C071FBP6, STM32C071FBP6N, STM32C071FBY6TR, STM32C071G8U6, STM32C071G8U6N, STM32C071GBU6, STM32C071GBU6N, STM32C071K8T6, STM32C071K8T6N, STM32C071K8U6, STM32C071K8U6N, STM32C071KBT6, STM32C071KBT6N, STM32C071KBU6, STM32C071KBU6N, STM32C071R8T6, STM32C071R8T6N, STM32C071RBI6N, STM32C071RBT6, STM32C071RBT6N, STM32G071K8TXN, STM32G071K8UXN, STM32G081GBU6N, STM32G081KBT6N, STM32G081KBUXN, STM32G0B1CCT6N, STM32G0B1KCT6, STM32G0B1NEY6TR, STM32G0B1RCT6N, STM32G0C1CCT6, STM32G0C1CCT6N, STM32G0C1CCU6N, STM32G0C1CET6N, STM32G0C1CEU6N, STM32G0C1KCT6, STM32G0C1NEY6TR, STM32G0C1RCI6N, STM32G0C1RCT6N, STM32G0C1REI6N, STM32G0C1RET6N, STM32G0C1VCI6, STM32G0C1VEI6, STM32G411C6T3, STM32G411C6T6, STM32G411C6U3, STM32G411C6U6, STM32G411C8T3, STM32G411C8T6, STM32G411C8U3, STM32G411C8U6, STM32G411CBT3, STM32G411CBT6, STM32G411CBU3, STM32G411CBU6, STM32G411K6T3, STM32G411K6T6, STM32G411K6U3, STM32G411K6U6, STM32G411K8T3, STM32G411K8T6, STM32G411K8U3, STM32G411K8U6, STM32G411KBT3, STM32G411KBT6, STM32G411KBU3, STM32G411KBU6, STM32G411M6T3, STM32G411M6T6, STM32G411M8T3, STM32G411M8T6, STM32G411MBT3, STM32G411MBT6, STM32G411R6T3, STM32G411R6T6, STM32G411R8T3, STM32G411R8T6, STM32G411RBT3, STM32G411RBT6, STM32G414CBT3, STM32G414CBT6, STM32G414CBU3, STM32G414CBU6, STM32G414CCT3, STM32G414CCT6, STM32G414CCU3, STM32G414CCU6, STM32G414MBT3, STM32G414MBT6, STM32G414MCT3, STM32G414MCT6, STM32G414RBT3, STM32G414RBT6, STM32G414RCT3, STM32G414RCT6, STM32G414VBT3, STM32G414VBT6, STM32G414VCT3, STM32G414VCT6, STM32G431CBT3Z, STM32G431RBT3Z, STM32G471CCT6, STM32G471CCU6, STM32G471CET3, STM32G471CET6, STM32G471CEU3, STM32G471CEU6, STM32G471MCT6, STM32G471MET3, STM32G471MET6, STM32G471MEY6TR, STM32G471QCT6, STM32G471QET3, STM32G471RCT6, STM32G471RET3, STM32G471RET6, STM32G471VCH6, STM32G471VCI6, STM32G471VCT6, STM32G471VEH3, STM32G471VEH6, STM32G471VEI3, STM32G471VEI6, STM32G471VET3, STM32G471VET6, STM32G473QET3Z, STM32G473RET3Z, STM32G474CCT6, STM32G491RET3Z, STM32H503CBT6, STM32H503CBU6, STM32H503EBY6TR, STM32H503KBU6, STM32H503RBT6, STM32H523CCT6, STM32H523CCU6, STM32H523CET6, STM32H523CEU6, STM32H523HEY6TR, STM32H523RCT6, STM32H523RET6, STM32H523VCI6, STM32H523VCT6, STM32H523VEI6, STM32H523VET6, STM32H523ZCJ6, STM32H523ZCT6, STM32H523ZEJ6, STM32H523ZET6, STM32H533CET6, STM32H533CEU6, STM32H533HEY6TR, STM32H533RET6, STM32H533VEI6, STM32H533VET6, STM32H533ZEJ6, STM32H533ZET6, STM32H562AGI6, STM32H562AII6, STM32H562IGK6, STM32H562IGT6, STM32H562IIK6, STM32H562IIT6, STM32H562RGT6, STM32H562RGV6, STM32H562RIT6, STM32H562RIV6, STM32H562VGT6, STM32H562VIT6, STM32H562ZGT6, STM32H562ZIT6, STM32H563AGI6, STM32H563AII3Q, STM32H563AII6, STM32H563IGK6, STM32H563IGT6, STM32H563IIK3Q, STM32H563IIK6, STM32H563IIT3Q, STM32H563IIT6, STM32H563MIY3QTR, STM32H563RGT6, STM32H563RGV6, STM32H563RIT6, STM32H563RIV6, STM32H563VGT6, STM32H563VIT3Q, STM32H563VIT6, STM32H563ZGT6, STM32H563ZIT3Q, STM32H563ZIT6, STM32H573AII3Q, STM32H573AII6, STM32H573I-DK, STM32H573IIK3Q, STM32H573IIK6, STM32H573IIT3Q, STM32H573IIT6, STM32H573MIY3QTR, STM32H573RIT6, STM32H573RIV6, STM32H573VIT3Q, STM32H573VIT6, STM32H573ZIT3Q, STM32H573ZIT6, STM32H7R3A8I6, STM32H7R3I8K6, STM32H7R3I8T6, STM32H7R3L8H6, STM32H7R3L8H6H, STM32H7R3R8V6, STM32H7R3V8H6, STM32H7R3V8T6, STM32H7R3V8Y6TR, STM32H7R3Z8J6, STM32H7R3Z8T6, STM32H7R7A8I6, STM32H7R7I8K6, STM32H7R7I8T6, STM32H7R7L8H6, STM32H7R7L8H6H, STM32H7R7Z8J6, STM32H7S3A8I6, STM32H7S3I8K6, STM32H7S3I8T6, STM32H7S3L8H6, STM32H7S3L8H6H, STM32H7S3R8V6, STM32H7S3V8H6, STM32H7S3V8T6, STM32H7S3V8Y6TR, STM32H7S3Z8J6, STM32H7S3Z8T6, STM32H7S78-DK, STM32H7S7A8I6, STM32H7S7I8K6, STM32H7S7I8T6, STM32H7S7L8H6, STM32H7S7L8H6H, STM32H7S7Z8J6, STM32L4R5QGI6STR, STM32MP131AAE3, STM32MP131AAF3, STM32MP131AAG3, STM32MP131CAE3, STM32MP131CAF3, STM32MP131CAG3, STM32MP131DAE7, STM32MP131DAF7, STM32MP131DAG7, STM32MP131FAE7, STM32MP131FAF7, STM32MP131FAG7, STM32MP133AAE3, STM32MP133AAF3, STM32MP133AAG3, STM32MP133CAE3, STM32MP133CAF3, STM32MP133CAG3, STM32MP133DAE7, STM32MP133DAF7, STM32MP133DAG7, STM32MP133FAE7, STM32MP133FAF7, STM32MP133FAG7, STM32MP135AAE3, STM32MP135AAF3, STM32MP135AAG3, STM32MP135CAE3, STM32MP135CAF3, STM32MP135CAG3, STM32MP135DAE7, STM32MP135DAF7, STM32MP135DAG7, STM32MP135F-DK, STM32MP135FAE7, STM32MP135FAF7, STM32MP135FAF7T, STM32MP135FAF7U, STM32MP135FAG7, STM32MP251AAI3, STM32MP251AAK3, STM32MP251AAL3, STM32MP251CAI3, STM32MP251CAK3, STM32MP251CAL3, STM32MP251DAI3, STM32MP251DAK3, STM32MP251DAL3, STM32MP251FAI3, STM32MP251FAK3, STM32MP251FAL3, STM32MP253AAI3, STM32MP253AAK3, STM32MP253AAL3, STM32MP253CAI3, STM32MP253CAK3, STM32MP253CAL3, STM32MP253DAI3, STM32MP253DAK3, STM32MP253DAL3, STM32MP253FAI3, STM32MP253FAK3, STM32MP253FAL3, STM32MP255AAI3, STM32MP255AAK3, STM32MP255AAL3, STM32MP255CAI3, STM32MP255CAK3, STM32MP255CAL3, STM32MP255DAI3, STM32MP255DAK3, STM32MP255DAL3, STM32MP255FAI3, STM32MP255FAK3, STM32MP255FAL3, STM32MP257AAI3, STM32MP257AAK3, STM32MP257AAL3, STM32MP257CAI3, STM32MP257CAK3, STM32MP257CAL3, STM32MP257DAI3, STM32MP257DAK3, STM32MP257DAL3, STM32MP257F-DK, STM32MP257F-EV1, STM32MP257FAI3, STM32MP257FAK3, STM32MP257FAL3, STM32U031C6T6, STM32U031C6U6, STM32U031C8T6, STM32U031C8U6, STM32U031F4P6, STM32U031F6P6, STM32U031F8P6, STM32U031G6Y6TR, STM32U031G8Y6TR, STM32U031K4U6, STM32U031K6U6, STM32U031K8U6, STM32U031R6I6, STM32U031R6T6, STM32U031R8I6, STM32U031R8T6, STM32U073C8T6, STM32U073C8U6, STM32U073CBT6, STM32U073CBU6, STM32U073CCT6, STM32U073CCU6, STM32U073H8Y6TR, STM32U073HBY6TR, STM32U073HCY6TR, STM32U073K8U6, STM32U073KBU6, STM32U073KCU6, STM32U073M8I6, STM32U073M8T6, STM32U073MBI6, STM32U073MBT6, STM32U073MCI6, STM32U073MCT6, STM32U073R8I6, STM32U073R8T6, STM32U073RBI6, STM32U073RBT6, STM32U073RCI6, STM32U073RCT6, STM32U083C-DK, STM32U083CCT6, STM32U083CCU6, STM32U083HCY6TR, STM32U083KCU6, STM32U083MCI6, STM32U083MCT6, STM32U083RCI6, STM32U083RCT6, STM32U535CBT6, STM32U535CBT6Q, STM32U535CBU6, STM32U535CBU6Q, STM32U535CCT6, STM32U535CCT6Q, STM32U535CCU6, STM32U535CCU6Q, STM32U535CET6, STM32U535CET6Q, STM32U535CEU6, STM32U535CEU6Q, STM32U535JEY6QTR, STM32U535NCY6QTR, STM32U535NEY6QTR, STM32U535RBI6, STM32U535RBI6Q, STM32U535RBT6, STM32U535RBT6Q, STM32U535RCI6, STM32U535RCI6Q, STM32U535RCT6, STM32U535RCT6Q, STM32U535REI6, STM32U535REI6Q, STM32U535RET6, STM32U535RET6Q, STM32U535VCI6, STM32U535VCI6Q, STM32U535VCT6, STM32U535VCT6Q, STM32U535VEI6, STM32U535VEI6Q, STM32U535VET6, STM32U535VET6Q, STM32U545CET6, STM32U545CET6Q, STM32U545CEU6, STM32U545CEU6Q, STM32U545JEY6QTR, STM32U545NEY6QTR, STM32U545REI6, STM32U545REI6Q, STM32U545RET6, STM32U545RET6Q, STM32U545VEI6, STM32U545VEI6Q, STM32U545VET6, STM32U545VET6Q, STM32U595AIH6, STM32U595AIH6Q, STM32U595AJH6, STM32U595AJH6Q, STM32U595QII6, STM32U595QII6Q, STM32U595QJI6, STM32U595QJI6Q, STM32U595RIT6, STM32U595RIT6Q, STM32U595RJT6, STM32U595RJT6Q, STM32U595VIT6, STM32U595VIT6Q, STM32U595VJT6, STM32U595VJT6Q, STM32U595ZIT6, STM32U595ZIT6Q, STM32U595ZIY6QTR, STM32U595ZJT6, STM32U595ZJT6Q, STM32U595ZJY6QTR, STM32U599BJY6QTR, STM32U599NIH6Q, STM32U599NJH6Q, STM32U599VIT6Q, STM32U599VJT6, STM32U599VJT6Q, STM32U599ZIT6Q, STM32U599ZIY6QTR, STM32U599ZJT6Q, STM32U599ZJY6QTR, STM32U5A5AJH6, STM32U5A5AJH6Q, STM32U5A5QII3Q , STM32U5A5QJI6, STM32U5A5QJI6Q, STM32U5A5RJT6, STM32U5A5RJT6Q, STM32U5A5VJT6, STM32U5A5VJT6Q, STM32U5A5ZJT6, STM32U5A5ZJT6Q, STM32U5A5ZJY6QTR, STM32U5A9BJY6QTR, STM32U5A9J-DK, STM32U5A9NJH6Q, STM32U5A9VJT6Q, STM32U5A9ZJT6Q, STM32U5A9ZJY6QTR, STM32U5F7VIT6, STM32U5F7VIT6Q, STM32U5F7VJT6, STM32U5F7VJT6Q, STM32U5F9BJY6QTR, STM32U5F9NJH6Q, STM32U5F9VIT6Q, STM32U5F9VJT6Q, STM32U5F9ZIJ6QTR, STM32U5F9ZIT6Q, STM32U5F9ZJJ6QTR, STM32U5F9ZJT6Q, STM32U5G7VJT6, STM32U5G7VJT6Q, STM32U5G9BJY6QTR, STM32U5G9J-DK1, STM32U5G9J-DK2, STM32U5G9NJH6Q, STM32U5G9VJT6Q, STM32U5G9ZJJ6QTR, STM32U5G9ZJT6Q, STM32WB05KZV6TR, STM32WB05KZV7TR, STM32WB05TZF6TR, STM32WB05TZF7TR, STM32WB06CCF6TR, STM32WB06CCF7TR, STM32WB06CCV6TR, STM32WB06CCV7TR, STM32WB06KCV6TR, STM32WB06KCV7TR, STM32WB07CCF6TR, STM32WB07CCF7TR, STM32WB07CCV6TR, STM32WB07CCV7TR, STM32WB07KCV6TR, STM32WB07KCV7TR, STM32WB09KEV6TR, STM32WB09KEV7TR, STM32WB09TEF6TR, STM32WB09TEF7TR, STM32WB1MMCH6, STM32WBA50KGU6, STM32WBA50KGU6TR, STM32WBA52CEU6, STM32WBA52CEU6TR, STM32WBA52CEU7, STM32WBA52CEU7TR, STM32WBA52CGU6, STM32WBA52CGU6TR, STM32WBA52CGU6U, STM32WBA52CGU7, STM32WBA52CGU7TR, STM32WBA52KEU6, STM32WBA52KEU6TR, STM32WBA52KGU6, STM32WBA52KGU6TR, STM32WBA54CEU6, STM32WBA54CEU6TR, STM32WBA54CEU7, STM32WBA54CEU7TR, STM32WBA54CGU6, STM32WBA54CGU6TR, STM32WBA54CGU7, STM32WBA54CGU7TR, STM32WBA54KEU6, STM32WBA54KEU6TR, STM32WBA54KEU7, STM32WBA54KEU7TR, STM32WBA54KGU6, STM32WBA54KGU6TR, STM32WBA54KGU7, STM32WBA54KGU7TR, STM32WBA55CEU6, STM32WBA55CEU6TR, STM32WBA55CEU7, STM32WBA55CEU7TR, STM32WBA55CGU6, STM32WBA55CGU6TR, STM32WBA55CGU6U, STM32WBA55CGU7, STM32WBA55CGU7TR, STM32WBA55G-DK1, STM32WBA55HEF6, STM32WBA55HEF7, STM32WBA55HGF6, STM32WBA55HGF7, STM32WBA55UEI6, STM32WBA55UEI6TR, STM32WBA55UEI7, STM32WBA55UEI7TR, STM32WBA55UGI6, STM32WBA55UGI6TR, STM32WBA55UGI7, STM32WBA55UGI7TR, STM32WL5MOCH6, STM32WL5MOCH6TR]
2024-10-30 10:31:25,720 [INFO] BoardInfo:889 - No configuration file found for board P-NUCLEO-WB55
2024-10-30 10:31:25,723 [INFO] DbBoards:161 - Kit is not supported: P-NUCLEO-WB55
2024-10-30 10:31:25,832 [INFO] BoardInfo:889 - No configuration file found for board STEVAL-BFA001V1B
2024-10-30 10:31:25,836 [INFO] DbBoards:161 - Kit is not supported: STEVAL-BFA001V1B
2024-10-30 10:31:25,861 [INFO] BoardInfo:889 - No configuration file found for board STEVAL-BFA001V2B
2024-10-30 10:31:25,865 [INFO] DbBoards:161 - Kit is not supported: STEVAL-BFA001V2B
2024-10-30 10:31:28,792 [INFO] DbBoards:168 - Found 201 boards, 198 are supported
2024-10-30 10:31:28,792 [INFO] DbBoards:169 - Found 201 boards, 25 of them is supported for  Bsp
2024-10-30 10:31:28,815 [INFO] ApiDb:668 - CubeFinder database Data Model version=2.1
2024-10-30 10:31:28,815 [INFO] ApiDb:669 - CubeFinder database Configuration version=3.0.39
2024-10-30 10:31:28,815 [INFO] ApiDb:670 - CubeFinder database generation date=2024-10-15 (1729006872)
2024-10-30 10:31:28,815 [INFO] ApiDb:671 - CubeFinder database FW Pack versions=[FP-ATR-ASTRA1_V2.0.0, FP-SNS-FLIGHT1_V5.0.2, FP-SNS-MOTENV1_V5.0.0, FP-SNS-MOTENVWB1_V1.4.0, FP-SNS-SMARTAG2_V1.2.0, FP-SNS-STBOX1_V2.0.0, STM32Cube_FW_C0_V1.2.0, STM32Cube_FW_F4_V1.28.1, STM32Cube_FW_F7_V1.17.2, STM32Cube_FW_G0_V1.6.2, STM32Cube_FW_G4_V1.6.0, STM32Cube_FW_H5_V1.3.0, STM32Cube_FW_H7RS_V1.1.0, STM32Cube_FW_H7_V1.11.2, STM32Cube_FW_L0_V1.12.2, STM32Cube_FW_L5_V1.5.1, STM32Cube_FW_U0_V1.1.0, STM32Cube_FW_U5_V1.6.0, STM32Cube_FW_WB0_V1.0.0, STM32Cube_FW_WBA_V1.4.1, STM32Cube_FW_WB_V1.20.0, STM32Cube_FW_WL_V1.3.0, X-CUBE-ALGOBUILD_V1.4.0, X-CUBE-ALS_V1.0.2, X-CUBE-AZRTOS-F4_V1.1.0, X-CUBE-AZRTOS-F7_V1.1.0, X-CUBE-AZRTOS-G0_V1.1.0, X-CUBE-AZRTOS-G4_V2.0.0, X-CUBE-AZRTOS-H7RS_V1.0.0, X-CUBE-AZRTOS-H7_V3.3.0, X-CUBE-AZRTOS-L4_V2.0.0, X-CUBE-AZRTOS-L5_V2.0.0, X-CUBE-AZRTOS-WB_V2.0.0, X-CUBE-AZRTOS-WL_V2.0.0, X-CUBE-BLE1_V7.0.0, X-CUBE-BLE2_V3.3.0, X-CUBE-BLEMGR_V3.1.0, X-CUBE-EEPRMA1_V5.1.0, X-CUBE-FREERTOS_V1.2.0, X-CUBE-GNSS1_V6.0.0, X-CUBE-MEMS1_V11.0.0, X-CUBE-NFC4_V3.0.0, X-CUBE-NFC7_V1.0.1, X-CUBE-SFXS2LP1_V4.0.0, X-CUBE-SUBG2_V5.0.0, X-CUBE-TOF1_V3.4.2]
2024-10-30 10:31:30,155 [INFO] ApiDb:240 - Found 646 in-development CPN: [B-G473E-ZEST1S, B-WB1M-WPAN1, B-WL5M-SUBG1, NUCLEO-C031C6, NUCLEO-C071RB, NUCLEO-H503RB, NUCLEO-H533RE, NUCLEO-H563ZI, NUCLEO-H7S3L8, NUCLEO-U031R8, NUCLEO-U083RC, NUCLEO-U545RE-Q, NUCLEO-U5A5ZJ-Q, NUCLEO-WB05KZ, NUCLEO-WB07CC, NUCLEO-WB09KE, NUCLEO-WBA52CG, NUCLEO-WBA55CG, STEVAL-PROTEUS1, STEVAL-SMARTAG2, STEVAL-STWINBX1, STM320518-EVAL, STM32C0116-DK, STM32C011D6Y3TR, STM32C011D6Y6TR, STM32C011F4P3, STM32C011F4P6, STM32C011F4U3, STM32C011F4U6TR, STM32C011F6P3, STM32C011F6P6, STM32C011F6U3, STM32C011F6U6TR, STM32C011J4M3, STM32C011J4M6, STM32C011J6M3, STM32C011J6M6, STM32C0316-DK, STM32C031C4T3, STM32C031C4T6, STM32C031C4U3, STM32C031C4U6, STM32C031C6T3, STM32C031C6T6, STM32C031C6U3, STM32C031C6U6, STM32C031F4P3, STM32C031F4P6, STM32C031F6P3, STM32C031F6P6, STM32C031G4U3, STM32C031G4U6, STM32C031G6U3, STM32C031G6U6, STM32C031K4T3, STM32C031K4T6, STM32C031K4U3, STM32C031K4U6, STM32C031K6T3, STM32C031K6T6, STM32C031K6U3, STM32C031K6U6, STM32C071C8T6, STM32C071C8T6N, STM32C071C8U6, STM32C071C8U6N, STM32C071CBT6, STM32C071CBT6N, STM32C071CBU6, STM32C071CBU6N, STM32C071F8P6, STM32C071F8P6N, STM32C071FBP6, STM32C071FBP6N, STM32C071FBY6TR, STM32C071G8U6, STM32C071G8U6N, STM32C071GBU6, STM32C071GBU6N, STM32C071K8T6, STM32C071K8T6N, STM32C071K8U6, STM32C071K8U6N, STM32C071KBT6, STM32C071KBT6N, STM32C071KBU6, STM32C071KBU6N, STM32C071R8T6, STM32C071R8T6N, STM32C071RBI6N, STM32C071RBT6, STM32C071RBT6N, STM32G071K8TXN, STM32G071K8UXN, STM32G081GBU6N, STM32G081KBT6N, STM32G081KBUXN, STM32G0B1CCT6N, STM32G0B1KCT6, STM32G0B1NEY6TR, STM32G0B1RCT6N, STM32G0C1CCT6, STM32G0C1CCT6N, STM32G0C1CCU6N, STM32G0C1CET6N, STM32G0C1CEU6N, STM32G0C1KCT6, STM32G0C1NEY6TR, STM32G0C1RCI6N, STM32G0C1RCT6N, STM32G0C1REI6N, STM32G0C1RET6N, STM32G0C1VCI6, STM32G0C1VEI6, STM32G411C6T3, STM32G411C6T6, STM32G411C6U3, STM32G411C6U6, STM32G411C8T3, STM32G411C8T6, STM32G411C8U3, STM32G411C8U6, STM32G411CBT3, STM32G411CBT6, STM32G411CBU3, STM32G411CBU6, STM32G411K6T3, STM32G411K6T6, STM32G411K6U3, STM32G411K6U6, STM32G411K8T3, STM32G411K8T6, STM32G411K8U3, STM32G411K8U6, STM32G411KBT3, STM32G411KBT6, STM32G411KBU3, STM32G411KBU6, STM32G411M6T3, STM32G411M6T6, STM32G411M8T3, STM32G411M8T6, STM32G411MBT3, STM32G411MBT6, STM32G411R6T3, STM32G411R6T6, STM32G411R8T3, STM32G411R8T6, STM32G411RBT3, STM32G411RBT6, STM32G414CBT3, STM32G414CBT6, STM32G414CBU3, STM32G414CBU6, STM32G414CCT3, STM32G414CCT6, STM32G414CCU3, STM32G414CCU6, STM32G414MBT3, STM32G414MBT6, STM32G414MCT3, STM32G414MCT6, STM32G414RBT3, STM32G414RBT6, STM32G414RCT3, STM32G414RCT6, STM32G414VBT3, STM32G414VBT6, STM32G414VCT3, STM32G414VCT6, STM32G431CBT3Z, STM32G431RBT3Z, STM32G471CCT6, STM32G471CCU6, STM32G471CET3, STM32G471CET6, STM32G471CEU3, STM32G471CEU6, STM32G471MCT6, STM32G471MET3, STM32G471MET6, STM32G471MEY6TR, STM32G471QCT6, STM32G471QET3, STM32G471RCT6, STM32G471RET3, STM32G471RET6, STM32G471VCH6, STM32G471VCI6, STM32G471VCT6, STM32G471VEH3, STM32G471VEH6, STM32G471VEI3, STM32G471VEI6, STM32G471VET3, STM32G471VET6, STM32G473QET3Z, STM32G473RET3Z, STM32G474CCT6, STM32G491RET3Z, STM32H503CBT6, STM32H503CBU6, STM32H503EBY6TR, STM32H503KBU6, STM32H503RBT6, STM32H523CCT6, STM32H523CCU6, STM32H523CET6, STM32H523CEU6, STM32H523HEY6TR, STM32H523RCT6, STM32H523RET6, STM32H523VCI6, STM32H523VCT6, STM32H523VEI6, STM32H523VET6, STM32H523ZCJ6, STM32H523ZCT6, STM32H523ZEJ6, STM32H523ZET6, STM32H533CET6, STM32H533CEU6, STM32H533HEY6TR, STM32H533RET6, STM32H533VEI6, STM32H533VET6, STM32H533ZEJ6, STM32H533ZET6, STM32H562AGI6, STM32H562AII6, STM32H562IGK6, STM32H562IGT6, STM32H562IIK6, STM32H562IIT6, STM32H562RGT6, STM32H562RGV6, STM32H562RIT6, STM32H562RIV6, STM32H562VGT6, STM32H562VIT6, STM32H562ZGT6, STM32H562ZIT6, STM32H563AGI6, STM32H563AII3Q, STM32H563AII6, STM32H563IGK6, STM32H563IGT6, STM32H563IIK3Q, STM32H563IIK6, STM32H563IIT3Q, STM32H563IIT6, STM32H563MIY3QTR, STM32H563RGT6, STM32H563RGV6, STM32H563RIT6, STM32H563RIV6, STM32H563VGT6, STM32H563VIT3Q, STM32H563VIT6, STM32H563ZGT6, STM32H563ZIT3Q, STM32H563ZIT6, STM32H573AII3Q, STM32H573AII6, STM32H573I-DK, STM32H573IIK3Q, STM32H573IIK6, STM32H573IIT3Q, STM32H573IIT6, STM32H573MIY3QTR, STM32H573RIT6, STM32H573RIV6, STM32H573VIT3Q, STM32H573VIT6, STM32H573ZIT3Q, STM32H573ZIT6, STM32H7R3A8I6, STM32H7R3I8K6, STM32H7R3I8T6, STM32H7R3L8H6, STM32H7R3L8H6H, STM32H7R3R8V6, STM32H7R3V8H6, STM32H7R3V8T6, STM32H7R3V8Y6TR, STM32H7R3Z8J6, STM32H7R3Z8T6, STM32H7R7A8I6, STM32H7R7I8K6, STM32H7R7I8T6, STM32H7R7L8H6, STM32H7R7L8H6H, STM32H7R7Z8J6, STM32H7S3A8I6, STM32H7S3I8K6, STM32H7S3I8T6, STM32H7S3L8H6, STM32H7S3L8H6H, STM32H7S3R8V6, STM32H7S3V8H6, STM32H7S3V8T6, STM32H7S3V8Y6TR, STM32H7S3Z8J6, STM32H7S3Z8T6, STM32H7S78-DK, STM32H7S7A8I6, STM32H7S7I8K6, STM32H7S7I8T6, STM32H7S7L8H6, STM32H7S7L8H6H, STM32H7S7Z8J6, STM32L4R5QGI6STR, STM32MP131AAE3, STM32MP131AAF3, STM32MP131AAG3, STM32MP131CAE3, STM32MP131CAF3, STM32MP131CAG3, STM32MP131DAE7, STM32MP131DAF7, STM32MP131DAG7, STM32MP131FAE7, STM32MP131FAF7, STM32MP131FAG7, STM32MP133AAE3, STM32MP133AAF3, STM32MP133AAG3, STM32MP133CAE3, STM32MP133CAF3, STM32MP133CAG3, STM32MP133DAE7, STM32MP133DAF7, STM32MP133DAG7, STM32MP133FAE7, STM32MP133FAF7, STM32MP133FAG7, STM32MP135AAE3, STM32MP135AAF3, STM32MP135AAG3, STM32MP135CAE3, STM32MP135CAF3, STM32MP135CAG3, STM32MP135DAE7, STM32MP135DAF7, STM32MP135DAG7, STM32MP135F-DK, STM32MP135FAE7, STM32MP135FAF7, STM32MP135FAF7T, STM32MP135FAF7U, STM32MP135FAG7, STM32MP251AAI3, STM32MP251AAK3, STM32MP251AAL3, STM32MP251CAI3, STM32MP251CAK3, STM32MP251CAL3, STM32MP251DAI3, STM32MP251DAK3, STM32MP251DAL3, STM32MP251FAI3, STM32MP251FAK3, STM32MP251FAL3, STM32MP253AAI3, STM32MP253AAK3, STM32MP253AAL3, STM32MP253CAI3, STM32MP253CAK3, STM32MP253CAL3, STM32MP253DAI3, STM32MP253DAK3, STM32MP253DAL3, STM32MP253FAI3, STM32MP253FAK3, STM32MP253FAL3, STM32MP255AAI3, STM32MP255AAK3, STM32MP255AAL3, STM32MP255CAI3, STM32MP255CAK3, STM32MP255CAL3, STM32MP255DAI3, STM32MP255DAK3, STM32MP255DAL3, STM32MP255FAI3, STM32MP255FAK3, STM32MP255FAL3, STM32MP257AAI3, STM32MP257AAK3, STM32MP257AAL3, STM32MP257CAI3, STM32MP257CAK3, STM32MP257CAL3, STM32MP257DAI3, STM32MP257DAK3, STM32MP257DAL3, STM32MP257F-DK, STM32MP257F-EV1, STM32MP257FAI3, STM32MP257FAK3, STM32MP257FAL3, STM32U031C6T6, STM32U031C6U6, STM32U031C8T6, STM32U031C8U6, STM32U031F4P6, STM32U031F6P6, STM32U031F8P6, STM32U031G6Y6TR, STM32U031G8Y6TR, STM32U031K4U6, STM32U031K6U6, STM32U031K8U6, STM32U031R6I6, STM32U031R6T6, STM32U031R8I6, STM32U031R8T6, STM32U073C8T6, STM32U073C8U6, STM32U073CBT6, STM32U073CBU6, STM32U073CCT6, STM32U073CCU6, STM32U073H8Y6TR, STM32U073HBY6TR, STM32U073HCY6TR, STM32U073K8U6, STM32U073KBU6, STM32U073KCU6, STM32U073M8I6, STM32U073M8T6, STM32U073MBI6, STM32U073MBT6, STM32U073MCI6, STM32U073MCT6, STM32U073R8I6, STM32U073R8T6, STM32U073RBI6, STM32U073RBT6, STM32U073RCI6, STM32U073RCT6, STM32U083C-DK, STM32U083CCT6, STM32U083CCU6, STM32U083HCY6TR, STM32U083KCU6, STM32U083MCI6, STM32U083MCT6, STM32U083RCI6, STM32U083RCT6, STM32U535CBT6, STM32U535CBT6Q, STM32U535CBU6, STM32U535CBU6Q, STM32U535CCT6, STM32U535CCT6Q, STM32U535CCU6, STM32U535CCU6Q, STM32U535CET6, STM32U535CET6Q, STM32U535CEU6, STM32U535CEU6Q, STM32U535JEY6QTR, STM32U535NCY6QTR, STM32U535NEY6QTR, STM32U535RBI6, STM32U535RBI6Q, STM32U535RBT6, STM32U535RBT6Q, STM32U535RCI6, STM32U535RCI6Q, STM32U535RCT6, STM32U535RCT6Q, STM32U535REI6, STM32U535REI6Q, STM32U535RET6, STM32U535RET6Q, STM32U535VCI6, STM32U535VCI6Q, STM32U535VCT6, STM32U535VCT6Q, STM32U535VEI6, STM32U535VEI6Q, STM32U535VET6, STM32U535VET6Q, STM32U545CET6, STM32U545CET6Q, STM32U545CEU6, STM32U545CEU6Q, STM32U545JEY6QTR, STM32U545NEY6QTR, STM32U545REI6, STM32U545REI6Q, STM32U545RET6, STM32U545RET6Q, STM32U545VEI6, STM32U545VEI6Q, STM32U545VET6, STM32U545VET6Q, STM32U595AIH6, STM32U595AIH6Q, STM32U595AJH6, STM32U595AJH6Q, STM32U595QII6, STM32U595QII6Q, STM32U595QJI6, STM32U595QJI6Q, STM32U595RIT6, STM32U595RIT6Q, STM32U595RJT6, STM32U595RJT6Q, STM32U595VIT6, STM32U595VIT6Q, STM32U595VJT6, STM32U595VJT6Q, STM32U595ZIT6, STM32U595ZIT6Q, STM32U595ZIY6QTR, STM32U595ZJT6, STM32U595ZJT6Q, STM32U595ZJY6QTR, STM32U599BJY6QTR, STM32U599NIH6Q, STM32U599NJH6Q, STM32U599VIT6Q, STM32U599VJT6, STM32U599VJT6Q, STM32U599ZIT6Q, STM32U599ZIY6QTR, STM32U599ZJT6Q, STM32U599ZJY6QTR, STM32U5A5AJH6, STM32U5A5AJH6Q, STM32U5A5QII3Q , STM32U5A5QJI6, STM32U5A5QJI6Q, STM32U5A5RJT6, STM32U5A5RJT6Q, STM32U5A5VJT6, STM32U5A5VJT6Q, STM32U5A5ZJT6, STM32U5A5ZJT6Q, STM32U5A5ZJY6QTR, STM32U5A9BJY6QTR, STM32U5A9J-DK, STM32U5A9NJH6Q, STM32U5A9VJT6Q, STM32U5A9ZJT6Q, STM32U5A9ZJY6QTR, STM32U5F7VIT6, STM32U5F7VIT6Q, STM32U5F7VJT6, STM32U5F7VJT6Q, STM32U5F9BJY6QTR, STM32U5F9NJH6Q, STM32U5F9VIT6Q, STM32U5F9VJT6Q, STM32U5F9ZIJ6QTR, STM32U5F9ZIT6Q, STM32U5F9ZJJ6QTR, STM32U5F9ZJT6Q, STM32U5G7VJT6, STM32U5G7VJT6Q, STM32U5G9BJY6QTR, STM32U5G9J-DK1, STM32U5G9J-DK2, STM32U5G9NJH6Q, STM32U5G9VJT6Q, STM32U5G9ZJJ6QTR, STM32U5G9ZJT6Q, STM32WB05KZV6TR, STM32WB05KZV7TR, STM32WB05TZF6TR, STM32WB05TZF7TR, STM32WB06CCF6TR, STM32WB06CCF7TR, STM32WB06CCV6TR, STM32WB06CCV7TR, STM32WB06KCV6TR, STM32WB06KCV7TR, STM32WB07CCF6TR, STM32WB07CCF7TR, STM32WB07CCV6TR, STM32WB07CCV7TR, STM32WB07KCV6TR, STM32WB07KCV7TR, STM32WB09KEV6TR, STM32WB09KEV7TR, STM32WB09TEF6TR, STM32WB09TEF7TR, STM32WB1MMCH6, STM32WBA50KGU6, STM32WBA50KGU6TR, STM32WBA52CEU6, STM32WBA52CEU6TR, STM32WBA52CEU7, STM32WBA52CEU7TR, STM32WBA52CGU6, STM32WBA52CGU6TR, STM32WBA52CGU6U, STM32WBA52CGU7, STM32WBA52CGU7TR, STM32WBA52KEU6, STM32WBA52KEU6TR, STM32WBA52KGU6, STM32WBA52KGU6TR, STM32WBA54CEU6, STM32WBA54CEU6TR, STM32WBA54CEU7, STM32WBA54CEU7TR, STM32WBA54CGU6, STM32WBA54CGU6TR, STM32WBA54CGU7, STM32WBA54CGU7TR, STM32WBA54KEU6, STM32WBA54KEU6TR, STM32WBA54KEU7, STM32WBA54KEU7TR, STM32WBA54KGU6, STM32WBA54KGU6TR, STM32WBA54KGU7, STM32WBA54KGU7TR, STM32WBA55CEU6, STM32WBA55CEU6TR, STM32WBA55CEU7, STM32WBA55CEU7TR, STM32WBA55CGU6, STM32WBA55CGU6TR, STM32WBA55CGU6U, STM32WBA55CGU7, STM32WBA55CGU7TR, STM32WBA55G-DK1, STM32WBA55HEF6, STM32WBA55HEF7, STM32WBA55HGF6, STM32WBA55HGF7, STM32WBA55UEI6, STM32WBA55UEI6TR, STM32WBA55UEI7, STM32WBA55UEI7TR, STM32WBA55UGI6, STM32WBA55UGI6TR, STM32WBA55UGI7, STM32WBA55UGI7TR, STM32WL5MOCH6, STM32WL5MOCH6TR]
2024-10-30 10:31:30,158 [INFO] DbMcus:218 - Found 4252 MCUs, 4252 are supported
2024-10-30 10:31:30,158 [INFO] ApiDb:423 - Load user favorites file C:\Users\19948/.stm32cubeide/favorites.mcus.txt: 0 item(s)
2024-10-30 10:31:30,159 [INFO] ApiDb:427 - User favorites MCUs=[]
2024-10-30 10:31:30,159 [INFO] DbMcus:224 - Set 0 / 0 favorites MCUs
2024-10-30 10:31:30,336 [INFO] ApiDb:423 - Load user favorites file C:\Users\19948/.stm32cubeide/favorites.boards.txt: 0 item(s)
2024-10-30 10:31:30,336 [INFO] ApiDb:427 - User favorites Boards=[]
2024-10-30 10:31:30,336 [INFO] DbBoards:198 - Set 0 / 0 favorites Boards
2024-10-30 10:31:30,469 [INFO] UtilMem:75 - End LoadConfig() Used Memory: 246372000 Bytes (524288000)
2024-10-30 10:31:30,675 [WARN] ThirdParty:833 - waiting for thirdparty lock release [change project]
2024-10-30 10:31:30,675 [INFO] ThirdParty:835 - entering critical section [change project]
2024-10-30 10:31:30,675 [INFO] ThirdParty:1030 - CMSIS Pack Vendor :STMicroelectronics USBPD 4.1
2024-10-30 10:31:30,675 [INFO] ThirdParty:1030 - CMSIS Pack Vendor :STMicroelectronics X-CUBE-GNSS1 6.0.0
2024-10-30 10:31:30,675 [INFO] ThirdParty:1030 - CMSIS Pack Vendor :STMicroelectronics USB_HOST 2.0.0
2024-10-30 10:31:30,675 [INFO] ThirdParty:1030 - CMSIS Pack Vendor :STMicroelectronics FP-SNS-MOTENVWB1 1.4.0
2024-10-30 10:31:30,675 [INFO] ThirdParty:1030 - CMSIS Pack Vendor :STMicroelectronics X-CUBE-AZRTOS-F4 1.1.0
2024-10-30 10:31:30,675 [INFO] ThirdParty:1030 - CMSIS Pack Vendor :STMicroelectronics LIBJPEG 8.0.0
2024-10-30 10:31:30,675 [INFO] ThirdParty:1030 - CMSIS Pack Vendor :STMicroelectronics X-CUBE-SMBUS 2.1.0
2024-10-30 10:31:30,675 [INFO] ThirdParty:1030 - CMSIS Pack Vendor :STMicroelectronics X-CUBE-WB05N 1.1.0
2024-10-30 10:31:30,675 [INFO] ThirdParty:1030 - CMSIS Pack Vendor :STMicroelectronics X-CUBE-ISPU 2.1.0
2024-10-30 10:31:30,675 [INFO] ThirdParty:1030 - CMSIS Pack Vendor :STMicroelectronics X-CUBE-FREERTOS 1.2.0
2024-10-30 10:31:30,675 [INFO] ThirdParty:1030 - CMSIS Pack Vendor :STMicroelectronics X-CUBE-AZRTOS-F7 1.1.0
2024-10-30 10:31:30,675 [INFO] ThirdParty:1030 - CMSIS Pack Vendor :STMicroelectronics X-CUBE-AZRTOS-L5 2.0.0
2024-10-30 10:31:30,675 [INFO] ThirdParty:1030 - CMSIS Pack Vendor :STMicroelectronics USB_DEVICE 2.0.0
2024-10-30 10:31:30,675 [INFO] ThirdParty:1030 - CMSIS Pack Vendor :STMicroelectronics X-CUBE-MEMS1 9.6.0
2024-10-30 10:31:30,675 [INFO] ThirdParty:1030 - CMSIS Pack Vendor :STMicroelectronics X-CUBE-EEPRMA1 4.2.0
2024-10-30 10:31:30,675 [INFO] ThirdParty:1030 - CMSIS Pack Vendor :STMicroelectronics X-CUBE-NFC6 3.1.0
2024-10-30 10:31:30,675 [INFO] ThirdParty:1030 - CMSIS Pack Vendor :ITTIA_DB I-CUBE-ITTIADB 8.8.0
2024-10-30 10:31:30,675 [INFO] ThirdParty:1030 - CMSIS Pack Vendor :STMicroelectronics FP-SNS-MOTENV1 4.3.2
2024-10-30 10:31:30,678 [INFO] ThirdParty:1030 - CMSIS Pack Vendor :STMicroelectronics X-CUBE-MEMS1 11.0.0
2024-10-30 10:31:30,678 [INFO] ThirdParty:1030 - CMSIS Pack Vendor :STMicroelectronics X-CUBE-BLE1 6.2.4
2024-10-30 10:31:30,678 [INFO] ThirdParty:1030 - CMSIS Pack Vendor :STMicroelectronics FreeRTOS 0.0.1
2024-10-30 10:31:30,678 [INFO] ThirdParty:1030 - CMSIS Pack Vendor :emotas I-CUBE-CANOPEN 1.1.3
2024-10-30 10:31:30,678 [INFO] ThirdParty:1030 - CMSIS Pack Vendor :STMicroelectronics X-CUBE-BLEMGR 2.0.0
2024-10-30 10:31:30,678 [INFO] ThirdParty:1030 - CMSIS Pack Vendor :STMicroelectronics X-CUBE-DPower 1.2.0
2024-10-30 10:31:30,678 [INFO] ThirdParty:1030 - CMSIS Pack Vendor :STMicroelectronics FP-SNS-FLIGHT1 5.0.2
2024-10-30 10:31:30,678 [INFO] ThirdParty:1030 - CMSIS Pack Vendor :STMicroelectronics X-CUBE-AI 9.0.0
2024-10-30 10:31:30,678 [INFO] ThirdParty:1030 - CMSIS Pack Vendor :STMicroelectronics X-CUBE-AZRTOS-H7 3.1.0
2024-10-30 10:31:30,678 [INFO] ThirdParty:1030 - CMSIS Pack Vendor :STMicroelectronics PDM2PCM 3.3.0
2024-10-30 10:31:30,678 [INFO] ThirdParty:1030 - CMSIS Pack Vendor :STMicroelectronics X-CUBE-DISPLAY 3.0.0
2024-10-30 10:31:30,678 [INFO] ThirdParty:1030 - CMSIS Pack Vendor :STMicroelectronics X-CUBE-BLE1 7.0.0
2024-10-30 10:31:30,678 [INFO] ThirdParty:1030 - CMSIS Pack Vendor :STMicroelectronics X-CUBE-NFC10 1.0.0
2024-10-30 10:31:30,678 [INFO] ThirdParty:1030 - CMSIS Pack Vendor :wolfSSL I-CUBE-wolfSSL 5.5.4
2024-10-30 10:31:30,678 [INFO] ThirdParty:1030 - CMSIS Pack Vendor :STMicroelectronics HAL Drivers 0.0.0
2024-10-30 10:31:30,678 [INFO] ThirdParty:1030 - CMSIS Pack Vendor :STMicroelectronics X-CUBE-TOUCHGFX 4.22.0
2024-10-30 10:31:30,678 [INFO] ThirdParty:1030 - CMSIS Pack Vendor :STMicroelectronics X-CUBE-NFC7 1.0.1
2024-10-30 10:31:30,678 [INFO] ThirdParty:1030 - CMSIS Pack Vendor :STMicroelectronics MBEDTLS 2.14.1
2024-10-30 10:31:30,678 [INFO] ThirdParty:1030 - CMSIS Pack Vendor :STMicroelectronics X-CUBE-NFC7 1.0.0
2024-10-30 10:31:30,678 [INFO] ThirdParty:1030 - CMSIS Pack Vendor :STMicroelectronics X-CUBE-TOUCHGFX 4.22.1
2024-10-30 10:31:30,678 [INFO] ThirdParty:1030 - CMSIS Pack Vendor :wolfSSL I-CUBE-wolfTPM 3.2.0
2024-10-30 10:31:30,678 [INFO] ThirdParty:1030 - CMSIS Pack Vendor :STMicroelectronics X-CUBE-NFC6 3.0.0
2024-10-30 10:31:30,678 [INFO] ThirdParty:1030 - CMSIS Pack Vendor :STMicroelectronics X-CUBE-EEPRMA1 4.1.0
2024-10-30 10:31:30,678 [INFO] ThirdParty:1030 - CMSIS Pack Vendor :STMicroelectronics X-CUBE-BLEMGR 3.1.0
2024-10-30 10:31:30,678 [INFO] ThirdParty:1030 - CMSIS Pack Vendor :STMicroelectronics FP-SNS-SMARTAG2 1.2.0
2024-10-30 10:31:30,678 [INFO] ThirdParty:1030 - CMSIS Pack Vendor :STMicroelectronics X-CUBE-AZRTOS-WL 2.0.0
2024-10-30 10:31:30,678 [INFO] ThirdParty:1030 - CMSIS Pack Vendor :STMicroelectronics FP-SNS-MOTENV1 5.0.0
2024-10-30 10:31:30,678 [INFO] ThirdParty:1030 - CMSIS Pack Vendor :STMicroelectronics USB_DEVICE 1.0.0
2024-10-30 10:31:30,678 [INFO] ThirdParty:1030 - CMSIS Pack Vendor :STMicroelectronics X-CUBE-AI 8.1.0
2024-10-30 10:31:30,678 [INFO] ThirdParty:1030 - CMSIS Pack Vendor :wolfSSL I-CUBE-wolfMQTT 1.19.0
2024-10-30 10:31:30,678 [INFO] ThirdParty:1030 - CMSIS Pack Vendor :STMicroelectronics X-CUBE-AZRTOS-L4 2.0.0
2024-10-30 10:31:30,678 [INFO] ThirdParty:1030 - CMSIS Pack Vendor :STMicroelectronics ThreadX 0.0.2
2024-10-30 10:31:30,678 [INFO] ThirdParty:1030 - CMSIS Pack Vendor :WES I-CUBE-Cesium 1.3.0
2024-10-30 10:31:30,678 [INFO] ThirdParty:1030 - CMSIS Pack Vendor :STMicroelectronics lwIP 2.1.2
2024-10-30 10:31:30,678 [INFO] ThirdParty:1030 - CMSIS Pack Vendor :STMicroelectronics X-CUBE-SFXS2LP1 4.0.0
2024-10-30 10:31:30,678 [INFO] ThirdParty:1030 - CMSIS Pack Vendor :STMicroelectronics X-CUBE-BLE2 3.3.0
2024-10-30 10:31:30,678 [INFO] ThirdParty:1030 - CMSIS Pack Vendor :STMicroelectronics X-CUBE-TOF1 3.2.0
2024-10-30 10:31:30,678 [INFO] ThirdParty:1030 - CMSIS Pack Vendor :STMicroelectronics PDM2PCM 3.2.0
2024-10-30 10:31:30,678 [INFO] ThirdParty:1030 - CMSIS Pack Vendor :STMicroelectronics X-CUBE-AZRTOS-H7 3.0.0
2024-10-30 10:31:30,678 [INFO] ThirdParty:1030 - CMSIS Pack Vendor :STMicroelectronics X-CUBE-ISPU 1.1.0
2024-10-30 10:31:30,678 [INFO] ThirdParty:1030 - CMSIS Pack Vendor :STMicroelectronics X-CUBE-AZRTOS-H7 3.3.0
2024-10-30 10:31:30,678 [INFO] ThirdParty:1030 - CMSIS Pack Vendor :RoweBots I-CUBE-UNISONRTOS 5.5.0-4
2024-10-30 10:31:30,678 [INFO] ThirdParty:1030 - CMSIS Pack Vendor :STMicroelectronics X-CUBE-NFC9 1.0.0
2024-10-30 10:31:30,678 [INFO] ThirdParty:1030 - CMSIS Pack Vendor :STMicroelectronics USB_DEVICE 3.0.0
2024-10-30 10:31:30,678 [INFO] ThirdParty:1030 - CMSIS Pack Vendor :STMicroelectronics X-CUBE-TCPP 4.1.0
2024-10-30 10:31:30,678 [INFO] ThirdParty:1030 - CMSIS Pack Vendor :STMicroelectronics X-CUBE-IPS 3.0.0
2024-10-30 10:31:30,678 [INFO] ThirdParty:1030 - CMSIS Pack Vendor :STMicroelectronics X-CUBE-AZRTOS-WB 2.0.0
2024-10-30 10:31:30,678 [INFO] ThirdParty:1030 - CMSIS Pack Vendor :STMicroelectronics X-CUBE-FREERTOS 1.0.1
2024-10-30 10:31:30,678 [INFO] ThirdParty:1030 - CMSIS Pack Vendor :STMicroelectronics X-CUBE-TOUCHGFX 4.21.1
2024-10-30 10:31:30,678 [INFO] ThirdParty:1030 - CMSIS Pack Vendor :STMicroelectronics X-CUBE-GNSS1 7.0.0
2024-10-30 10:31:30,678 [INFO] ThirdParty:1030 - CMSIS Pack Vendor :STMicroelectronics X-CUBE-MEMS1 9.4.0
2024-10-30 10:31:30,678 [INFO] ThirdParty:1030 - CMSIS Pack Vendor :STMicroelectronics X-CUBE-AI 7.3.0
2024-10-30 10:31:30,678 [INFO] ThirdParty:1030 - CMSIS Pack Vendor :STMicroelectronics FP-SNS-STBOX1 2.0.0
2024-10-30 10:31:30,678 [INFO] ThirdParty:1030 - CMSIS Pack Vendor :STMicroelectronics X-CUBE-ALGOBUILD 1.3.0
2024-10-30 10:31:30,678 [INFO] ThirdParty:1030 - CMSIS Pack Vendor :STMicroelectronics X-CUBE-AZRTOS-L5 1.1.0
2024-10-30 10:31:30,678 [INFO] ThirdParty:1030 - CMSIS Pack Vendor :STMicroelectronics X-CUBE-AZRTOS-G0 1.1.0
2024-10-30 10:31:30,678 [INFO] ThirdParty:1030 - CMSIS Pack Vendor :STMicroelectronics X-CUBE-AI 8.0.1
2024-10-30 10:31:30,678 [INFO] ThirdParty:1030 - CMSIS Pack Vendor :STMicroelectronics X-CUBE-SAFEA1 1.2.2
2024-10-30 10:31:30,678 [INFO] ThirdParty:1030 - CMSIS Pack Vendor :STMicroelectronics X-CUBE-NFC4 3.0.0
2024-10-30 10:31:30,678 [INFO] ThirdParty:1030 - CMSIS Pack Vendor :STMicroelectronics X-CUBE-SUBG2 5.0.0
2024-10-30 10:31:30,678 [INFO] ThirdParty:1030 - CMSIS Pack Vendor :STMicroelectronics STM32_WPAN 1.0.0
2024-10-30 10:31:30,678 [INFO] ThirdParty:1030 - CMSIS Pack Vendor :EmbeddedOffice I-CUBE-FS-RTOS 1.0.1
2024-10-30 10:31:30,678 [INFO] ThirdParty:1030 - CMSIS Pack Vendor :STMicroelectronics lwIP 2.0.3
2024-10-30 10:31:30,678 [INFO] ThirdParty:1030 - CMSIS Pack Vendor :Cesanta I-CUBE-Mongoose 7.13.0
2024-10-30 10:31:30,678 [INFO] ThirdParty:1030 - CMSIS Pack Vendor :STMicroelectronics USB_HOST 1.0.0
2024-10-30 10:31:30,678 [INFO] ThirdParty:1030 - CMSIS Pack Vendor :STMicroelectronics X-CUBE-TOF1 3.3.1
2024-10-30 10:31:30,678 [INFO] ThirdParty:1030 - CMSIS Pack Vendor :STMicroelectronics X-CUBE-AZRTOS-G4 2.0.0
2024-10-30 10:31:30,678 [INFO] ThirdParty:1030 - CMSIS Pack Vendor :STMicroelectronics PDM2PCM 3.1.0
2024-10-30 10:31:30,678 [INFO] ThirdParty:1030 - CMSIS Pack Vendor :STMicroelectronics FP-ATR-ASTRA1 1.1.1
2024-10-30 10:31:30,678 [INFO] ThirdParty:1030 - CMSIS Pack Vendor :Infineon AIROC-Wi-Fi-Bluetooth-STM32 1.5.1
2024-10-30 10:31:30,678 [INFO] ThirdParty:1030 - CMSIS Pack Vendor :STMicroelectronics X-CUBE-BLEMGR 3.0.0
2024-10-30 10:31:30,678 [INFO] ThirdParty:1030 - CMSIS Pack Vendor :STMicroelectronics X-CUBE-BLEMGR 1.3.0
2024-10-30 10:31:30,678 [INFO] ThirdParty:1030 - CMSIS Pack Vendor :STMicroelectronics FP-SNS-MOTENVWB1 1.3.0
2024-10-30 10:31:30,678 [INFO] ThirdParty:1030 - CMSIS Pack Vendor :RealThread X-CUBE-RT-Thread_Nano 4.1.1
2024-10-30 10:31:30,678 [INFO] ThirdParty:1030 - CMSIS Pack Vendor :STMicroelectronics FP-SNS-MOTENVWB1 1.3.1
2024-10-30 10:31:30,678 [INFO] ThirdParty:1030 - CMSIS Pack Vendor :STMicroelectronics FP-ATR-SIGFOX1 3.2.0
2024-10-30 10:31:30,678 [INFO] ThirdParty:1030 - CMSIS Pack Vendor :STMicroelectronics X-CUBE-AZRTOS-G4 1.0.0
2024-10-30 10:31:30,678 [INFO] ThirdParty:1030 - CMSIS Pack Vendor :STMicroelectronics X-CUBE-AZRTOS-L4 1.0.0
2024-10-30 10:31:30,678 [INFO] ThirdParty:1030 - CMSIS Pack Vendor :STMicroelectronics X-CUBE-ISPU 2.0.0
2024-10-30 10:31:30,678 [INFO] ThirdParty:1030 - CMSIS Pack Vendor :STMicroelectronics X-CUBE-EEPRMA1 5.1.0
2024-10-30 10:31:30,678 [INFO] ThirdParty:1030 - CMSIS Pack Vendor :STMicroelectronics MBEDTLS 2.16.2
2024-10-30 10:31:30,678 [INFO] ThirdParty:1030 - CMSIS Pack Vendor :STMicroelectronics X-CUBE-ALS 1.0.2
2024-10-30 10:31:30,678 [INFO] ThirdParty:1030 - CMSIS Pack Vendor :STMicroelectronics X-CUBE-MEMS1 10.0.0
2024-10-30 10:31:30,678 [INFO] ThirdParty:1030 - CMSIS Pack Vendor :STMicroelectronics X-CUBE-FREERTOS 1.1.0
2024-10-30 10:31:30,678 [INFO] ThirdParty:1030 - CMSIS Pack Vendor :STMicroelectronics X-CUBE-TOUCHGFX 4.24.0
2024-10-30 10:31:30,678 [INFO] ThirdParty:1030 - CMSIS Pack Vendor :STMicroelectronics X-CUBE-AZRTOS-WL 1.0.0
2024-10-30 10:31:30,678 [INFO] ThirdParty:1030 - CMSIS Pack Vendor :STMicroelectronics X-CUBE-TOUCHGFX 4.24.1
2024-10-30 10:31:30,678 [INFO] ThirdParty:1030 - CMSIS Pack Vendor :portGmbH I-Cube-SoM-uGOAL 1.1.0
2024-10-30 10:31:30,678 [INFO] ThirdParty:1030 - CMSIS Pack Vendor :STMicroelectronics X-CUBE-ALS 1.0.1
2024-10-30 10:31:30,678 [INFO] ThirdParty:1030 - CMSIS Pack Vendor :STMicroelectronics X-CUBE-MEMS1 9.5.0
2024-10-30 10:31:30,678 [INFO] ThirdParty:1030 - CMSIS Pack Vendor :STMicroelectronics ThreadX 1.0.0
2024-10-30 10:31:30,678 [INFO] ThirdParty:1030 - CMSIS Pack Vendor :STMicroelectronics X-CUBE-AZRTOS-WB 1.1.0
2024-10-30 10:31:30,678 [INFO] ThirdParty:1030 - CMSIS Pack Vendor :SEGGER I-CUBE-embOS 1.3.1
2024-10-30 10:31:30,678 [INFO] ThirdParty:1030 - CMSIS Pack Vendor :STMicroelectronics X-CUBE-ALGOBUILD 1.4.0
2024-10-30 10:31:30,678 [INFO] ThirdParty:1030 - CMSIS Pack Vendor :STMicroelectronics X-CUBE-AZRTOS-H7RS 1.0.0
2024-10-30 10:31:30,678 [INFO] ThirdParty:1030 - CMSIS Pack Vendor :STMicroelectronics FP-ATR-ASTRA1 2.0.0
2024-10-30 10:31:30,678 [INFO] ThirdParty:1030 - CMSIS Pack Vendor :STMicroelectronics X-CUBE-TOF1 3.4.2
2024-10-30 10:31:30,678 [INFO] ThirdParty:1030 - CMSIS Pack Vendor :STMicroelectronics X-CUBE-AI 9.1.0
2024-10-30 10:31:30,678 [INFO] ThirdParty:1030 - CMSIS Pack Vendor :STMicroelectronics X-CUBE-TOF1 3.4.0
2024-10-30 10:31:30,678 [INFO] ThirdParty:1030 - CMSIS Pack Vendor :wolfSSL I-CUBE-wolfSSH 1.4.17
2024-10-30 10:31:30,678 [INFO] ThirdParty:841 - exiting critical section [change project]
2024-10-30 10:31:31,144 [INFO] PinOutPanel:1561 - setPackage(No Configuration,No Configuration)
2024-10-30 10:31:31,153 [INFO] PinOutPanel:1561 - setPackage(STM32F103ZETx,LQFP144)
2024-10-30 10:31:31,716 [INFO] UtilMem:75 - Before build in PCC Used Memory: 269245920 Bytes (524288000)
2024-10-30 10:31:32,713 [INFO] UtilMem:75 - After build in PCC Used Memory: 282535328 Bytes (524288000)
2024-10-30 10:31:32,883 [INFO] ApiDbMcu:508 - Load IP Config File for FREERTOS
2024-10-30 10:31:32,902 [INFO] IPUIPlugin:80 - create IPUIPlugin
2024-10-30 10:31:32,902 [INFO] IPUIPlugin:80 - create IPUIPlugin
2024-10-30 10:31:32,902 [INFO] IPUIPlugin:80 - create IPUIPlugin
2024-10-30 10:31:32,903 [INFO] IPUIPlugin:80 - create IPUIPlugin
2024-10-30 10:31:32,903 [INFO] IPUIPlugin:80 - create IPUIPlugin
2024-10-30 10:31:32,903 [INFO] IPUIPlugin:80 - create IPUIPlugin
2024-10-30 10:31:32,903 [INFO] IPUIPlugin:80 - create IPUIPlugin
2024-10-30 10:31:32,903 [INFO] IPUIPlugin:80 - create IPUIPlugin
2024-10-30 10:31:32,903 [INFO] IPUIPlugin:80 - create IPUIPlugin
2024-10-30 10:31:32,903 [INFO] IPUIPlugin:80 - create IPUIPlugin
2024-10-30 10:31:32,904 [INFO] IPUIPlugin:80 - create IPUIPlugin
2024-10-30 10:31:32,904 [INFO] IPUIPlugin:80 - create IPUIPlugin
2024-10-30 10:31:32,904 [INFO] IPUIPlugin:80 - create IPUIPlugin
2024-10-30 10:31:32,904 [INFO] IPUIPlugin:80 - create IPUIPlugin
2024-10-30 10:31:32,904 [INFO] IPUIPlugin:80 - create IPUIPlugin
2024-10-30 10:31:32,904 [INFO] IPUIPlugin:80 - create IPUIPlugin
2024-10-30 10:31:32,904 [INFO] IPUIPlugin:80 - create IPUIPlugin
2024-10-30 10:31:32,904 [INFO] IPUIPlugin:80 - create IPUIPlugin
2024-10-30 10:31:32,904 [INFO] IPUIPlugin:80 - create IPUIPlugin
2024-10-30 10:31:32,904 [INFO] IPUIPlugin:80 - create IPUIPlugin
2024-10-30 10:31:32,905 [INFO] IPUIPlugin:80 - create IPUIPlugin
2024-10-30 10:31:32,905 [INFO] IPUIPlugin:80 - create IPUIPlugin
2024-10-30 10:31:32,905 [INFO] IPUIPlugin:80 - create IPUIPlugin
2024-10-30 10:31:32,905 [INFO] IPUIPlugin:80 - create IPUIPlugin
2024-10-30 10:31:32,905 [INFO] IPUIPlugin:80 - create IPUIPlugin
2024-10-30 10:31:32,905 [INFO] IPUIPlugin:80 - create IPUIPlugin
2024-10-30 10:31:32,905 [INFO] IPUIPlugin:80 - create IPUIPlugin
2024-10-30 10:31:32,905 [INFO] IPUIPlugin:80 - create IPUIPlugin
2024-10-30 10:31:32,905 [INFO] IPUIPlugin:80 - create IPUIPlugin
2024-10-30 10:31:32,905 [INFO] IPUIPlugin:80 - create IPUIPlugin
2024-10-30 10:31:32,905 [INFO] IPUIPlugin:80 - create IPUIPlugin
2024-10-30 10:31:32,906 [INFO] IPUIPlugin:80 - create IPUIPlugin
2024-10-30 10:31:32,906 [INFO] IPUIPlugin:80 - create IPUIPlugin
2024-10-30 10:31:32,906 [INFO] IPUIPlugin:80 - create IPUIPlugin
2024-10-30 10:31:32,906 [INFO] IPUIPlugin:80 - create IPUIPlugin
2024-10-30 10:31:32,906 [INFO] IPUIPlugin:80 - create IPUIPlugin
2024-10-30 10:31:32,906 [INFO] IPUIPlugin:80 - create IPUIPlugin
2024-10-30 10:31:32,906 [INFO] IPUIPlugin:80 - create IPUIPlugin
2024-10-30 10:31:32,906 [INFO] IPUIPlugin:80 - create IPUIPlugin
2024-10-30 10:31:32,907 [INFO] IPUIPlugin:80 - create IPUIPlugin
2024-10-30 10:31:32,997 [WARN] FreeRTOS:1023 - Null or empty value: should not occur! (nothing added to the table)
2024-10-30 10:31:33,277 [INFO] CADModel:165 - CPN selected for project levelSTM32F103ZET6
2024-10-30 10:31:33,278 [INFO] CADModel:114 - Register for checkConnection events
2024-10-30 10:31:33,279 [INFO] RtosManager:697 - Active RTOS found at IOC load: FREERTOS [Cortex-M3NS]
2024-10-30 10:31:33,331 [INFO] OpenFileManager:363 - Restore cursor
2024-10-30 11:16:54,829 [ERROR] LogOutputStream:75 - [STDERR_REDIRECT] 
2024-10-30 11:16:54,830 [ERROR] LogOutputStream:75 - [STDERR_REDIRECT] 
2024-10-30 15:18:14,772 [INFO] Activator:176 - 


2024-10-30 15:18:14,774 [INFO] Activator:177 - !SESSION log4j initialized
2024-10-30 15:18:23,224 [INFO] LogOutputStream:77 - [STDOUT_REDIRECT] 
2024-10-30 15:18:26,209 [INFO] ApplicationProperties:184 - Using Application install path: D:\software\STM32CubeIDE_1.16.1\STM32CubeIDE\plugins\com.st.stm32cube.common.mx_6.12.1.202409122256
2024-10-30 15:18:26,262 [INFO] DbMcusXml:78 - Set database path to: D:\software\STM32CubeIDE_1.16.1\STM32CubeIDE\plugins\com.st.stm32cube.common.mx_6.12.1.202409122256\\db\/mcu/
2024-10-30 15:18:26,262 [INFO] ApiDb:274 - Set plugin database path to: D:\software\STM32CubeIDE_1.16.1\STM32CubeIDE\plugins\com.st.stm32cube.common.mx_6.12.1.202409122256\\db\/plugins/boardmanager/
2024-10-30 15:18:26,262 [WARN] ApiDb:259 - Overriding images path with different value:  => D:\software\STM32CubeIDE_1.16.1\STM32CubeIDE\plugins\com.st.stm32cube.common.mx_6.12.1.202409122256\\db\/plugins/mcufinder/images/
2024-10-30 15:18:26,350 [INFO] ApiDb:250 - Set database path to: C:\Users\19948\.stmcufinder\plugins\mcufinder//mcu/
2024-10-30 15:18:26,351 [INFO] DbMcusAds:125 - Set database path to: C:\Users\19948\.stmcufinder\plugins\mcufinder//mcu/
2024-10-30 15:18:26,353 [INFO] CrossReferenceDbSqlite:203 - Set database path to: C:\Users\19948\.stmcufinder\plugins\mcufinder//mcu/cs/
2024-10-30 15:18:26,497 [INFO] RulesReader:64 - Compatibility file has been processed (297 Rules)
2024-10-30 15:18:26,739 [INFO] DbMcusXml:78 - Set database path to: D:\software\STM32CubeIDE_1.16.1\STM32CubeIDE\plugins\com.st.stm32cube.common.mx_6.12.1.202409122256\\db\/mcu/
2024-10-30 15:18:26,740 [INFO] ApiDb:274 - Set plugin database path to: D:\software\STM32CubeIDE_1.16.1\STM32CubeIDE\plugins\com.st.stm32cube.common.mx_6.12.1.202409122256\\db\/plugins/boardmanager/
2024-10-30 15:18:26,740 [INFO] ApiDb:261 - Set plugin images path to: D:\software\STM32CubeIDE_1.16.1\STM32CubeIDE\plugins\com.st.stm32cube.common.mx_6.12.1.202409122256\\db\/plugins/mcufinder/images/
2024-10-30 15:18:26,740 [WARN] DbFile:41 - Overriding database path with different value: C:\Users\19948\.stmcufinder\plugins\mcufinder/ => C:\Users\19948\.stmcufinder\plugins\mcufinder
2024-10-30 15:18:26,740 [INFO] ApiDb:250 - Set database path to: C:\Users\19948\.stmcufinder\plugins\mcufinder//mcu/
2024-10-30 15:18:26,740 [WARN] DbFile:41 - Overriding database path with different value: C:\Users\19948\.stmcufinder\plugins\mcufinder/ => C:\Users\19948\.stmcufinder\plugins\mcufinder
2024-10-30 15:18:26,740 [INFO] DbMcusAds:125 - Set database path to: C:\Users\19948\.stmcufinder\plugins\mcufinder//mcu/
2024-10-30 15:18:26,740 [WARN] DbFile:41 - Overriding database path with different value: C:\Users\19948\.stmcufinder\plugins\mcufinder/ => C:\Users\19948\.stmcufinder\plugins\mcufinder
2024-10-30 15:18:26,740 [WARN] DbFile:41 - Overriding database path with different value: C:\Users\19948\.stmcufinder\plugins\mcufinder/ => C:\Users\19948\.stmcufinder\plugins\mcufinder
2024-10-30 15:18:26,740 [INFO] CrossReferenceDbSqlite:203 - Set database path to: C:\Users\19948\.stmcufinder\plugins\mcufinder//mcu/cs/
2024-10-30 15:18:26,927 [INFO] MainPanel:268 - HeapMemory: 268435456
2024-10-30 15:18:27,154 [INFO] DbMcusXml:78 - Set database path to: D:\software\STM32CubeIDE_1.16.1\STM32CubeIDE\plugins\com.st.stm32cube.common.mx_6.12.1.202409122256\\db\/mcu/
2024-10-30 15:18:27,154 [INFO] ApiDb:274 - Set plugin database path to: D:\software\STM32CubeIDE_1.16.1\STM32CubeIDE\plugins\com.st.stm32cube.common.mx_6.12.1.202409122256\\db\/plugins/boardmanager/
2024-10-30 15:18:27,154 [INFO] ApiDb:261 - Set plugin images path to: D:\software\STM32CubeIDE_1.16.1\STM32CubeIDE\plugins\com.st.stm32cube.common.mx_6.12.1.202409122256\\db\/plugins/mcufinder/images/
2024-10-30 15:18:27,154 [WARN] DbFile:41 - Overriding database path with different value: C:\Users\19948\.stmcufinder\plugins\mcufinder/ => C:\Users\19948\.stmcufinder\plugins\mcufinder
2024-10-30 15:18:27,154 [INFO] ApiDb:250 - Set database path to: C:\Users\19948\.stmcufinder\plugins\mcufinder//mcu/
2024-10-30 15:18:27,154 [WARN] DbFile:41 - Overriding database path with different value: C:\Users\19948\.stmcufinder\plugins\mcufinder/ => C:\Users\19948\.stmcufinder\plugins\mcufinder
2024-10-30 15:18:27,154 [INFO] DbMcusAds:125 - Set database path to: C:\Users\19948\.stmcufinder\plugins\mcufinder//mcu/
2024-10-30 15:18:27,154 [WARN] DbFile:41 - Overriding database path with different value: C:\Users\19948\.stmcufinder\plugins\mcufinder/ => C:\Users\19948\.stmcufinder\plugins\mcufinder
2024-10-30 15:18:27,155 [WARN] DbFile:41 - Overriding database path with different value: C:\Users\19948\.stmcufinder\plugins\mcufinder/ => C:\Users\19948\.stmcufinder\plugins\mcufinder
2024-10-30 15:18:27,155 [INFO] CrossReferenceDbSqlite:203 - Set database path to: C:\Users\19948\.stmcufinder\plugins\mcufinder//mcu/cs/
2024-10-30 15:18:27,173 [INFO] ApplicationProperties:184 - Using Application install path: D:\software\STM32CubeIDE_1.16.1\STM32CubeIDE\plugins\com.st.stm32cube.common.mx_6.12.1.202409122256
2024-10-30 15:18:27,174 [INFO] PluginManage:196 - Search for loadable plugins [exclusion list=, ]
2024-10-30 15:18:27,185 [INFO] PluginManage:310 - Check plugin analytics
2024-10-30 15:18:27,354 [INFO] AnalyticsPlugin:253 - Accepted Software Licenses: 
2024-10-30 15:18:27,354 [INFO] AnalyticsPlugin:255 - Accepted CMSIS Pack Licenses: 
2024-10-30 15:18:27,354 [INFO] AnalyticsPlugin:257 - Accepted Firmware Licenses: 
2024-10-30 15:18:27,356 [INFO] PluginManage:359 - Loaded plugin analytics (category:tool,tabindex:-1)
2024-10-30 15:18:27,356 [INFO] PluginManage:310 - Check plugin cadmodel
2024-10-30 15:18:27,395 [INFO] CADModel:105 - Init CAD model plugin
2024-10-30 15:18:27,395 [INFO] PluginManage:359 - Loaded plugin cadmodel (category:power,tabindex:5)
2024-10-30 15:18:27,395 [INFO] PluginManage:310 - Check plugin clock
2024-10-30 15:18:27,403 [INFO] PluginManage:359 - Loaded plugin clock (category:base,tabindex:2)
2024-10-30 15:18:27,404 [INFO] PluginManage:310 - Check plugin ddr
2024-10-30 15:18:27,433 [INFO] PluginManage:359 - Loaded plugin ddr (category:tool,tabindex:6)
2024-10-30 15:18:27,434 [INFO] PluginManage:310 - Check plugin filemanager
2024-10-30 15:18:27,670 [INFO] PluginManage:359 - Loaded plugin filemanager (category:base,tabindex:10)
2024-10-30 15:18:27,670 [INFO] PluginManage:310 - Check plugin ipmanager
2024-10-30 15:18:27,677 [INFO] PluginManage:359 - Loaded plugin ipmanager (category:base,tabindex:5)
2024-10-30 15:18:27,677 [INFO] PluginManage:310 - Check plugin lpbam
2024-10-30 15:18:27,684 [INFO] PluginManage:359 - Loaded plugin lpbam (category:base,tabindex:0)
2024-10-30 15:18:27,684 [INFO] PluginManage:310 - Check plugin memorymap
2024-10-30 15:18:27,716 [INFO] PluginManage:359 - Loaded plugin memorymap (category:base,tabindex:4)
2024-10-30 15:18:27,716 [INFO] PluginManage:310 - Check plugin pinoutandconfiguration
2024-10-30 15:18:27,720 [INFO] PluginManage:359 - Loaded plugin pinoutandconfiguration (category:base,tabindex:1)
2024-10-30 15:18:27,720 [INFO] PluginManage:310 - Check plugin pinoutconfig
2024-10-30 15:18:27,842 [WARN] SupportedApi:132 - Cannot load RTOS API schema: s4s-elt-must-match.1: The content of 'definitions' must match (annotation?, (simpleType | complexType)?, (unique | key | keyref)*)). A problem was found starting at: attribute.
2024-10-30 15:18:28,024 [INFO] PluginManage:359 - Loaded plugin pinoutconfig (category:base,tabindex:0)
2024-10-30 15:18:28,025 [INFO] PluginManage:310 - Check plugin power
2024-10-30 15:18:28,056 [INFO] PluginManage:359 - Loaded plugin power (category:power,tabindex:4)
2024-10-30 15:18:28,056 [INFO] PluginManage:310 - Check plugin projectmanager
2024-10-30 15:18:28,107 [INFO] PluginManage:359 - Loaded plugin projectmanager (category:projectmanager,tabindex:4)
2024-10-30 15:18:28,107 [INFO] PluginManage:310 - Check plugin rif
2024-10-30 15:18:28,140 [INFO] PluginManage:359 - Loaded plugin rif (category:base,tabindex:3)
2024-10-30 15:18:28,140 [INFO] PluginManage:310 - Check plugin thirdparty
2024-10-30 15:18:28,340 [INFO] PluginManage:359 - Loaded plugin thirdparty (category:base,tabindex:-1)
2024-10-30 15:18:28,340 [WARN] IntegrityCheckThread:84 - waiting for thirdparty lock release [integrity check]
2024-10-30 15:18:28,340 [INFO] PluginManage:310 - Check plugin tools
2024-10-30 15:18:28,341 [INFO] IntegrityCheckThread:86 - entering critical section [integrity check]
2024-10-30 15:18:28,341 [INFO] ThirdPartyUpdaterWithRetryManager:70 - Updater plugin not ready yet. [1/15]
2024-10-30 15:18:28,343 [INFO] PluginManage:359 - Loaded plugin tools (category:base,tabindex:7)
2024-10-30 15:18:28,343 [INFO] PluginManage:310 - Check plugin tutovideos
2024-10-30 15:18:28,554 [INFO] PluginManage:359 - Loaded plugin tutovideos (category:base,tabindex:-1)
2024-10-30 15:18:28,554 [INFO] PluginManage:310 - Check plugin updater
2024-10-30 15:18:28,613 [INFO] PluginManage:359 - Loaded plugin updater (category:base,tabindex:12)
2024-10-30 15:18:28,613 [INFO] PluginManage:310 - Check plugin userauth
2024-10-30 15:18:28,639 [INFO] UserAuth:113 - Init User Auth plugin
2024-10-30 15:18:28,639 [INFO] PluginManage:359 - Loaded plugin userauth (category:base,tabindex:14)
2024-10-30 15:18:28,639 [INFO] PluginManage:283 - PluginManage : Loaded plugins [18]
2024-10-30 15:18:29,023 [INFO] PinOutPanel:1561 - setPackage(No Configuration,No Configuration)
2024-10-30 15:18:29,095 [INFO] CADModel:165 - CPN selected for project level
2024-10-30 15:18:29,095 [INFO] CADModel:114 - Register for checkConnection events
2024-10-30 15:18:29,165 [INFO] IPUIPlugin:80 - create IPUIPlugin
2024-10-30 15:18:29,165 [INFO] PluginManager:220 - loadIPPluginJar : add adc
2024-10-30 15:18:29,167 [INFO] IPUIPlugin:80 - create IPUIPlugin
2024-10-30 15:18:29,168 [INFO] PluginManager:220 - loadIPPluginJar : add aes
2024-10-30 15:18:29,170 [INFO] IPUIPlugin:80 - create IPUIPlugin
2024-10-30 15:18:29,170 [INFO] PluginManager:220 - loadIPPluginJar : add can
2024-10-30 15:18:29,172 [INFO] IPUIPlugin:80 - create IPUIPlugin
2024-10-30 15:18:29,172 [INFO] PluginManager:220 - loadIPPluginJar : add comp
2024-10-30 15:18:29,173 [INFO] IPUIPlugin:80 - create IPUIPlugin
2024-10-30 15:18:29,173 [INFO] PluginManager:220 - loadIPPluginJar : add cryp
2024-10-30 15:18:29,205 [INFO] IPUIPlugin:80 - create IPUIPlugin
2024-10-30 15:18:29,205 [INFO] PluginManager:220 - loadIPPluginJar : add ddr_ctrl_phy
2024-10-30 15:18:29,207 [INFO] IPUIPlugin:80 - create IPUIPlugin
2024-10-30 15:18:29,207 [INFO] PluginManager:220 - loadIPPluginJar : add dfsdm
2024-10-30 15:18:29,211 [INFO] IPUIPlugin:80 - create IPUIPlugin
2024-10-30 15:18:29,211 [INFO] PluginManager:220 - loadIPPluginJar : add dma
2024-10-30 15:18:29,213 [INFO] IPUIPlugin:80 - create IPUIPlugin
2024-10-30 15:18:29,213 [INFO] PluginManager:220 - loadIPPluginJar : add dma3
2024-10-30 15:18:29,214 [INFO] IPUIPlugin:80 - create IPUIPlugin
2024-10-30 15:18:29,215 [INFO] PluginManager:220 - loadIPPluginJar : add extmemmanager
2024-10-30 15:18:29,216 [INFO] IPUIPlugin:80 - create IPUIPlugin
2024-10-30 15:18:29,216 [INFO] PluginManager:220 - loadIPPluginJar : add fatfs
2024-10-30 15:18:29,218 [INFO] IPUIPlugin:80 - create IPUIPlugin
2024-10-30 15:18:29,218 [INFO] PluginManager:220 - loadIPPluginJar : add fmc
2024-10-30 15:18:29,222 [INFO] IPUIPlugin:80 - create IPUIPlugin
2024-10-30 15:18:29,222 [INFO] PluginManager:220 - loadIPPluginJar : add freertos
2024-10-30 15:18:29,223 [INFO] IPUIPlugin:80 - create IPUIPlugin
2024-10-30 15:18:29,223 [INFO] PluginManager:220 - loadIPPluginJar : add genericplugin
2024-10-30 15:18:29,224 [INFO] IPUIPlugin:80 - create IPUIPlugin
2024-10-30 15:18:29,224 [INFO] PluginManager:220 - loadIPPluginJar : add gfxmmu
2024-10-30 15:18:29,227 [INFO] IPUIPlugin:80 - create IPUIPlugin
2024-10-30 15:18:29,227 [INFO] PluginManager:220 - loadIPPluginJar : add gic
2024-10-30 15:18:29,230 [INFO] IPUIPlugin:80 - create IPUIPlugin
2024-10-30 15:18:29,230 [INFO] PluginManager:220 - loadIPPluginJar : add gpio
2024-10-30 15:18:29,231 [INFO] IPUIPlugin:80 - create IPUIPlugin
2024-10-30 15:18:29,231 [INFO] PluginManager:220 - loadIPPluginJar : add gtzc
2024-10-30 15:18:29,233 [INFO] IPUIPlugin:80 - create IPUIPlugin
2024-10-30 15:18:29,233 [INFO] PluginManager:220 - loadIPPluginJar : add hash
2024-10-30 15:18:29,235 [INFO] IPUIPlugin:80 - create IPUIPlugin
2024-10-30 15:18:29,235 [INFO] PluginManager:220 - loadIPPluginJar : add i2c
2024-10-30 15:18:29,236 [INFO] IPUIPlugin:80 - create IPUIPlugin
2024-10-30 15:18:29,236 [INFO] PluginManager:220 - loadIPPluginJar : add i2s
2024-10-30 15:18:29,238 [INFO] IPUIPlugin:80 - create IPUIPlugin
2024-10-30 15:18:29,238 [INFO] PluginManager:220 - loadIPPluginJar : add i3c
2024-10-30 15:18:29,249 [INFO] IPUIPlugin:80 - create IPUIPlugin
2024-10-30 15:18:29,249 [INFO] PluginManager:220 - loadIPPluginJar : add ipddr
2024-10-30 15:18:29,254 [INFO] IPUIPlugin:80 - create IPUIPlugin
2024-10-30 15:18:29,254 [INFO] PluginManager:220 - loadIPPluginJar : add linkedlist
2024-10-30 15:18:29,256 [INFO] IPUIPlugin:80 - create IPUIPlugin
2024-10-30 15:18:29,256 [INFO] PluginManager:220 - loadIPPluginJar : add lorawan
2024-10-30 15:18:29,257 [INFO] IPUIPlugin:80 - create IPUIPlugin
2024-10-30 15:18:29,257 [INFO] PluginManager:220 - loadIPPluginJar : add ltdc
2024-10-30 15:18:29,261 [INFO] IPUIPlugin:80 - create IPUIPlugin
2024-10-30 15:18:29,261 [INFO] PluginManager:220 - loadIPPluginJar : add mdma
2024-10-30 15:18:29,264 [INFO] IPUIPlugin:80 - create IPUIPlugin
2024-10-30 15:18:29,264 [INFO] PluginManager:220 - loadIPPluginJar : add nvic
2024-10-30 15:18:29,265 [INFO] IPUIPlugin:80 - create IPUIPlugin
2024-10-30 15:18:29,266 [INFO] PluginManager:220 - loadIPPluginJar : add opamp
2024-10-30 15:18:29,267 [INFO] IPUIPlugin:80 - create IPUIPlugin
2024-10-30 15:18:29,267 [INFO] PluginManager:220 - loadIPPluginJar : add openamp
2024-10-30 15:18:29,269 [INFO] IPUIPlugin:80 - create IPUIPlugin
2024-10-30 15:18:29,269 [INFO] PluginManager:220 - loadIPPluginJar : add pdm2pcm
2024-10-30 15:18:29,273 [INFO] IPUIPlugin:80 - create IPUIPlugin
2024-10-30 15:18:29,274 [INFO] PluginManager:220 - loadIPPluginJar : add plateformsettings
2024-10-30 15:18:29,275 [INFO] IPUIPlugin:80 - create IPUIPlugin
2024-10-30 15:18:29,275 [INFO] PluginManager:220 - loadIPPluginJar : add quadspi
2024-10-30 15:18:29,277 [INFO] IPUIPlugin:80 - create IPUIPlugin
2024-10-30 15:18:29,278 [INFO] PluginManager:220 - loadIPPluginJar : add radio
2024-10-30 15:18:29,280 [INFO] IPUIPlugin:80 - create IPUIPlugin
2024-10-30 15:18:29,280 [INFO] PluginManager:220 - loadIPPluginJar : add resmgrutility
2024-10-30 15:18:29,282 [INFO] IPUIPlugin:80 - create IPUIPlugin
2024-10-30 15:18:29,282 [INFO] PluginManager:220 - loadIPPluginJar : add sai
2024-10-30 15:18:29,283 [INFO] IPUIPlugin:80 - create IPUIPlugin
2024-10-30 15:18:29,283 [INFO] PluginManager:220 - loadIPPluginJar : add spi
2024-10-30 15:18:29,287 [INFO] IPUIPlugin:80 - create IPUIPlugin
2024-10-30 15:18:29,287 [INFO] PluginManager:220 - loadIPPluginJar : add stm32_wpan
2024-10-30 15:18:29,288 [INFO] IPUIPlugin:80 - create IPUIPlugin
2024-10-30 15:18:29,288 [INFO] PluginManager:220 - loadIPPluginJar : add tim
2024-10-30 15:18:29,290 [INFO] IPUIPlugin:80 - create IPUIPlugin
2024-10-30 15:18:29,290 [INFO] PluginManager:220 - loadIPPluginJar : add touchsensing
2024-10-30 15:18:29,292 [INFO] IPUIPlugin:80 - create IPUIPlugin
2024-10-30 15:18:29,292 [INFO] PluginManager:220 - loadIPPluginJar : add tracer_emb
2024-10-30 15:18:29,294 [INFO] IPUIPlugin:80 - create IPUIPlugin
2024-10-30 15:18:29,294 [INFO] PluginManager:220 - loadIPPluginJar : add ts
2024-10-30 15:18:29,295 [INFO] IPUIPlugin:80 - create IPUIPlugin
2024-10-30 15:18:29,295 [INFO] PluginManager:220 - loadIPPluginJar : add tsc
2024-10-30 15:18:29,297 [INFO] IPUIPlugin:80 - create IPUIPlugin
2024-10-30 15:18:29,297 [INFO] PluginManager:220 - loadIPPluginJar : add ucpd
2024-10-30 15:18:29,299 [INFO] IPUIPlugin:80 - create IPUIPlugin
2024-10-30 15:18:29,299 [INFO] PluginManager:220 - loadIPPluginJar : add usart
2024-10-30 15:18:29,301 [INFO] IPUIPlugin:80 - create IPUIPlugin
2024-10-30 15:18:29,301 [INFO] PluginManager:220 - loadIPPluginJar : add usbx
2024-10-30 15:18:29,424 [INFO] CADModel:165 - CPN selected for project level
2024-10-30 15:18:29,424 [INFO] CADModel:114 - Register for checkConnection events
2024-10-30 15:18:29,425 [FATAL] Updater:334 - Updater called before beeing initialized
2024-10-30 15:18:29,425 [ERROR] CADModel:125 - Updater not yet initialized, retry later 
2024-10-30 15:18:29,598 [INFO] CADModel:165 - CPN selected for project level
2024-10-30 15:18:29,598 [INFO] CADModel:114 - Register for checkConnection events
2024-10-30 15:18:29,598 [FATAL] Updater:334 - Updater called before beeing initialized
2024-10-30 15:18:29,599 [ERROR] CADModel:125 - Updater not yet initialized, retry later 
2024-10-30 15:18:29,601 [FATAL] Updater:334 - Updater called before beeing initialized
2024-10-30 15:18:29,699 [FATAL] Updater:334 - Updater called before beeing initialized
2024-10-30 15:18:29,707 [INFO] DbMcusAds:53 - JSON generation date=Fri Sep 20 21:04:38 CST 2024 (1726837478367)
2024-10-30 15:18:29,707 [FATAL] Updater:334 - Updater called before beeing initialized
2024-10-30 15:18:29,822 [WARN] DetailPanel:346 - Failed to get advertising image, set to default
2024-10-30 15:18:29,938 [FATAL] Updater:334 - Updater called before beeing initialized
2024-10-30 15:18:29,939 [FATAL] Updater:334 - Updater called before beeing initialized
2024-10-30 15:18:29,939 [FATAL] Updater:334 - Updater called before beeing initialized
2024-10-30 15:18:29,939 [WARN] DetailPanel:346 - Failed to get advertising image, set to default
2024-10-30 15:18:29,940 [FATAL] Updater:334 - Updater called before beeing initialized
2024-10-30 15:18:30,003 [ERROR] Updater:1164 - MainUpdater not yet initialized. External WinMGr cannot be set.
2024-10-30 15:18:30,020 [INFO] Updater:1100 - Updater Version found : 6.12.1
2024-10-30 15:18:30,043 [INFO] ApplicationProperties:184 - Using Application install path: D:\software\STM32CubeIDE_1.16.1\STM32CubeIDE\plugins\com.st.stm32cube.common.mx_6.12.1.202409122256
2024-10-30 15:18:31,344 [INFO] ThirdPartyUpdaterWithRetryManager:70 - Updater plugin not ready yet. [2/15]
2024-10-30 15:18:31,620 [ERROR] LogOutputStream:75 - [STDERR_REDIRECT] Oct 30, 2024 3:18:31 PM java.util.prefs.WindowsPreferences <init>
2024-10-30 15:18:31,621 [ERROR] LogOutputStream:75 - [STDERR_REDIRECT] WARNING: Could not open/create prefs root node Software\JavaSoft\Prefs at root 0xffffffff80000002. Windows RegCreateKeyEx(...) returned error code 5.
2024-10-30 15:18:31,621 [ERROR] LogOutputStream:75 - [STDERR_REDIRECT] 
2024-10-30 15:18:32,038 [INFO] MainUpdater:2873 - connection check result : 10
2024-10-30 15:18:32,039 [INFO] MainUpdater:3567 - Updater definition file requires update
2024-10-30 15:18:32,040 [INFO] MainUpdater:290 - Updater Check For Update Now.
2024-10-30 15:18:32,041 [INFO] MicroXplorer:498 - Change Database Version : DB.6.0.121
2024-10-30 15:18:32,057 [INFO] ServerAccessManage:473 - Download File updaters.zip
2024-10-30 15:18:32,071 [INFO] McuFinderGlobals:63 - Set McuFinder mode to 2 (CubeIDE integrated)
2024-10-30 15:18:32,072 [INFO] UserAuth:417 - Internet connection configuration mode: 1
2024-10-30 15:18:32,166 [INFO] FileExtend:240 - Unzip File : updaters.zip
2024-10-30 15:18:32,167 [INFO] FileExtend:255 - Standard Zip Deflate
2024-10-30 15:18:32,222 [INFO] JxBrowserEngine:152 - Initiate JxBrowser Engine with user profile folder
2024-10-30 15:18:32,584 [INFO] ServerAccessManage:473 - Download File PacksControlFlags.xml
2024-10-30 15:18:32,635 [INFO] ServerAccessManage:473 - Download File cubemx.pidx
2024-10-30 15:18:32,774 [INFO] LoadServerUpdatesThread:375 - End of LoadServerUpdate Thread
2024-10-30 15:18:32,938 [INFO] CheckServerUpdateThread:120 - End of CheckServer Thread
2024-10-30 15:18:33,290 [INFO] WebApp:167 - Instantiating new browser for Auth
2024-10-30 15:18:34,133 [INFO] WebApp:448 - Apply proxy settings
2024-10-30 15:18:34,133 [INFO] WebApp:533 - Chromium requires no authentication
2024-10-30 15:18:34,146 [INFO] WebApp:476 - Direct internet connection detected
2024-10-30 15:18:34,179 [INFO] WebApp:869 - Register for checkConnection events
2024-10-30 15:18:34,179 [INFO] WebApp:448 - Apply proxy settings
2024-10-30 15:18:34,179 [INFO] WebApp:533 - Chromium requires no authentication
2024-10-30 15:18:34,180 [INFO] WebApp:476 - Direct internet connection detected
2024-10-30 15:18:34,335 [INFO] WebApp:220 - Starting web application
2024-10-30 15:18:34,335 [INFO] WebApp:578 - Web application path used D:\software\STM32CubeIDE_1.16.1\STM32CubeIDE\plugins\com.st.stm32cube.common.mx_6.12.1.202409122256\db\plugins\mcufinder\reactClient1\index.html
2024-10-30 15:18:34,516 [INFO] UserAuth:417 - Internet connection configuration mode: 1
2024-10-30 15:18:34,886 [WARN] PackLoader:240 - Cannot read IP mode file for STMicroelectronics.FP-SNS-MOTENVWB1.1.4.0
2024-10-30 15:18:34,897 [WARN] PackLoader:240 - Cannot read IP mode file for STMicroelectronics.X-CUBE-SMBUS.2.1.0
2024-10-30 15:18:34,908 [WARN] PackLoader:240 - Cannot read IP mode file for STMicroelectronics.X-CUBE-WB05N.1.1.0
2024-10-30 15:18:34,932 [WARN] PackLoader:240 - Cannot read IP mode file for STMicroelectronics.X-CUBE-AZRTOS-F7.1.1.0
2024-10-30 15:18:34,942 [WARN] PackLoader:240 - Cannot read IP mode file for STMicroelectronics.FP-SNS-MOTENV1.4.3.2
2024-10-30 15:18:34,993 [WARN] PackLoader:240 - Cannot read IP mode file for STMicroelectronics.X-CUBE-MEMS1.11.0.0
2024-10-30 15:18:35,105 [WARN] PackLoader:240 - Cannot read IP mode file for STMicroelectronics.X-CUBE-BLE1.6.2.4
2024-10-30 15:18:35,112 [WARN] PackLoader:240 - Cannot read IP mode file for STMicroelectronics.FP-SNS-FLIGHT1.5.0.2
2024-10-30 15:18:35,119 [WARN] PackLoader:240 - Cannot read IP mode file for STMicroelectronics.X-CUBE-DISPLAY.3.0.0
2024-10-30 15:18:35,126 [WARN] PackLoader:240 - Cannot read IP mode file for STMicroelectronics.X-CUBE-BLE1.7.0.0
2024-10-30 15:18:35,133 [WARN] PackLoader:240 - Cannot read IP mode file for STMicroelectronics.X-CUBE-NFC10.1.0.0
2024-10-30 15:18:35,140 [WARN] PackLoader:240 - Cannot read IP mode file for STMicroelectronics.X-CUBE-TOUCHGFX.4.22.0
2024-10-30 15:18:35,143 [WARN] PackLoader:240 - Cannot read IP mode file for STMicroelectronics.X-CUBE-TOUCHGFX.4.22.1
2024-10-30 15:18:35,150 [WARN] PackLoader:240 - Cannot read IP mode file for STMicroelectronics.X-CUBE-BLEMGR.3.1.0
2024-10-30 15:18:35,159 [WARN] PackLoader:240 - Cannot read IP mode file for STMicroelectronics.FP-SNS-SMARTAG2.1.2.0
2024-10-30 15:18:35,169 [INFO] LogOutputStream:77 - [STDOUT_REDIRECT] 1 : Invalid condition id : UX_CORESTACK_Condition cause : null
2024-10-30 15:18:35,169 [INFO] LogOutputStream:77 - [STDOUT_REDIRECT] 1 : Invalid condition id : UX_CORESTACK_Condition cause : null
2024-10-30 15:18:35,170 [INFO] LogOutputStream:77 - [STDOUT_REDIRECT] 1 : Invalid condition id : UX_CORESTACK_Condition cause : null
2024-10-30 15:18:35,171 [INFO] LogOutputStream:77 - [STDOUT_REDIRECT] 1 : Invalid condition id : UX_CORESTACK_Condition cause : null
2024-10-30 15:18:35,172 [INFO] LogOutputStream:77 - [STDOUT_REDIRECT] 1 : Invalid condition id : UX_CORESTACK_Condition cause : null
2024-10-30 15:18:35,175 [WARN] PackLoader:240 - Cannot read IP mode file for STMicroelectronics.X-CUBE-AZRTOS-WL.2.0.0
2024-10-30 15:18:35,180 [WARN] PackLoader:240 - Cannot read IP mode file for STMicroelectronics.FP-SNS-MOTENV1.5.0.0
2024-10-30 15:18:35,188 [WARN] PackLoader:240 - Cannot read IP mode file for wolfSSL.I-CUBE-wolfMQTT.1.19.0
2024-10-30 15:18:35,198 [WARN] PackLoader:240 - Cannot read IP mode file for WES.I-CUBE-Cesium.1.3.0
2024-10-30 15:18:35,204 [WARN] PackLoader:240 - Cannot read IP mode file for STMicroelectronics.X-CUBE-BLE2.3.3.0
2024-10-30 15:18:35,213 [WARN] PackLoader:240 - Cannot read IP mode file for STMicroelectronics.X-CUBE-TOF1.3.2.0
2024-10-30 15:18:35,226 [WARN] PackLoader:240 - Cannot read IP mode file for STMicroelectronics.X-CUBE-NFC9.1.0.0
2024-10-30 15:18:35,233 [WARN] PackLoader:240 - Cannot read IP mode file for STMicroelectronics.X-CUBE-TCPP.4.1.0
2024-10-30 15:18:35,237 [WARN] PackLoader:240 - Cannot read IP mode file for STMicroelectronics.X-CUBE-TOUCHGFX.4.21.1
2024-10-30 15:18:35,266 [WARN] PackLoader:240 - Cannot read IP mode file for STMicroelectronics.X-CUBE-MEMS1.9.4.0
2024-10-30 15:18:35,322 [WARN] PackLoader:240 - Cannot read IP mode file for STMicroelectronics.X-CUBE-AI.7.3.0
2024-10-30 15:18:35,329 [WARN] PackLoader:240 - Cannot read IP mode file for STMicroelectronics.X-CUBE-ALGOBUILD.1.3.0
2024-10-30 15:18:35,338 [WARN] PackLoader:240 - Cannot read IP mode file for STMicroelectronics.X-CUBE-AZRTOS-G0.1.1.0
2024-10-30 15:18:35,346 [WARN] PackLoader:240 - Cannot read IP mode file for STMicroelectronics.X-CUBE-SAFEA1.1.2.2
2024-10-30 15:18:35,351 [WARN] PackLoader:240 - Cannot read IP mode file for STMicroelectronics.X-CUBE-NFC4.3.0.0
2024-10-30 15:18:35,361 [WARN] PackLoader:240 - Cannot read IP mode file for EmbeddedOffice.I-CUBE-FS-RTOS.1.0.1
2024-10-30 15:18:35,362 [ERROR] ConditionMgr:805 - Attr not supported : Dmpu
2024-10-30 15:18:35,362 [ERROR] ConditionMgr:805 - Attr not supported : Dmpu
2024-10-30 15:18:35,362 [ERROR] ConditionMgr:805 - Attr not supported : Dmpu
2024-10-30 15:18:35,362 [ERROR] ConditionMgr:805 - Attr not supported : Dmpu
2024-10-30 15:18:35,362 [ERROR] ConditionMgr:805 - Attr not supported : Dmpu
2024-10-30 15:18:35,362 [ERROR] ConditionMgr:805 - Attr not supported : Dmpu
2024-10-30 15:18:35,362 [ERROR] ConditionMgr:805 - Attr not supported : Dmpu
2024-10-30 15:18:35,362 [ERROR] ConditionMgr:805 - Attr not supported : Dmpu
2024-10-30 15:18:35,362 [ERROR] ConditionMgr:805 - Attr not supported : Dmpu
2024-10-30 15:18:35,362 [ERROR] ConditionMgr:805 - Attr not supported : Dmpu
2024-10-30 15:18:35,362 [ERROR] ConditionMgr:805 - Attr not supported : Dmpu
2024-10-30 15:18:35,362 [ERROR] ConditionMgr:805 - Attr not supported : Dmpu
2024-10-30 15:18:35,362 [ERROR] ConditionMgr:805 - Attr not supported : Dmpu
2024-10-30 15:18:35,362 [ERROR] ConditionMgr:805 - Attr not supported : Dmpu
2024-10-30 15:18:35,362 [ERROR] ConditionMgr:805 - Attr not supported : Dmpu
2024-10-30 15:18:35,362 [ERROR] ConditionMgr:805 - Attr not supported : Dmpu
2024-10-30 15:18:35,362 [ERROR] ConditionMgr:805 - Attr not supported : Dmpu
2024-10-30 15:18:35,362 [ERROR] ConditionMgr:805 - Attr not supported : Dmpu
2024-10-30 15:18:35,362 [ERROR] ConditionMgr:805 - Attr not supported : Dmpu
2024-10-30 15:18:35,362 [ERROR] ConditionMgr:805 - Attr not supported : Dmpu
2024-10-30 15:18:35,362 [ERROR] ConditionMgr:805 - Attr not supported : Dmpu
2024-10-30 15:18:35,362 [ERROR] ConditionMgr:805 - Attr not supported : Dmpu
2024-10-30 15:18:35,363 [ERROR] ConditionMgr:805 - Attr not supported : Dmpu
2024-10-30 15:18:35,363 [ERROR] ConditionMgr:805 - Attr not supported : Dmpu
2024-10-30 15:18:35,363 [ERROR] ConditionMgr:805 - Attr not supported : Dmpu
2024-10-30 15:18:35,363 [ERROR] ConditionMgr:805 - Attr not supported : Dmpu
2024-10-30 15:18:35,363 [ERROR] ConditionMgr:805 - Attr not supported : Dmpu
2024-10-30 15:18:35,363 [ERROR] ConditionMgr:805 - Attr not supported : Dmpu
2024-10-30 15:18:35,363 [ERROR] ConditionMgr:805 - Attr not supported : Dmpu
2024-10-30 15:18:35,363 [ERROR] ConditionMgr:805 - Attr not supported : Dmpu
2024-10-30 15:18:35,363 [ERROR] ConditionMgr:805 - Attr not supported : Dmpu
2024-10-30 15:18:35,363 [ERROR] ConditionMgr:805 - Attr not supported : Dmpu
2024-10-30 15:18:35,363 [ERROR] ConditionMgr:805 - Attr not supported : Dmpu
2024-10-30 15:18:35,363 [ERROR] ConditionMgr:805 - Attr not supported : Dmpu
2024-10-30 15:18:35,363 [ERROR] ConditionMgr:805 - Attr not supported : Dmpu
2024-10-30 15:18:35,363 [ERROR] ConditionMgr:805 - Attr not supported : Dmpu
2024-10-30 15:18:35,363 [ERROR] ConditionMgr:805 - Attr not supported : Dmpu
2024-10-30 15:18:35,363 [ERROR] ConditionMgr:805 - Attr not supported : Dmpu
2024-10-30 15:18:35,363 [ERROR] ConditionMgr:805 - Attr not supported : Dmpu
2024-10-30 15:18:35,363 [ERROR] ConditionMgr:805 - Attr not supported : Dmpu
2024-10-30 15:18:35,363 [ERROR] ConditionMgr:805 - Attr not supported : Dmpu
2024-10-30 15:18:35,363 [ERROR] ConditionMgr:805 - Attr not supported : Dmpu
2024-10-30 15:18:35,363 [ERROR] ConditionMgr:805 - Attr not supported : Dmpu
2024-10-30 15:18:35,363 [ERROR] ConditionMgr:805 - Attr not supported : Dmpu
2024-10-30 15:18:35,363 [ERROR] ConditionMgr:805 - Attr not supported : Dmpu
2024-10-30 15:18:35,363 [ERROR] ConditionMgr:805 - Attr not supported : Dmpu
2024-10-30 15:18:35,363 [ERROR] ConditionMgr:805 - Attr not supported : Dmpu
2024-10-30 15:18:35,363 [ERROR] ConditionMgr:805 - Attr not supported : Dmpu
2024-10-30 15:18:35,363 [ERROR] ConditionMgr:805 - Attr not supported : Dmpu
2024-10-30 15:18:35,363 [ERROR] ConditionMgr:805 - Attr not supported : Dmpu
2024-10-30 15:18:35,363 [ERROR] ConditionMgr:805 - Attr not supported : Dmpu
2024-10-30 15:18:35,363 [ERROR] ConditionMgr:805 - Attr not supported : Dmpu
2024-10-30 15:18:35,363 [ERROR] ConditionMgr:805 - Attr not supported : Dmpu
2024-10-30 15:18:35,364 [ERROR] ConditionMgr:805 - Attr not supported : Dmpu
2024-10-30 15:18:35,364 [ERROR] ConditionMgr:805 - Attr not supported : Dmpu
2024-10-30 15:18:35,364 [ERROR] ConditionMgr:805 - Attr not supported : Dmpu
2024-10-30 15:18:35,364 [ERROR] ConditionMgr:805 - Attr not supported : Dmpu
2024-10-30 15:18:35,364 [ERROR] ConditionMgr:805 - Attr not supported : Dmpu
2024-10-30 15:18:35,364 [ERROR] ConditionMgr:805 - Attr not supported : Dmpu
2024-10-30 15:18:35,364 [ERROR] ConditionMgr:805 - Attr not supported : Dmpu
2024-10-30 15:18:35,364 [ERROR] ConditionMgr:805 - Attr not supported : Dmpu
2024-10-30 15:18:35,364 [ERROR] ConditionMgr:805 - Attr not supported : Dmpu
2024-10-30 15:18:35,364 [ERROR] ConditionMgr:805 - Attr not supported : Dmpu
2024-10-30 15:18:35,364 [ERROR] ConditionMgr:805 - Attr not supported : Dmpu
2024-10-30 15:18:35,369 [WARN] PackLoader:240 - Cannot read IP mode file for STMicroelectronics.X-CUBE-BLEMGR.3.0.0
2024-10-30 15:18:35,376 [WARN] PackLoader:240 - Cannot read IP mode file for STMicroelectronics.X-CUBE-BLEMGR.1.3.0
2024-10-30 15:18:35,384 [WARN] PackLoader:240 - Cannot read IP mode file for RealThread.X-CUBE-RT-Thread_Nano.4.1.1
2024-10-30 15:18:35,389 [WARN] PackLoader:240 - Cannot read IP mode file for STMicroelectronics.FP-ATR-SIGFOX1.3.2.0
2024-10-30 15:18:35,395 [WARN] PackLoader:240 - Cannot read IP mode file for STMicroelectronics.X-CUBE-EEPRMA1.5.1.0
2024-10-30 15:18:35,419 [WARN] PackLoader:240 - Cannot read IP mode file for STMicroelectronics.X-CUBE-MEMS1.9.5.0
2024-10-30 15:18:35,515 [WARN] PackLoader:240 - Cannot read IP mode file for SEGGER.I-CUBE-embOS.1.3.1
2024-10-30 15:18:35,540 [WARN] PackLoader:240 - Cannot read IP mode file for STMicroelectronics.X-CUBE-ALGOBUILD.1.4.0
2024-10-30 15:18:35,544 [WARN] PackLoader:240 - Cannot read IP mode file for STMicroelectronics.X-CUBE-AI.9.1.0
2024-10-30 15:18:35,549 [WARN] PackLoader:240 - Cannot read IP mode file for STMicroelectronics.X-CUBE-GNSS1.6.0.0
2024-10-30 15:18:35,560 [WARN] PackLoader:240 - Cannot read IP mode file for STMicroelectronics.X-CUBE-AZRTOS-F4.1.1.0
2024-10-30 15:18:35,565 [WARN] PackLoader:240 - Cannot read IP mode file for STMicroelectronics.X-CUBE-ISPU.2.1.0
2024-10-30 15:18:35,570 [WARN] PackLoader:240 - Cannot read IP mode file for STMicroelectronics.X-CUBE-FREERTOS.1.2.0
2024-10-30 15:18:35,580 [WARN] PackLoader:240 - Cannot read IP mode file for STMicroelectronics.X-CUBE-AZRTOS-L5.2.0.0
2024-10-30 15:18:35,601 [WARN] PackLoader:240 - Cannot read IP mode file for STMicroelectronics.X-CUBE-MEMS1.9.6.0
2024-10-30 15:18:35,671 [WARN] PackLoader:240 - Cannot read IP mode file for STMicroelectronics.X-CUBE-EEPRMA1.4.2.0
2024-10-30 15:18:35,677 [WARN] PackLoader:240 - Cannot read IP mode file for STMicroelectronics.X-CUBE-NFC6.3.1.0
2024-10-30 15:18:35,683 [WARN] PackLoader:240 - Cannot read IP mode file for ITTIA_DB.I-CUBE-ITTIADB.8.8.0
2024-10-30 15:18:35,690 [WARN] PackLoader:240 - Cannot read IP mode file for emotas.I-CUBE-CANOPEN.1.1.3
2024-10-30 15:18:35,696 [WARN] PackLoader:240 - Cannot read IP mode file for STMicroelectronics.X-CUBE-BLEMGR.2.0.0
2024-10-30 15:18:35,702 [WARN] PackLoader:240 - Cannot read IP mode file for STMicroelectronics.X-CUBE-DPower.1.2.0
2024-10-30 15:18:35,706 [WARN] PackLoader:240 - Cannot read IP mode file for STMicroelectronics.X-CUBE-AI.9.0.0
2024-10-30 15:18:35,716 [WARN] ConditionMgr:438 - getConditionDescription Invalid condition id : UX DEVICE CLASS RTOS Condition cause : null
2024-10-30 15:18:35,717 [WARN] ConditionMgr:438 - getConditionDescription Invalid condition id : UX DEVICE CLASS RTOS Condition cause : null
2024-10-30 15:18:35,719 [WARN] PackLoader:240 - Cannot read IP mode file for STMicroelectronics.X-CUBE-AZRTOS-H7.3.1.0
2024-10-30 15:18:35,720 [WARN] ConditionMgr:1039 - genDependencies : Invalid condition id : UX DEVICE CLASS RTOS Condition cause : null
2024-10-30 15:18:35,720 [WARN] ConditionMgr:1039 - genDependencies : Invalid condition id : UX DEVICE CLASS RTOS Condition cause : null
2024-10-30 15:18:35,720 [WARN] ConditionMgr:1039 - genDependencies : Invalid condition id : UX DEVICE CLASS RTOS Condition cause : null
2024-10-30 15:18:35,720 [WARN] ConditionMgr:1039 - genDependencies : Invalid condition id : UX DEVICE CLASS RTOS Condition cause : null
2024-10-30 15:18:35,720 [WARN] ConditionMgr:1039 - genDependencies : Invalid condition id : UX DEVICE CLASS RTOS Condition cause : null
2024-10-30 15:18:35,726 [WARN] PackLoader:240 - Cannot read IP mode file for wolfSSL.I-CUBE-wolfSSL.5.5.4
2024-10-30 15:18:35,731 [WARN] PackLoader:240 - Cannot read IP mode file for STMicroelectronics.X-CUBE-NFC7.1.0.1
2024-10-30 15:18:35,735 [WARN] PackLoader:240 - Cannot read IP mode file for STMicroelectronics.X-CUBE-NFC7.1.0.0
2024-10-30 15:18:35,739 [WARN] PackLoader:240 - Cannot read IP mode file for wolfSSL.I-CUBE-wolfTPM.3.2.0
2024-10-30 15:18:35,744 [WARN] PackLoader:240 - Cannot read IP mode file for STMicroelectronics.X-CUBE-NFC6.3.0.0
2024-10-30 15:18:35,749 [WARN] PackLoader:240 - Cannot read IP mode file for STMicroelectronics.X-CUBE-EEPRMA1.4.1.0
2024-10-30 15:18:35,753 [WARN] PackLoader:240 - Cannot read IP mode file for STMicroelectronics.X-CUBE-AI.8.1.0
2024-10-30 15:18:35,766 [WARN] ConditionMgr:438 - getConditionDescription Invalid condition id : LAN8742 Phy interface Condition cause : null
2024-10-30 15:18:35,766 [WARN] PackLoader:240 - Cannot read IP mode file for STMicroelectronics.X-CUBE-AZRTOS-L4.2.0.0
2024-10-30 15:18:35,767 [WARN] ConditionMgr:1039 - genDependencies : Invalid condition id : LAN8742 Phy interface Condition cause : null
2024-10-30 15:18:35,767 [WARN] ConditionMgr:1039 - genDependencies : Invalid condition id : LAN8742 Phy interface Condition cause : null
2024-10-30 15:18:35,767 [WARN] ConditionMgr:1039 - genDependencies : Invalid condition id : LAN8742 Phy interface Condition cause : null
2024-10-30 15:18:35,773 [WARN] PackLoader:240 - Cannot read IP mode file for STMicroelectronics.X-CUBE-SFXS2LP1.4.0.0
2024-10-30 15:18:35,785 [WARN] PackLoader:240 - Cannot read IP mode file for STMicroelectronics.X-CUBE-AZRTOS-H7.3.0.0
2024-10-30 15:18:35,789 [WARN] PackLoader:240 - Cannot read IP mode file for STMicroelectronics.X-CUBE-ISPU.1.1.0
2024-10-30 15:18:35,801 [WARN] PackLoader:240 - Cannot read IP mode file for STMicroelectronics.X-CUBE-AZRTOS-H7.3.3.0
2024-10-30 15:18:35,811 [WARN] PackLoader:240 - Cannot read IP mode file for RoweBots.I-CUBE-UNISONRTOS.5.5.0-4
2024-10-30 15:18:35,819 [WARN] PackLoader:240 - Cannot read IP mode file for STMicroelectronics.X-CUBE-IPS.3.0.0
2024-10-30 15:18:35,833 [WARN] ConditionMgr:438 - getConditionDescription Invalid condition id : UX DEVICE CLASS RTOS Condition cause : null
2024-10-30 15:18:35,833 [WARN] ConditionMgr:438 - getConditionDescription Invalid condition id : UX DEVICE CLASS RTOS Condition cause : null
2024-10-30 15:18:35,834 [WARN] PackLoader:240 - Cannot read IP mode file for STMicroelectronics.X-CUBE-AZRTOS-WB.2.0.0
2024-10-30 15:18:35,834 [WARN] ConditionMgr:1039 - genDependencies : Invalid condition id : UX DEVICE CLASS RTOS Condition cause : null
2024-10-30 15:18:35,834 [WARN] ConditionMgr:1039 - genDependencies : Invalid condition id : UX DEVICE CLASS RTOS Condition cause : null
2024-10-30 15:18:35,835 [WARN] ConditionMgr:1039 - genDependencies : Invalid condition id : UX DEVICE CLASS RTOS Condition cause : null
2024-10-30 15:18:35,835 [WARN] ConditionMgr:1039 - genDependencies : Invalid condition id : UX DEVICE CLASS RTOS Condition cause : null
2024-10-30 15:18:35,835 [WARN] ConditionMgr:1039 - genDependencies : Invalid condition id : UX DEVICE CLASS RTOS Condition cause : null
2024-10-30 15:18:35,838 [WARN] PackLoader:240 - Cannot read IP mode file for STMicroelectronics.X-CUBE-FREERTOS.1.0.1
2024-10-30 15:18:35,842 [WARN] PackLoader:240 - Cannot read IP mode file for STMicroelectronics.X-CUBE-GNSS1.7.0.0
2024-10-30 15:18:35,847 [WARN] PackLoader:240 - Cannot read IP mode file for STMicroelectronics.FP-SNS-STBOX1.2.0.0
2024-10-30 15:18:35,857 [WARN] PackLoader:240 - Cannot read IP mode file for STMicroelectronics.X-CUBE-AZRTOS-L5.1.1.0
2024-10-30 15:18:35,862 [WARN] PackLoader:240 - Cannot read IP mode file for STMicroelectronics.X-CUBE-AI.8.0.1
2024-10-30 15:18:35,869 [WARN] PackLoader:240 - Cannot read IP mode file for STMicroelectronics.X-CUBE-SUBG2.5.0.0
2024-10-30 15:18:35,876 [WARN] PackLoader:240 - Cannot read IP mode file for Cesanta.I-CUBE-Mongoose.7.13.0
2024-10-30 15:18:35,881 [WARN] PackLoader:240 - Cannot read IP mode file for STMicroelectronics.X-CUBE-TOF1.3.3.1
2024-10-30 15:18:35,894 [WARN] PackLoader:240 - Cannot read IP mode file for STMicroelectronics.X-CUBE-AZRTOS-G4.2.0.0
2024-10-30 15:18:35,899 [WARN] PackLoader:240 - Cannot read IP mode file for STMicroelectronics.FP-ATR-ASTRA1.1.1.1
2024-10-30 15:18:35,908 [WARN] PackLoader:240 - Cannot read IP mode file for Infineon.AIROC-Wi-Fi-Bluetooth-STM32.1.5.1
2024-10-30 15:18:35,912 [WARN] PackLoader:240 - Cannot read IP mode file for STMicroelectronics.FP-SNS-MOTENVWB1.1.3.0
2024-10-30 15:18:35,916 [WARN] PackLoader:240 - Cannot read IP mode file for STMicroelectronics.FP-SNS-MOTENVWB1.1.3.1
2024-10-30 15:18:35,926 [WARN] PackLoader:240 - Cannot read IP mode file for STMicroelectronics.X-CUBE-AZRTOS-G4.1.0.0
2024-10-30 15:18:35,936 [WARN] PackLoader:240 - Cannot read IP mode file for STMicroelectronics.X-CUBE-AZRTOS-L4.1.0.0
2024-10-30 15:18:35,941 [WARN] PackLoader:240 - Cannot read IP mode file for STMicroelectronics.X-CUBE-ISPU.2.0.0
2024-10-30 15:18:35,946 [WARN] PackLoader:240 - Cannot read IP mode file for STMicroelectronics.X-CUBE-ALS.1.0.2
2024-10-30 15:18:35,966 [WARN] PackLoader:240 - Cannot read IP mode file for STMicroelectronics.X-CUBE-MEMS1.10.0.0
2024-10-30 15:18:36,037 [WARN] PackLoader:240 - Cannot read IP mode file for STMicroelectronics.X-CUBE-FREERTOS.1.1.0
2024-10-30 15:18:36,041 [WARN] PackLoader:240 - Cannot read IP mode file for STMicroelectronics.X-CUBE-TOUCHGFX.4.24.0
2024-10-30 15:18:36,049 [WARN] PackLoader:240 - Cannot read IP mode file for STMicroelectronics.X-CUBE-AZRTOS-WL.1.0.0
2024-10-30 15:18:36,052 [WARN] PackLoader:240 - Cannot read IP mode file for STMicroelectronics.X-CUBE-TOUCHGFX.4.24.1
2024-10-30 15:18:36,059 [WARN] PackLoader:240 - Cannot read IP mode file for portGmbH.I-Cube-SoM-uGOAL.1.1.0
2024-10-30 15:18:36,063 [WARN] PackLoader:240 - Cannot read IP mode file for STMicroelectronics.X-CUBE-ALS.1.0.1
2024-10-30 15:18:36,072 [WARN] PackLoader:240 - Cannot read IP mode file for STMicroelectronics.X-CUBE-AZRTOS-WB.1.1.0
2024-10-30 15:18:36,086 [WARN] PackLoader:240 - Cannot read IP mode file for STMicroelectronics.X-CUBE-AZRTOS-H7RS.1.0.0
2024-10-30 15:18:36,091 [WARN] PackLoader:240 - Cannot read IP mode file for STMicroelectronics.FP-ATR-ASTRA1.2.0.0
2024-10-30 15:18:36,098 [WARN] PackLoader:240 - Cannot read IP mode file for STMicroelectronics.X-CUBE-TOF1.3.4.2
2024-10-30 15:18:36,108 [WARN] PackLoader:240 - Cannot read IP mode file for STMicroelectronics.X-CUBE-TOF1.3.4.0
2024-10-30 15:18:36,118 [WARN] PackLoader:240 - Cannot read IP mode file for wolfSSL.I-CUBE-wolfSSH.1.4.17
2024-10-30 15:18:36,119 [INFO] ThirdParty:978 - Integrity check success = true
2024-10-30 15:18:36,119 [INFO] IntegrityCheckThread:100 - exiting critical section [integrity check]
2024-10-30 15:18:36,119 [INFO] IntegrityCheckThread:103 - End integrity checks thread
2024-10-30 17:30:06,465 [ERROR] LogOutputStream:75 - [STDERR_REDIRECT] 
