2024-10-29 09:27:32,106 [INFO] Activator:176 - 


2024-10-29 09:27:32,108 [INFO] Activator:177 - !SESSION log4j initialized
2024-10-29 09:27:37,153 [INFO] LogOutputStream:77 - [STDOUT_REDIRECT] 
2024-10-29 09:27:40,576 [INFO] ApplicationProperties:184 - Using Application install path: D:\software\STM32CubeIDE_1.16.1\STM32CubeIDE\plugins\com.st.stm32cube.common.mx_6.12.1.202409122256
2024-10-29 09:27:40,669 [INFO] DbMcusXml:78 - Set database path to: D:\software\STM32CubeIDE_1.16.1\STM32CubeIDE\plugins\com.st.stm32cube.common.mx_6.12.1.202409122256\\db\/mcu/
2024-10-29 09:27:40,669 [INFO] ApiDb:274 - Set plugin database path to: D:\software\STM32CubeIDE_1.16.1\STM32CubeIDE\plugins\com.st.stm32cube.common.mx_6.12.1.202409122256\\db\/plugins/boardmanager/
2024-10-29 09:27:40,670 [WARN] ApiDb:259 - Overriding images path with different value:  => D:\software\STM32CubeIDE_1.16.1\STM32CubeIDE\plugins\com.st.stm32cube.common.mx_6.12.1.202409122256\\db\/plugins/mcufinder/images/
2024-10-29 09:27:40,850 [INFO] ApiDb:250 - Set database path to: C:\Users\19948\.stmcufinder\plugins\mcufinder//mcu/
2024-10-29 09:27:40,851 [INFO] DbMcusAds:125 - Set database path to: C:\Users\19948\.stmcufinder\plugins\mcufinder//mcu/
2024-10-29 09:27:40,853 [INFO] CrossReferenceDbSqlite:203 - Set database path to: C:\Users\19948\.stmcufinder\plugins\mcufinder//mcu/cs/
2024-10-29 09:27:41,072 [INFO] RulesReader:64 - Compatibility file has been processed (297 Rules)
2024-10-29 09:27:41,309 [INFO] DbMcusXml:78 - Set database path to: D:\software\STM32CubeIDE_1.16.1\STM32CubeIDE\plugins\com.st.stm32cube.common.mx_6.12.1.202409122256\\db\/mcu/
2024-10-29 09:27:41,309 [INFO] ApiDb:274 - Set plugin database path to: D:\software\STM32CubeIDE_1.16.1\STM32CubeIDE\plugins\com.st.stm32cube.common.mx_6.12.1.202409122256\\db\/plugins/boardmanager/
2024-10-29 09:27:41,310 [INFO] ApiDb:261 - Set plugin images path to: D:\software\STM32CubeIDE_1.16.1\STM32CubeIDE\plugins\com.st.stm32cube.common.mx_6.12.1.202409122256\\db\/plugins/mcufinder/images/
2024-10-29 09:27:41,310 [WARN] DbFile:41 - Overriding database path with different value: C:\Users\19948\.stmcufinder\plugins\mcufinder/ => C:\Users\19948\.stmcufinder\plugins\mcufinder
2024-10-29 09:27:41,310 [INFO] ApiDb:250 - Set database path to: C:\Users\19948\.stmcufinder\plugins\mcufinder//mcu/
2024-10-29 09:27:41,310 [WARN] DbFile:41 - Overriding database path with different value: C:\Users\19948\.stmcufinder\plugins\mcufinder/ => C:\Users\19948\.stmcufinder\plugins\mcufinder
2024-10-29 09:27:41,310 [INFO] DbMcusAds:125 - Set database path to: C:\Users\19948\.stmcufinder\plugins\mcufinder//mcu/
2024-10-29 09:27:41,310 [WARN] DbFile:41 - Overriding database path with different value: C:\Users\19948\.stmcufinder\plugins\mcufinder/ => C:\Users\19948\.stmcufinder\plugins\mcufinder
2024-10-29 09:27:41,310 [WARN] DbFile:41 - Overriding database path with different value: C:\Users\19948\.stmcufinder\plugins\mcufinder/ => C:\Users\19948\.stmcufinder\plugins\mcufinder
2024-10-29 09:27:41,310 [INFO] CrossReferenceDbSqlite:203 - Set database path to: C:\Users\19948\.stmcufinder\plugins\mcufinder//mcu/cs/
2024-10-29 09:27:41,668 [INFO] MainPanel:268 - HeapMemory: 268435456
2024-10-29 09:27:41,933 [INFO] DbMcusXml:78 - Set database path to: D:\software\STM32CubeIDE_1.16.1\STM32CubeIDE\plugins\com.st.stm32cube.common.mx_6.12.1.202409122256\\db\/mcu/
2024-10-29 09:27:41,933 [INFO] ApiDb:274 - Set plugin database path to: D:\software\STM32CubeIDE_1.16.1\STM32CubeIDE\plugins\com.st.stm32cube.common.mx_6.12.1.202409122256\\db\/plugins/boardmanager/
2024-10-29 09:27:41,933 [INFO] ApiDb:261 - Set plugin images path to: D:\software\STM32CubeIDE_1.16.1\STM32CubeIDE\plugins\com.st.stm32cube.common.mx_6.12.1.202409122256\\db\/plugins/mcufinder/images/
2024-10-29 09:27:41,934 [WARN] DbFile:41 - Overriding database path with different value: C:\Users\19948\.stmcufinder\plugins\mcufinder/ => C:\Users\19948\.stmcufinder\plugins\mcufinder
2024-10-29 09:27:41,934 [INFO] ApiDb:250 - Set database path to: C:\Users\19948\.stmcufinder\plugins\mcufinder//mcu/
2024-10-29 09:27:41,934 [WARN] DbFile:41 - Overriding database path with different value: C:\Users\19948\.stmcufinder\plugins\mcufinder/ => C:\Users\19948\.stmcufinder\plugins\mcufinder
2024-10-29 09:27:41,934 [INFO] DbMcusAds:125 - Set database path to: C:\Users\19948\.stmcufinder\plugins\mcufinder//mcu/
2024-10-29 09:27:41,934 [WARN] DbFile:41 - Overriding database path with different value: C:\Users\19948\.stmcufinder\plugins\mcufinder/ => C:\Users\19948\.stmcufinder\plugins\mcufinder
2024-10-29 09:27:41,934 [WARN] DbFile:41 - Overriding database path with different value: C:\Users\19948\.stmcufinder\plugins\mcufinder/ => C:\Users\19948\.stmcufinder\plugins\mcufinder
2024-10-29 09:27:41,934 [INFO] CrossReferenceDbSqlite:203 - Set database path to: C:\Users\19948\.stmcufinder\plugins\mcufinder//mcu/cs/
2024-10-29 09:27:41,959 [INFO] ApplicationProperties:184 - Using Application install path: D:\software\STM32CubeIDE_1.16.1\STM32CubeIDE\plugins\com.st.stm32cube.common.mx_6.12.1.202409122256
2024-10-29 09:27:41,960 [INFO] PluginManage:196 - Search for loadable plugins [exclusion list=, ]
2024-10-29 09:27:42,007 [INFO] PluginManage:310 - Check plugin analytics
2024-10-29 09:27:42,269 [INFO] AnalyticsPlugin:253 - Accepted Software Licenses: 
2024-10-29 09:27:42,270 [INFO] AnalyticsPlugin:255 - Accepted CMSIS Pack Licenses: 
2024-10-29 09:27:42,270 [INFO] AnalyticsPlugin:257 - Accepted Firmware Licenses: 
2024-10-29 09:27:42,272 [INFO] PluginManage:359 - Loaded plugin analytics (category:tool,tabindex:-1)
2024-10-29 09:27:42,272 [INFO] PluginManage:310 - Check plugin cadmodel
2024-10-29 09:27:42,319 [INFO] CADModel:105 - Init CAD model plugin
2024-10-29 09:27:42,319 [INFO] PluginManage:359 - Loaded plugin cadmodel (category:power,tabindex:5)
2024-10-29 09:27:42,319 [INFO] PluginManage:310 - Check plugin clock
2024-10-29 09:27:42,333 [INFO] PluginManage:359 - Loaded plugin clock (category:base,tabindex:2)
2024-10-29 09:27:42,333 [INFO] PluginManage:310 - Check plugin ddr
2024-10-29 09:27:42,366 [INFO] PluginManage:359 - Loaded plugin ddr (category:tool,tabindex:6)
2024-10-29 09:27:42,367 [INFO] PluginManage:310 - Check plugin filemanager
2024-10-29 09:27:42,916 [INFO] PluginManage:359 - Loaded plugin filemanager (category:base,tabindex:10)
2024-10-29 09:27:42,916 [INFO] PluginManage:310 - Check plugin ipmanager
2024-10-29 09:27:42,944 [INFO] PluginManage:359 - Loaded plugin ipmanager (category:base,tabindex:5)
2024-10-29 09:27:42,944 [INFO] PluginManage:310 - Check plugin lpbam
2024-10-29 09:27:42,968 [INFO] PluginManage:359 - Loaded plugin lpbam (category:base,tabindex:0)
2024-10-29 09:27:42,968 [INFO] PluginManage:310 - Check plugin memorymap
2024-10-29 09:27:43,059 [INFO] PluginManage:359 - Loaded plugin memorymap (category:base,tabindex:4)
2024-10-29 09:27:43,059 [INFO] PluginManage:310 - Check plugin pinoutandconfiguration
2024-10-29 09:27:43,070 [INFO] PluginManage:359 - Loaded plugin pinoutandconfiguration (category:base,tabindex:1)
2024-10-29 09:27:43,071 [INFO] PluginManage:310 - Check plugin pinoutconfig
2024-10-29 09:27:43,243 [WARN] SupportedApi:132 - Cannot load RTOS API schema: s4s-elt-must-match.1: The content of 'definitions' must match (annotation?, (simpleType | complexType)?, (unique | key | keyref)*)). A problem was found starting at: attribute.
2024-10-29 09:27:43,389 [INFO] PluginManage:359 - Loaded plugin pinoutconfig (category:base,tabindex:0)
2024-10-29 09:27:43,390 [INFO] PluginManage:310 - Check plugin power
2024-10-29 09:27:43,472 [INFO] PluginManage:359 - Loaded plugin power (category:power,tabindex:4)
2024-10-29 09:27:43,472 [INFO] PluginManage:310 - Check plugin projectmanager
2024-10-29 09:27:43,490 [INFO] PluginManage:359 - Loaded plugin projectmanager (category:projectmanager,tabindex:4)
2024-10-29 09:27:43,490 [INFO] PluginManage:310 - Check plugin rif
2024-10-29 09:27:43,514 [INFO] PluginManage:359 - Loaded plugin rif (category:base,tabindex:3)
2024-10-29 09:27:43,514 [INFO] PluginManage:310 - Check plugin thirdparty
2024-10-29 09:27:43,781 [INFO] PluginManage:359 - Loaded plugin thirdparty (category:base,tabindex:-1)
2024-10-29 09:27:43,781 [WARN] IntegrityCheckThread:84 - waiting for thirdparty lock release [integrity check]
2024-10-29 09:27:43,782 [INFO] IntegrityCheckThread:86 - entering critical section [integrity check]
2024-10-29 09:27:43,782 [INFO] PluginManage:310 - Check plugin tools
2024-10-29 09:27:43,782 [INFO] ThirdPartyUpdaterWithRetryManager:70 - Updater plugin not ready yet. [1/15]
2024-10-29 09:27:43,784 [INFO] PluginManage:359 - Loaded plugin tools (category:base,tabindex:7)
2024-10-29 09:27:43,784 [INFO] PluginManage:310 - Check plugin tutovideos
2024-10-29 09:27:44,097 [INFO] PluginManage:359 - Loaded plugin tutovideos (category:base,tabindex:-1)
2024-10-29 09:27:44,097 [INFO] PluginManage:310 - Check plugin updater
2024-10-29 09:27:44,146 [INFO] PluginManage:359 - Loaded plugin updater (category:base,tabindex:12)
2024-10-29 09:27:44,146 [INFO] PluginManage:310 - Check plugin userauth
2024-10-29 09:27:44,179 [INFO] UserAuth:113 - Init User Auth plugin
2024-10-29 09:27:44,179 [INFO] PluginManage:359 - Loaded plugin userauth (category:base,tabindex:14)
2024-10-29 09:27:44,179 [INFO] PluginManage:283 - PluginManage : Loaded plugins [18]
2024-10-29 09:27:44,801 [INFO] PinOutPanel:1561 - setPackage(No Configuration,No Configuration)
2024-10-29 09:27:44,943 [INFO] CADModel:165 - CPN selected for project level
2024-10-29 09:27:44,943 [INFO] CADModel:114 - Register for checkConnection events
2024-10-29 09:27:45,064 [INFO] IPUIPlugin:80 - create IPUIPlugin
2024-10-29 09:27:45,064 [INFO] PluginManager:220 - loadIPPluginJar : add adc
2024-10-29 09:27:45,066 [INFO] IPUIPlugin:80 - create IPUIPlugin
2024-10-29 09:27:45,066 [INFO] PluginManager:220 - loadIPPluginJar : add aes
2024-10-29 09:27:45,068 [INFO] IPUIPlugin:80 - create IPUIPlugin
2024-10-29 09:27:45,068 [INFO] PluginManager:220 - loadIPPluginJar : add can
2024-10-29 09:27:45,069 [INFO] IPUIPlugin:80 - create IPUIPlugin
2024-10-29 09:27:45,069 [INFO] PluginManager:220 - loadIPPluginJar : add comp
2024-10-29 09:27:45,071 [INFO] IPUIPlugin:80 - create IPUIPlugin
2024-10-29 09:27:45,071 [INFO] PluginManager:220 - loadIPPluginJar : add cryp
2024-10-29 09:27:45,094 [INFO] IPUIPlugin:80 - create IPUIPlugin
2024-10-29 09:27:45,094 [INFO] PluginManager:220 - loadIPPluginJar : add ddr_ctrl_phy
2024-10-29 09:27:45,096 [INFO] IPUIPlugin:80 - create IPUIPlugin
2024-10-29 09:27:45,097 [INFO] PluginManager:220 - loadIPPluginJar : add dfsdm
2024-10-29 09:27:45,101 [INFO] IPUIPlugin:80 - create IPUIPlugin
2024-10-29 09:27:45,101 [INFO] PluginManager:220 - loadIPPluginJar : add dma
2024-10-29 09:27:45,103 [INFO] IPUIPlugin:80 - create IPUIPlugin
2024-10-29 09:27:45,103 [INFO] PluginManager:220 - loadIPPluginJar : add dma3
2024-10-29 09:27:45,105 [INFO] IPUIPlugin:80 - create IPUIPlugin
2024-10-29 09:27:45,105 [INFO] PluginManager:220 - loadIPPluginJar : add extmemmanager
2024-10-29 09:27:45,106 [INFO] IPUIPlugin:80 - create IPUIPlugin
2024-10-29 09:27:45,106 [INFO] PluginManager:220 - loadIPPluginJar : add fatfs
2024-10-29 09:27:45,109 [INFO] IPUIPlugin:80 - create IPUIPlugin
2024-10-29 09:27:45,109 [INFO] PluginManager:220 - loadIPPluginJar : add fmc
2024-10-29 09:27:45,115 [INFO] IPUIPlugin:80 - create IPUIPlugin
2024-10-29 09:27:45,115 [INFO] PluginManager:220 - loadIPPluginJar : add freertos
2024-10-29 09:27:45,116 [INFO] IPUIPlugin:80 - create IPUIPlugin
2024-10-29 09:27:45,117 [INFO] PluginManager:220 - loadIPPluginJar : add genericplugin
2024-10-29 09:27:45,118 [INFO] IPUIPlugin:80 - create IPUIPlugin
2024-10-29 09:27:45,118 [INFO] PluginManager:220 - loadIPPluginJar : add gfxmmu
2024-10-29 09:27:45,123 [INFO] IPUIPlugin:80 - create IPUIPlugin
2024-10-29 09:27:45,123 [INFO] PluginManager:220 - loadIPPluginJar : add gic
2024-10-29 09:27:45,126 [INFO] IPUIPlugin:80 - create IPUIPlugin
2024-10-29 09:27:45,126 [INFO] PluginManager:220 - loadIPPluginJar : add gpio
2024-10-29 09:27:45,128 [INFO] IPUIPlugin:80 - create IPUIPlugin
2024-10-29 09:27:45,128 [INFO] PluginManager:220 - loadIPPluginJar : add gtzc
2024-10-29 09:27:45,130 [INFO] IPUIPlugin:80 - create IPUIPlugin
2024-10-29 09:27:45,130 [INFO] PluginManager:220 - loadIPPluginJar : add hash
2024-10-29 09:27:45,132 [INFO] IPUIPlugin:80 - create IPUIPlugin
2024-10-29 09:27:45,132 [INFO] PluginManager:220 - loadIPPluginJar : add i2c
2024-10-29 09:27:45,134 [INFO] IPUIPlugin:80 - create IPUIPlugin
2024-10-29 09:27:45,134 [INFO] PluginManager:220 - loadIPPluginJar : add i2s
2024-10-29 09:27:45,135 [INFO] IPUIPlugin:80 - create IPUIPlugin
2024-10-29 09:27:45,135 [INFO] PluginManager:220 - loadIPPluginJar : add i3c
2024-10-29 09:27:45,140 [INFO] IPUIPlugin:80 - create IPUIPlugin
2024-10-29 09:27:45,140 [INFO] PluginManager:220 - loadIPPluginJar : add ipddr
2024-10-29 09:27:45,161 [INFO] IPUIPlugin:80 - create IPUIPlugin
2024-10-29 09:27:45,161 [INFO] PluginManager:220 - loadIPPluginJar : add linkedlist
2024-10-29 09:27:45,163 [INFO] IPUIPlugin:80 - create IPUIPlugin
2024-10-29 09:27:45,163 [INFO] PluginManager:220 - loadIPPluginJar : add lorawan
2024-10-29 09:27:45,165 [INFO] IPUIPlugin:80 - create IPUIPlugin
2024-10-29 09:27:45,165 [INFO] PluginManager:220 - loadIPPluginJar : add ltdc
2024-10-29 09:27:45,168 [INFO] IPUIPlugin:80 - create IPUIPlugin
2024-10-29 09:27:45,169 [INFO] PluginManager:220 - loadIPPluginJar : add mdma
2024-10-29 09:27:45,171 [INFO] IPUIPlugin:80 - create IPUIPlugin
2024-10-29 09:27:45,171 [INFO] PluginManager:220 - loadIPPluginJar : add nvic
2024-10-29 09:27:45,173 [INFO] IPUIPlugin:80 - create IPUIPlugin
2024-10-29 09:27:45,174 [INFO] PluginManager:220 - loadIPPluginJar : add opamp
2024-10-29 09:27:45,176 [INFO] IPUIPlugin:80 - create IPUIPlugin
2024-10-29 09:27:45,176 [INFO] PluginManager:220 - loadIPPluginJar : add openamp
2024-10-29 09:27:45,179 [INFO] IPUIPlugin:80 - create IPUIPlugin
2024-10-29 09:27:45,179 [INFO] PluginManager:220 - loadIPPluginJar : add pdm2pcm
2024-10-29 09:27:45,182 [INFO] IPUIPlugin:80 - create IPUIPlugin
2024-10-29 09:27:45,185 [INFO] PluginManager:220 - loadIPPluginJar : add plateformsettings
2024-10-29 09:27:45,186 [INFO] IPUIPlugin:80 - create IPUIPlugin
2024-10-29 09:27:45,187 [INFO] PluginManager:220 - loadIPPluginJar : add quadspi
2024-10-29 09:27:45,188 [INFO] IPUIPlugin:80 - create IPUIPlugin
2024-10-29 09:27:45,188 [INFO] PluginManager:220 - loadIPPluginJar : add radio
2024-10-29 09:27:45,192 [INFO] IPUIPlugin:80 - create IPUIPlugin
2024-10-29 09:27:45,192 [INFO] PluginManager:220 - loadIPPluginJar : add resmgrutility
2024-10-29 09:27:45,194 [INFO] IPUIPlugin:80 - create IPUIPlugin
2024-10-29 09:27:45,194 [INFO] PluginManager:220 - loadIPPluginJar : add sai
2024-10-29 09:27:45,196 [INFO] IPUIPlugin:80 - create IPUIPlugin
2024-10-29 09:27:45,197 [INFO] PluginManager:220 - loadIPPluginJar : add spi
2024-10-29 09:27:45,201 [INFO] IPUIPlugin:80 - create IPUIPlugin
2024-10-29 09:27:45,201 [INFO] PluginManager:220 - loadIPPluginJar : add stm32_wpan
2024-10-29 09:27:45,202 [INFO] IPUIPlugin:80 - create IPUIPlugin
2024-10-29 09:27:45,202 [INFO] PluginManager:220 - loadIPPluginJar : add tim
2024-10-29 09:27:45,205 [INFO] IPUIPlugin:80 - create IPUIPlugin
2024-10-29 09:27:45,205 [INFO] PluginManager:220 - loadIPPluginJar : add touchsensing
2024-10-29 09:27:45,206 [INFO] IPUIPlugin:80 - create IPUIPlugin
2024-10-29 09:27:45,206 [INFO] PluginManager:220 - loadIPPluginJar : add tracer_emb
2024-10-29 09:27:45,208 [INFO] IPUIPlugin:80 - create IPUIPlugin
2024-10-29 09:27:45,208 [INFO] PluginManager:220 - loadIPPluginJar : add ts
2024-10-29 09:27:45,209 [INFO] IPUIPlugin:80 - create IPUIPlugin
2024-10-29 09:27:45,209 [INFO] PluginManager:220 - loadIPPluginJar : add tsc
2024-10-29 09:27:45,210 [INFO] IPUIPlugin:80 - create IPUIPlugin
2024-10-29 09:27:45,210 [INFO] PluginManager:220 - loadIPPluginJar : add ucpd
2024-10-29 09:27:45,212 [INFO] IPUIPlugin:80 - create IPUIPlugin
2024-10-29 09:27:45,212 [INFO] PluginManager:220 - loadIPPluginJar : add usart
2024-10-29 09:27:45,214 [INFO] IPUIPlugin:80 - create IPUIPlugin
2024-10-29 09:27:45,214 [INFO] PluginManager:220 - loadIPPluginJar : add usbx
2024-10-29 09:27:45,336 [INFO] CADModel:165 - CPN selected for project level
2024-10-29 09:27:45,337 [INFO] CADModel:114 - Register for checkConnection events
2024-10-29 09:27:45,337 [FATAL] Updater:334 - Updater called before beeing initialized
2024-10-29 09:27:45,337 [ERROR] CADModel:125 - Updater not yet initialized, retry later 
2024-10-29 09:27:45,535 [INFO] CADModel:165 - CPN selected for project level
2024-10-29 09:27:45,535 [INFO] CADModel:114 - Register for checkConnection events
2024-10-29 09:27:45,535 [FATAL] Updater:334 - Updater called before beeing initialized
2024-10-29 09:27:45,535 [ERROR] CADModel:125 - Updater not yet initialized, retry later 
2024-10-29 09:27:45,537 [FATAL] Updater:334 - Updater called before beeing initialized
2024-10-29 09:27:45,626 [FATAL] Updater:334 - Updater called before beeing initialized
2024-10-29 09:27:45,639 [INFO] DbMcusAds:53 - JSON generation date=Fri Sep 20 21:04:38 CST 2024 (1726837478367)
2024-10-29 09:27:45,639 [FATAL] Updater:334 - Updater called before beeing initialized
2024-10-29 09:27:45,906 [WARN] DetailPanel:346 - Failed to get advertising image, set to default
2024-10-29 09:27:46,013 [FATAL] Updater:334 - Updater called before beeing initialized
2024-10-29 09:27:46,014 [FATAL] Updater:334 - Updater called before beeing initialized
2024-10-29 09:27:46,014 [FATAL] Updater:334 - Updater called before beeing initialized
2024-10-29 09:27:46,014 [WARN] DetailPanel:346 - Failed to get advertising image, set to default
2024-10-29 09:27:46,015 [FATAL] Updater:334 - Updater called before beeing initialized
2024-10-29 09:27:46,154 [ERROR] Updater:1164 - MainUpdater not yet initialized. External WinMGr cannot be set.
2024-10-29 09:27:46,174 [INFO] Updater:1100 - Updater Version found : 6.12.1
2024-10-29 09:27:46,205 [INFO] ApplicationProperties:184 - Using Application install path: D:\software\STM32CubeIDE_1.16.1\STM32CubeIDE\plugins\com.st.stm32cube.common.mx_6.12.1.202409122256
2024-10-29 09:27:46,783 [INFO] ThirdPartyUpdaterWithRetryManager:70 - Updater plugin not ready yet. [2/15]
2024-10-29 09:27:47,809 [ERROR] LogOutputStream:75 - [STDERR_REDIRECT] Oct 29, 2024 9:27:47 AM java.util.prefs.WindowsPreferences <init>
2024-10-29 09:27:47,811 [ERROR] LogOutputStream:75 - [STDERR_REDIRECT] WARNING: Could not open/create prefs root node Software\JavaSoft\Prefs at root 0xffffffff80000002. Windows RegCreateKeyEx(...) returned error code 5.
2024-10-29 09:27:47,811 [ERROR] LogOutputStream:75 - [STDERR_REDIRECT] 
2024-10-29 09:27:48,300 [INFO] MainUpdater:2873 - connection check result : 10
2024-10-29 09:27:48,301 [INFO] MainUpdater:290 - Updater Check For Update Now.
2024-10-29 09:27:48,301 [INFO] MicroXplorer:498 - Change Database Version : DB.6.0.121
2024-10-29 09:27:48,328 [INFO] McuFinderGlobals:63 - Set McuFinder mode to 2 (CubeIDE integrated)
2024-10-29 09:27:48,329 [INFO] UserAuth:179 - activating auth plugin
2024-10-29 09:27:48,335 [INFO] UserAuth:417 - Internet connection configuration mode: 1
2024-10-29 09:27:48,591 [INFO] JxBrowserEngine:152 - Initiate JxBrowser Engine with user profile folder
2024-10-29 09:27:48,652 [INFO] CheckServerUpdateThread:120 - End of CheckServer Thread
2024-10-29 09:27:49,880 [INFO] WebApp:167 - Instantiating new browser for Auth
2024-10-29 09:27:50,288 [WARN] PackLoader:240 - Cannot read IP mode file for STMicroelectronics.FP-SNS-MOTENVWB1.1.4.0
2024-10-29 09:27:50,300 [WARN] PackLoader:240 - Cannot read IP mode file for STMicroelectronics.X-CUBE-SMBUS.2.1.0
2024-10-29 09:27:50,311 [WARN] PackLoader:240 - Cannot read IP mode file for STMicroelectronics.X-CUBE-WB05N.1.1.0
2024-10-29 09:27:50,338 [WARN] PackLoader:240 - Cannot read IP mode file for STMicroelectronics.X-CUBE-AZRTOS-F7.1.1.0
2024-10-29 09:27:50,348 [WARN] PackLoader:240 - Cannot read IP mode file for STMicroelectronics.FP-SNS-MOTENV1.4.3.2
2024-10-29 09:27:50,387 [WARN] PackLoader:240 - Cannot read IP mode file for STMicroelectronics.X-CUBE-MEMS1.11.0.0
2024-10-29 09:27:50,494 [WARN] PackLoader:240 - Cannot read IP mode file for STMicroelectronics.X-CUBE-BLE1.6.2.4
2024-10-29 09:27:50,511 [WARN] PackLoader:240 - Cannot read IP mode file for STMicroelectronics.FP-SNS-FLIGHT1.5.0.2
2024-10-29 09:27:50,518 [WARN] PackLoader:240 - Cannot read IP mode file for STMicroelectronics.X-CUBE-DISPLAY.3.0.0
2024-10-29 09:27:50,524 [WARN] PackLoader:240 - Cannot read IP mode file for STMicroelectronics.X-CUBE-BLE1.7.0.0
2024-10-29 09:27:50,530 [WARN] PackLoader:240 - Cannot read IP mode file for STMicroelectronics.X-CUBE-NFC10.1.0.0
2024-10-29 09:27:50,536 [WARN] PackLoader:240 - Cannot read IP mode file for STMicroelectronics.X-CUBE-TOUCHGFX.4.22.0
2024-10-29 09:27:50,540 [WARN] PackLoader:240 - Cannot read IP mode file for STMicroelectronics.X-CUBE-TOUCHGFX.4.22.1
2024-10-29 09:27:50,549 [WARN] PackLoader:240 - Cannot read IP mode file for STMicroelectronics.X-CUBE-BLEMGR.3.1.0
2024-10-29 09:27:50,554 [WARN] PackLoader:240 - Cannot read IP mode file for STMicroelectronics.FP-SNS-SMARTAG2.1.2.0
2024-10-29 09:27:50,562 [INFO] LogOutputStream:77 - [STDOUT_REDIRECT] 1 : Invalid condition id : UX_CORESTACK_Condition cause : null
2024-10-29 09:27:50,563 [INFO] LogOutputStream:77 - [STDOUT_REDIRECT] 1 : Invalid condition id : UX_CORESTACK_Condition cause : null
2024-10-29 09:27:50,563 [INFO] LogOutputStream:77 - [STDOUT_REDIRECT] 1 : Invalid condition id : UX_CORESTACK_Condition cause : null
2024-10-29 09:27:50,564 [INFO] LogOutputStream:77 - [STDOUT_REDIRECT] 1 : Invalid condition id : UX_CORESTACK_Condition cause : null
2024-10-29 09:27:50,565 [INFO] LogOutputStream:77 - [STDOUT_REDIRECT] 1 : Invalid condition id : UX_CORESTACK_Condition cause : null
2024-10-29 09:27:50,567 [WARN] PackLoader:240 - Cannot read IP mode file for STMicroelectronics.X-CUBE-AZRTOS-WL.2.0.0
2024-10-29 09:27:50,572 [WARN] PackLoader:240 - Cannot read IP mode file for STMicroelectronics.FP-SNS-MOTENV1.5.0.0
2024-10-29 09:27:50,577 [WARN] PackLoader:240 - Cannot read IP mode file for wolfSSL.I-CUBE-wolfMQTT.1.19.0
2024-10-29 09:27:50,584 [WARN] PackLoader:240 - Cannot read IP mode file for WES.I-CUBE-Cesium.1.3.0
2024-10-29 09:27:50,590 [WARN] PackLoader:240 - Cannot read IP mode file for STMicroelectronics.X-CUBE-BLE2.3.3.0
2024-10-29 09:27:50,598 [WARN] PackLoader:240 - Cannot read IP mode file for STMicroelectronics.X-CUBE-TOF1.3.2.0
2024-10-29 09:27:50,611 [WARN] PackLoader:240 - Cannot read IP mode file for STMicroelectronics.X-CUBE-NFC9.1.0.0
2024-10-29 09:27:50,619 [WARN] PackLoader:240 - Cannot read IP mode file for STMicroelectronics.X-CUBE-TCPP.4.1.0
2024-10-29 09:27:50,624 [WARN] PackLoader:240 - Cannot read IP mode file for STMicroelectronics.X-CUBE-TOUCHGFX.4.21.1
2024-10-29 09:27:50,654 [WARN] PackLoader:240 - Cannot read IP mode file for STMicroelectronics.X-CUBE-MEMS1.9.4.0
2024-10-29 09:27:50,759 [WARN] PackLoader:240 - Cannot read IP mode file for STMicroelectronics.X-CUBE-AI.7.3.0
2024-10-29 09:27:50,766 [WARN] PackLoader:240 - Cannot read IP mode file for STMicroelectronics.X-CUBE-ALGOBUILD.1.3.0
2024-10-29 09:27:50,778 [WARN] PackLoader:240 - Cannot read IP mode file for STMicroelectronics.X-CUBE-AZRTOS-G0.1.1.0
2024-10-29 09:27:50,785 [WARN] PackLoader:240 - Cannot read IP mode file for STMicroelectronics.X-CUBE-SAFEA1.1.2.2
2024-10-29 09:27:50,792 [WARN] PackLoader:240 - Cannot read IP mode file for STMicroelectronics.X-CUBE-NFC4.3.0.0
2024-10-29 09:27:50,803 [WARN] PackLoader:240 - Cannot read IP mode file for EmbeddedOffice.I-CUBE-FS-RTOS.1.0.1
2024-10-29 09:27:50,804 [ERROR] ConditionMgr:805 - Attr not supported : Dmpu
2024-10-29 09:27:50,804 [ERROR] ConditionMgr:805 - Attr not supported : Dmpu
2024-10-29 09:27:50,804 [ERROR] ConditionMgr:805 - Attr not supported : Dmpu
2024-10-29 09:27:50,804 [ERROR] ConditionMgr:805 - Attr not supported : Dmpu
2024-10-29 09:27:50,804 [ERROR] ConditionMgr:805 - Attr not supported : Dmpu
2024-10-29 09:27:50,804 [ERROR] ConditionMgr:805 - Attr not supported : Dmpu
2024-10-29 09:27:50,804 [ERROR] ConditionMgr:805 - Attr not supported : Dmpu
2024-10-29 09:27:50,804 [ERROR] ConditionMgr:805 - Attr not supported : Dmpu
2024-10-29 09:27:50,804 [ERROR] ConditionMgr:805 - Attr not supported : Dmpu
2024-10-29 09:27:50,804 [ERROR] ConditionMgr:805 - Attr not supported : Dmpu
2024-10-29 09:27:50,804 [ERROR] ConditionMgr:805 - Attr not supported : Dmpu
2024-10-29 09:27:50,804 [ERROR] ConditionMgr:805 - Attr not supported : Dmpu
2024-10-29 09:27:50,804 [ERROR] ConditionMgr:805 - Attr not supported : Dmpu
2024-10-29 09:27:50,804 [ERROR] ConditionMgr:805 - Attr not supported : Dmpu
2024-10-29 09:27:50,804 [ERROR] ConditionMgr:805 - Attr not supported : Dmpu
2024-10-29 09:27:50,804 [ERROR] ConditionMgr:805 - Attr not supported : Dmpu
2024-10-29 09:27:50,804 [ERROR] ConditionMgr:805 - Attr not supported : Dmpu
2024-10-29 09:27:50,804 [ERROR] ConditionMgr:805 - Attr not supported : Dmpu
2024-10-29 09:27:50,804 [ERROR] ConditionMgr:805 - Attr not supported : Dmpu
2024-10-29 09:27:50,804 [ERROR] ConditionMgr:805 - Attr not supported : Dmpu
2024-10-29 09:27:50,804 [ERROR] ConditionMgr:805 - Attr not supported : Dmpu
2024-10-29 09:27:50,804 [ERROR] ConditionMgr:805 - Attr not supported : Dmpu
2024-10-29 09:27:50,805 [ERROR] ConditionMgr:805 - Attr not supported : Dmpu
2024-10-29 09:27:50,805 [ERROR] ConditionMgr:805 - Attr not supported : Dmpu
2024-10-29 09:27:50,805 [ERROR] ConditionMgr:805 - Attr not supported : Dmpu
2024-10-29 09:27:50,805 [ERROR] ConditionMgr:805 - Attr not supported : Dmpu
2024-10-29 09:27:50,805 [ERROR] ConditionMgr:805 - Attr not supported : Dmpu
2024-10-29 09:27:50,805 [ERROR] ConditionMgr:805 - Attr not supported : Dmpu
2024-10-29 09:27:50,805 [ERROR] ConditionMgr:805 - Attr not supported : Dmpu
2024-10-29 09:27:50,805 [ERROR] ConditionMgr:805 - Attr not supported : Dmpu
2024-10-29 09:27:50,805 [ERROR] ConditionMgr:805 - Attr not supported : Dmpu
2024-10-29 09:27:50,805 [ERROR] ConditionMgr:805 - Attr not supported : Dmpu
2024-10-29 09:27:50,805 [ERROR] ConditionMgr:805 - Attr not supported : Dmpu
2024-10-29 09:27:50,805 [ERROR] ConditionMgr:805 - Attr not supported : Dmpu
2024-10-29 09:27:50,805 [ERROR] ConditionMgr:805 - Attr not supported : Dmpu
2024-10-29 09:27:50,805 [ERROR] ConditionMgr:805 - Attr not supported : Dmpu
2024-10-29 09:27:50,805 [ERROR] ConditionMgr:805 - Attr not supported : Dmpu
2024-10-29 09:27:50,805 [ERROR] ConditionMgr:805 - Attr not supported : Dmpu
2024-10-29 09:27:50,806 [ERROR] ConditionMgr:805 - Attr not supported : Dmpu
2024-10-29 09:27:50,806 [ERROR] ConditionMgr:805 - Attr not supported : Dmpu
2024-10-29 09:27:50,806 [ERROR] ConditionMgr:805 - Attr not supported : Dmpu
2024-10-29 09:27:50,806 [ERROR] ConditionMgr:805 - Attr not supported : Dmpu
2024-10-29 09:27:50,806 [ERROR] ConditionMgr:805 - Attr not supported : Dmpu
2024-10-29 09:27:50,806 [ERROR] ConditionMgr:805 - Attr not supported : Dmpu
2024-10-29 09:27:50,806 [ERROR] ConditionMgr:805 - Attr not supported : Dmpu
2024-10-29 09:27:50,806 [ERROR] ConditionMgr:805 - Attr not supported : Dmpu
2024-10-29 09:27:50,806 [ERROR] ConditionMgr:805 - Attr not supported : Dmpu
2024-10-29 09:27:50,806 [ERROR] ConditionMgr:805 - Attr not supported : Dmpu
2024-10-29 09:27:50,806 [ERROR] ConditionMgr:805 - Attr not supported : Dmpu
2024-10-29 09:27:50,807 [ERROR] ConditionMgr:805 - Attr not supported : Dmpu
2024-10-29 09:27:50,807 [ERROR] ConditionMgr:805 - Attr not supported : Dmpu
2024-10-29 09:27:50,807 [ERROR] ConditionMgr:805 - Attr not supported : Dmpu
2024-10-29 09:27:50,807 [ERROR] ConditionMgr:805 - Attr not supported : Dmpu
2024-10-29 09:27:50,807 [ERROR] ConditionMgr:805 - Attr not supported : Dmpu
2024-10-29 09:27:50,807 [ERROR] ConditionMgr:805 - Attr not supported : Dmpu
2024-10-29 09:27:50,807 [ERROR] ConditionMgr:805 - Attr not supported : Dmpu
2024-10-29 09:27:50,807 [ERROR] ConditionMgr:805 - Attr not supported : Dmpu
2024-10-29 09:27:50,807 [ERROR] ConditionMgr:805 - Attr not supported : Dmpu
2024-10-29 09:27:50,807 [ERROR] ConditionMgr:805 - Attr not supported : Dmpu
2024-10-29 09:27:50,807 [ERROR] ConditionMgr:805 - Attr not supported : Dmpu
2024-10-29 09:27:50,807 [ERROR] ConditionMgr:805 - Attr not supported : Dmpu
2024-10-29 09:27:50,807 [ERROR] ConditionMgr:805 - Attr not supported : Dmpu
2024-10-29 09:27:50,808 [ERROR] ConditionMgr:805 - Attr not supported : Dmpu
2024-10-29 09:27:50,808 [ERROR] ConditionMgr:805 - Attr not supported : Dmpu
2024-10-29 09:27:50,816 [WARN] PackLoader:240 - Cannot read IP mode file for STMicroelectronics.X-CUBE-BLEMGR.3.0.0
2024-10-29 09:27:50,824 [WARN] PackLoader:240 - Cannot read IP mode file for STMicroelectronics.X-CUBE-BLEMGR.1.3.0
2024-10-29 09:27:50,832 [WARN] PackLoader:240 - Cannot read IP mode file for RealThread.X-CUBE-RT-Thread_Nano.4.1.1
2024-10-29 09:27:50,837 [WARN] PackLoader:240 - Cannot read IP mode file for STMicroelectronics.FP-ATR-SIGFOX1.3.2.0
2024-10-29 09:27:50,839 [INFO] WebApp:448 - Apply proxy settings
2024-10-29 09:27:50,840 [INFO] WebApp:533 - Chromium requires no authentication
2024-10-29 09:27:50,843 [WARN] PackLoader:240 - Cannot read IP mode file for STMicroelectronics.X-CUBE-EEPRMA1.5.1.0
2024-10-29 09:27:50,866 [INFO] WebApp:476 - Direct internet connection detected
2024-10-29 09:27:50,897 [WARN] PackLoader:240 - Cannot read IP mode file for STMicroelectronics.X-CUBE-MEMS1.9.5.0
2024-10-29 09:27:50,912 [INFO] WebApp:869 - Register for checkConnection events
2024-10-29 09:27:50,912 [INFO] WebApp:448 - Apply proxy settings
2024-10-29 09:27:50,912 [INFO] WebApp:533 - Chromium requires no authentication
2024-10-29 09:27:50,915 [INFO] WebApp:476 - Direct internet connection detected
2024-10-29 09:27:50,988 [WARN] PackLoader:240 - Cannot read IP mode file for SEGGER.I-CUBE-embOS.1.3.1
2024-10-29 09:27:51,017 [WARN] PackLoader:240 - Cannot read IP mode file for STMicroelectronics.X-CUBE-ALGOBUILD.1.4.0
2024-10-29 09:27:51,021 [WARN] PackLoader:240 - Cannot read IP mode file for STMicroelectronics.X-CUBE-AI.9.1.0
2024-10-29 09:27:51,027 [WARN] PackLoader:240 - Cannot read IP mode file for STMicroelectronics.X-CUBE-GNSS1.6.0.0
2024-10-29 09:27:51,038 [WARN] PackLoader:240 - Cannot read IP mode file for STMicroelectronics.X-CUBE-AZRTOS-F4.1.1.0
2024-10-29 09:27:51,043 [WARN] PackLoader:240 - Cannot read IP mode file for STMicroelectronics.X-CUBE-ISPU.2.1.0
2024-10-29 09:27:51,047 [WARN] PackLoader:240 - Cannot read IP mode file for STMicroelectronics.X-CUBE-FREERTOS.1.2.0
2024-10-29 09:27:51,059 [WARN] PackLoader:240 - Cannot read IP mode file for STMicroelectronics.X-CUBE-AZRTOS-L5.2.0.0
2024-10-29 09:27:51,084 [WARN] PackLoader:240 - Cannot read IP mode file for STMicroelectronics.X-CUBE-MEMS1.9.6.0
2024-10-29 09:27:51,147 [WARN] PackLoader:240 - Cannot read IP mode file for STMicroelectronics.X-CUBE-EEPRMA1.4.2.0
2024-10-29 09:27:51,154 [WARN] PackLoader:240 - Cannot read IP mode file for STMicroelectronics.X-CUBE-NFC6.3.1.0
2024-10-29 09:27:51,160 [WARN] PackLoader:240 - Cannot read IP mode file for ITTIA_DB.I-CUBE-ITTIADB.8.8.0
2024-10-29 09:27:51,166 [WARN] PackLoader:240 - Cannot read IP mode file for emotas.I-CUBE-CANOPEN.1.1.3
2024-10-29 09:27:51,170 [WARN] PackLoader:240 - Cannot read IP mode file for STMicroelectronics.X-CUBE-BLEMGR.2.0.0
2024-10-29 09:27:51,171 [INFO] WebApp:220 - Starting web application
2024-10-29 09:27:51,171 [INFO] WebApp:578 - Web application path used D:\software\STM32CubeIDE_1.16.1\STM32CubeIDE\plugins\com.st.stm32cube.common.mx_6.12.1.202409122256\db\plugins\mcufinder\reactClient1\index.html
2024-10-29 09:27:51,179 [WARN] PackLoader:240 - Cannot read IP mode file for STMicroelectronics.X-CUBE-DPower.1.2.0
2024-10-29 09:27:51,185 [WARN] PackLoader:240 - Cannot read IP mode file for STMicroelectronics.X-CUBE-AI.9.0.0
2024-10-29 09:27:51,199 [WARN] ConditionMgr:438 - getConditionDescription Invalid condition id : UX DEVICE CLASS RTOS Condition cause : null
2024-10-29 09:27:51,200 [WARN] ConditionMgr:438 - getConditionDescription Invalid condition id : UX DEVICE CLASS RTOS Condition cause : null
2024-10-29 09:27:51,201 [WARN] PackLoader:240 - Cannot read IP mode file for STMicroelectronics.X-CUBE-AZRTOS-H7.3.1.0
2024-10-29 09:27:51,202 [WARN] ConditionMgr:1039 - genDependencies : Invalid condition id : UX DEVICE CLASS RTOS Condition cause : null
2024-10-29 09:27:51,202 [WARN] ConditionMgr:1039 - genDependencies : Invalid condition id : UX DEVICE CLASS RTOS Condition cause : null
2024-10-29 09:27:51,203 [WARN] ConditionMgr:1039 - genDependencies : Invalid condition id : UX DEVICE CLASS RTOS Condition cause : null
2024-10-29 09:27:51,203 [WARN] ConditionMgr:1039 - genDependencies : Invalid condition id : UX DEVICE CLASS RTOS Condition cause : null
2024-10-29 09:27:51,203 [WARN] ConditionMgr:1039 - genDependencies : Invalid condition id : UX DEVICE CLASS RTOS Condition cause : null
2024-10-29 09:27:51,212 [WARN] PackLoader:240 - Cannot read IP mode file for wolfSSL.I-CUBE-wolfSSL.5.5.4
2024-10-29 09:27:51,227 [WARN] PackLoader:240 - Cannot read IP mode file for STMicroelectronics.X-CUBE-NFC7.1.0.1
2024-10-29 09:27:51,252 [WARN] PackLoader:240 - Cannot read IP mode file for STMicroelectronics.X-CUBE-NFC7.1.0.0
2024-10-29 09:27:51,256 [WARN] PackLoader:240 - Cannot read IP mode file for wolfSSL.I-CUBE-wolfTPM.3.2.0
2024-10-29 09:27:51,264 [WARN] PackLoader:240 - Cannot read IP mode file for STMicroelectronics.X-CUBE-NFC6.3.0.0
2024-10-29 09:27:51,271 [WARN] PackLoader:240 - Cannot read IP mode file for STMicroelectronics.X-CUBE-EEPRMA1.4.1.0
2024-10-29 09:27:51,276 [WARN] PackLoader:240 - Cannot read IP mode file for STMicroelectronics.X-CUBE-AI.8.1.0
2024-10-29 09:27:51,291 [WARN] ConditionMgr:438 - getConditionDescription Invalid condition id : LAN8742 Phy interface Condition cause : null
2024-10-29 09:27:51,291 [WARN] PackLoader:240 - Cannot read IP mode file for STMicroelectronics.X-CUBE-AZRTOS-L4.2.0.0
2024-10-29 09:27:51,292 [WARN] ConditionMgr:1039 - genDependencies : Invalid condition id : LAN8742 Phy interface Condition cause : null
2024-10-29 09:27:51,292 [WARN] ConditionMgr:1039 - genDependencies : Invalid condition id : LAN8742 Phy interface Condition cause : null
2024-10-29 09:27:51,292 [WARN] ConditionMgr:1039 - genDependencies : Invalid condition id : LAN8742 Phy interface Condition cause : null
2024-10-29 09:27:51,305 [WARN] PackLoader:240 - Cannot read IP mode file for STMicroelectronics.X-CUBE-SFXS2LP1.4.0.0
2024-10-29 09:27:51,322 [WARN] PackLoader:240 - Cannot read IP mode file for STMicroelectronics.X-CUBE-AZRTOS-H7.3.0.0
2024-10-29 09:27:51,331 [WARN] PackLoader:240 - Cannot read IP mode file for STMicroelectronics.X-CUBE-ISPU.1.1.0
2024-10-29 09:27:51,351 [WARN] PackLoader:240 - Cannot read IP mode file for STMicroelectronics.X-CUBE-AZRTOS-H7.3.3.0
2024-10-29 09:27:51,362 [WARN] PackLoader:240 - Cannot read IP mode file for RoweBots.I-CUBE-UNISONRTOS.5.5.0-4
2024-10-29 09:27:51,370 [WARN] PackLoader:240 - Cannot read IP mode file for STMicroelectronics.X-CUBE-IPS.3.0.0
2024-10-29 09:27:51,380 [WARN] ConditionMgr:438 - getConditionDescription Invalid condition id : UX DEVICE CLASS RTOS Condition cause : null
2024-10-29 09:27:51,380 [WARN] ConditionMgr:438 - getConditionDescription Invalid condition id : UX DEVICE CLASS RTOS Condition cause : null
2024-10-29 09:27:51,381 [WARN] PackLoader:240 - Cannot read IP mode file for STMicroelectronics.X-CUBE-AZRTOS-WB.2.0.0
2024-10-29 09:27:51,382 [WARN] ConditionMgr:1039 - genDependencies : Invalid condition id : UX DEVICE CLASS RTOS Condition cause : null
2024-10-29 09:27:51,382 [WARN] ConditionMgr:1039 - genDependencies : Invalid condition id : UX DEVICE CLASS RTOS Condition cause : null
2024-10-29 09:27:51,382 [WARN] ConditionMgr:1039 - genDependencies : Invalid condition id : UX DEVICE CLASS RTOS Condition cause : null
2024-10-29 09:27:51,382 [WARN] ConditionMgr:1039 - genDependencies : Invalid condition id : UX DEVICE CLASS RTOS Condition cause : null
2024-10-29 09:27:51,382 [WARN] ConditionMgr:1039 - genDependencies : Invalid condition id : UX DEVICE CLASS RTOS Condition cause : null
2024-10-29 09:27:51,386 [WARN] PackLoader:240 - Cannot read IP mode file for STMicroelectronics.X-CUBE-FREERTOS.1.0.1
2024-10-29 09:27:51,389 [WARN] PackLoader:240 - Cannot read IP mode file for STMicroelectronics.X-CUBE-GNSS1.7.0.0
2024-10-29 09:27:51,395 [WARN] PackLoader:240 - Cannot read IP mode file for STMicroelectronics.FP-SNS-STBOX1.2.0.0
2024-10-29 09:27:51,405 [WARN] PackLoader:240 - Cannot read IP mode file for STMicroelectronics.X-CUBE-AZRTOS-L5.1.1.0
2024-10-29 09:27:51,408 [WARN] PackLoader:240 - Cannot read IP mode file for STMicroelectronics.X-CUBE-AI.8.0.1
2024-10-29 09:27:51,417 [WARN] PackLoader:240 - Cannot read IP mode file for STMicroelectronics.X-CUBE-SUBG2.5.0.0
2024-10-29 09:27:51,424 [WARN] PackLoader:240 - Cannot read IP mode file for Cesanta.I-CUBE-Mongoose.7.13.0
2024-10-29 09:27:51,432 [WARN] PackLoader:240 - Cannot read IP mode file for STMicroelectronics.X-CUBE-TOF1.3.3.1
2024-10-29 09:27:51,447 [WARN] PackLoader:240 - Cannot read IP mode file for STMicroelectronics.X-CUBE-AZRTOS-G4.2.0.0
2024-10-29 09:27:51,452 [WARN] PackLoader:240 - Cannot read IP mode file for STMicroelectronics.FP-ATR-ASTRA1.1.1.1
2024-10-29 09:27:51,460 [WARN] PackLoader:240 - Cannot read IP mode file for Infineon.AIROC-Wi-Fi-Bluetooth-STM32.1.5.1
2024-10-29 09:27:51,464 [WARN] PackLoader:240 - Cannot read IP mode file for STMicroelectronics.FP-SNS-MOTENVWB1.1.3.0
2024-10-29 09:27:51,467 [WARN] PackLoader:240 - Cannot read IP mode file for STMicroelectronics.FP-SNS-MOTENVWB1.1.3.1
2024-10-29 09:27:51,474 [WARN] PackLoader:240 - Cannot read IP mode file for STMicroelectronics.X-CUBE-AZRTOS-G4.1.0.0
2024-10-29 09:27:51,483 [WARN] PackLoader:240 - Cannot read IP mode file for STMicroelectronics.X-CUBE-AZRTOS-L4.1.0.0
2024-10-29 09:27:51,487 [WARN] PackLoader:240 - Cannot read IP mode file for STMicroelectronics.X-CUBE-ISPU.2.0.0
2024-10-29 09:27:51,491 [WARN] PackLoader:240 - Cannot read IP mode file for STMicroelectronics.X-CUBE-ALS.1.0.2
2024-10-29 09:27:51,507 [WARN] PackLoader:240 - Cannot read IP mode file for STMicroelectronics.X-CUBE-MEMS1.10.0.0
2024-10-29 09:27:51,565 [WARN] PackLoader:240 - Cannot read IP mode file for STMicroelectronics.X-CUBE-FREERTOS.1.1.0
2024-10-29 09:27:51,569 [WARN] PackLoader:240 - Cannot read IP mode file for STMicroelectronics.X-CUBE-TOUCHGFX.4.24.0
2024-10-29 09:27:51,582 [WARN] PackLoader:240 - Cannot read IP mode file for STMicroelectronics.X-CUBE-AZRTOS-WL.1.0.0
2024-10-29 09:27:51,586 [WARN] PackLoader:240 - Cannot read IP mode file for STMicroelectronics.X-CUBE-TOUCHGFX.4.24.1
2024-10-29 09:27:51,592 [WARN] PackLoader:240 - Cannot read IP mode file for portGmbH.I-Cube-SoM-uGOAL.1.1.0
2024-10-29 09:27:51,595 [WARN] PackLoader:240 - Cannot read IP mode file for STMicroelectronics.X-CUBE-ALS.1.0.1
2024-10-29 09:27:51,604 [WARN] PackLoader:240 - Cannot read IP mode file for STMicroelectronics.X-CUBE-AZRTOS-WB.1.1.0
2024-10-29 09:27:51,614 [WARN] PackLoader:240 - Cannot read IP mode file for STMicroelectronics.X-CUBE-AZRTOS-H7RS.1.0.0
2024-10-29 09:27:51,618 [WARN] PackLoader:240 - Cannot read IP mode file for STMicroelectronics.FP-ATR-ASTRA1.2.0.0
2024-10-29 09:27:51,625 [WARN] PackLoader:240 - Cannot read IP mode file for STMicroelectronics.X-CUBE-TOF1.3.4.2
2024-10-29 09:27:51,636 [WARN] PackLoader:240 - Cannot read IP mode file for STMicroelectronics.X-CUBE-TOF1.3.4.0
2024-10-29 09:27:51,645 [WARN] PackLoader:240 - Cannot read IP mode file for wolfSSL.I-CUBE-wolfSSH.1.4.17
2024-10-29 09:27:51,645 [INFO] ThirdParty:978 - Integrity check success = true
2024-10-29 09:27:51,645 [INFO] IntegrityCheckThread:100 - exiting critical section [integrity check]
2024-10-29 09:27:51,645 [INFO] IntegrityCheckThread:103 - End integrity checks thread
2024-10-29 10:15:13,316 [ERROR] LogOutputStream:75 - [STDERR_REDIRECT] 10:15:13.281 ERROR Chromium process exit code: -2,147,483,645
2024-10-29 10:15:13,316 [ERROR] LogOutputStream:75 - [STDERR_REDIRECT] 
2024-10-29 10:15:13,318 [ERROR] LogOutputStream:75 - [STDERR_REDIRECT] 10:15:13.316 ERROR Crash dump dir: C:\Users\19948\AppData\Local\JxBrowser\7.38.2\CrashReports
2024-10-29 10:15:13,318 [ERROR] LogOutputStream:75 - [STDERR_REDIRECT] 
2024-10-29 10:15:13,320 [ERROR] WebApp:397 - JxBrowser engine crashed! Exit code: -2147483645
2024-10-29 10:41:52,380 [INFO] McuFinderGlobals:63 - Set McuFinder mode to 2 (CubeIDE integrated)
2024-10-29 10:41:53,806 [INFO] MainUpdater:2873 - connection check result : 10
2024-10-29 10:41:53,821 [INFO] MainUpdater:2873 - connection check result : 10
2024-10-29 10:41:54,232 [INFO] RulesReader:64 - Compatibility file has been processed (297 Rules)
2024-10-29 10:41:54,239 [INFO] RulesReader:64 - Compatibility file has been processed (297 Rules)
2024-10-29 10:41:54,251 [INFO] MicroXplorer:468 - Change Database Path : 
2024-10-29 10:41:54,251 [INFO] MicroXplorer:498 - Change Database Version : DB.6.0.121
2024-10-29 10:41:54,295 [WARN] ThirdParty:871 - waiting for thirdparty lock release [close project]
2024-10-29 10:41:54,295 [INFO] ThirdParty:873 - entering critical section [close project]
2024-10-29 10:41:54,296 [INFO] ThirdParty:883 - exiting critical section [close project]
2024-10-29 10:41:54,298 [INFO] PinOutPanel:1561 - setPackage(No Configuration,No Configuration)
2024-10-29 10:41:54,304 [INFO] UtilMem:75 - Begin LoadConfig() Used Memory: 325201864 Bytes (688914432)
2024-10-29 10:41:54,305 [INFO] MicroXplorer:468 - Change Database Path : 
2024-10-29 10:41:54,305 [INFO] MicroXplorer:498 - Change Database Version : DB.6.0.121
2024-10-29 10:41:54,305 [INFO] OpenFileManager:332 - Change cursor
2024-10-29 10:41:54,401 [INFO] Mcu:2032 - Initializing MCU STM32F103Z(C-D-E)Tx STM32F103ZETx STM32F103ZET6
2024-10-29 10:41:56,402 [INFO] Context:742 - Trying to add GPIOservice into a context  which must be forbidden
2024-10-29 10:41:56,805 [INFO] RtosManager:555 - Registered RTOS mode: class=CMSIS, group=RTOS, mode=CMSIS_V1, owner=FREERTOS
2024-10-29 10:41:56,806 [INFO] RtosManager:555 - Registered RTOS mode: class=CMSIS, group=RTOS2, mode=CMSIS_V2, owner=FREERTOS
2024-10-29 10:41:56,806 [INFO] RtosManager:555 - Registered RTOS mode: class=RTOS, group=Core, mode=CMSIS_V1, owner=FREERTOS
2024-10-29 10:41:56,806 [INFO] RtosManager:555 - Registered RTOS mode: class=RTOS, group=Core, mode=CMSIS_V2, owner=FREERTOS
2024-10-29 10:41:56,806 [WARN] ModelIntegratedComponent:184 - Missing modes for component STMicroelectronics:FreeRTOS:0.0.1:STMicroelectronics:RTOS:FreeRTOS:Core:::10.2.0:
2024-10-29 10:41:56,811 [WARN] ModelIntegratedComponent:63 - No mode defined for component null
2024-10-29 10:41:56,811 [WARN] ModelIntegratedComponent:63 - No mode defined for component null
2024-10-29 10:41:56,811 [WARN] ModelIntegratedComponent:63 - No mode defined for component null
2024-10-29 10:41:56,811 [WARN] ModelIntegratedComponent:63 - No mode defined for component null
2024-10-29 10:41:56,811 [WARN] ModelIntegratedComponent:63 - No mode defined for component null
2024-10-29 10:41:56,811 [WARN] ModelIntegratedComponent:63 - No mode defined for component null
2024-10-29 10:41:56,811 [WARN] ModelIntegratedComponent:63 - No mode defined for component null
2024-10-29 10:41:56,811 [WARN] ModelIntegratedComponent:63 - No mode defined for component null
2024-10-29 10:41:56,811 [WARN] ModelIntegratedComponent:63 - No mode defined for component null
2024-10-29 10:41:56,811 [WARN] ModelIntegratedComponent:63 - No mode defined for component null
2024-10-29 10:41:56,811 [WARN] ModelIntegratedComponent:63 - No mode defined for component null
2024-10-29 10:41:56,812 [WARN] ModelIntegratedComponent:63 - No mode defined for component null
2024-10-29 10:41:56,812 [WARN] ModelIntegratedComponent:63 - No mode defined for component null
2024-10-29 10:41:56,812 [WARN] ModelIntegratedComponent:63 - No mode defined for component null
2024-10-29 10:41:56,812 [WARN] ModelIntegratedComponent:63 - No mode defined for component null
2024-10-29 10:41:56,812 [WARN] ModelIntegratedComponent:63 - No mode defined for component null
2024-10-29 10:41:56,812 [WARN] ModelIntegratedComponent:63 - No mode defined for component null
2024-10-29 10:41:56,812 [WARN] ModelIntegratedComponent:63 - No mode defined for component null
2024-10-29 10:41:56,812 [WARN] ModelIntegratedComponent:63 - No mode defined for component null
2024-10-29 10:41:56,812 [WARN] ModelIntegratedComponent:63 - No mode defined for component null
2024-10-29 10:41:56,812 [WARN] ModelIntegratedComponent:63 - No mode defined for component null
2024-10-29 10:41:56,812 [WARN] ModelIntegratedComponent:63 - No mode defined for component null
2024-10-29 10:41:56,812 [WARN] ModelIntegratedComponent:63 - No mode defined for component null
2024-10-29 10:41:56,812 [WARN] ModelIntegratedComponent:63 - No mode defined for component null
2024-10-29 10:41:56,812 [WARN] ModelIntegratedComponent:63 - No mode defined for component null
2024-10-29 10:41:56,812 [WARN] ModelIntegratedComponent:63 - No mode defined for component null
2024-10-29 10:41:56,812 [WARN] ModelIntegratedComponent:63 - No mode defined for component null
2024-10-29 10:41:56,812 [WARN] ModelIntegratedComponent:63 - No mode defined for component null
2024-10-29 10:41:56,812 [WARN] ModelIntegratedComponent:63 - No mode defined for component null
2024-10-29 10:41:56,812 [WARN] ModelIntegratedComponent:63 - No mode defined for component null
2024-10-29 10:41:56,812 [WARN] ModelIntegratedComponent:63 - No mode defined for component null
2024-10-29 10:41:56,812 [WARN] ModelIntegratedComponent:63 - No mode defined for component null
2024-10-29 10:41:56,812 [WARN] ModelIntegratedComponent:63 - No mode defined for component null
2024-10-29 10:41:56,813 [WARN] ModelIntegratedComponent:63 - No mode defined for component null
2024-10-29 10:41:56,813 [WARN] ModelIntegratedComponent:63 - No mode defined for component null
2024-10-29 10:41:56,813 [WARN] ModelPack:524 - Component already loaded: STMicroelectronics:HAL Drivers:0.0.0:STMicroelectronics:Device:STMicro_Driver:XSPI:HAL::0.0.1:HAL_XSPI
2024-10-29 10:41:56,960 [INFO] ThirdPartyModel:298 - Start build external matchings
2024-10-29 10:41:57,978 [INFO] ThirdPartyModel:316 - End build external matchings
2024-10-29 10:41:58,008 [INFO] RtosManager:919 - Current active RTOS is FREERTOS [Cortex-M3NS]
2024-10-29 10:41:58,017 [INFO] ImportTextPane:205 - (OptionalMessage_ERROR) IP (RCC) : Parameter (ADCFreqValue) has invalid value (36000000)
2024-10-29 10:41:58,017 [INFO] ImportTextPane:205 - (OptionalMessage_ERROR) IP (RCC) : Invalid parameter (FamilyName)
2024-10-29 10:41:58,018 [INFO] ImportTextPane:205 - (OptionalMessage_ERROR) IP (RCC) : Parameter (MCOFreq_Value) has invalid value (72000000)
2024-10-29 10:41:58,018 [INFO] ImportTextPane:205 - (OptionalMessage_ERROR) IP (RCC) : Parameter (USBFreq_Value) has invalid value (72000000)
2024-10-29 10:41:59,984 [INFO] ApiDb:581 - Connected to CubeFinder SQLite database (C:\Users\19948\.stmcufinder\plugins\mcufinder\mcu\cube-finder-db.db)
2024-10-29 10:42:00,134 [INFO] ApiDb:668 - CubeFinder database Data Model version=2.1
2024-10-29 10:42:00,134 [INFO] ApiDb:669 - CubeFinder database Configuration version=3.0.39
2024-10-29 10:42:00,135 [INFO] ApiDb:670 - CubeFinder database generation date=2024-10-15 (1729006872)
2024-10-29 10:42:00,135 [INFO] ApiDb:671 - CubeFinder database FW Pack versions=[FP-ATR-ASTRA1_V2.0.0, FP-SNS-FLIGHT1_V5.0.2, FP-SNS-MOTENV1_V5.0.0, FP-SNS-MOTENVWB1_V1.4.0, FP-SNS-SMARTAG2_V1.2.0, FP-SNS-STBOX1_V2.0.0, STM32Cube_FW_C0_V1.2.0, STM32Cube_FW_F4_V1.28.1, STM32Cube_FW_F7_V1.17.2, STM32Cube_FW_G0_V1.6.2, STM32Cube_FW_G4_V1.6.0, STM32Cube_FW_H5_V1.3.0, STM32Cube_FW_H7RS_V1.1.0, STM32Cube_FW_H7_V1.11.2, STM32Cube_FW_L0_V1.12.2, STM32Cube_FW_L5_V1.5.1, STM32Cube_FW_U0_V1.1.0, STM32Cube_FW_U5_V1.6.0, STM32Cube_FW_WB0_V1.0.0, STM32Cube_FW_WBA_V1.4.1, STM32Cube_FW_WB_V1.20.0, STM32Cube_FW_WL_V1.3.0, X-CUBE-ALGOBUILD_V1.4.0, X-CUBE-ALS_V1.0.2, X-CUBE-AZRTOS-F4_V1.1.0, X-CUBE-AZRTOS-F7_V1.1.0, X-CUBE-AZRTOS-G0_V1.1.0, X-CUBE-AZRTOS-G4_V2.0.0, X-CUBE-AZRTOS-H7RS_V1.0.0, X-CUBE-AZRTOS-H7_V3.3.0, X-CUBE-AZRTOS-L4_V2.0.0, X-CUBE-AZRTOS-L5_V2.0.0, X-CUBE-AZRTOS-WB_V2.0.0, X-CUBE-AZRTOS-WL_V2.0.0, X-CUBE-BLE1_V7.0.0, X-CUBE-BLE2_V3.3.0, X-CUBE-BLEMGR_V3.1.0, X-CUBE-EEPRMA1_V5.1.0, X-CUBE-FREERTOS_V1.2.0, X-CUBE-GNSS1_V6.0.0, X-CUBE-MEMS1_V11.0.0, X-CUBE-NFC4_V3.0.0, X-CUBE-NFC7_V1.0.1, X-CUBE-SFXS2LP1_V4.0.0, X-CUBE-SUBG2_V5.0.0, X-CUBE-TOF1_V3.4.2]
2024-10-29 10:42:00,286 [INFO] DbBoardsSqlite:226 - include board P-NUCLEO-WB55-NUCLEO as a kit item of type 'Nucleo-64'
2024-10-29 10:42:00,286 [INFO] DbBoardsSqlite:226 - include board P-NUCLEO-WB55-USBDONGLE as a kit item of type 'Nucleo USB Dongle'
2024-10-29 10:42:00,288 [INFO] DbBoardsSqlite:226 - include board STEVAL-IDP005V1 as a kit item of type 'Evaluation Board'
2024-10-29 10:42:00,288 [INFO] DbBoardsSqlite:226 - include board STEVAL-IDP005V2 as a kit item of type 'Evaluation Board'
2024-10-29 10:42:00,716 [INFO] ApiDb:240 - Found 646 in-development CPN: [B-G473E-ZEST1S, B-WB1M-WPAN1, B-WL5M-SUBG1, NUCLEO-C031C6, NUCLEO-C071RB, NUCLEO-H503RB, NUCLEO-H533RE, NUCLEO-H563ZI, NUCLEO-H7S3L8, NUCLEO-U031R8, NUCLEO-U083RC, NUCLEO-U545RE-Q, NUCLEO-U5A5ZJ-Q, NUCLEO-WB05KZ, NUCLEO-WB07CC, NUCLEO-WB09KE, NUCLEO-WBA52CG, NUCLEO-WBA55CG, STEVAL-PROTEUS1, STEVAL-SMARTAG2, STEVAL-STWINBX1, STM320518-EVAL, STM32C0116-DK, STM32C011D6Y3TR, STM32C011D6Y6TR, STM32C011F4P3, STM32C011F4P6, STM32C011F4U3, STM32C011F4U6TR, STM32C011F6P3, STM32C011F6P6, STM32C011F6U3, STM32C011F6U6TR, STM32C011J4M3, STM32C011J4M6, STM32C011J6M3, STM32C011J6M6, STM32C0316-DK, STM32C031C4T3, STM32C031C4T6, STM32C031C4U3, STM32C031C4U6, STM32C031C6T3, STM32C031C6T6, STM32C031C6U3, STM32C031C6U6, STM32C031F4P3, STM32C031F4P6, STM32C031F6P3, STM32C031F6P6, STM32C031G4U3, STM32C031G4U6, STM32C031G6U3, STM32C031G6U6, STM32C031K4T3, STM32C031K4T6, STM32C031K4U3, STM32C031K4U6, STM32C031K6T3, STM32C031K6T6, STM32C031K6U3, STM32C031K6U6, STM32C071C8T6, STM32C071C8T6N, STM32C071C8U6, STM32C071C8U6N, STM32C071CBT6, STM32C071CBT6N, STM32C071CBU6, STM32C071CBU6N, STM32C071F8P6, STM32C071F8P6N, STM32C071FBP6, STM32C071FBP6N, STM32C071FBY6TR, STM32C071G8U6, STM32C071G8U6N, STM32C071GBU6, STM32C071GBU6N, STM32C071K8T6, STM32C071K8T6N, STM32C071K8U6, STM32C071K8U6N, STM32C071KBT6, STM32C071KBT6N, STM32C071KBU6, STM32C071KBU6N, STM32C071R8T6, STM32C071R8T6N, STM32C071RBI6N, STM32C071RBT6, STM32C071RBT6N, STM32G071K8TXN, STM32G071K8UXN, STM32G081GBU6N, STM32G081KBT6N, STM32G081KBUXN, STM32G0B1CCT6N, STM32G0B1KCT6, STM32G0B1NEY6TR, STM32G0B1RCT6N, STM32G0C1CCT6, STM32G0C1CCT6N, STM32G0C1CCU6N, STM32G0C1CET6N, STM32G0C1CEU6N, STM32G0C1KCT6, STM32G0C1NEY6TR, STM32G0C1RCI6N, STM32G0C1RCT6N, STM32G0C1REI6N, STM32G0C1RET6N, STM32G0C1VCI6, STM32G0C1VEI6, STM32G411C6T3, STM32G411C6T6, STM32G411C6U3, STM32G411C6U6, STM32G411C8T3, STM32G411C8T6, STM32G411C8U3, STM32G411C8U6, STM32G411CBT3, STM32G411CBT6, STM32G411CBU3, STM32G411CBU6, STM32G411K6T3, STM32G411K6T6, STM32G411K6U3, STM32G411K6U6, STM32G411K8T3, STM32G411K8T6, STM32G411K8U3, STM32G411K8U6, STM32G411KBT3, STM32G411KBT6, STM32G411KBU3, STM32G411KBU6, STM32G411M6T3, STM32G411M6T6, STM32G411M8T3, STM32G411M8T6, STM32G411MBT3, STM32G411MBT6, STM32G411R6T3, STM32G411R6T6, STM32G411R8T3, STM32G411R8T6, STM32G411RBT3, STM32G411RBT6, STM32G414CBT3, STM32G414CBT6, STM32G414CBU3, STM32G414CBU6, STM32G414CCT3, STM32G414CCT6, STM32G414CCU3, STM32G414CCU6, STM32G414MBT3, STM32G414MBT6, STM32G414MCT3, STM32G414MCT6, STM32G414RBT3, STM32G414RBT6, STM32G414RCT3, STM32G414RCT6, STM32G414VBT3, STM32G414VBT6, STM32G414VCT3, STM32G414VCT6, STM32G431CBT3Z, STM32G431RBT3Z, STM32G471CCT6, STM32G471CCU6, STM32G471CET3, STM32G471CET6, STM32G471CEU3, STM32G471CEU6, STM32G471MCT6, STM32G471MET3, STM32G471MET6, STM32G471MEY6TR, STM32G471QCT6, STM32G471QET3, STM32G471RCT6, STM32G471RET3, STM32G471RET6, STM32G471VCH6, STM32G471VCI6, STM32G471VCT6, STM32G471VEH3, STM32G471VEH6, STM32G471VEI3, STM32G471VEI6, STM32G471VET3, STM32G471VET6, STM32G473QET3Z, STM32G473RET3Z, STM32G474CCT6, STM32G491RET3Z, STM32H503CBT6, STM32H503CBU6, STM32H503EBY6TR, STM32H503KBU6, STM32H503RBT6, STM32H523CCT6, STM32H523CCU6, STM32H523CET6, STM32H523CEU6, STM32H523HEY6TR, STM32H523RCT6, STM32H523RET6, STM32H523VCI6, STM32H523VCT6, STM32H523VEI6, STM32H523VET6, STM32H523ZCJ6, STM32H523ZCT6, STM32H523ZEJ6, STM32H523ZET6, STM32H533CET6, STM32H533CEU6, STM32H533HEY6TR, STM32H533RET6, STM32H533VEI6, STM32H533VET6, STM32H533ZEJ6, STM32H533ZET6, STM32H562AGI6, STM32H562AII6, STM32H562IGK6, STM32H562IGT6, STM32H562IIK6, STM32H562IIT6, STM32H562RGT6, STM32H562RGV6, STM32H562RIT6, STM32H562RIV6, STM32H562VGT6, STM32H562VIT6, STM32H562ZGT6, STM32H562ZIT6, STM32H563AGI6, STM32H563AII3Q, STM32H563AII6, STM32H563IGK6, STM32H563IGT6, STM32H563IIK3Q, STM32H563IIK6, STM32H563IIT3Q, STM32H563IIT6, STM32H563MIY3QTR, STM32H563RGT6, STM32H563RGV6, STM32H563RIT6, STM32H563RIV6, STM32H563VGT6, STM32H563VIT3Q, STM32H563VIT6, STM32H563ZGT6, STM32H563ZIT3Q, STM32H563ZIT6, STM32H573AII3Q, STM32H573AII6, STM32H573I-DK, STM32H573IIK3Q, STM32H573IIK6, STM32H573IIT3Q, STM32H573IIT6, STM32H573MIY3QTR, STM32H573RIT6, STM32H573RIV6, STM32H573VIT3Q, STM32H573VIT6, STM32H573ZIT3Q, STM32H573ZIT6, STM32H7R3A8I6, STM32H7R3I8K6, STM32H7R3I8T6, STM32H7R3L8H6, STM32H7R3L8H6H, STM32H7R3R8V6, STM32H7R3V8H6, STM32H7R3V8T6, STM32H7R3V8Y6TR, STM32H7R3Z8J6, STM32H7R3Z8T6, STM32H7R7A8I6, STM32H7R7I8K6, STM32H7R7I8T6, STM32H7R7L8H6, STM32H7R7L8H6H, STM32H7R7Z8J6, STM32H7S3A8I6, STM32H7S3I8K6, STM32H7S3I8T6, STM32H7S3L8H6, STM32H7S3L8H6H, STM32H7S3R8V6, STM32H7S3V8H6, STM32H7S3V8T6, STM32H7S3V8Y6TR, STM32H7S3Z8J6, STM32H7S3Z8T6, STM32H7S78-DK, STM32H7S7A8I6, STM32H7S7I8K6, STM32H7S7I8T6, STM32H7S7L8H6, STM32H7S7L8H6H, STM32H7S7Z8J6, STM32L4R5QGI6STR, STM32MP131AAE3, STM32MP131AAF3, STM32MP131AAG3, STM32MP131CAE3, STM32MP131CAF3, STM32MP131CAG3, STM32MP131DAE7, STM32MP131DAF7, STM32MP131DAG7, STM32MP131FAE7, STM32MP131FAF7, STM32MP131FAG7, STM32MP133AAE3, STM32MP133AAF3, STM32MP133AAG3, STM32MP133CAE3, STM32MP133CAF3, STM32MP133CAG3, STM32MP133DAE7, STM32MP133DAF7, STM32MP133DAG7, STM32MP133FAE7, STM32MP133FAF7, STM32MP133FAG7, STM32MP135AAE3, STM32MP135AAF3, STM32MP135AAG3, STM32MP135CAE3, STM32MP135CAF3, STM32MP135CAG3, STM32MP135DAE7, STM32MP135DAF7, STM32MP135DAG7, STM32MP135F-DK, STM32MP135FAE7, STM32MP135FAF7, STM32MP135FAF7T, STM32MP135FAF7U, STM32MP135FAG7, STM32MP251AAI3, STM32MP251AAK3, STM32MP251AAL3, STM32MP251CAI3, STM32MP251CAK3, STM32MP251CAL3, STM32MP251DAI3, STM32MP251DAK3, STM32MP251DAL3, STM32MP251FAI3, STM32MP251FAK3, STM32MP251FAL3, STM32MP253AAI3, STM32MP253AAK3, STM32MP253AAL3, STM32MP253CAI3, STM32MP253CAK3, STM32MP253CAL3, STM32MP253DAI3, STM32MP253DAK3, STM32MP253DAL3, STM32MP253FAI3, STM32MP253FAK3, STM32MP253FAL3, STM32MP255AAI3, STM32MP255AAK3, STM32MP255AAL3, STM32MP255CAI3, STM32MP255CAK3, STM32MP255CAL3, STM32MP255DAI3, STM32MP255DAK3, STM32MP255DAL3, STM32MP255FAI3, STM32MP255FAK3, STM32MP255FAL3, STM32MP257AAI3, STM32MP257AAK3, STM32MP257AAL3, STM32MP257CAI3, STM32MP257CAK3, STM32MP257CAL3, STM32MP257DAI3, STM32MP257DAK3, STM32MP257DAL3, STM32MP257F-DK, STM32MP257F-EV1, STM32MP257FAI3, STM32MP257FAK3, STM32MP257FAL3, STM32U031C6T6, STM32U031C6U6, STM32U031C8T6, STM32U031C8U6, STM32U031F4P6, STM32U031F6P6, STM32U031F8P6, STM32U031G6Y6TR, STM32U031G8Y6TR, STM32U031K4U6, STM32U031K6U6, STM32U031K8U6, STM32U031R6I6, STM32U031R6T6, STM32U031R8I6, STM32U031R8T6, STM32U073C8T6, STM32U073C8U6, STM32U073CBT6, STM32U073CBU6, STM32U073CCT6, STM32U073CCU6, STM32U073H8Y6TR, STM32U073HBY6TR, STM32U073HCY6TR, STM32U073K8U6, STM32U073KBU6, STM32U073KCU6, STM32U073M8I6, STM32U073M8T6, STM32U073MBI6, STM32U073MBT6, STM32U073MCI6, STM32U073MCT6, STM32U073R8I6, STM32U073R8T6, STM32U073RBI6, STM32U073RBT6, STM32U073RCI6, STM32U073RCT6, STM32U083C-DK, STM32U083CCT6, STM32U083CCU6, STM32U083HCY6TR, STM32U083KCU6, STM32U083MCI6, STM32U083MCT6, STM32U083RCI6, STM32U083RCT6, STM32U535CBT6, STM32U535CBT6Q, STM32U535CBU6, STM32U535CBU6Q, STM32U535CCT6, STM32U535CCT6Q, STM32U535CCU6, STM32U535CCU6Q, STM32U535CET6, STM32U535CET6Q, STM32U535CEU6, STM32U535CEU6Q, STM32U535JEY6QTR, STM32U535NCY6QTR, STM32U535NEY6QTR, STM32U535RBI6, STM32U535RBI6Q, STM32U535RBT6, STM32U535RBT6Q, STM32U535RCI6, STM32U535RCI6Q, STM32U535RCT6, STM32U535RCT6Q, STM32U535REI6, STM32U535REI6Q, STM32U535RET6, STM32U535RET6Q, STM32U535VCI6, STM32U535VCI6Q, STM32U535VCT6, STM32U535VCT6Q, STM32U535VEI6, STM32U535VEI6Q, STM32U535VET6, STM32U535VET6Q, STM32U545CET6, STM32U545CET6Q, STM32U545CEU6, STM32U545CEU6Q, STM32U545JEY6QTR, STM32U545NEY6QTR, STM32U545REI6, STM32U545REI6Q, STM32U545RET6, STM32U545RET6Q, STM32U545VEI6, STM32U545VEI6Q, STM32U545VET6, STM32U545VET6Q, STM32U595AIH6, STM32U595AIH6Q, STM32U595AJH6, STM32U595AJH6Q, STM32U595QII6, STM32U595QII6Q, STM32U595QJI6, STM32U595QJI6Q, STM32U595RIT6, STM32U595RIT6Q, STM32U595RJT6, STM32U595RJT6Q, STM32U595VIT6, STM32U595VIT6Q, STM32U595VJT6, STM32U595VJT6Q, STM32U595ZIT6, STM32U595ZIT6Q, STM32U595ZIY6QTR, STM32U595ZJT6, STM32U595ZJT6Q, STM32U595ZJY6QTR, STM32U599BJY6QTR, STM32U599NIH6Q, STM32U599NJH6Q, STM32U599VIT6Q, STM32U599VJT6, STM32U599VJT6Q, STM32U599ZIT6Q, STM32U599ZIY6QTR, STM32U599ZJT6Q, STM32U599ZJY6QTR, STM32U5A5AJH6, STM32U5A5AJH6Q, STM32U5A5QII3Q , STM32U5A5QJI6, STM32U5A5QJI6Q, STM32U5A5RJT6, STM32U5A5RJT6Q, STM32U5A5VJT6, STM32U5A5VJT6Q, STM32U5A5ZJT6, STM32U5A5ZJT6Q, STM32U5A5ZJY6QTR, STM32U5A9BJY6QTR, STM32U5A9J-DK, STM32U5A9NJH6Q, STM32U5A9VJT6Q, STM32U5A9ZJT6Q, STM32U5A9ZJY6QTR, STM32U5F7VIT6, STM32U5F7VIT6Q, STM32U5F7VJT6, STM32U5F7VJT6Q, STM32U5F9BJY6QTR, STM32U5F9NJH6Q, STM32U5F9VIT6Q, STM32U5F9VJT6Q, STM32U5F9ZIJ6QTR, STM32U5F9ZIT6Q, STM32U5F9ZJJ6QTR, STM32U5F9ZJT6Q, STM32U5G7VJT6, STM32U5G7VJT6Q, STM32U5G9BJY6QTR, STM32U5G9J-DK1, STM32U5G9J-DK2, STM32U5G9NJH6Q, STM32U5G9VJT6Q, STM32U5G9ZJJ6QTR, STM32U5G9ZJT6Q, STM32WB05KZV6TR, STM32WB05KZV7TR, STM32WB05TZF6TR, STM32WB05TZF7TR, STM32WB06CCF6TR, STM32WB06CCF7TR, STM32WB06CCV6TR, STM32WB06CCV7TR, STM32WB06KCV6TR, STM32WB06KCV7TR, STM32WB07CCF6TR, STM32WB07CCF7TR, STM32WB07CCV6TR, STM32WB07CCV7TR, STM32WB07KCV6TR, STM32WB07KCV7TR, STM32WB09KEV6TR, STM32WB09KEV7TR, STM32WB09TEF6TR, STM32WB09TEF7TR, STM32WB1MMCH6, STM32WBA50KGU6, STM32WBA50KGU6TR, STM32WBA52CEU6, STM32WBA52CEU6TR, STM32WBA52CEU7, STM32WBA52CEU7TR, STM32WBA52CGU6, STM32WBA52CGU6TR, STM32WBA52CGU6U, STM32WBA52CGU7, STM32WBA52CGU7TR, STM32WBA52KEU6, STM32WBA52KEU6TR, STM32WBA52KGU6, STM32WBA52KGU6TR, STM32WBA54CEU6, STM32WBA54CEU6TR, STM32WBA54CEU7, STM32WBA54CEU7TR, STM32WBA54CGU6, STM32WBA54CGU6TR, STM32WBA54CGU7, STM32WBA54CGU7TR, STM32WBA54KEU6, STM32WBA54KEU6TR, STM32WBA54KEU7, STM32WBA54KEU7TR, STM32WBA54KGU6, STM32WBA54KGU6TR, STM32WBA54KGU7, STM32WBA54KGU7TR, STM32WBA55CEU6, STM32WBA55CEU6TR, STM32WBA55CEU7, STM32WBA55CEU7TR, STM32WBA55CGU6, STM32WBA55CGU6TR, STM32WBA55CGU6U, STM32WBA55CGU7, STM32WBA55CGU7TR, STM32WBA55G-DK1, STM32WBA55HEF6, STM32WBA55HEF7, STM32WBA55HGF6, STM32WBA55HGF7, STM32WBA55UEI6, STM32WBA55UEI6TR, STM32WBA55UEI7, STM32WBA55UEI7TR, STM32WBA55UGI6, STM32WBA55UGI6TR, STM32WBA55UGI7, STM32WBA55UGI7TR, STM32WL5MOCH6, STM32WL5MOCH6TR]
2024-10-29 10:42:06,747 [INFO] BoardInfo:889 - No configuration file found for board P-NUCLEO-WB55
2024-10-29 10:42:06,750 [INFO] DbBoards:161 - Kit is not supported: P-NUCLEO-WB55
2024-10-29 10:42:06,871 [INFO] BoardInfo:889 - No configuration file found for board STEVAL-BFA001V1B
2024-10-29 10:42:06,874 [INFO] DbBoards:161 - Kit is not supported: STEVAL-BFA001V1B
2024-10-29 10:42:06,906 [INFO] BoardInfo:889 - No configuration file found for board STEVAL-BFA001V2B
2024-10-29 10:42:06,910 [INFO] DbBoards:161 - Kit is not supported: STEVAL-BFA001V2B
2024-10-29 10:42:10,054 [INFO] DbBoards:168 - Found 201 boards, 198 are supported
2024-10-29 10:42:10,054 [INFO] DbBoards:169 - Found 201 boards, 25 of them is supported for  Bsp
2024-10-29 10:42:10,057 [INFO] ApiDb:668 - CubeFinder database Data Model version=2.1
2024-10-29 10:42:10,057 [INFO] ApiDb:669 - CubeFinder database Configuration version=3.0.39
2024-10-29 10:42:10,057 [INFO] ApiDb:670 - CubeFinder database generation date=2024-10-15 (1729006872)
2024-10-29 10:42:10,057 [INFO] ApiDb:671 - CubeFinder database FW Pack versions=[FP-ATR-ASTRA1_V2.0.0, FP-SNS-FLIGHT1_V5.0.2, FP-SNS-MOTENV1_V5.0.0, FP-SNS-MOTENVWB1_V1.4.0, FP-SNS-SMARTAG2_V1.2.0, FP-SNS-STBOX1_V2.0.0, STM32Cube_FW_C0_V1.2.0, STM32Cube_FW_F4_V1.28.1, STM32Cube_FW_F7_V1.17.2, STM32Cube_FW_G0_V1.6.2, STM32Cube_FW_G4_V1.6.0, STM32Cube_FW_H5_V1.3.0, STM32Cube_FW_H7RS_V1.1.0, STM32Cube_FW_H7_V1.11.2, STM32Cube_FW_L0_V1.12.2, STM32Cube_FW_L5_V1.5.1, STM32Cube_FW_U0_V1.1.0, STM32Cube_FW_U5_V1.6.0, STM32Cube_FW_WB0_V1.0.0, STM32Cube_FW_WBA_V1.4.1, STM32Cube_FW_WB_V1.20.0, STM32Cube_FW_WL_V1.3.0, X-CUBE-ALGOBUILD_V1.4.0, X-CUBE-ALS_V1.0.2, X-CUBE-AZRTOS-F4_V1.1.0, X-CUBE-AZRTOS-F7_V1.1.0, X-CUBE-AZRTOS-G0_V1.1.0, X-CUBE-AZRTOS-G4_V2.0.0, X-CUBE-AZRTOS-H7RS_V1.0.0, X-CUBE-AZRTOS-H7_V3.3.0, X-CUBE-AZRTOS-L4_V2.0.0, X-CUBE-AZRTOS-L5_V2.0.0, X-CUBE-AZRTOS-WB_V2.0.0, X-CUBE-AZRTOS-WL_V2.0.0, X-CUBE-BLE1_V7.0.0, X-CUBE-BLE2_V3.3.0, X-CUBE-BLEMGR_V3.1.0, X-CUBE-EEPRMA1_V5.1.0, X-CUBE-FREERTOS_V1.2.0, X-CUBE-GNSS1_V6.0.0, X-CUBE-MEMS1_V11.0.0, X-CUBE-NFC4_V3.0.0, X-CUBE-NFC7_V1.0.1, X-CUBE-SFXS2LP1_V4.0.0, X-CUBE-SUBG2_V5.0.0, X-CUBE-TOF1_V3.4.2]
2024-10-29 10:42:11,496 [INFO] ApiDb:240 - Found 646 in-development CPN: [B-G473E-ZEST1S, B-WB1M-WPAN1, B-WL5M-SUBG1, NUCLEO-C031C6, NUCLEO-C071RB, NUCLEO-H503RB, NUCLEO-H533RE, NUCLEO-H563ZI, NUCLEO-H7S3L8, NUCLEO-U031R8, NUCLEO-U083RC, NUCLEO-U545RE-Q, NUCLEO-U5A5ZJ-Q, NUCLEO-WB05KZ, NUCLEO-WB07CC, NUCLEO-WB09KE, NUCLEO-WBA52CG, NUCLEO-WBA55CG, STEVAL-PROTEUS1, STEVAL-SMARTAG2, STEVAL-STWINBX1, STM320518-EVAL, STM32C0116-DK, STM32C011D6Y3TR, STM32C011D6Y6TR, STM32C011F4P3, STM32C011F4P6, STM32C011F4U3, STM32C011F4U6TR, STM32C011F6P3, STM32C011F6P6, STM32C011F6U3, STM32C011F6U6TR, STM32C011J4M3, STM32C011J4M6, STM32C011J6M3, STM32C011J6M6, STM32C0316-DK, STM32C031C4T3, STM32C031C4T6, STM32C031C4U3, STM32C031C4U6, STM32C031C6T3, STM32C031C6T6, STM32C031C6U3, STM32C031C6U6, STM32C031F4P3, STM32C031F4P6, STM32C031F6P3, STM32C031F6P6, STM32C031G4U3, STM32C031G4U6, STM32C031G6U3, STM32C031G6U6, STM32C031K4T3, STM32C031K4T6, STM32C031K4U3, STM32C031K4U6, STM32C031K6T3, STM32C031K6T6, STM32C031K6U3, STM32C031K6U6, STM32C071C8T6, STM32C071C8T6N, STM32C071C8U6, STM32C071C8U6N, STM32C071CBT6, STM32C071CBT6N, STM32C071CBU6, STM32C071CBU6N, STM32C071F8P6, STM32C071F8P6N, STM32C071FBP6, STM32C071FBP6N, STM32C071FBY6TR, STM32C071G8U6, STM32C071G8U6N, STM32C071GBU6, STM32C071GBU6N, STM32C071K8T6, STM32C071K8T6N, STM32C071K8U6, STM32C071K8U6N, STM32C071KBT6, STM32C071KBT6N, STM32C071KBU6, STM32C071KBU6N, STM32C071R8T6, STM32C071R8T6N, STM32C071RBI6N, STM32C071RBT6, STM32C071RBT6N, STM32G071K8TXN, STM32G071K8UXN, STM32G081GBU6N, STM32G081KBT6N, STM32G081KBUXN, STM32G0B1CCT6N, STM32G0B1KCT6, STM32G0B1NEY6TR, STM32G0B1RCT6N, STM32G0C1CCT6, STM32G0C1CCT6N, STM32G0C1CCU6N, STM32G0C1CET6N, STM32G0C1CEU6N, STM32G0C1KCT6, STM32G0C1NEY6TR, STM32G0C1RCI6N, STM32G0C1RCT6N, STM32G0C1REI6N, STM32G0C1RET6N, STM32G0C1VCI6, STM32G0C1VEI6, STM32G411C6T3, STM32G411C6T6, STM32G411C6U3, STM32G411C6U6, STM32G411C8T3, STM32G411C8T6, STM32G411C8U3, STM32G411C8U6, STM32G411CBT3, STM32G411CBT6, STM32G411CBU3, STM32G411CBU6, STM32G411K6T3, STM32G411K6T6, STM32G411K6U3, STM32G411K6U6, STM32G411K8T3, STM32G411K8T6, STM32G411K8U3, STM32G411K8U6, STM32G411KBT3, STM32G411KBT6, STM32G411KBU3, STM32G411KBU6, STM32G411M6T3, STM32G411M6T6, STM32G411M8T3, STM32G411M8T6, STM32G411MBT3, STM32G411MBT6, STM32G411R6T3, STM32G411R6T6, STM32G411R8T3, STM32G411R8T6, STM32G411RBT3, STM32G411RBT6, STM32G414CBT3, STM32G414CBT6, STM32G414CBU3, STM32G414CBU6, STM32G414CCT3, STM32G414CCT6, STM32G414CCU3, STM32G414CCU6, STM32G414MBT3, STM32G414MBT6, STM32G414MCT3, STM32G414MCT6, STM32G414RBT3, STM32G414RBT6, STM32G414RCT3, STM32G414RCT6, STM32G414VBT3, STM32G414VBT6, STM32G414VCT3, STM32G414VCT6, STM32G431CBT3Z, STM32G431RBT3Z, STM32G471CCT6, STM32G471CCU6, STM32G471CET3, STM32G471CET6, STM32G471CEU3, STM32G471CEU6, STM32G471MCT6, STM32G471MET3, STM32G471MET6, STM32G471MEY6TR, STM32G471QCT6, STM32G471QET3, STM32G471RCT6, STM32G471RET3, STM32G471RET6, STM32G471VCH6, STM32G471VCI6, STM32G471VCT6, STM32G471VEH3, STM32G471VEH6, STM32G471VEI3, STM32G471VEI6, STM32G471VET3, STM32G471VET6, STM32G473QET3Z, STM32G473RET3Z, STM32G474CCT6, STM32G491RET3Z, STM32H503CBT6, STM32H503CBU6, STM32H503EBY6TR, STM32H503KBU6, STM32H503RBT6, STM32H523CCT6, STM32H523CCU6, STM32H523CET6, STM32H523CEU6, STM32H523HEY6TR, STM32H523RCT6, STM32H523RET6, STM32H523VCI6, STM32H523VCT6, STM32H523VEI6, STM32H523VET6, STM32H523ZCJ6, STM32H523ZCT6, STM32H523ZEJ6, STM32H523ZET6, STM32H533CET6, STM32H533CEU6, STM32H533HEY6TR, STM32H533RET6, STM32H533VEI6, STM32H533VET6, STM32H533ZEJ6, STM32H533ZET6, STM32H562AGI6, STM32H562AII6, STM32H562IGK6, STM32H562IGT6, STM32H562IIK6, STM32H562IIT6, STM32H562RGT6, STM32H562RGV6, STM32H562RIT6, STM32H562RIV6, STM32H562VGT6, STM32H562VIT6, STM32H562ZGT6, STM32H562ZIT6, STM32H563AGI6, STM32H563AII3Q, STM32H563AII6, STM32H563IGK6, STM32H563IGT6, STM32H563IIK3Q, STM32H563IIK6, STM32H563IIT3Q, STM32H563IIT6, STM32H563MIY3QTR, STM32H563RGT6, STM32H563RGV6, STM32H563RIT6, STM32H563RIV6, STM32H563VGT6, STM32H563VIT3Q, STM32H563VIT6, STM32H563ZGT6, STM32H563ZIT3Q, STM32H563ZIT6, STM32H573AII3Q, STM32H573AII6, STM32H573I-DK, STM32H573IIK3Q, STM32H573IIK6, STM32H573IIT3Q, STM32H573IIT6, STM32H573MIY3QTR, STM32H573RIT6, STM32H573RIV6, STM32H573VIT3Q, STM32H573VIT6, STM32H573ZIT3Q, STM32H573ZIT6, STM32H7R3A8I6, STM32H7R3I8K6, STM32H7R3I8T6, STM32H7R3L8H6, STM32H7R3L8H6H, STM32H7R3R8V6, STM32H7R3V8H6, STM32H7R3V8T6, STM32H7R3V8Y6TR, STM32H7R3Z8J6, STM32H7R3Z8T6, STM32H7R7A8I6, STM32H7R7I8K6, STM32H7R7I8T6, STM32H7R7L8H6, STM32H7R7L8H6H, STM32H7R7Z8J6, STM32H7S3A8I6, STM32H7S3I8K6, STM32H7S3I8T6, STM32H7S3L8H6, STM32H7S3L8H6H, STM32H7S3R8V6, STM32H7S3V8H6, STM32H7S3V8T6, STM32H7S3V8Y6TR, STM32H7S3Z8J6, STM32H7S3Z8T6, STM32H7S78-DK, STM32H7S7A8I6, STM32H7S7I8K6, STM32H7S7I8T6, STM32H7S7L8H6, STM32H7S7L8H6H, STM32H7S7Z8J6, STM32L4R5QGI6STR, STM32MP131AAE3, STM32MP131AAF3, STM32MP131AAG3, STM32MP131CAE3, STM32MP131CAF3, STM32MP131CAG3, STM32MP131DAE7, STM32MP131DAF7, STM32MP131DAG7, STM32MP131FAE7, STM32MP131FAF7, STM32MP131FAG7, STM32MP133AAE3, STM32MP133AAF3, STM32MP133AAG3, STM32MP133CAE3, STM32MP133CAF3, STM32MP133CAG3, STM32MP133DAE7, STM32MP133DAF7, STM32MP133DAG7, STM32MP133FAE7, STM32MP133FAF7, STM32MP133FAG7, STM32MP135AAE3, STM32MP135AAF3, STM32MP135AAG3, STM32MP135CAE3, STM32MP135CAF3, STM32MP135CAG3, STM32MP135DAE7, STM32MP135DAF7, STM32MP135DAG7, STM32MP135F-DK, STM32MP135FAE7, STM32MP135FAF7, STM32MP135FAF7T, STM32MP135FAF7U, STM32MP135FAG7, STM32MP251AAI3, STM32MP251AAK3, STM32MP251AAL3, STM32MP251CAI3, STM32MP251CAK3, STM32MP251CAL3, STM32MP251DAI3, STM32MP251DAK3, STM32MP251DAL3, STM32MP251FAI3, STM32MP251FAK3, STM32MP251FAL3, STM32MP253AAI3, STM32MP253AAK3, STM32MP253AAL3, STM32MP253CAI3, STM32MP253CAK3, STM32MP253CAL3, STM32MP253DAI3, STM32MP253DAK3, STM32MP253DAL3, STM32MP253FAI3, STM32MP253FAK3, STM32MP253FAL3, STM32MP255AAI3, STM32MP255AAK3, STM32MP255AAL3, STM32MP255CAI3, STM32MP255CAK3, STM32MP255CAL3, STM32MP255DAI3, STM32MP255DAK3, STM32MP255DAL3, STM32MP255FAI3, STM32MP255FAK3, STM32MP255FAL3, STM32MP257AAI3, STM32MP257AAK3, STM32MP257AAL3, STM32MP257CAI3, STM32MP257CAK3, STM32MP257CAL3, STM32MP257DAI3, STM32MP257DAK3, STM32MP257DAL3, STM32MP257F-DK, STM32MP257F-EV1, STM32MP257FAI3, STM32MP257FAK3, STM32MP257FAL3, STM32U031C6T6, STM32U031C6U6, STM32U031C8T6, STM32U031C8U6, STM32U031F4P6, STM32U031F6P6, STM32U031F8P6, STM32U031G6Y6TR, STM32U031G8Y6TR, STM32U031K4U6, STM32U031K6U6, STM32U031K8U6, STM32U031R6I6, STM32U031R6T6, STM32U031R8I6, STM32U031R8T6, STM32U073C8T6, STM32U073C8U6, STM32U073CBT6, STM32U073CBU6, STM32U073CCT6, STM32U073CCU6, STM32U073H8Y6TR, STM32U073HBY6TR, STM32U073HCY6TR, STM32U073K8U6, STM32U073KBU6, STM32U073KCU6, STM32U073M8I6, STM32U073M8T6, STM32U073MBI6, STM32U073MBT6, STM32U073MCI6, STM32U073MCT6, STM32U073R8I6, STM32U073R8T6, STM32U073RBI6, STM32U073RBT6, STM32U073RCI6, STM32U073RCT6, STM32U083C-DK, STM32U083CCT6, STM32U083CCU6, STM32U083HCY6TR, STM32U083KCU6, STM32U083MCI6, STM32U083MCT6, STM32U083RCI6, STM32U083RCT6, STM32U535CBT6, STM32U535CBT6Q, STM32U535CBU6, STM32U535CBU6Q, STM32U535CCT6, STM32U535CCT6Q, STM32U535CCU6, STM32U535CCU6Q, STM32U535CET6, STM32U535CET6Q, STM32U535CEU6, STM32U535CEU6Q, STM32U535JEY6QTR, STM32U535NCY6QTR, STM32U535NEY6QTR, STM32U535RBI6, STM32U535RBI6Q, STM32U535RBT6, STM32U535RBT6Q, STM32U535RCI6, STM32U535RCI6Q, STM32U535RCT6, STM32U535RCT6Q, STM32U535REI6, STM32U535REI6Q, STM32U535RET6, STM32U535RET6Q, STM32U535VCI6, STM32U535VCI6Q, STM32U535VCT6, STM32U535VCT6Q, STM32U535VEI6, STM32U535VEI6Q, STM32U535VET6, STM32U535VET6Q, STM32U545CET6, STM32U545CET6Q, STM32U545CEU6, STM32U545CEU6Q, STM32U545JEY6QTR, STM32U545NEY6QTR, STM32U545REI6, STM32U545REI6Q, STM32U545RET6, STM32U545RET6Q, STM32U545VEI6, STM32U545VEI6Q, STM32U545VET6, STM32U545VET6Q, STM32U595AIH6, STM32U595AIH6Q, STM32U595AJH6, STM32U595AJH6Q, STM32U595QII6, STM32U595QII6Q, STM32U595QJI6, STM32U595QJI6Q, STM32U595RIT6, STM32U595RIT6Q, STM32U595RJT6, STM32U595RJT6Q, STM32U595VIT6, STM32U595VIT6Q, STM32U595VJT6, STM32U595VJT6Q, STM32U595ZIT6, STM32U595ZIT6Q, STM32U595ZIY6QTR, STM32U595ZJT6, STM32U595ZJT6Q, STM32U595ZJY6QTR, STM32U599BJY6QTR, STM32U599NIH6Q, STM32U599NJH6Q, STM32U599VIT6Q, STM32U599VJT6, STM32U599VJT6Q, STM32U599ZIT6Q, STM32U599ZIY6QTR, STM32U599ZJT6Q, STM32U599ZJY6QTR, STM32U5A5AJH6, STM32U5A5AJH6Q, STM32U5A5QII3Q , STM32U5A5QJI6, STM32U5A5QJI6Q, STM32U5A5RJT6, STM32U5A5RJT6Q, STM32U5A5VJT6, STM32U5A5VJT6Q, STM32U5A5ZJT6, STM32U5A5ZJT6Q, STM32U5A5ZJY6QTR, STM32U5A9BJY6QTR, STM32U5A9J-DK, STM32U5A9NJH6Q, STM32U5A9VJT6Q, STM32U5A9ZJT6Q, STM32U5A9ZJY6QTR, STM32U5F7VIT6, STM32U5F7VIT6Q, STM32U5F7VJT6, STM32U5F7VJT6Q, STM32U5F9BJY6QTR, STM32U5F9NJH6Q, STM32U5F9VIT6Q, STM32U5F9VJT6Q, STM32U5F9ZIJ6QTR, STM32U5F9ZIT6Q, STM32U5F9ZJJ6QTR, STM32U5F9ZJT6Q, STM32U5G7VJT6, STM32U5G7VJT6Q, STM32U5G9BJY6QTR, STM32U5G9J-DK1, STM32U5G9J-DK2, STM32U5G9NJH6Q, STM32U5G9VJT6Q, STM32U5G9ZJJ6QTR, STM32U5G9ZJT6Q, STM32WB05KZV6TR, STM32WB05KZV7TR, STM32WB05TZF6TR, STM32WB05TZF7TR, STM32WB06CCF6TR, STM32WB06CCF7TR, STM32WB06CCV6TR, STM32WB06CCV7TR, STM32WB06KCV6TR, STM32WB06KCV7TR, STM32WB07CCF6TR, STM32WB07CCF7TR, STM32WB07CCV6TR, STM32WB07CCV7TR, STM32WB07KCV6TR, STM32WB07KCV7TR, STM32WB09KEV6TR, STM32WB09KEV7TR, STM32WB09TEF6TR, STM32WB09TEF7TR, STM32WB1MMCH6, STM32WBA50KGU6, STM32WBA50KGU6TR, STM32WBA52CEU6, STM32WBA52CEU6TR, STM32WBA52CEU7, STM32WBA52CEU7TR, STM32WBA52CGU6, STM32WBA52CGU6TR, STM32WBA52CGU6U, STM32WBA52CGU7, STM32WBA52CGU7TR, STM32WBA52KEU6, STM32WBA52KEU6TR, STM32WBA52KGU6, STM32WBA52KGU6TR, STM32WBA54CEU6, STM32WBA54CEU6TR, STM32WBA54CEU7, STM32WBA54CEU7TR, STM32WBA54CGU6, STM32WBA54CGU6TR, STM32WBA54CGU7, STM32WBA54CGU7TR, STM32WBA54KEU6, STM32WBA54KEU6TR, STM32WBA54KEU7, STM32WBA54KEU7TR, STM32WBA54KGU6, STM32WBA54KGU6TR, STM32WBA54KGU7, STM32WBA54KGU7TR, STM32WBA55CEU6, STM32WBA55CEU6TR, STM32WBA55CEU7, STM32WBA55CEU7TR, STM32WBA55CGU6, STM32WBA55CGU6TR, STM32WBA55CGU6U, STM32WBA55CGU7, STM32WBA55CGU7TR, STM32WBA55G-DK1, STM32WBA55HEF6, STM32WBA55HEF7, STM32WBA55HGF6, STM32WBA55HGF7, STM32WBA55UEI6, STM32WBA55UEI6TR, STM32WBA55UEI7, STM32WBA55UEI7TR, STM32WBA55UGI6, STM32WBA55UGI6TR, STM32WBA55UGI7, STM32WBA55UGI7TR, STM32WL5MOCH6, STM32WL5MOCH6TR]
2024-10-29 10:42:11,499 [INFO] DbMcus:218 - Found 4252 MCUs, 4252 are supported
2024-10-29 10:42:11,500 [INFO] ApiDb:423 - Load user favorites file C:\Users\19948/.stm32cubeide/favorites.mcus.txt: 0 item(s)
2024-10-29 10:42:11,500 [INFO] ApiDb:427 - User favorites MCUs=[]
2024-10-29 10:42:11,500 [INFO] DbMcus:224 - Set 0 / 0 favorites MCUs
2024-10-29 10:42:11,703 [INFO] ApiDb:423 - Load user favorites file C:\Users\19948/.stm32cubeide/favorites.boards.txt: 0 item(s)
2024-10-29 10:42:11,703 [INFO] ApiDb:427 - User favorites Boards=[]
2024-10-29 10:42:11,704 [INFO] DbBoards:198 - Set 0 / 0 favorites Boards
2024-10-29 10:42:11,770 [INFO] UtilMem:75 - End LoadConfig() Used Memory: 317476184 Bytes (688914432)
2024-10-29 10:42:12,001 [WARN] ThirdParty:833 - waiting for thirdparty lock release [change project]
2024-10-29 10:42:12,001 [INFO] ThirdParty:835 - entering critical section [change project]
2024-10-29 10:42:12,002 [INFO] ThirdParty:1030 - CMSIS Pack Vendor :STMicroelectronics USBPD 4.1
2024-10-29 10:42:12,002 [INFO] ThirdParty:1030 - CMSIS Pack Vendor :STMicroelectronics X-CUBE-GNSS1 6.0.0
2024-10-29 10:42:12,002 [INFO] ThirdParty:1030 - CMSIS Pack Vendor :STMicroelectronics USB_HOST 2.0.0
2024-10-29 10:42:12,002 [INFO] ThirdParty:1030 - CMSIS Pack Vendor :STMicroelectronics FP-SNS-MOTENVWB1 1.4.0
2024-10-29 10:42:12,002 [INFO] ThirdParty:1030 - CMSIS Pack Vendor :STMicroelectronics X-CUBE-AZRTOS-F4 1.1.0
2024-10-29 10:42:12,002 [INFO] ThirdParty:1030 - CMSIS Pack Vendor :STMicroelectronics LIBJPEG 8.0.0
2024-10-29 10:42:12,002 [INFO] ThirdParty:1030 - CMSIS Pack Vendor :STMicroelectronics X-CUBE-SMBUS 2.1.0
2024-10-29 10:42:12,002 [INFO] ThirdParty:1030 - CMSIS Pack Vendor :STMicroelectronics X-CUBE-WB05N 1.1.0
2024-10-29 10:42:12,002 [INFO] ThirdParty:1030 - CMSIS Pack Vendor :STMicroelectronics X-CUBE-ISPU 2.1.0
2024-10-29 10:42:12,002 [INFO] ThirdParty:1030 - CMSIS Pack Vendor :STMicroelectronics X-CUBE-FREERTOS 1.2.0
2024-10-29 10:42:12,002 [INFO] ThirdParty:1030 - CMSIS Pack Vendor :STMicroelectronics X-CUBE-AZRTOS-F7 1.1.0
2024-10-29 10:42:12,002 [INFO] ThirdParty:1030 - CMSIS Pack Vendor :STMicroelectronics X-CUBE-AZRTOS-L5 2.0.0
2024-10-29 10:42:12,002 [INFO] ThirdParty:1030 - CMSIS Pack Vendor :STMicroelectronics USB_DEVICE 2.0.0
2024-10-29 10:42:12,002 [INFO] ThirdParty:1030 - CMSIS Pack Vendor :STMicroelectronics X-CUBE-MEMS1 9.6.0
2024-10-29 10:42:12,002 [INFO] ThirdParty:1030 - CMSIS Pack Vendor :STMicroelectronics X-CUBE-EEPRMA1 4.2.0
2024-10-29 10:42:12,002 [INFO] ThirdParty:1030 - CMSIS Pack Vendor :STMicroelectronics X-CUBE-NFC6 3.1.0
2024-10-29 10:42:12,003 [INFO] ThirdParty:1030 - CMSIS Pack Vendor :ITTIA_DB I-CUBE-ITTIADB 8.8.0
2024-10-29 10:42:12,003 [INFO] ThirdParty:1030 - CMSIS Pack Vendor :STMicroelectronics FP-SNS-MOTENV1 4.3.2
2024-10-29 10:42:12,003 [INFO] ThirdParty:1030 - CMSIS Pack Vendor :STMicroelectronics X-CUBE-MEMS1 11.0.0
2024-10-29 10:42:12,003 [INFO] ThirdParty:1030 - CMSIS Pack Vendor :STMicroelectronics X-CUBE-BLE1 6.2.4
2024-10-29 10:42:12,003 [INFO] ThirdParty:1030 - CMSIS Pack Vendor :STMicroelectronics FreeRTOS 0.0.1
2024-10-29 10:42:12,003 [INFO] ThirdParty:1030 - CMSIS Pack Vendor :emotas I-CUBE-CANOPEN 1.1.3
2024-10-29 10:42:12,003 [INFO] ThirdParty:1030 - CMSIS Pack Vendor :STMicroelectronics X-CUBE-BLEMGR 2.0.0
2024-10-29 10:42:12,003 [INFO] ThirdParty:1030 - CMSIS Pack Vendor :STMicroelectronics X-CUBE-DPower 1.2.0
2024-10-29 10:42:12,003 [INFO] ThirdParty:1030 - CMSIS Pack Vendor :STMicroelectronics FP-SNS-FLIGHT1 5.0.2
2024-10-29 10:42:12,003 [INFO] ThirdParty:1030 - CMSIS Pack Vendor :STMicroelectronics X-CUBE-AI 9.0.0
2024-10-29 10:42:12,003 [INFO] ThirdParty:1030 - CMSIS Pack Vendor :STMicroelectronics X-CUBE-AZRTOS-H7 3.1.0
2024-10-29 10:42:12,003 [INFO] ThirdParty:1030 - CMSIS Pack Vendor :STMicroelectronics PDM2PCM 3.3.0
2024-10-29 10:42:12,004 [INFO] ThirdParty:1030 - CMSIS Pack Vendor :STMicroelectronics X-CUBE-DISPLAY 3.0.0
2024-10-29 10:42:12,004 [INFO] ThirdParty:1030 - CMSIS Pack Vendor :STMicroelectronics X-CUBE-BLE1 7.0.0
2024-10-29 10:42:12,004 [INFO] ThirdParty:1030 - CMSIS Pack Vendor :STMicroelectronics X-CUBE-NFC10 1.0.0
2024-10-29 10:42:12,004 [INFO] ThirdParty:1030 - CMSIS Pack Vendor :wolfSSL I-CUBE-wolfSSL 5.5.4
2024-10-29 10:42:12,004 [INFO] ThirdParty:1030 - CMSIS Pack Vendor :STMicroelectronics HAL Drivers 0.0.0
2024-10-29 10:42:12,004 [INFO] ThirdParty:1030 - CMSIS Pack Vendor :STMicroelectronics X-CUBE-TOUCHGFX 4.22.0
2024-10-29 10:42:12,004 [INFO] ThirdParty:1030 - CMSIS Pack Vendor :STMicroelectronics X-CUBE-NFC7 1.0.1
2024-10-29 10:42:12,004 [INFO] ThirdParty:1030 - CMSIS Pack Vendor :STMicroelectronics MBEDTLS 2.14.1
2024-10-29 10:42:12,004 [INFO] ThirdParty:1030 - CMSIS Pack Vendor :STMicroelectronics X-CUBE-NFC7 1.0.0
2024-10-29 10:42:12,004 [INFO] ThirdParty:1030 - CMSIS Pack Vendor :STMicroelectronics X-CUBE-TOUCHGFX 4.22.1
2024-10-29 10:42:12,004 [INFO] ThirdParty:1030 - CMSIS Pack Vendor :wolfSSL I-CUBE-wolfTPM 3.2.0
2024-10-29 10:42:12,004 [INFO] ThirdParty:1030 - CMSIS Pack Vendor :STMicroelectronics X-CUBE-NFC6 3.0.0
2024-10-29 10:42:12,004 [INFO] ThirdParty:1030 - CMSIS Pack Vendor :STMicroelectronics X-CUBE-EEPRMA1 4.1.0
2024-10-29 10:42:12,004 [INFO] ThirdParty:1030 - CMSIS Pack Vendor :STMicroelectronics X-CUBE-BLEMGR 3.1.0
2024-10-29 10:42:12,004 [INFO] ThirdParty:1030 - CMSIS Pack Vendor :STMicroelectronics FP-SNS-SMARTAG2 1.2.0
2024-10-29 10:42:12,004 [INFO] ThirdParty:1030 - CMSIS Pack Vendor :STMicroelectronics X-CUBE-AZRTOS-WL 2.0.0
2024-10-29 10:42:12,004 [INFO] ThirdParty:1030 - CMSIS Pack Vendor :STMicroelectronics FP-SNS-MOTENV1 5.0.0
2024-10-29 10:42:12,004 [INFO] ThirdParty:1030 - CMSIS Pack Vendor :STMicroelectronics USB_DEVICE 1.0.0
2024-10-29 10:42:12,004 [INFO] ThirdParty:1030 - CMSIS Pack Vendor :STMicroelectronics X-CUBE-AI 8.1.0
2024-10-29 10:42:12,004 [INFO] ThirdParty:1030 - CMSIS Pack Vendor :wolfSSL I-CUBE-wolfMQTT 1.19.0
2024-10-29 10:42:12,004 [INFO] ThirdParty:1030 - CMSIS Pack Vendor :STMicroelectronics X-CUBE-AZRTOS-L4 2.0.0
2024-10-29 10:42:12,004 [INFO] ThirdParty:1030 - CMSIS Pack Vendor :STMicroelectronics ThreadX 0.0.2
2024-10-29 10:42:12,004 [INFO] ThirdParty:1030 - CMSIS Pack Vendor :WES I-CUBE-Cesium 1.3.0
2024-10-29 10:42:12,004 [INFO] ThirdParty:1030 - CMSIS Pack Vendor :STMicroelectronics lwIP 2.1.2
2024-10-29 10:42:12,004 [INFO] ThirdParty:1030 - CMSIS Pack Vendor :STMicroelectronics X-CUBE-SFXS2LP1 4.0.0
2024-10-29 10:42:12,004 [INFO] ThirdParty:1030 - CMSIS Pack Vendor :STMicroelectronics X-CUBE-BLE2 3.3.0
2024-10-29 10:42:12,004 [INFO] ThirdParty:1030 - CMSIS Pack Vendor :STMicroelectronics X-CUBE-TOF1 3.2.0
2024-10-29 10:42:12,005 [INFO] ThirdParty:1030 - CMSIS Pack Vendor :STMicroelectronics PDM2PCM 3.2.0
2024-10-29 10:42:12,005 [INFO] ThirdParty:1030 - CMSIS Pack Vendor :STMicroelectronics X-CUBE-AZRTOS-H7 3.0.0
2024-10-29 10:42:12,005 [INFO] ThirdParty:1030 - CMSIS Pack Vendor :STMicroelectronics X-CUBE-ISPU 1.1.0
2024-10-29 10:42:12,005 [INFO] ThirdParty:1030 - CMSIS Pack Vendor :STMicroelectronics X-CUBE-AZRTOS-H7 3.3.0
2024-10-29 10:42:12,005 [INFO] ThirdParty:1030 - CMSIS Pack Vendor :RoweBots I-CUBE-UNISONRTOS 5.5.0-4
2024-10-29 10:42:12,005 [INFO] ThirdParty:1030 - CMSIS Pack Vendor :STMicroelectronics X-CUBE-NFC9 1.0.0
2024-10-29 10:42:12,005 [INFO] ThirdParty:1030 - CMSIS Pack Vendor :STMicroelectronics USB_DEVICE 3.0.0
2024-10-29 10:42:12,005 [INFO] ThirdParty:1030 - CMSIS Pack Vendor :STMicroelectronics X-CUBE-TCPP 4.1.0
2024-10-29 10:42:12,005 [INFO] ThirdParty:1030 - CMSIS Pack Vendor :STMicroelectronics X-CUBE-IPS 3.0.0
2024-10-29 10:42:12,005 [INFO] ThirdParty:1030 - CMSIS Pack Vendor :STMicroelectronics X-CUBE-AZRTOS-WB 2.0.0
2024-10-29 10:42:12,005 [INFO] ThirdParty:1030 - CMSIS Pack Vendor :STMicroelectronics X-CUBE-FREERTOS 1.0.1
2024-10-29 10:42:12,005 [INFO] ThirdParty:1030 - CMSIS Pack Vendor :STMicroelectronics X-CUBE-TOUCHGFX 4.21.1
2024-10-29 10:42:12,005 [INFO] ThirdParty:1030 - CMSIS Pack Vendor :STMicroelectronics X-CUBE-GNSS1 7.0.0
2024-10-29 10:42:12,005 [INFO] ThirdParty:1030 - CMSIS Pack Vendor :STMicroelectronics X-CUBE-MEMS1 9.4.0
2024-10-29 10:42:12,005 [INFO] ThirdParty:1030 - CMSIS Pack Vendor :STMicroelectronics X-CUBE-AI 7.3.0
2024-10-29 10:42:12,005 [INFO] ThirdParty:1030 - CMSIS Pack Vendor :STMicroelectronics FP-SNS-STBOX1 2.0.0
2024-10-29 10:42:12,005 [INFO] ThirdParty:1030 - CMSIS Pack Vendor :STMicroelectronics X-CUBE-ALGOBUILD 1.3.0
2024-10-29 10:42:12,005 [INFO] ThirdParty:1030 - CMSIS Pack Vendor :STMicroelectronics X-CUBE-AZRTOS-L5 1.1.0
2024-10-29 10:42:12,005 [INFO] ThirdParty:1030 - CMSIS Pack Vendor :STMicroelectronics X-CUBE-AZRTOS-G0 1.1.0
2024-10-29 10:42:12,005 [INFO] ThirdParty:1030 - CMSIS Pack Vendor :STMicroelectronics X-CUBE-AI 8.0.1
2024-10-29 10:42:12,005 [INFO] ThirdParty:1030 - CMSIS Pack Vendor :STMicroelectronics X-CUBE-SAFEA1 1.2.2
2024-10-29 10:42:12,005 [INFO] ThirdParty:1030 - CMSIS Pack Vendor :STMicroelectronics X-CUBE-NFC4 3.0.0
2024-10-29 10:42:12,005 [INFO] ThirdParty:1030 - CMSIS Pack Vendor :STMicroelectronics X-CUBE-SUBG2 5.0.0
2024-10-29 10:42:12,005 [INFO] ThirdParty:1030 - CMSIS Pack Vendor :STMicroelectronics STM32_WPAN 1.0.0
2024-10-29 10:42:12,005 [INFO] ThirdParty:1030 - CMSIS Pack Vendor :EmbeddedOffice I-CUBE-FS-RTOS 1.0.1
2024-10-29 10:42:12,005 [INFO] ThirdParty:1030 - CMSIS Pack Vendor :STMicroelectronics lwIP 2.0.3
2024-10-29 10:42:12,005 [INFO] ThirdParty:1030 - CMSIS Pack Vendor :Cesanta I-CUBE-Mongoose 7.13.0
2024-10-29 10:42:12,005 [INFO] ThirdParty:1030 - CMSIS Pack Vendor :STMicroelectronics USB_HOST 1.0.0
2024-10-29 10:42:12,005 [INFO] ThirdParty:1030 - CMSIS Pack Vendor :STMicroelectronics X-CUBE-TOF1 3.3.1
2024-10-29 10:42:12,005 [INFO] ThirdParty:1030 - CMSIS Pack Vendor :STMicroelectronics X-CUBE-AZRTOS-G4 2.0.0
2024-10-29 10:42:12,005 [INFO] ThirdParty:1030 - CMSIS Pack Vendor :STMicroelectronics PDM2PCM 3.1.0
2024-10-29 10:42:12,005 [INFO] ThirdParty:1030 - CMSIS Pack Vendor :STMicroelectronics FP-ATR-ASTRA1 1.1.1
2024-10-29 10:42:12,005 [INFO] ThirdParty:1030 - CMSIS Pack Vendor :Infineon AIROC-Wi-Fi-Bluetooth-STM32 1.5.1
2024-10-29 10:42:12,006 [INFO] ThirdParty:1030 - CMSIS Pack Vendor :STMicroelectronics X-CUBE-BLEMGR 3.0.0
2024-10-29 10:42:12,006 [INFO] ThirdParty:1030 - CMSIS Pack Vendor :STMicroelectronics X-CUBE-BLEMGR 1.3.0
2024-10-29 10:42:12,006 [INFO] ThirdParty:1030 - CMSIS Pack Vendor :STMicroelectronics FP-SNS-MOTENVWB1 1.3.0
2024-10-29 10:42:12,006 [INFO] ThirdParty:1030 - CMSIS Pack Vendor :RealThread X-CUBE-RT-Thread_Nano 4.1.1
2024-10-29 10:42:12,006 [INFO] ThirdParty:1030 - CMSIS Pack Vendor :STMicroelectronics FP-SNS-MOTENVWB1 1.3.1
2024-10-29 10:42:12,006 [INFO] ThirdParty:1030 - CMSIS Pack Vendor :STMicroelectronics FP-ATR-SIGFOX1 3.2.0
2024-10-29 10:42:12,006 [INFO] ThirdParty:1030 - CMSIS Pack Vendor :STMicroelectronics X-CUBE-AZRTOS-G4 1.0.0
2024-10-29 10:42:12,006 [INFO] ThirdParty:1030 - CMSIS Pack Vendor :STMicroelectronics X-CUBE-AZRTOS-L4 1.0.0
2024-10-29 10:42:12,006 [INFO] ThirdParty:1030 - CMSIS Pack Vendor :STMicroelectronics X-CUBE-ISPU 2.0.0
2024-10-29 10:42:12,006 [INFO] ThirdParty:1030 - CMSIS Pack Vendor :STMicroelectronics X-CUBE-EEPRMA1 5.1.0
2024-10-29 10:42:12,006 [INFO] ThirdParty:1030 - CMSIS Pack Vendor :STMicroelectronics MBEDTLS 2.16.2
2024-10-29 10:42:12,006 [INFO] ThirdParty:1030 - CMSIS Pack Vendor :STMicroelectronics X-CUBE-ALS 1.0.2
2024-10-29 10:42:12,006 [INFO] ThirdParty:1030 - CMSIS Pack Vendor :STMicroelectronics X-CUBE-MEMS1 10.0.0
2024-10-29 10:42:12,006 [INFO] ThirdParty:1030 - CMSIS Pack Vendor :STMicroelectronics X-CUBE-FREERTOS 1.1.0
2024-10-29 10:42:12,006 [INFO] ThirdParty:1030 - CMSIS Pack Vendor :STMicroelectronics X-CUBE-TOUCHGFX 4.24.0
2024-10-29 10:42:12,006 [INFO] ThirdParty:1030 - CMSIS Pack Vendor :STMicroelectronics X-CUBE-AZRTOS-WL 1.0.0
2024-10-29 10:42:12,006 [INFO] ThirdParty:1030 - CMSIS Pack Vendor :STMicroelectronics X-CUBE-TOUCHGFX 4.24.1
2024-10-29 10:42:12,006 [INFO] ThirdParty:1030 - CMSIS Pack Vendor :portGmbH I-Cube-SoM-uGOAL 1.1.0
2024-10-29 10:42:12,006 [INFO] ThirdParty:1030 - CMSIS Pack Vendor :STMicroelectronics X-CUBE-ALS 1.0.1
2024-10-29 10:42:12,006 [INFO] ThirdParty:1030 - CMSIS Pack Vendor :STMicroelectronics X-CUBE-MEMS1 9.5.0
2024-10-29 10:42:12,006 [INFO] ThirdParty:1030 - CMSIS Pack Vendor :STMicroelectronics ThreadX 1.0.0
2024-10-29 10:42:12,006 [INFO] ThirdParty:1030 - CMSIS Pack Vendor :STMicroelectronics X-CUBE-AZRTOS-WB 1.1.0
2024-10-29 10:42:12,006 [INFO] ThirdParty:1030 - CMSIS Pack Vendor :SEGGER I-CUBE-embOS 1.3.1
2024-10-29 10:42:12,006 [INFO] ThirdParty:1030 - CMSIS Pack Vendor :STMicroelectronics X-CUBE-ALGOBUILD 1.4.0
2024-10-29 10:42:12,006 [INFO] ThirdParty:1030 - CMSIS Pack Vendor :STMicroelectronics X-CUBE-AZRTOS-H7RS 1.0.0
2024-10-29 10:42:12,006 [INFO] ThirdParty:1030 - CMSIS Pack Vendor :STMicroelectronics FP-ATR-ASTRA1 2.0.0
2024-10-29 10:42:12,006 [INFO] ThirdParty:1030 - CMSIS Pack Vendor :STMicroelectronics X-CUBE-TOF1 3.4.2
2024-10-29 10:42:12,006 [INFO] ThirdParty:1030 - CMSIS Pack Vendor :STMicroelectronics X-CUBE-AI 9.1.0
2024-10-29 10:42:12,006 [INFO] ThirdParty:1030 - CMSIS Pack Vendor :STMicroelectronics X-CUBE-TOF1 3.4.0
2024-10-29 10:42:12,006 [INFO] ThirdParty:1030 - CMSIS Pack Vendor :wolfSSL I-CUBE-wolfSSH 1.4.17
2024-10-29 10:42:12,006 [INFO] ThirdParty:841 - exiting critical section [change project]
2024-10-29 10:42:12,524 [INFO] PinOutPanel:1561 - setPackage(No Configuration,No Configuration)
2024-10-29 10:42:12,525 [INFO] PinOutPanel:1561 - setPackage(STM32F103ZETx,LQFP144)
2024-10-29 10:42:12,995 [INFO] UtilMem:75 - Before build in PCC Used Memory: 452533424 Bytes (688914432)
2024-10-29 10:42:13,966 [INFO] UtilMem:75 - After build in PCC Used Memory: 249732608 Bytes (688914432)
2024-10-29 10:42:14,159 [INFO] ApiDbMcu:508 - Load IP Config File for FREERTOS
2024-10-29 10:42:14,181 [INFO] IPUIPlugin:80 - create IPUIPlugin
2024-10-29 10:42:14,181 [INFO] IPUIPlugin:80 - create IPUIPlugin
2024-10-29 10:42:14,181 [INFO] IPUIPlugin:80 - create IPUIPlugin
2024-10-29 10:42:14,181 [INFO] IPUIPlugin:80 - create IPUIPlugin
2024-10-29 10:42:14,181 [INFO] IPUIPlugin:80 - create IPUIPlugin
2024-10-29 10:42:14,181 [INFO] IPUIPlugin:80 - create IPUIPlugin
2024-10-29 10:42:14,182 [INFO] IPUIPlugin:80 - create IPUIPlugin
2024-10-29 10:42:14,182 [INFO] IPUIPlugin:80 - create IPUIPlugin
2024-10-29 10:42:14,182 [INFO] IPUIPlugin:80 - create IPUIPlugin
2024-10-29 10:42:14,182 [INFO] IPUIPlugin:80 - create IPUIPlugin
2024-10-29 10:42:14,182 [INFO] IPUIPlugin:80 - create IPUIPlugin
2024-10-29 10:42:14,182 [INFO] IPUIPlugin:80 - create IPUIPlugin
2024-10-29 10:42:14,182 [INFO] IPUIPlugin:80 - create IPUIPlugin
2024-10-29 10:42:14,182 [INFO] IPUIPlugin:80 - create IPUIPlugin
2024-10-29 10:42:14,182 [INFO] IPUIPlugin:80 - create IPUIPlugin
2024-10-29 10:42:14,182 [INFO] IPUIPlugin:80 - create IPUIPlugin
2024-10-29 10:42:14,183 [INFO] IPUIPlugin:80 - create IPUIPlugin
2024-10-29 10:42:14,183 [INFO] IPUIPlugin:80 - create IPUIPlugin
2024-10-29 10:42:14,183 [INFO] IPUIPlugin:80 - create IPUIPlugin
2024-10-29 10:42:14,183 [INFO] IPUIPlugin:80 - create IPUIPlugin
2024-10-29 10:42:14,183 [INFO] IPUIPlugin:80 - create IPUIPlugin
2024-10-29 10:42:14,183 [INFO] IPUIPlugin:80 - create IPUIPlugin
2024-10-29 10:42:14,183 [INFO] IPUIPlugin:80 - create IPUIPlugin
2024-10-29 10:42:14,184 [INFO] IPUIPlugin:80 - create IPUIPlugin
2024-10-29 10:42:14,184 [INFO] IPUIPlugin:80 - create IPUIPlugin
2024-10-29 10:42:14,184 [INFO] IPUIPlugin:80 - create IPUIPlugin
2024-10-29 10:42:14,184 [INFO] IPUIPlugin:80 - create IPUIPlugin
2024-10-29 10:42:14,184 [INFO] IPUIPlugin:80 - create IPUIPlugin
2024-10-29 10:42:14,184 [INFO] IPUIPlugin:80 - create IPUIPlugin
2024-10-29 10:42:14,185 [INFO] IPUIPlugin:80 - create IPUIPlugin
2024-10-29 10:42:14,185 [INFO] IPUIPlugin:80 - create IPUIPlugin
2024-10-29 10:42:14,185 [INFO] IPUIPlugin:80 - create IPUIPlugin
2024-10-29 10:42:14,185 [INFO] IPUIPlugin:80 - create IPUIPlugin
2024-10-29 10:42:14,186 [INFO] IPUIPlugin:80 - create IPUIPlugin
2024-10-29 10:42:14,186 [INFO] IPUIPlugin:80 - create IPUIPlugin
2024-10-29 10:42:14,186 [INFO] IPUIPlugin:80 - create IPUIPlugin
2024-10-29 10:42:14,186 [INFO] IPUIPlugin:80 - create IPUIPlugin
2024-10-29 10:42:14,186 [INFO] IPUIPlugin:80 - create IPUIPlugin
2024-10-29 10:42:14,188 [INFO] IPUIPlugin:80 - create IPUIPlugin
2024-10-29 10:42:14,188 [INFO] IPUIPlugin:80 - create IPUIPlugin
2024-10-29 10:42:14,268 [WARN] FreeRTOS:1023 - Null or empty value: should not occur! (nothing added to the table)
2024-10-29 10:42:14,535 [INFO] CADModel:165 - CPN selected for project levelSTM32F103ZET6
2024-10-29 10:42:14,536 [INFO] CADModel:114 - Register for checkConnection events
2024-10-29 10:42:14,537 [INFO] RtosManager:697 - Active RTOS found at IOC load: FREERTOS [Cortex-M3NS]
2024-10-29 10:42:14,587 [INFO] OpenFileManager:363 - Restore cursor
2024-10-29 13:23:08,672 [INFO] NvicIntPanel:101 - NVIC parent = com.st.microxplorer.plugins.ip.nvic.MultiNvicIntPanel[,0,0,0x0,invalid,layout=javax.swing.BoxLayout,alignmentX=0.0,alignmentY=0.0,border=,flags=9,maximumSize=,minimumSize=,preferredSize=]
2024-10-29 13:23:34,603 [INFO] UtilMem:75 - End SaveConfig() Used Memory: 592900448 Bytes (761266176)
2024-10-29 13:23:37,149 [INFO] UtilMem:75 - End SaveConfig() Used Memory: 622808512 Bytes (761266176)
2024-10-29 13:23:38,988 [ERROR] LogOutputStream:75 - [STDERR_REDIRECT] com.teamdev.jxbrowser.ObjectClosedException: Attempted to use a closed object.
2024-10-29 13:23:38,990 [ERROR] LogOutputStream:75 - [STDERR_REDIRECT] You're trying to call a method of a closed object. Usually, it happens when you
2024-10-29 13:23:38,991 [ERROR] LogOutputStream:75 - [STDERR_REDIRECT] call the `close()` method of an object (or its owner) prior to calling methods
2024-10-29 13:23:38,991 [ERROR] LogOutputStream:75 - [STDERR_REDIRECT] of that object.
2024-10-29 13:23:38,992 [ERROR] LogOutputStream:75 - [STDERR_REDIRECT] Another common cause of this exception is working with cached DOM or JavaScript
2024-10-29 13:23:38,993 [ERROR] LogOutputStream:75 - [STDERR_REDIRECT] objects. For example, if you navigate to another web page and try to call
2024-10-29 13:23:38,994 [ERROR] LogOutputStream:75 - [STDERR_REDIRECT] a method of a DOM or a JavaScript object from the previous page, you will get
2024-10-29 13:23:38,994 [ERROR] LogOutputStream:75 - [STDERR_REDIRECT] this exception.
2024-10-29 13:23:38,995 [ERROR] LogOutputStream:75 - [STDERR_REDIRECT] It's also possible that the native Chromium process has crashed. In that case,
2024-10-29 13:23:38,995 [ERROR] LogOutputStream:75 - [STDERR_REDIRECT] all the objects that belong to that process are closed automatically.
2024-10-29 13:23:38,996 [ERROR] LogOutputStream:75 - [STDERR_REDIRECT] The following article explains this exception in detail: https://links.teamdev.com/jxbrowser-object-closed-exception
2024-10-29 13:23:38,997 [ERROR] LogOutputStream:75 - [STDERR_REDIRECT] 	at com.teamdev.jxbrowser.internal.CloseableImpl.checkNotClosed(CloseableImpl.java:41)
2024-10-29 13:23:38,998 [ERROR] LogOutputStream:75 - [STDERR_REDIRECT] 	at com.teamdev.jxbrowser.browser.internal.BrowserImpl.mainFrame(BrowserImpl.java:233)
2024-10-29 13:23:38,999 [ERROR] LogOutputStream:75 - [STDERR_REDIRECT] 	at com.st.microxplorer.plugins.userauth.WebApp.isAuthenticated(WebApp.java:672)
2024-10-29 13:23:39,000 [ERROR] LogOutputStream:75 - [STDERR_REDIRECT] 	at com.st.microxplorer.plugins.userauth.UserAuth.handleAuthentication(UserAuth.java:479)
2024-10-29 13:23:39,000 [ERROR] LogOutputStream:75 - [STDERR_REDIRECT] 	at com.st.microxplorer.plugins.userauth.UserAuth.getSpecificTask(UserAuth.java:269)
2024-10-29 13:23:39,001 [ERROR] LogOutputStream:75 - [STDERR_REDIRECT] 	at com.st.microxplorer.plugins.projectmanager.engine.MainProjectManager$3.onCommandEntered(MainProjectManager.java:234)
2024-10-29 13:23:39,002 [ERROR] LogOutputStream:75 - [STDERR_REDIRECT] 	at com.st.components.util.CommandLineManager.onCommandEntered(CommandLineManager.java:180)
2024-10-29 13:23:39,003 [ERROR] LogOutputStream:75 - [STDERR_REDIRECT] 	at com.st.components.util.CommandLineManager.runCommand(CommandLineManager.java:198)
2024-10-29 13:23:39,004 [ERROR] LogOutputStream:75 - [STDERR_REDIRECT] 	at com.st.components.util.CommandLineManager.runCommand(CommandLineManager.java:214)
2024-10-29 13:23:39,005 [ERROR] LogOutputStream:75 - [STDERR_REDIRECT] 	at com.st.components.util.CommandLineManager.runCommand(CommandLineManager.java:381)
2024-10-29 13:23:39,005 [ERROR] LogOutputStream:75 - [STDERR_REDIRECT] 	at com.st.stm32cube.common.mx.editor.CubeMxEditor$24.run(CubeMxEditor.java:2431)
2024-10-29 13:23:39,006 [ERROR] LogOutputStream:75 - [STDERR_REDIRECT] 	at org.eclipse.core.internal.jobs.Worker.run(Worker.java:63)
2024-10-29 13:24:25,208 [INFO] NvicIntPanel:101 - NVIC parent = com.st.microxplorer.plugins.ip.nvic.MultiNvicIntPanel[,0,0,0x0,invalid,layout=javax.swing.BoxLayout,alignmentX=0.0,alignmentY=0.0,border=,flags=9,maximumSize=,minimumSize=,preferredSize=]
2024-10-29 13:24:53,203 [INFO] NvicIntPanel:101 - NVIC parent = com.st.microxplorer.plugins.ip.nvic.MultiNvicIntPanel[,0,0,0x0,invalid,layout=javax.swing.BoxLayout,alignmentX=0.0,alignmentY=0.0,border=,flags=9,maximumSize=,minimumSize=,preferredSize=]
2024-10-29 13:25:42,798 [INFO] UtilMem:75 - End SaveConfig() Used Memory: 435736224 Bytes (761266176)
2024-10-29 13:25:44,110 [INFO] UtilMem:75 - End SaveConfig() Used Memory: 463525536 Bytes (761266176)
2024-10-29 13:25:45,497 [ERROR] LogOutputStream:75 - [STDERR_REDIRECT] com.teamdev.jxbrowser.ObjectClosedException: Attempted to use a closed object.
2024-10-29 13:25:45,500 [ERROR] LogOutputStream:75 - [STDERR_REDIRECT] You're trying to call a method of a closed object. Usually, it happens when you
2024-10-29 13:25:45,501 [ERROR] LogOutputStream:75 - [STDERR_REDIRECT] call the `close()` method of an object (or its owner) prior to calling methods
2024-10-29 13:25:45,502 [ERROR] LogOutputStream:75 - [STDERR_REDIRECT] of that object.
2024-10-29 13:25:45,503 [ERROR] LogOutputStream:75 - [STDERR_REDIRECT] Another common cause of this exception is working with cached DOM or JavaScript
2024-10-29 13:25:45,504 [ERROR] LogOutputStream:75 - [STDERR_REDIRECT] objects. For example, if you navigate to another web page and try to call
2024-10-29 13:25:45,505 [ERROR] LogOutputStream:75 - [STDERR_REDIRECT] a method of a DOM or a JavaScript object from the previous page, you will get
2024-10-29 13:25:45,505 [ERROR] LogOutputStream:75 - [STDERR_REDIRECT] this exception.
2024-10-29 13:25:45,506 [ERROR] LogOutputStream:75 - [STDERR_REDIRECT] It's also possible that the native Chromium process has crashed. In that case,
2024-10-29 13:25:45,507 [ERROR] LogOutputStream:75 - [STDERR_REDIRECT] all the objects that belong to that process are closed automatically.
2024-10-29 13:25:45,508 [ERROR] LogOutputStream:75 - [STDERR_REDIRECT] The following article explains this exception in detail: https://links.teamdev.com/jxbrowser-object-closed-exception
2024-10-29 13:25:45,510 [ERROR] LogOutputStream:75 - [STDERR_REDIRECT] 	at com.teamdev.jxbrowser.internal.CloseableImpl.checkNotClosed(CloseableImpl.java:41)
2024-10-29 13:25:45,511 [ERROR] LogOutputStream:75 - [STDERR_REDIRECT] 	at com.teamdev.jxbrowser.browser.internal.BrowserImpl.mainFrame(BrowserImpl.java:233)
2024-10-29 13:25:45,512 [ERROR] LogOutputStream:75 - [STDERR_REDIRECT] 	at com.st.microxplorer.plugins.userauth.WebApp.isAuthenticated(WebApp.java:672)
2024-10-29 13:25:45,513 [ERROR] LogOutputStream:75 - [STDERR_REDIRECT] 	at com.st.microxplorer.plugins.userauth.UserAuth.handleAuthentication(UserAuth.java:479)
2024-10-29 13:25:45,514 [ERROR] LogOutputStream:75 - [STDERR_REDIRECT] 	at com.st.microxplorer.plugins.userauth.UserAuth.getSpecificTask(UserAuth.java:269)
2024-10-29 13:25:45,516 [ERROR] LogOutputStream:75 - [STDERR_REDIRECT] 	at com.st.microxplorer.plugins.projectmanager.engine.MainProjectManager$3.onCommandEntered(MainProjectManager.java:234)
2024-10-29 13:25:45,517 [ERROR] LogOutputStream:75 - [STDERR_REDIRECT] 	at com.st.components.util.CommandLineManager.onCommandEntered(CommandLineManager.java:180)
2024-10-29 13:25:45,518 [ERROR] LogOutputStream:75 - [STDERR_REDIRECT] 	at com.st.components.util.CommandLineManager.runCommand(CommandLineManager.java:198)
2024-10-29 13:25:45,519 [ERROR] LogOutputStream:75 - [STDERR_REDIRECT] 	at com.st.components.util.CommandLineManager.runCommand(CommandLineManager.java:214)
2024-10-29 13:25:45,520 [ERROR] LogOutputStream:75 - [STDERR_REDIRECT] 	at com.st.components.util.CommandLineManager.runCommand(CommandLineManager.java:381)
2024-10-29 13:25:45,521 [ERROR] LogOutputStream:75 - [STDERR_REDIRECT] 	at com.st.stm32cube.common.mx.editor.CubeMxEditor$24.run(CubeMxEditor.java:2431)
2024-10-29 13:25:45,522 [ERROR] LogOutputStream:75 - [STDERR_REDIRECT] 	at org.eclipse.core.internal.jobs.Worker.run(Worker.java:63)
2024-10-29 13:26:03,978 [INFO] NvicIntPanel:101 - NVIC parent = com.st.microxplorer.plugins.ip.nvic.MultiNvicIntPanel[,0,0,0x0,invalid,layout=javax.swing.BoxLayout,alignmentX=0.0,alignmentY=0.0,border=,flags=9,maximumSize=,minimumSize=,preferredSize=]
2024-10-29 13:26:11,386 [INFO] UtilMem:75 - End SaveConfig() Used Memory: 705746592 Bytes (761266176)
2024-10-29 13:26:14,164 [ERROR] LogOutputStream:75 - [STDERR_REDIRECT] com.teamdev.jxbrowser.ObjectClosedException: Attempted to use a closed object.
2024-10-29 13:26:14,166 [ERROR] LogOutputStream:75 - [STDERR_REDIRECT] You're trying to call a method of a closed object. Usually, it happens when you
2024-10-29 13:26:14,168 [ERROR] LogOutputStream:75 - [STDERR_REDIRECT] call the `close()` method of an object (or its owner) prior to calling methods
2024-10-29 13:26:14,168 [ERROR] LogOutputStream:75 - [STDERR_REDIRECT] of that object.
2024-10-29 13:26:14,170 [ERROR] LogOutputStream:75 - [STDERR_REDIRECT] Another common cause of this exception is working with cached DOM or JavaScript
2024-10-29 13:26:14,171 [ERROR] LogOutputStream:75 - [STDERR_REDIRECT] objects. For example, if you navigate to another web page and try to call
2024-10-29 13:26:14,172 [ERROR] LogOutputStream:75 - [STDERR_REDIRECT] a method of a DOM or a JavaScript object from the previous page, you will get
2024-10-29 13:26:14,172 [ERROR] LogOutputStream:75 - [STDERR_REDIRECT] this exception.
2024-10-29 13:26:14,174 [ERROR] LogOutputStream:75 - [STDERR_REDIRECT] It's also possible that the native Chromium process has crashed. In that case,
2024-10-29 13:26:14,175 [ERROR] LogOutputStream:75 - [STDERR_REDIRECT] all the objects that belong to that process are closed automatically.
2024-10-29 13:26:14,176 [ERROR] LogOutputStream:75 - [STDERR_REDIRECT] The following article explains this exception in detail: https://links.teamdev.com/jxbrowser-object-closed-exception
2024-10-29 13:26:14,178 [ERROR] LogOutputStream:75 - [STDERR_REDIRECT] 	at com.teamdev.jxbrowser.internal.CloseableImpl.checkNotClosed(CloseableImpl.java:41)
2024-10-29 13:26:14,179 [ERROR] LogOutputStream:75 - [STDERR_REDIRECT] 	at com.teamdev.jxbrowser.browser.internal.BrowserImpl.mainFrame(BrowserImpl.java:233)
2024-10-29 13:26:14,180 [ERROR] LogOutputStream:75 - [STDERR_REDIRECT] 	at com.st.microxplorer.plugins.userauth.WebApp.isAuthenticated(WebApp.java:672)
2024-10-29 13:26:14,181 [ERROR] LogOutputStream:75 - [STDERR_REDIRECT] 	at com.st.microxplorer.plugins.userauth.UserAuth.handleAuthentication(UserAuth.java:479)
2024-10-29 13:26:14,183 [ERROR] LogOutputStream:75 - [STDERR_REDIRECT] 	at com.st.microxplorer.plugins.userauth.UserAuth.getSpecificTask(UserAuth.java:269)
2024-10-29 13:26:14,184 [ERROR] LogOutputStream:75 - [STDERR_REDIRECT] 	at com.st.microxplorer.plugins.projectmanager.engine.MainProjectManager$3.onCommandEntered(MainProjectManager.java:234)
2024-10-29 13:26:14,185 [ERROR] LogOutputStream:75 - [STDERR_REDIRECT] 	at com.st.components.util.CommandLineManager.onCommandEntered(CommandLineManager.java:180)
2024-10-29 13:26:14,187 [ERROR] LogOutputStream:75 - [STDERR_REDIRECT] 	at com.st.components.util.CommandLineManager.runCommand(CommandLineManager.java:198)
2024-10-29 13:26:14,188 [ERROR] LogOutputStream:75 - [STDERR_REDIRECT] 	at com.st.components.util.CommandLineManager.runCommand(CommandLineManager.java:214)
2024-10-29 13:26:14,189 [ERROR] LogOutputStream:75 - [STDERR_REDIRECT] 	at com.st.components.util.CommandLineManager.runCommand(CommandLineManager.java:381)
2024-10-29 13:26:14,190 [ERROR] LogOutputStream:75 - [STDERR_REDIRECT] 	at com.st.stm32cube.common.mx.editor.CubeMxEditor$24.run(CubeMxEditor.java:2431)
2024-10-29 13:26:14,191 [ERROR] LogOutputStream:75 - [STDERR_REDIRECT] 	at org.eclipse.core.internal.jobs.Worker.run(Worker.java:63)
2024-10-29 13:27:18,672 [INFO] UtilMem:75 - End SaveConfig() Used Memory: 251080776 Bytes (761266176)
2024-10-29 13:27:19,142 [ERROR] LogOutputStream:75 - [STDERR_REDIRECT] com.teamdev.jxbrowser.ObjectClosedException: Attempted to use a closed object.
2024-10-29 13:27:19,144 [ERROR] LogOutputStream:75 - [STDERR_REDIRECT] You're trying to call a method of a closed object. Usually, it happens when you
2024-10-29 13:27:19,145 [ERROR] LogOutputStream:75 - [STDERR_REDIRECT] call the `close()` method of an object (or its owner) prior to calling methods
2024-10-29 13:27:19,146 [ERROR] LogOutputStream:75 - [STDERR_REDIRECT] of that object.
2024-10-29 13:27:19,147 [ERROR] LogOutputStream:75 - [STDERR_REDIRECT] Another common cause of this exception is working with cached DOM or JavaScript
2024-10-29 13:27:19,148 [ERROR] LogOutputStream:75 - [STDERR_REDIRECT] objects. For example, if you navigate to another web page and try to call
2024-10-29 13:27:19,149 [ERROR] LogOutputStream:75 - [STDERR_REDIRECT] a method of a DOM or a JavaScript object from the previous page, you will get
2024-10-29 13:27:19,150 [ERROR] LogOutputStream:75 - [STDERR_REDIRECT] this exception.
2024-10-29 13:27:19,151 [ERROR] LogOutputStream:75 - [STDERR_REDIRECT] It's also possible that the native Chromium process has crashed. In that case,
2024-10-29 13:27:19,152 [ERROR] LogOutputStream:75 - [STDERR_REDIRECT] all the objects that belong to that process are closed automatically.
2024-10-29 13:27:19,154 [ERROR] LogOutputStream:75 - [STDERR_REDIRECT] The following article explains this exception in detail: https://links.teamdev.com/jxbrowser-object-closed-exception
2024-10-29 13:27:19,155 [ERROR] LogOutputStream:75 - [STDERR_REDIRECT] 	at com.teamdev.jxbrowser.internal.CloseableImpl.checkNotClosed(CloseableImpl.java:41)
2024-10-29 13:27:19,156 [ERROR] LogOutputStream:75 - [STDERR_REDIRECT] 	at com.teamdev.jxbrowser.browser.internal.BrowserImpl.mainFrame(BrowserImpl.java:233)
2024-10-29 13:27:19,158 [ERROR] LogOutputStream:75 - [STDERR_REDIRECT] 	at com.st.microxplorer.plugins.userauth.WebApp.isAuthenticated(WebApp.java:672)
2024-10-29 13:27:19,159 [ERROR] LogOutputStream:75 - [STDERR_REDIRECT] 	at com.st.microxplorer.plugins.userauth.UserAuth.handleAuthentication(UserAuth.java:479)
2024-10-29 13:27:19,161 [ERROR] LogOutputStream:75 - [STDERR_REDIRECT] 	at com.st.microxplorer.plugins.userauth.UserAuth.getSpecificTask(UserAuth.java:269)
2024-10-29 13:27:19,162 [ERROR] LogOutputStream:75 - [STDERR_REDIRECT] 	at com.st.microxplorer.plugins.projectmanager.engine.MainProjectManager$3.onCommandEntered(MainProjectManager.java:234)
2024-10-29 13:27:19,163 [ERROR] LogOutputStream:75 - [STDERR_REDIRECT] 	at com.st.components.util.CommandLineManager.onCommandEntered(CommandLineManager.java:180)
2024-10-29 13:27:19,164 [ERROR] LogOutputStream:75 - [STDERR_REDIRECT] 	at com.st.components.util.CommandLineManager.runCommand(CommandLineManager.java:198)
2024-10-29 13:27:19,165 [ERROR] LogOutputStream:75 - [STDERR_REDIRECT] 	at com.st.components.util.CommandLineManager.runCommand(CommandLineManager.java:214)
2024-10-29 13:27:19,166 [ERROR] LogOutputStream:75 - [STDERR_REDIRECT] 	at com.st.components.util.CommandLineManager.runCommand(CommandLineManager.java:381)
2024-10-29 13:27:19,167 [ERROR] LogOutputStream:75 - [STDERR_REDIRECT] 	at com.st.stm32cube.common.mx.editor.CubeMxEditor$24.run(CubeMxEditor.java:2431)
2024-10-29 13:27:19,167 [ERROR] LogOutputStream:75 - [STDERR_REDIRECT] 	at org.eclipse.core.internal.jobs.Worker.run(Worker.java:63)
2024-10-29 13:27:24,000 [ERROR] LogOutputStream:75 - [STDERR_REDIRECT] com.teamdev.jxbrowser.ObjectClosedException: Attempted to use a closed object.
2024-10-29 13:27:24,001 [ERROR] LogOutputStream:75 - [STDERR_REDIRECT] You're trying to call a method of a closed object. Usually, it happens when you
2024-10-29 13:27:24,002 [ERROR] LogOutputStream:75 - [STDERR_REDIRECT] call the `close()` method of an object (or its owner) prior to calling methods
2024-10-29 13:27:24,002 [ERROR] LogOutputStream:75 - [STDERR_REDIRECT] of that object.
2024-10-29 13:27:24,003 [ERROR] LogOutputStream:75 - [STDERR_REDIRECT] Another common cause of this exception is working with cached DOM or JavaScript
2024-10-29 13:27:24,004 [ERROR] LogOutputStream:75 - [STDERR_REDIRECT] objects. For example, if you navigate to another web page and try to call
2024-10-29 13:27:24,005 [ERROR] LogOutputStream:75 - [STDERR_REDIRECT] a method of a DOM or a JavaScript object from the previous page, you will get
2024-10-29 13:27:24,005 [ERROR] LogOutputStream:75 - [STDERR_REDIRECT] this exception.
2024-10-29 13:27:24,006 [ERROR] LogOutputStream:75 - [STDERR_REDIRECT] It's also possible that the native Chromium process has crashed. In that case,
2024-10-29 13:27:24,006 [ERROR] LogOutputStream:75 - [STDERR_REDIRECT] all the objects that belong to that process are closed automatically.
2024-10-29 13:27:24,007 [ERROR] LogOutputStream:75 - [STDERR_REDIRECT] The following article explains this exception in detail: https://links.teamdev.com/jxbrowser-object-closed-exception
2024-10-29 13:27:24,008 [ERROR] LogOutputStream:75 - [STDERR_REDIRECT] 	at com.teamdev.jxbrowser.internal.CloseableImpl.checkNotClosed(CloseableImpl.java:41)
2024-10-29 13:27:24,009 [ERROR] LogOutputStream:75 - [STDERR_REDIRECT] 	at com.teamdev.jxbrowser.browser.internal.BrowserImpl.mainFrame(BrowserImpl.java:233)
2024-10-29 13:27:24,011 [ERROR] LogOutputStream:75 - [STDERR_REDIRECT] 	at com.st.microxplorer.plugins.userauth.WebApp.isAuthenticated(WebApp.java:672)
2024-10-29 13:27:24,012 [ERROR] LogOutputStream:75 - [STDERR_REDIRECT] 	at com.st.microxplorer.plugins.userauth.UserAuth.handleAuthentication(UserAuth.java:479)
2024-10-29 13:27:24,013 [ERROR] LogOutputStream:75 - [STDERR_REDIRECT] 	at com.st.microxplorer.plugins.userauth.UserAuth.getSpecificTask(UserAuth.java:269)
2024-10-29 13:27:24,014 [ERROR] LogOutputStream:75 - [STDERR_REDIRECT] 	at com.st.microxplorer.plugins.projectmanager.engine.MainProjectManager$3.onCommandEntered(MainProjectManager.java:234)
2024-10-29 13:27:24,015 [ERROR] LogOutputStream:75 - [STDERR_REDIRECT] 	at com.st.components.util.CommandLineManager.onCommandEntered(CommandLineManager.java:180)
2024-10-29 13:27:24,016 [ERROR] LogOutputStream:75 - [STDERR_REDIRECT] 	at com.st.components.util.CommandLineManager.runCommand(CommandLineManager.java:198)
2024-10-29 13:27:24,018 [ERROR] LogOutputStream:75 - [STDERR_REDIRECT] 	at com.st.components.util.CommandLineManager.runCommand(CommandLineManager.java:214)
2024-10-29 13:27:24,019 [ERROR] LogOutputStream:75 - [STDERR_REDIRECT] 	at com.st.components.util.CommandLineManager.runCommand(CommandLineManager.java:381)
2024-10-29 13:27:24,019 [ERROR] LogOutputStream:75 - [STDERR_REDIRECT] 	at com.st.stm32cube.common.mx.editor.CubeMxEditor$24.run(CubeMxEditor.java:2431)
2024-10-29 13:27:24,020 [ERROR] LogOutputStream:75 - [STDERR_REDIRECT] 	at org.eclipse.core.internal.jobs.Worker.run(Worker.java:63)
2024-10-29 13:27:25,192 [ERROR] LogOutputStream:75 - [STDERR_REDIRECT] com.teamdev.jxbrowser.ObjectClosedException: Attempted to use a closed object.
2024-10-29 13:27:25,192 [ERROR] LogOutputStream:75 - [STDERR_REDIRECT] You're trying to call a method of a closed object. Usually, it happens when you
2024-10-29 13:27:25,193 [ERROR] LogOutputStream:75 - [STDERR_REDIRECT] call the `close()` method of an object (or its owner) prior to calling methods
2024-10-29 13:27:25,193 [ERROR] LogOutputStream:75 - [STDERR_REDIRECT] of that object.
2024-10-29 13:27:25,194 [ERROR] LogOutputStream:75 - [STDERR_REDIRECT] Another common cause of this exception is working with cached DOM or JavaScript
2024-10-29 13:27:25,195 [ERROR] LogOutputStream:75 - [STDERR_REDIRECT] objects. For example, if you navigate to another web page and try to call
2024-10-29 13:27:25,196 [ERROR] LogOutputStream:75 - [STDERR_REDIRECT] a method of a DOM or a JavaScript object from the previous page, you will get
2024-10-29 13:27:25,196 [ERROR] LogOutputStream:75 - [STDERR_REDIRECT] this exception.
2024-10-29 13:27:25,197 [ERROR] LogOutputStream:75 - [STDERR_REDIRECT] It's also possible that the native Chromium process has crashed. In that case,
2024-10-29 13:27:25,198 [ERROR] LogOutputStream:75 - [STDERR_REDIRECT] all the objects that belong to that process are closed automatically.
2024-10-29 13:27:25,199 [ERROR] LogOutputStream:75 - [STDERR_REDIRECT] The following article explains this exception in detail: https://links.teamdev.com/jxbrowser-object-closed-exception
2024-10-29 13:27:25,200 [ERROR] LogOutputStream:75 - [STDERR_REDIRECT] 	at com.teamdev.jxbrowser.internal.CloseableImpl.checkNotClosed(CloseableImpl.java:41)
2024-10-29 13:27:25,201 [ERROR] LogOutputStream:75 - [STDERR_REDIRECT] 	at com.teamdev.jxbrowser.browser.internal.BrowserImpl.mainFrame(BrowserImpl.java:233)
2024-10-29 13:27:25,202 [ERROR] LogOutputStream:75 - [STDERR_REDIRECT] 	at com.st.microxplorer.plugins.userauth.WebApp.isAuthenticated(WebApp.java:672)
2024-10-29 13:27:25,203 [ERROR] LogOutputStream:75 - [STDERR_REDIRECT] 	at com.st.microxplorer.plugins.userauth.UserAuth.handleAuthentication(UserAuth.java:479)
2024-10-29 13:27:25,203 [ERROR] LogOutputStream:75 - [STDERR_REDIRECT] 	at com.st.microxplorer.plugins.userauth.UserAuth.getSpecificTask(UserAuth.java:269)
2024-10-29 13:27:25,204 [ERROR] LogOutputStream:75 - [STDERR_REDIRECT] 	at com.st.microxplorer.plugins.projectmanager.engine.MainProjectManager$3.onCommandEntered(MainProjectManager.java:234)
2024-10-29 13:27:25,205 [ERROR] LogOutputStream:75 - [STDERR_REDIRECT] 	at com.st.components.util.CommandLineManager.onCommandEntered(CommandLineManager.java:180)
2024-10-29 13:27:25,206 [ERROR] LogOutputStream:75 - [STDERR_REDIRECT] 	at com.st.components.util.CommandLineManager.runCommand(CommandLineManager.java:198)
2024-10-29 13:27:25,207 [ERROR] LogOutputStream:75 - [STDERR_REDIRECT] 	at com.st.components.util.CommandLineManager.runCommand(CommandLineManager.java:214)
2024-10-29 13:27:25,207 [ERROR] LogOutputStream:75 - [STDERR_REDIRECT] 	at com.st.components.util.CommandLineManager.runCommand(CommandLineManager.java:381)
2024-10-29 13:27:25,208 [ERROR] LogOutputStream:75 - [STDERR_REDIRECT] 	at com.st.stm32cube.common.mx.editor.CubeMxEditor$24.run(CubeMxEditor.java:2431)
2024-10-29 13:27:25,209 [ERROR] LogOutputStream:75 - [STDERR_REDIRECT] 	at org.eclipse.core.internal.jobs.Worker.run(Worker.java:63)
2024-10-29 13:27:25,943 [ERROR] LogOutputStream:75 - [STDERR_REDIRECT] com.teamdev.jxbrowser.ObjectClosedException: Attempted to use a closed object.
2024-10-29 13:27:25,945 [ERROR] LogOutputStream:75 - [STDERR_REDIRECT] You're trying to call a method of a closed object. Usually, it happens when you
2024-10-29 13:27:25,946 [ERROR] LogOutputStream:75 - [STDERR_REDIRECT] call the `close()` method of an object (or its owner) prior to calling methods
2024-10-29 13:27:25,946 [ERROR] LogOutputStream:75 - [STDERR_REDIRECT] of that object.
2024-10-29 13:27:25,946 [ERROR] LogOutputStream:75 - [STDERR_REDIRECT] Another common cause of this exception is working with cached DOM or JavaScript
2024-10-29 13:27:25,947 [ERROR] LogOutputStream:75 - [STDERR_REDIRECT] objects. For example, if you navigate to another web page and try to call
2024-10-29 13:27:25,948 [ERROR] LogOutputStream:75 - [STDERR_REDIRECT] a method of a DOM or a JavaScript object from the previous page, you will get
2024-10-29 13:27:25,948 [ERROR] LogOutputStream:75 - [STDERR_REDIRECT] this exception.
2024-10-29 13:27:25,949 [ERROR] LogOutputStream:75 - [STDERR_REDIRECT] It's also possible that the native Chromium process has crashed. In that case,
2024-10-29 13:27:25,949 [ERROR] LogOutputStream:75 - [STDERR_REDIRECT] all the objects that belong to that process are closed automatically.
2024-10-29 13:27:25,951 [ERROR] LogOutputStream:75 - [STDERR_REDIRECT] The following article explains this exception in detail: https://links.teamdev.com/jxbrowser-object-closed-exception
2024-10-29 13:27:25,952 [ERROR] LogOutputStream:75 - [STDERR_REDIRECT] 	at com.teamdev.jxbrowser.internal.CloseableImpl.checkNotClosed(CloseableImpl.java:41)
2024-10-29 13:27:25,952 [ERROR] LogOutputStream:75 - [STDERR_REDIRECT] 	at com.teamdev.jxbrowser.browser.internal.BrowserImpl.mainFrame(BrowserImpl.java:233)
2024-10-29 13:27:25,953 [ERROR] LogOutputStream:75 - [STDERR_REDIRECT] 	at com.st.microxplorer.plugins.userauth.WebApp.isAuthenticated(WebApp.java:672)
2024-10-29 13:27:25,954 [ERROR] LogOutputStream:75 - [STDERR_REDIRECT] 	at com.st.microxplorer.plugins.userauth.UserAuth.handleAuthentication(UserAuth.java:479)
2024-10-29 13:27:25,954 [ERROR] LogOutputStream:75 - [STDERR_REDIRECT] 	at com.st.microxplorer.plugins.userauth.UserAuth.getSpecificTask(UserAuth.java:269)
2024-10-29 13:27:25,955 [ERROR] LogOutputStream:75 - [STDERR_REDIRECT] 	at com.st.microxplorer.plugins.projectmanager.engine.MainProjectManager$3.onCommandEntered(MainProjectManager.java:234)
2024-10-29 13:27:25,956 [ERROR] LogOutputStream:75 - [STDERR_REDIRECT] 	at com.st.components.util.CommandLineManager.onCommandEntered(CommandLineManager.java:180)
2024-10-29 13:27:25,957 [ERROR] LogOutputStream:75 - [STDERR_REDIRECT] 	at com.st.components.util.CommandLineManager.runCommand(CommandLineManager.java:198)
2024-10-29 13:27:25,958 [ERROR] LogOutputStream:75 - [STDERR_REDIRECT] 	at com.st.components.util.CommandLineManager.runCommand(CommandLineManager.java:214)
2024-10-29 13:27:25,958 [ERROR] LogOutputStream:75 - [STDERR_REDIRECT] 	at com.st.components.util.CommandLineManager.runCommand(CommandLineManager.java:381)
2024-10-29 13:27:25,959 [ERROR] LogOutputStream:75 - [STDERR_REDIRECT] 	at com.st.stm32cube.common.mx.editor.CubeMxEditor$24.run(CubeMxEditor.java:2431)
2024-10-29 13:27:25,959 [ERROR] LogOutputStream:75 - [STDERR_REDIRECT] 	at org.eclipse.core.internal.jobs.Worker.run(Worker.java:63)
2024-10-29 13:27:26,538 [ERROR] LogOutputStream:75 - [STDERR_REDIRECT] com.teamdev.jxbrowser.ObjectClosedException: Attempted to use a closed object.
2024-10-29 13:27:26,540 [ERROR] LogOutputStream:75 - [STDERR_REDIRECT] You're trying to call a method of a closed object. Usually, it happens when you
2024-10-29 13:27:26,541 [ERROR] LogOutputStream:75 - [STDERR_REDIRECT] call the `close()` method of an object (or its owner) prior to calling methods
2024-10-29 13:27:26,541 [ERROR] LogOutputStream:75 - [STDERR_REDIRECT] of that object.
2024-10-29 13:27:26,542 [ERROR] LogOutputStream:75 - [STDERR_REDIRECT] Another common cause of this exception is working with cached DOM or JavaScript
2024-10-29 13:27:26,543 [ERROR] LogOutputStream:75 - [STDERR_REDIRECT] objects. For example, if you navigate to another web page and try to call
2024-10-29 13:27:26,544 [ERROR] LogOutputStream:75 - [STDERR_REDIRECT] a method of a DOM or a JavaScript object from the previous page, you will get
2024-10-29 13:27:26,544 [ERROR] LogOutputStream:75 - [STDERR_REDIRECT] this exception.
2024-10-29 13:27:26,545 [ERROR] LogOutputStream:75 - [STDERR_REDIRECT] It's also possible that the native Chromium process has crashed. In that case,
2024-10-29 13:27:26,546 [ERROR] LogOutputStream:75 - [STDERR_REDIRECT] all the objects that belong to that process are closed automatically.
2024-10-29 13:27:26,548 [ERROR] LogOutputStream:75 - [STDERR_REDIRECT] The following article explains this exception in detail: https://links.teamdev.com/jxbrowser-object-closed-exception
2024-10-29 13:27:26,549 [ERROR] LogOutputStream:75 - [STDERR_REDIRECT] 	at com.teamdev.jxbrowser.internal.CloseableImpl.checkNotClosed(CloseableImpl.java:41)
2024-10-29 13:27:26,550 [ERROR] LogOutputStream:75 - [STDERR_REDIRECT] 	at com.teamdev.jxbrowser.browser.internal.BrowserImpl.mainFrame(BrowserImpl.java:233)
2024-10-29 13:27:26,551 [ERROR] LogOutputStream:75 - [STDERR_REDIRECT] 	at com.st.microxplorer.plugins.userauth.WebApp.isAuthenticated(WebApp.java:672)
2024-10-29 13:27:26,552 [ERROR] LogOutputStream:75 - [STDERR_REDIRECT] 	at com.st.microxplorer.plugins.userauth.UserAuth.handleAuthentication(UserAuth.java:479)
2024-10-29 13:27:26,553 [ERROR] LogOutputStream:75 - [STDERR_REDIRECT] 	at com.st.microxplorer.plugins.userauth.UserAuth.getSpecificTask(UserAuth.java:269)
2024-10-29 13:27:26,554 [ERROR] LogOutputStream:75 - [STDERR_REDIRECT] 	at com.st.microxplorer.plugins.projectmanager.engine.MainProjectManager$3.onCommandEntered(MainProjectManager.java:234)
2024-10-29 13:27:26,555 [ERROR] LogOutputStream:75 - [STDERR_REDIRECT] 	at com.st.components.util.CommandLineManager.onCommandEntered(CommandLineManager.java:180)
2024-10-29 13:27:26,556 [ERROR] LogOutputStream:75 - [STDERR_REDIRECT] 	at com.st.components.util.CommandLineManager.runCommand(CommandLineManager.java:198)
2024-10-29 13:27:26,558 [ERROR] LogOutputStream:75 - [STDERR_REDIRECT] 	at com.st.components.util.CommandLineManager.runCommand(CommandLineManager.java:214)
2024-10-29 13:27:26,559 [ERROR] LogOutputStream:75 - [STDERR_REDIRECT] 	at com.st.components.util.CommandLineManager.runCommand(CommandLineManager.java:381)
2024-10-29 13:27:26,559 [ERROR] LogOutputStream:75 - [STDERR_REDIRECT] 	at com.st.stm32cube.common.mx.editor.CubeMxEditor$24.run(CubeMxEditor.java:2431)
2024-10-29 13:27:26,560 [ERROR] LogOutputStream:75 - [STDERR_REDIRECT] 	at org.eclipse.core.internal.jobs.Worker.run(Worker.java:63)
2024-10-29 13:27:26,850 [ERROR] LogOutputStream:75 - [STDERR_REDIRECT] com.teamdev.jxbrowser.ObjectClosedException: Attempted to use a closed object.
2024-10-29 13:27:26,851 [ERROR] LogOutputStream:75 - [STDERR_REDIRECT] You're trying to call a method of a closed object. Usually, it happens when you
2024-10-29 13:27:26,852 [ERROR] LogOutputStream:75 - [STDERR_REDIRECT] call the `close()` method of an object (or its owner) prior to calling methods
2024-10-29 13:27:26,853 [ERROR] LogOutputStream:75 - [STDERR_REDIRECT] of that object.
2024-10-29 13:27:26,853 [ERROR] LogOutputStream:75 - [STDERR_REDIRECT] Another common cause of this exception is working with cached DOM or JavaScript
2024-10-29 13:27:26,855 [ERROR] LogOutputStream:75 - [STDERR_REDIRECT] objects. For example, if you navigate to another web page and try to call
2024-10-29 13:27:26,856 [ERROR] LogOutputStream:75 - [STDERR_REDIRECT] a method of a DOM or a JavaScript object from the previous page, you will get
2024-10-29 13:27:26,856 [ERROR] LogOutputStream:75 - [STDERR_REDIRECT] this exception.
2024-10-29 13:27:26,858 [ERROR] LogOutputStream:75 - [STDERR_REDIRECT] It's also possible that the native Chromium process has crashed. In that case,
2024-10-29 13:27:26,859 [ERROR] LogOutputStream:75 - [STDERR_REDIRECT] all the objects that belong to that process are closed automatically.
2024-10-29 13:27:26,860 [ERROR] LogOutputStream:75 - [STDERR_REDIRECT] The following article explains this exception in detail: https://links.teamdev.com/jxbrowser-object-closed-exception
2024-10-29 13:27:26,861 [ERROR] LogOutputStream:75 - [STDERR_REDIRECT] 	at com.teamdev.jxbrowser.internal.CloseableImpl.checkNotClosed(CloseableImpl.java:41)
2024-10-29 13:27:26,863 [ERROR] LogOutputStream:75 - [STDERR_REDIRECT] 	at com.teamdev.jxbrowser.browser.internal.BrowserImpl.mainFrame(BrowserImpl.java:233)
2024-10-29 13:27:26,863 [ERROR] LogOutputStream:75 - [STDERR_REDIRECT] 	at com.st.microxplorer.plugins.userauth.WebApp.isAuthenticated(WebApp.java:672)
2024-10-29 13:27:26,864 [ERROR] LogOutputStream:75 - [STDERR_REDIRECT] 	at com.st.microxplorer.plugins.userauth.UserAuth.handleAuthentication(UserAuth.java:479)
2024-10-29 13:27:26,866 [ERROR] LogOutputStream:75 - [STDERR_REDIRECT] 	at com.st.microxplorer.plugins.userauth.UserAuth.getSpecificTask(UserAuth.java:269)
2024-10-29 13:27:26,867 [ERROR] LogOutputStream:75 - [STDERR_REDIRECT] 	at com.st.microxplorer.plugins.projectmanager.engine.MainProjectManager$3.onCommandEntered(MainProjectManager.java:234)
2024-10-29 13:27:26,868 [ERROR] LogOutputStream:75 - [STDERR_REDIRECT] 	at com.st.components.util.CommandLineManager.onCommandEntered(CommandLineManager.java:180)
2024-10-29 13:27:26,869 [ERROR] LogOutputStream:75 - [STDERR_REDIRECT] 	at com.st.components.util.CommandLineManager.runCommand(CommandLineManager.java:198)
2024-10-29 13:27:26,869 [ERROR] LogOutputStream:75 - [STDERR_REDIRECT] 	at com.st.components.util.CommandLineManager.runCommand(CommandLineManager.java:214)
2024-10-29 13:27:26,870 [ERROR] LogOutputStream:75 - [STDERR_REDIRECT] 	at com.st.components.util.CommandLineManager.runCommand(CommandLineManager.java:381)
2024-10-29 13:27:26,871 [ERROR] LogOutputStream:75 - [STDERR_REDIRECT] 	at com.st.stm32cube.common.mx.editor.CubeMxEditor$24.run(CubeMxEditor.java:2431)
2024-10-29 13:27:26,872 [ERROR] LogOutputStream:75 - [STDERR_REDIRECT] 	at org.eclipse.core.internal.jobs.Worker.run(Worker.java:63)
2024-10-29 13:27:27,421 [ERROR] LogOutputStream:75 - [STDERR_REDIRECT] com.teamdev.jxbrowser.ObjectClosedException: Attempted to use a closed object.
2024-10-29 13:27:27,423 [ERROR] LogOutputStream:75 - [STDERR_REDIRECT] You're trying to call a method of a closed object. Usually, it happens when you
2024-10-29 13:27:27,424 [ERROR] LogOutputStream:75 - [STDERR_REDIRECT] call the `close()` method of an object (or its owner) prior to calling methods
2024-10-29 13:27:27,424 [ERROR] LogOutputStream:75 - [STDERR_REDIRECT] of that object.
2024-10-29 13:27:27,425 [ERROR] LogOutputStream:75 - [STDERR_REDIRECT] Another common cause of this exception is working with cached DOM or JavaScript
2024-10-29 13:27:27,426 [ERROR] LogOutputStream:75 - [STDERR_REDIRECT] objects. For example, if you navigate to another web page and try to call
2024-10-29 13:27:27,427 [ERROR] LogOutputStream:75 - [STDERR_REDIRECT] a method of a DOM or a JavaScript object from the previous page, you will get
2024-10-29 13:27:27,427 [ERROR] LogOutputStream:75 - [STDERR_REDIRECT] this exception.
2024-10-29 13:27:27,428 [ERROR] LogOutputStream:75 - [STDERR_REDIRECT] It's also possible that the native Chromium process has crashed. In that case,
2024-10-29 13:27:27,429 [ERROR] LogOutputStream:75 - [STDERR_REDIRECT] all the objects that belong to that process are closed automatically.
2024-10-29 13:27:27,430 [ERROR] LogOutputStream:75 - [STDERR_REDIRECT] The following article explains this exception in detail: https://links.teamdev.com/jxbrowser-object-closed-exception
2024-10-29 13:27:27,431 [ERROR] LogOutputStream:75 - [STDERR_REDIRECT] 	at com.teamdev.jxbrowser.internal.CloseableImpl.checkNotClosed(CloseableImpl.java:41)
2024-10-29 13:27:27,432 [ERROR] LogOutputStream:75 - [STDERR_REDIRECT] 	at com.teamdev.jxbrowser.browser.internal.BrowserImpl.mainFrame(BrowserImpl.java:233)
2024-10-29 13:27:27,433 [ERROR] LogOutputStream:75 - [STDERR_REDIRECT] 	at com.st.microxplorer.plugins.userauth.WebApp.isAuthenticated(WebApp.java:672)
2024-10-29 13:27:27,434 [ERROR] LogOutputStream:75 - [STDERR_REDIRECT] 	at com.st.microxplorer.plugins.userauth.UserAuth.handleAuthentication(UserAuth.java:479)
2024-10-29 13:27:27,435 [ERROR] LogOutputStream:75 - [STDERR_REDIRECT] 	at com.st.microxplorer.plugins.userauth.UserAuth.getSpecificTask(UserAuth.java:269)
2024-10-29 13:27:27,436 [ERROR] LogOutputStream:75 - [STDERR_REDIRECT] 	at com.st.microxplorer.plugins.projectmanager.engine.MainProjectManager$3.onCommandEntered(MainProjectManager.java:234)
2024-10-29 13:27:27,437 [ERROR] LogOutputStream:75 - [STDERR_REDIRECT] 	at com.st.components.util.CommandLineManager.onCommandEntered(CommandLineManager.java:180)
2024-10-29 13:27:27,437 [ERROR] LogOutputStream:75 - [STDERR_REDIRECT] 	at com.st.components.util.CommandLineManager.runCommand(CommandLineManager.java:198)
2024-10-29 13:27:27,439 [ERROR] LogOutputStream:75 - [STDERR_REDIRECT] 	at com.st.components.util.CommandLineManager.runCommand(CommandLineManager.java:214)
2024-10-29 13:27:27,440 [ERROR] LogOutputStream:75 - [STDERR_REDIRECT] 	at com.st.components.util.CommandLineManager.runCommand(CommandLineManager.java:381)
2024-10-29 13:27:27,441 [ERROR] LogOutputStream:75 - [STDERR_REDIRECT] 	at com.st.stm32cube.common.mx.editor.CubeMxEditor$24.run(CubeMxEditor.java:2431)
2024-10-29 13:27:27,441 [ERROR] LogOutputStream:75 - [STDERR_REDIRECT] 	at org.eclipse.core.internal.jobs.Worker.run(Worker.java:63)
2024-10-29 13:27:27,784 [ERROR] LogOutputStream:75 - [STDERR_REDIRECT] com.teamdev.jxbrowser.ObjectClosedException: Attempted to use a closed object.
2024-10-29 13:27:27,786 [ERROR] LogOutputStream:75 - [STDERR_REDIRECT] You're trying to call a method of a closed object. Usually, it happens when you
2024-10-29 13:27:27,787 [ERROR] LogOutputStream:75 - [STDERR_REDIRECT] call the `close()` method of an object (or its owner) prior to calling methods
2024-10-29 13:27:27,787 [ERROR] LogOutputStream:75 - [STDERR_REDIRECT] of that object.
2024-10-29 13:27:27,789 [ERROR] LogOutputStream:75 - [STDERR_REDIRECT] Another common cause of this exception is working with cached DOM or JavaScript
2024-10-29 13:27:27,789 [ERROR] LogOutputStream:75 - [STDERR_REDIRECT] objects. For example, if you navigate to another web page and try to call
2024-10-29 13:27:27,791 [ERROR] LogOutputStream:75 - [STDERR_REDIRECT] a method of a DOM or a JavaScript object from the previous page, you will get
2024-10-29 13:27:27,791 [ERROR] LogOutputStream:75 - [STDERR_REDIRECT] this exception.
2024-10-29 13:27:27,793 [ERROR] LogOutputStream:75 - [STDERR_REDIRECT] It's also possible that the native Chromium process has crashed. In that case,
2024-10-29 13:27:27,794 [ERROR] LogOutputStream:75 - [STDERR_REDIRECT] all the objects that belong to that process are closed automatically.
2024-10-29 13:27:27,795 [ERROR] LogOutputStream:75 - [STDERR_REDIRECT] The following article explains this exception in detail: https://links.teamdev.com/jxbrowser-object-closed-exception
2024-10-29 13:27:27,796 [ERROR] LogOutputStream:75 - [STDERR_REDIRECT] 	at com.teamdev.jxbrowser.internal.CloseableImpl.checkNotClosed(CloseableImpl.java:41)
2024-10-29 13:27:27,797 [ERROR] LogOutputStream:75 - [STDERR_REDIRECT] 	at com.teamdev.jxbrowser.browser.internal.BrowserImpl.mainFrame(BrowserImpl.java:233)
2024-10-29 13:27:27,798 [ERROR] LogOutputStream:75 - [STDERR_REDIRECT] 	at com.st.microxplorer.plugins.userauth.WebApp.isAuthenticated(WebApp.java:672)
2024-10-29 13:27:27,799 [ERROR] LogOutputStream:75 - [STDERR_REDIRECT] 	at com.st.microxplorer.plugins.userauth.UserAuth.handleAuthentication(UserAuth.java:479)
2024-10-29 13:27:27,800 [ERROR] LogOutputStream:75 - [STDERR_REDIRECT] 	at com.st.microxplorer.plugins.userauth.UserAuth.getSpecificTask(UserAuth.java:269)
2024-10-29 13:27:27,801 [ERROR] LogOutputStream:75 - [STDERR_REDIRECT] 	at com.st.microxplorer.plugins.projectmanager.engine.MainProjectManager$3.onCommandEntered(MainProjectManager.java:234)
2024-10-29 13:27:27,802 [ERROR] LogOutputStream:75 - [STDERR_REDIRECT] 	at com.st.components.util.CommandLineManager.onCommandEntered(CommandLineManager.java:180)
2024-10-29 13:27:27,803 [ERROR] LogOutputStream:75 - [STDERR_REDIRECT] 	at com.st.components.util.CommandLineManager.runCommand(CommandLineManager.java:198)
2024-10-29 13:27:27,804 [ERROR] LogOutputStream:75 - [STDERR_REDIRECT] 	at com.st.components.util.CommandLineManager.runCommand(CommandLineManager.java:214)
2024-10-29 13:27:27,804 [ERROR] LogOutputStream:75 - [STDERR_REDIRECT] 	at com.st.components.util.CommandLineManager.runCommand(CommandLineManager.java:381)
2024-10-29 13:27:27,805 [ERROR] LogOutputStream:75 - [STDERR_REDIRECT] 	at com.st.stm32cube.common.mx.editor.CubeMxEditor$24.run(CubeMxEditor.java:2431)
2024-10-29 13:27:27,806 [ERROR] LogOutputStream:75 - [STDERR_REDIRECT] 	at org.eclipse.core.internal.jobs.Worker.run(Worker.java:63)
2024-10-29 13:27:28,148 [ERROR] LogOutputStream:75 - [STDERR_REDIRECT] com.teamdev.jxbrowser.ObjectClosedException: Attempted to use a closed object.
2024-10-29 13:27:28,149 [ERROR] LogOutputStream:75 - [STDERR_REDIRECT] You're trying to call a method of a closed object. Usually, it happens when you
2024-10-29 13:27:28,150 [ERROR] LogOutputStream:75 - [STDERR_REDIRECT] call the `close()` method of an object (or its owner) prior to calling methods
2024-10-29 13:27:28,151 [ERROR] LogOutputStream:75 - [STDERR_REDIRECT] of that object.
2024-10-29 13:27:28,151 [ERROR] LogOutputStream:75 - [STDERR_REDIRECT] Another common cause of this exception is working with cached DOM or JavaScript
2024-10-29 13:27:28,153 [ERROR] LogOutputStream:75 - [STDERR_REDIRECT] objects. For example, if you navigate to another web page and try to call
2024-10-29 13:27:28,154 [ERROR] LogOutputStream:75 - [STDERR_REDIRECT] a method of a DOM or a JavaScript object from the previous page, you will get
2024-10-29 13:27:28,154 [ERROR] LogOutputStream:75 - [STDERR_REDIRECT] this exception.
2024-10-29 13:27:28,155 [ERROR] LogOutputStream:75 - [STDERR_REDIRECT] It's also possible that the native Chromium process has crashed. In that case,
2024-10-29 13:27:28,156 [ERROR] LogOutputStream:75 - [STDERR_REDIRECT] all the objects that belong to that process are closed automatically.
2024-10-29 13:27:28,157 [ERROR] LogOutputStream:75 - [STDERR_REDIRECT] The following article explains this exception in detail: https://links.teamdev.com/jxbrowser-object-closed-exception
2024-10-29 13:27:28,158 [ERROR] LogOutputStream:75 - [STDERR_REDIRECT] 	at com.teamdev.jxbrowser.internal.CloseableImpl.checkNotClosed(CloseableImpl.java:41)
2024-10-29 13:27:28,159 [ERROR] LogOutputStream:75 - [STDERR_REDIRECT] 	at com.teamdev.jxbrowser.browser.internal.BrowserImpl.mainFrame(BrowserImpl.java:233)
2024-10-29 13:27:28,160 [ERROR] LogOutputStream:75 - [STDERR_REDIRECT] 	at com.st.microxplorer.plugins.userauth.WebApp.isAuthenticated(WebApp.java:672)
2024-10-29 13:27:28,161 [ERROR] LogOutputStream:75 - [STDERR_REDIRECT] 	at com.st.microxplorer.plugins.userauth.UserAuth.handleAuthentication(UserAuth.java:479)
2024-10-29 13:27:28,162 [ERROR] LogOutputStream:75 - [STDERR_REDIRECT] 	at com.st.microxplorer.plugins.userauth.UserAuth.getSpecificTask(UserAuth.java:269)
2024-10-29 13:27:28,164 [ERROR] LogOutputStream:75 - [STDERR_REDIRECT] 	at com.st.microxplorer.plugins.projectmanager.engine.MainProjectManager$3.onCommandEntered(MainProjectManager.java:234)
2024-10-29 13:27:28,164 [ERROR] LogOutputStream:75 - [STDERR_REDIRECT] 	at com.st.components.util.CommandLineManager.onCommandEntered(CommandLineManager.java:180)
2024-10-29 13:27:28,165 [ERROR] LogOutputStream:75 - [STDERR_REDIRECT] 	at com.st.components.util.CommandLineManager.runCommand(CommandLineManager.java:198)
2024-10-29 13:27:28,166 [ERROR] LogOutputStream:75 - [STDERR_REDIRECT] 	at com.st.components.util.CommandLineManager.runCommand(CommandLineManager.java:214)
2024-10-29 13:27:28,167 [ERROR] LogOutputStream:75 - [STDERR_REDIRECT] 	at com.st.components.util.CommandLineManager.runCommand(CommandLineManager.java:381)
2024-10-29 13:27:28,168 [ERROR] LogOutputStream:75 - [STDERR_REDIRECT] 	at com.st.stm32cube.common.mx.editor.CubeMxEditor$24.run(CubeMxEditor.java:2431)
2024-10-29 13:27:28,169 [ERROR] LogOutputStream:75 - [STDERR_REDIRECT] 	at org.eclipse.core.internal.jobs.Worker.run(Worker.java:63)
2024-10-29 13:27:28,458 [ERROR] LogOutputStream:75 - [STDERR_REDIRECT] com.teamdev.jxbrowser.ObjectClosedException: Attempted to use a closed object.
2024-10-29 13:27:28,458 [ERROR] LogOutputStream:75 - [STDERR_REDIRECT] You're trying to call a method of a closed object. Usually, it happens when you
2024-10-29 13:27:28,459 [ERROR] LogOutputStream:75 - [STDERR_REDIRECT] call the `close()` method of an object (or its owner) prior to calling methods
2024-10-29 13:27:28,460 [ERROR] LogOutputStream:75 - [STDERR_REDIRECT] of that object.
2024-10-29 13:27:28,461 [ERROR] LogOutputStream:75 - [STDERR_REDIRECT] Another common cause of this exception is working with cached DOM or JavaScript
2024-10-29 13:27:28,462 [ERROR] LogOutputStream:75 - [STDERR_REDIRECT] objects. For example, if you navigate to another web page and try to call
2024-10-29 13:27:28,463 [ERROR] LogOutputStream:75 - [STDERR_REDIRECT] a method of a DOM or a JavaScript object from the previous page, you will get
2024-10-29 13:27:28,463 [ERROR] LogOutputStream:75 - [STDERR_REDIRECT] this exception.
2024-10-29 13:27:28,464 [ERROR] LogOutputStream:75 - [STDERR_REDIRECT] It's also possible that the native Chromium process has crashed. In that case,
2024-10-29 13:27:28,464 [ERROR] LogOutputStream:75 - [STDERR_REDIRECT] all the objects that belong to that process are closed automatically.
2024-10-29 13:27:28,465 [ERROR] LogOutputStream:75 - [STDERR_REDIRECT] The following article explains this exception in detail: https://links.teamdev.com/jxbrowser-object-closed-exception
2024-10-29 13:27:28,468 [ERROR] LogOutputStream:75 - [STDERR_REDIRECT] 	at com.teamdev.jxbrowser.internal.CloseableImpl.checkNotClosed(CloseableImpl.java:41)
2024-10-29 13:27:28,469 [ERROR] LogOutputStream:75 - [STDERR_REDIRECT] 	at com.teamdev.jxbrowser.browser.internal.BrowserImpl.mainFrame(BrowserImpl.java:233)
2024-10-29 13:27:28,470 [ERROR] LogOutputStream:75 - [STDERR_REDIRECT] 	at com.st.microxplorer.plugins.userauth.WebApp.isAuthenticated(WebApp.java:672)
2024-10-29 13:27:28,471 [ERROR] LogOutputStream:75 - [STDERR_REDIRECT] 	at com.st.microxplorer.plugins.userauth.UserAuth.handleAuthentication(UserAuth.java:479)
2024-10-29 13:27:28,472 [ERROR] LogOutputStream:75 - [STDERR_REDIRECT] 	at com.st.microxplorer.plugins.userauth.UserAuth.getSpecificTask(UserAuth.java:269)
2024-10-29 13:27:28,474 [ERROR] LogOutputStream:75 - [STDERR_REDIRECT] 	at com.st.microxplorer.plugins.projectmanager.engine.MainProjectManager$3.onCommandEntered(MainProjectManager.java:234)
2024-10-29 13:27:28,475 [ERROR] LogOutputStream:75 - [STDERR_REDIRECT] 	at com.st.components.util.CommandLineManager.onCommandEntered(CommandLineManager.java:180)
2024-10-29 13:27:28,476 [ERROR] LogOutputStream:75 - [STDERR_REDIRECT] 	at com.st.components.util.CommandLineManager.runCommand(CommandLineManager.java:198)
2024-10-29 13:27:28,477 [ERROR] LogOutputStream:75 - [STDERR_REDIRECT] 	at com.st.components.util.CommandLineManager.runCommand(CommandLineManager.java:214)
2024-10-29 13:27:28,478 [ERROR] LogOutputStream:75 - [STDERR_REDIRECT] 	at com.st.components.util.CommandLineManager.runCommand(CommandLineManager.java:381)
2024-10-29 13:27:28,478 [ERROR] LogOutputStream:75 - [STDERR_REDIRECT] 	at com.st.stm32cube.common.mx.editor.CubeMxEditor$24.run(CubeMxEditor.java:2431)
2024-10-29 13:27:28,479 [ERROR] LogOutputStream:75 - [STDERR_REDIRECT] 	at org.eclipse.core.internal.jobs.Worker.run(Worker.java:63)
2024-10-29 13:27:30,932 [INFO] McuFinderGlobals:63 - Set McuFinder mode to 2 (CubeIDE integrated)
2024-10-29 13:27:30,932 [INFO] UserAuth:179 - activating auth plugin
2024-10-29 13:27:30,934 [INFO] UserAuth:417 - Internet connection configuration mode: 1
2024-10-29 13:27:42,769 [ERROR] LogOutputStream:75 - [STDERR_REDIRECT] 
2024-10-29 13:27:42,770 [ERROR] LogOutputStream:75 - [STDERR_REDIRECT] 
2024-10-29 13:28:10,184 [INFO] Activator:176 - 


2024-10-29 13:28:10,185 [INFO] Activator:177 - !SESSION log4j initialized
2024-10-29 13:28:14,309 [INFO] LogOutputStream:77 - [STDOUT_REDIRECT] 
2024-10-29 13:28:15,917 [INFO] ApplicationProperties:184 - Using Application install path: D:\software\STM32CubeIDE_1.16.1\STM32CubeIDE\plugins\com.st.stm32cube.common.mx_6.12.1.202409122256
2024-10-29 13:28:15,929 [INFO] DbMcusXml:78 - Set database path to: D:\software\STM32CubeIDE_1.16.1\STM32CubeIDE\plugins\com.st.stm32cube.common.mx_6.12.1.202409122256\\db\/mcu/
2024-10-29 13:28:15,930 [INFO] ApiDb:274 - Set plugin database path to: D:\software\STM32CubeIDE_1.16.1\STM32CubeIDE\plugins\com.st.stm32cube.common.mx_6.12.1.202409122256\\db\/plugins/boardmanager/
2024-10-29 13:28:15,930 [WARN] ApiDb:259 - Overriding images path with different value:  => D:\software\STM32CubeIDE_1.16.1\STM32CubeIDE\plugins\com.st.stm32cube.common.mx_6.12.1.202409122256\\db\/plugins/mcufinder/images/
2024-10-29 13:28:15,936 [INFO] ApiDb:250 - Set database path to: C:\Users\19948\.stmcufinder\plugins\mcufinder//mcu/
2024-10-29 13:28:15,936 [INFO] DbMcusAds:125 - Set database path to: C:\Users\19948\.stmcufinder\plugins\mcufinder//mcu/
2024-10-29 13:28:15,938 [INFO] CrossReferenceDbSqlite:203 - Set database path to: C:\Users\19948\.stmcufinder\plugins\mcufinder//mcu/cs/
2024-10-29 13:28:16,007 [INFO] RulesReader:64 - Compatibility file has been processed (297 Rules)
2024-10-29 13:28:16,075 [INFO] DbMcusXml:78 - Set database path to: D:\software\STM32CubeIDE_1.16.1\STM32CubeIDE\plugins\com.st.stm32cube.common.mx_6.12.1.202409122256\\db\/mcu/
2024-10-29 13:28:16,075 [INFO] ApiDb:274 - Set plugin database path to: D:\software\STM32CubeIDE_1.16.1\STM32CubeIDE\plugins\com.st.stm32cube.common.mx_6.12.1.202409122256\\db\/plugins/boardmanager/
2024-10-29 13:28:16,075 [INFO] ApiDb:261 - Set plugin images path to: D:\software\STM32CubeIDE_1.16.1\STM32CubeIDE\plugins\com.st.stm32cube.common.mx_6.12.1.202409122256\\db\/plugins/mcufinder/images/
2024-10-29 13:28:16,075 [WARN] DbFile:41 - Overriding database path with different value: C:\Users\19948\.stmcufinder\plugins\mcufinder/ => C:\Users\19948\.stmcufinder\plugins\mcufinder
2024-10-29 13:28:16,075 [INFO] ApiDb:250 - Set database path to: C:\Users\19948\.stmcufinder\plugins\mcufinder//mcu/
2024-10-29 13:28:16,075 [WARN] DbFile:41 - Overriding database path with different value: C:\Users\19948\.stmcufinder\plugins\mcufinder/ => C:\Users\19948\.stmcufinder\plugins\mcufinder
2024-10-29 13:28:16,075 [INFO] DbMcusAds:125 - Set database path to: C:\Users\19948\.stmcufinder\plugins\mcufinder//mcu/
2024-10-29 13:28:16,075 [WARN] DbFile:41 - Overriding database path with different value: C:\Users\19948\.stmcufinder\plugins\mcufinder/ => C:\Users\19948\.stmcufinder\plugins\mcufinder
2024-10-29 13:28:16,076 [WARN] DbFile:41 - Overriding database path with different value: C:\Users\19948\.stmcufinder\plugins\mcufinder/ => C:\Users\19948\.stmcufinder\plugins\mcufinder
2024-10-29 13:28:16,076 [INFO] CrossReferenceDbSqlite:203 - Set database path to: C:\Users\19948\.stmcufinder\plugins\mcufinder//mcu/cs/
2024-10-29 13:28:16,143 [INFO] MainPanel:268 - HeapMemory: 268435456
2024-10-29 13:28:16,205 [INFO] DbMcusXml:78 - Set database path to: D:\software\STM32CubeIDE_1.16.1\STM32CubeIDE\plugins\com.st.stm32cube.common.mx_6.12.1.202409122256\\db\/mcu/
2024-10-29 13:28:16,205 [INFO] ApiDb:274 - Set plugin database path to: D:\software\STM32CubeIDE_1.16.1\STM32CubeIDE\plugins\com.st.stm32cube.common.mx_6.12.1.202409122256\\db\/plugins/boardmanager/
2024-10-29 13:28:16,205 [INFO] ApiDb:261 - Set plugin images path to: D:\software\STM32CubeIDE_1.16.1\STM32CubeIDE\plugins\com.st.stm32cube.common.mx_6.12.1.202409122256\\db\/plugins/mcufinder/images/
2024-10-29 13:28:16,205 [WARN] DbFile:41 - Overriding database path with different value: C:\Users\19948\.stmcufinder\plugins\mcufinder/ => C:\Users\19948\.stmcufinder\plugins\mcufinder
2024-10-29 13:28:16,205 [INFO] ApiDb:250 - Set database path to: C:\Users\19948\.stmcufinder\plugins\mcufinder//mcu/
2024-10-29 13:28:16,205 [WARN] DbFile:41 - Overriding database path with different value: C:\Users\19948\.stmcufinder\plugins\mcufinder/ => C:\Users\19948\.stmcufinder\plugins\mcufinder
2024-10-29 13:28:16,206 [INFO] DbMcusAds:125 - Set database path to: C:\Users\19948\.stmcufinder\plugins\mcufinder//mcu/
2024-10-29 13:28:16,206 [WARN] DbFile:41 - Overriding database path with different value: C:\Users\19948\.stmcufinder\plugins\mcufinder/ => C:\Users\19948\.stmcufinder\plugins\mcufinder
2024-10-29 13:28:16,206 [WARN] DbFile:41 - Overriding database path with different value: C:\Users\19948\.stmcufinder\plugins\mcufinder/ => C:\Users\19948\.stmcufinder\plugins\mcufinder
2024-10-29 13:28:16,206 [INFO] CrossReferenceDbSqlite:203 - Set database path to: C:\Users\19948\.stmcufinder\plugins\mcufinder//mcu/cs/
2024-10-29 13:28:16,221 [INFO] ApplicationProperties:184 - Using Application install path: D:\software\STM32CubeIDE_1.16.1\STM32CubeIDE\plugins\com.st.stm32cube.common.mx_6.12.1.202409122256
2024-10-29 13:28:16,222 [INFO] PluginManage:196 - Search for loadable plugins [exclusion list=, ]
2024-10-29 13:28:16,224 [INFO] PluginManage:310 - Check plugin analytics
2024-10-29 13:28:16,349 [INFO] AnalyticsPlugin:253 - Accepted Software Licenses: 
2024-10-29 13:28:16,350 [INFO] AnalyticsPlugin:255 - Accepted CMSIS Pack Licenses: 
2024-10-29 13:28:16,350 [INFO] AnalyticsPlugin:257 - Accepted Firmware Licenses: 
2024-10-29 13:28:16,352 [INFO] PluginManage:359 - Loaded plugin analytics (category:tool,tabindex:-1)
2024-10-29 13:28:16,352 [INFO] PluginManage:310 - Check plugin cadmodel
2024-10-29 13:28:16,356 [INFO] CADModel:105 - Init CAD model plugin
2024-10-29 13:28:16,356 [INFO] PluginManage:359 - Loaded plugin cadmodel (category:power,tabindex:5)
2024-10-29 13:28:16,357 [INFO] PluginManage:310 - Check plugin clock
2024-10-29 13:28:16,364 [INFO] PluginManage:359 - Loaded plugin clock (category:base,tabindex:2)
2024-10-29 13:28:16,365 [INFO] PluginManage:310 - Check plugin ddr
2024-10-29 13:28:16,366 [INFO] PluginManage:359 - Loaded plugin ddr (category:tool,tabindex:6)
2024-10-29 13:28:16,367 [INFO] PluginManage:310 - Check plugin filemanager
2024-10-29 13:28:16,480 [INFO] PluginManage:359 - Loaded plugin filemanager (category:base,tabindex:10)
2024-10-29 13:28:16,480 [INFO] PluginManage:310 - Check plugin ipmanager
2024-10-29 13:28:16,486 [INFO] PluginManage:359 - Loaded plugin ipmanager (category:base,tabindex:5)
2024-10-29 13:28:16,486 [INFO] PluginManage:310 - Check plugin lpbam
2024-10-29 13:28:16,493 [INFO] PluginManage:359 - Loaded plugin lpbam (category:base,tabindex:0)
2024-10-29 13:28:16,493 [INFO] PluginManage:310 - Check plugin memorymap
2024-10-29 13:28:16,503 [INFO] PluginManage:359 - Loaded plugin memorymap (category:base,tabindex:4)
2024-10-29 13:28:16,503 [INFO] PluginManage:310 - Check plugin pinoutandconfiguration
2024-10-29 13:28:16,509 [INFO] PluginManage:359 - Loaded plugin pinoutandconfiguration (category:base,tabindex:1)
2024-10-29 13:28:16,509 [INFO] PluginManage:310 - Check plugin pinoutconfig
2024-10-29 13:28:16,584 [WARN] SupportedApi:132 - Cannot load RTOS API schema: s4s-elt-must-match.1: The content of 'definitions' must match (annotation?, (simpleType | complexType)?, (unique | key | keyref)*)). A problem was found starting at: attribute.
2024-10-29 13:28:16,686 [INFO] PluginManage:359 - Loaded plugin pinoutconfig (category:base,tabindex:0)
2024-10-29 13:28:16,686 [INFO] PluginManage:310 - Check plugin power
2024-10-29 13:28:16,696 [INFO] PluginManage:359 - Loaded plugin power (category:power,tabindex:4)
2024-10-29 13:28:16,696 [INFO] PluginManage:310 - Check plugin projectmanager
2024-10-29 13:28:16,709 [INFO] PluginManage:359 - Loaded plugin projectmanager (category:projectmanager,tabindex:4)
2024-10-29 13:28:16,709 [INFO] PluginManage:310 - Check plugin rif
2024-10-29 13:28:16,712 [INFO] PluginManage:359 - Loaded plugin rif (category:base,tabindex:3)
2024-10-29 13:28:16,712 [INFO] PluginManage:310 - Check plugin thirdparty
2024-10-29 13:28:16,792 [INFO] PluginManage:359 - Loaded plugin thirdparty (category:base,tabindex:-1)
2024-10-29 13:28:16,792 [WARN] IntegrityCheckThread:84 - waiting for thirdparty lock release [integrity check]
2024-10-29 13:28:16,792 [INFO] PluginManage:310 - Check plugin tools
2024-10-29 13:28:16,792 [INFO] IntegrityCheckThread:86 - entering critical section [integrity check]
2024-10-29 13:28:16,792 [INFO] ThirdPartyUpdaterWithRetryManager:70 - Updater plugin not ready yet. [1/15]
2024-10-29 13:28:16,794 [INFO] PluginManage:359 - Loaded plugin tools (category:base,tabindex:7)
2024-10-29 13:28:16,794 [INFO] PluginManage:310 - Check plugin tutovideos
2024-10-29 13:28:16,912 [INFO] PluginManage:359 - Loaded plugin tutovideos (category:base,tabindex:-1)
2024-10-29 13:28:16,913 [INFO] PluginManage:310 - Check plugin updater
2024-10-29 13:28:16,934 [INFO] PluginManage:359 - Loaded plugin updater (category:base,tabindex:12)
2024-10-29 13:28:16,934 [INFO] PluginManage:310 - Check plugin userauth
2024-10-29 13:28:16,938 [INFO] UserAuth:113 - Init User Auth plugin
2024-10-29 13:28:16,938 [INFO] PluginManage:359 - Loaded plugin userauth (category:base,tabindex:14)
2024-10-29 13:28:16,939 [INFO] PluginManage:283 - PluginManage : Loaded plugins [18]
2024-10-29 13:28:17,100 [INFO] PinOutPanel:1561 - setPackage(No Configuration,No Configuration)
2024-10-29 13:28:17,174 [INFO] CADModel:165 - CPN selected for project level
2024-10-29 13:28:17,174 [INFO] CADModel:114 - Register for checkConnection events
2024-10-29 13:28:17,188 [INFO] IPUIPlugin:80 - create IPUIPlugin
2024-10-29 13:28:17,188 [INFO] PluginManager:220 - loadIPPluginJar : add adc
2024-10-29 13:28:17,190 [INFO] IPUIPlugin:80 - create IPUIPlugin
2024-10-29 13:28:17,190 [INFO] PluginManager:220 - loadIPPluginJar : add aes
2024-10-29 13:28:17,192 [INFO] IPUIPlugin:80 - create IPUIPlugin
2024-10-29 13:28:17,192 [INFO] PluginManager:220 - loadIPPluginJar : add can
2024-10-29 13:28:17,193 [INFO] IPUIPlugin:80 - create IPUIPlugin
2024-10-29 13:28:17,193 [INFO] PluginManager:220 - loadIPPluginJar : add comp
2024-10-29 13:28:17,195 [INFO] IPUIPlugin:80 - create IPUIPlugin
2024-10-29 13:28:17,195 [INFO] PluginManager:220 - loadIPPluginJar : add cryp
2024-10-29 13:28:17,196 [INFO] IPUIPlugin:80 - create IPUIPlugin
2024-10-29 13:28:17,196 [INFO] PluginManager:220 - loadIPPluginJar : add ddr_ctrl_phy
2024-10-29 13:28:17,199 [INFO] IPUIPlugin:80 - create IPUIPlugin
2024-10-29 13:28:17,199 [INFO] PluginManager:220 - loadIPPluginJar : add dfsdm
2024-10-29 13:28:17,202 [INFO] IPUIPlugin:80 - create IPUIPlugin
2024-10-29 13:28:17,203 [INFO] PluginManager:220 - loadIPPluginJar : add dma
2024-10-29 13:28:17,205 [INFO] IPUIPlugin:80 - create IPUIPlugin
2024-10-29 13:28:17,205 [INFO] PluginManager:220 - loadIPPluginJar : add dma3
2024-10-29 13:28:17,207 [INFO] IPUIPlugin:80 - create IPUIPlugin
2024-10-29 13:28:17,207 [INFO] PluginManager:220 - loadIPPluginJar : add extmemmanager
2024-10-29 13:28:17,208 [INFO] IPUIPlugin:80 - create IPUIPlugin
2024-10-29 13:28:17,208 [INFO] PluginManager:220 - loadIPPluginJar : add fatfs
2024-10-29 13:28:17,211 [INFO] IPUIPlugin:80 - create IPUIPlugin
2024-10-29 13:28:17,211 [INFO] PluginManager:220 - loadIPPluginJar : add fmc
2024-10-29 13:28:17,214 [INFO] IPUIPlugin:80 - create IPUIPlugin
2024-10-29 13:28:17,214 [INFO] PluginManager:220 - loadIPPluginJar : add freertos
2024-10-29 13:28:17,215 [INFO] IPUIPlugin:80 - create IPUIPlugin
2024-10-29 13:28:17,215 [INFO] PluginManager:220 - loadIPPluginJar : add genericplugin
2024-10-29 13:28:17,217 [INFO] IPUIPlugin:80 - create IPUIPlugin
2024-10-29 13:28:17,217 [INFO] PluginManager:220 - loadIPPluginJar : add gfxmmu
2024-10-29 13:28:17,220 [INFO] IPUIPlugin:80 - create IPUIPlugin
2024-10-29 13:28:17,220 [INFO] PluginManager:220 - loadIPPluginJar : add gic
2024-10-29 13:28:17,223 [INFO] IPUIPlugin:80 - create IPUIPlugin
2024-10-29 13:28:17,223 [INFO] PluginManager:220 - loadIPPluginJar : add gpio
2024-10-29 13:28:17,225 [INFO] IPUIPlugin:80 - create IPUIPlugin
2024-10-29 13:28:17,225 [INFO] PluginManager:220 - loadIPPluginJar : add gtzc
2024-10-29 13:28:17,227 [INFO] IPUIPlugin:80 - create IPUIPlugin
2024-10-29 13:28:17,227 [INFO] PluginManager:220 - loadIPPluginJar : add hash
2024-10-29 13:28:17,228 [INFO] IPUIPlugin:80 - create IPUIPlugin
2024-10-29 13:28:17,229 [INFO] PluginManager:220 - loadIPPluginJar : add i2c
2024-10-29 13:28:17,230 [INFO] IPUIPlugin:80 - create IPUIPlugin
2024-10-29 13:28:17,230 [INFO] PluginManager:220 - loadIPPluginJar : add i2s
2024-10-29 13:28:17,232 [INFO] IPUIPlugin:80 - create IPUIPlugin
2024-10-29 13:28:17,232 [INFO] PluginManager:220 - loadIPPluginJar : add i3c
2024-10-29 13:28:17,234 [INFO] IPUIPlugin:80 - create IPUIPlugin
2024-10-29 13:28:17,234 [INFO] PluginManager:220 - loadIPPluginJar : add ipddr
2024-10-29 13:28:17,240 [INFO] IPUIPlugin:80 - create IPUIPlugin
2024-10-29 13:28:17,240 [INFO] PluginManager:220 - loadIPPluginJar : add linkedlist
2024-10-29 13:28:17,242 [INFO] IPUIPlugin:80 - create IPUIPlugin
2024-10-29 13:28:17,243 [INFO] PluginManager:220 - loadIPPluginJar : add lorawan
2024-10-29 13:28:17,244 [INFO] IPUIPlugin:80 - create IPUIPlugin
2024-10-29 13:28:17,244 [INFO] PluginManager:220 - loadIPPluginJar : add ltdc
2024-10-29 13:28:17,247 [INFO] IPUIPlugin:80 - create IPUIPlugin
2024-10-29 13:28:17,247 [INFO] PluginManager:220 - loadIPPluginJar : add mdma
2024-10-29 13:28:17,250 [INFO] IPUIPlugin:80 - create IPUIPlugin
2024-10-29 13:28:17,250 [INFO] PluginManager:220 - loadIPPluginJar : add nvic
2024-10-29 13:28:17,252 [INFO] IPUIPlugin:80 - create IPUIPlugin
2024-10-29 13:28:17,252 [INFO] PluginManager:220 - loadIPPluginJar : add opamp
2024-10-29 13:28:17,254 [INFO] IPUIPlugin:80 - create IPUIPlugin
2024-10-29 13:28:17,254 [INFO] PluginManager:220 - loadIPPluginJar : add openamp
2024-10-29 13:28:17,256 [INFO] IPUIPlugin:80 - create IPUIPlugin
2024-10-29 13:28:17,256 [INFO] PluginManager:220 - loadIPPluginJar : add pdm2pcm
2024-10-29 13:28:17,260 [INFO] IPUIPlugin:80 - create IPUIPlugin
2024-10-29 13:28:17,261 [INFO] PluginManager:220 - loadIPPluginJar : add plateformsettings
2024-10-29 13:28:17,262 [INFO] IPUIPlugin:80 - create IPUIPlugin
2024-10-29 13:28:17,263 [INFO] PluginManager:220 - loadIPPluginJar : add quadspi
2024-10-29 13:28:17,264 [INFO] IPUIPlugin:80 - create IPUIPlugin
2024-10-29 13:28:17,264 [INFO] PluginManager:220 - loadIPPluginJar : add radio
2024-10-29 13:28:17,266 [INFO] IPUIPlugin:80 - create IPUIPlugin
2024-10-29 13:28:17,266 [INFO] PluginManager:220 - loadIPPluginJar : add resmgrutility
2024-10-29 13:28:17,268 [INFO] IPUIPlugin:80 - create IPUIPlugin
2024-10-29 13:28:17,268 [INFO] PluginManager:220 - loadIPPluginJar : add sai
2024-10-29 13:28:17,270 [INFO] IPUIPlugin:80 - create IPUIPlugin
2024-10-29 13:28:17,270 [INFO] PluginManager:220 - loadIPPluginJar : add spi
2024-10-29 13:28:17,273 [INFO] IPUIPlugin:80 - create IPUIPlugin
2024-10-29 13:28:17,273 [INFO] PluginManager:220 - loadIPPluginJar : add stm32_wpan
2024-10-29 13:28:17,274 [INFO] IPUIPlugin:80 - create IPUIPlugin
2024-10-29 13:28:17,275 [INFO] PluginManager:220 - loadIPPluginJar : add tim
2024-10-29 13:28:17,277 [INFO] IPUIPlugin:80 - create IPUIPlugin
2024-10-29 13:28:17,277 [INFO] PluginManager:220 - loadIPPluginJar : add touchsensing
2024-10-29 13:28:17,278 [INFO] IPUIPlugin:80 - create IPUIPlugin
2024-10-29 13:28:17,278 [INFO] PluginManager:220 - loadIPPluginJar : add tracer_emb
2024-10-29 13:28:17,280 [INFO] IPUIPlugin:80 - create IPUIPlugin
2024-10-29 13:28:17,280 [INFO] PluginManager:220 - loadIPPluginJar : add ts
2024-10-29 13:28:17,282 [INFO] IPUIPlugin:80 - create IPUIPlugin
2024-10-29 13:28:17,282 [INFO] PluginManager:220 - loadIPPluginJar : add tsc
2024-10-29 13:28:17,284 [INFO] IPUIPlugin:80 - create IPUIPlugin
2024-10-29 13:28:17,284 [INFO] PluginManager:220 - loadIPPluginJar : add ucpd
2024-10-29 13:28:17,286 [INFO] IPUIPlugin:80 - create IPUIPlugin
2024-10-29 13:28:17,286 [INFO] PluginManager:220 - loadIPPluginJar : add usart
2024-10-29 13:28:17,287 [INFO] IPUIPlugin:80 - create IPUIPlugin
2024-10-29 13:28:17,288 [INFO] PluginManager:220 - loadIPPluginJar : add usbx
2024-10-29 13:28:17,406 [INFO] CADModel:165 - CPN selected for project level
2024-10-29 13:28:17,407 [INFO] CADModel:114 - Register for checkConnection events
2024-10-29 13:28:17,407 [FATAL] Updater:334 - Updater called before beeing initialized
2024-10-29 13:28:17,408 [ERROR] CADModel:125 - Updater not yet initialized, retry later 
2024-10-29 13:28:17,504 [INFO] CADModel:165 - CPN selected for project level
2024-10-29 13:28:17,504 [INFO] CADModel:114 - Register for checkConnection events
2024-10-29 13:28:17,504 [FATAL] Updater:334 - Updater called before beeing initialized
2024-10-29 13:28:17,504 [ERROR] CADModel:125 - Updater not yet initialized, retry later 
2024-10-29 13:28:17,507 [FATAL] Updater:334 - Updater called before beeing initialized
2024-10-29 13:28:17,595 [FATAL] Updater:334 - Updater called before beeing initialized
2024-10-29 13:28:17,598 [INFO] DbMcusAds:53 - JSON generation date=Fri Sep 20 21:04:38 CST 2024 (1726837478367)
2024-10-29 13:28:17,598 [FATAL] Updater:334 - Updater called before beeing initialized
2024-10-29 13:28:17,625 [WARN] DetailPanel:346 - Failed to get advertising image, set to default
2024-10-29 13:28:17,725 [FATAL] Updater:334 - Updater called before beeing initialized
2024-10-29 13:28:17,726 [FATAL] Updater:334 - Updater called before beeing initialized
2024-10-29 13:28:17,726 [FATAL] Updater:334 - Updater called before beeing initialized
2024-10-29 13:28:17,726 [WARN] DetailPanel:346 - Failed to get advertising image, set to default
2024-10-29 13:28:17,727 [FATAL] Updater:334 - Updater called before beeing initialized
2024-10-29 13:28:17,771 [ERROR] Updater:1164 - MainUpdater not yet initialized. External WinMGr cannot be set.
2024-10-29 13:28:17,772 [INFO] Updater:1100 - Updater Version found : 6.12.1
2024-10-29 13:28:17,785 [INFO] ApplicationProperties:184 - Using Application install path: D:\software\STM32CubeIDE_1.16.1\STM32CubeIDE\plugins\com.st.stm32cube.common.mx_6.12.1.202409122256
2024-10-29 13:28:19,365 [ERROR] LogOutputStream:75 - [STDERR_REDIRECT] Oct 29, 2024 1:28:19 PM java.util.prefs.WindowsPreferences <init>
2024-10-29 13:28:19,367 [ERROR] LogOutputStream:75 - [STDERR_REDIRECT] WARNING: Could not open/create prefs root node Software\JavaSoft\Prefs at root 0xffffffff80000002. Windows RegCreateKeyEx(...) returned error code 5.
2024-10-29 13:28:19,367 [ERROR] LogOutputStream:75 - [STDERR_REDIRECT] 
2024-10-29 13:28:19,706 [INFO] MainUpdater:2873 - connection check result : 10
2024-10-29 13:28:19,707 [INFO] MainUpdater:290 - Updater Check For Update Now.
2024-10-29 13:28:19,708 [INFO] MicroXplorer:498 - Change Database Version : DB.6.0.121
2024-10-29 13:28:19,713 [INFO] McuFinderGlobals:63 - Set McuFinder mode to 2 (CubeIDE integrated)
2024-10-29 13:28:19,714 [INFO] UserAuth:179 - activating auth plugin
2024-10-29 13:28:19,716 [INFO] UserAuth:417 - Internet connection configuration mode: 1
2024-10-29 13:28:19,732 [INFO] JxBrowserEngine:152 - Initiate JxBrowser Engine with user profile folder
2024-10-29 13:28:19,795 [WARN] MainUpdater:1194 - Updater busy. Cannot search thirdparties
2024-10-29 13:28:19,795 [INFO] ThirdPartyUpdaterWithRetryManager:96 - Updater plugin is busy. [1/15]
2024-10-29 13:28:19,869 [INFO] CheckServerUpdateThread:120 - End of CheckServer Thread
2024-10-29 13:28:20,235 [INFO] WebApp:167 - Instantiating new browser for Auth
2024-10-29 13:28:20,816 [INFO] WebApp:448 - Apply proxy settings
2024-10-29 13:28:20,816 [INFO] WebApp:533 - Chromium requires no authentication
2024-10-29 13:28:20,824 [INFO] WebApp:476 - Direct internet connection detected
2024-10-29 13:28:20,845 [INFO] WebApp:869 - Register for checkConnection events
2024-10-29 13:28:20,845 [INFO] WebApp:448 - Apply proxy settings
2024-10-29 13:28:20,845 [INFO] WebApp:533 - Chromium requires no authentication
2024-10-29 13:28:20,846 [INFO] WebApp:476 - Direct internet connection detected
2024-10-29 13:28:20,951 [INFO] WebApp:220 - Starting web application
2024-10-29 13:28:20,952 [INFO] WebApp:578 - Web application path used D:\software\STM32CubeIDE_1.16.1\STM32CubeIDE\plugins\com.st.stm32cube.common.mx_6.12.1.202409122256\db\plugins\mcufinder\reactClient1\index.html
2024-10-29 13:28:23,134 [WARN] PackLoader:240 - Cannot read IP mode file for STMicroelectronics.FP-SNS-MOTENVWB1.1.4.0
2024-10-29 13:28:23,146 [WARN] PackLoader:240 - Cannot read IP mode file for STMicroelectronics.X-CUBE-SMBUS.2.1.0
2024-10-29 13:28:23,156 [WARN] PackLoader:240 - Cannot read IP mode file for STMicroelectronics.X-CUBE-WB05N.1.1.0
2024-10-29 13:28:23,177 [WARN] PackLoader:240 - Cannot read IP mode file for STMicroelectronics.X-CUBE-AZRTOS-F7.1.1.0
2024-10-29 13:28:23,186 [WARN] PackLoader:240 - Cannot read IP mode file for STMicroelectronics.FP-SNS-MOTENV1.4.3.2
2024-10-29 13:28:23,224 [WARN] PackLoader:240 - Cannot read IP mode file for STMicroelectronics.X-CUBE-MEMS1.11.0.0
2024-10-29 13:28:23,315 [WARN] PackLoader:240 - Cannot read IP mode file for STMicroelectronics.X-CUBE-BLE1.6.2.4
2024-10-29 13:28:23,321 [WARN] PackLoader:240 - Cannot read IP mode file for STMicroelectronics.FP-SNS-FLIGHT1.5.0.2
2024-10-29 13:28:23,328 [WARN] PackLoader:240 - Cannot read IP mode file for STMicroelectronics.X-CUBE-DISPLAY.3.0.0
2024-10-29 13:28:23,350 [WARN] PackLoader:240 - Cannot read IP mode file for STMicroelectronics.X-CUBE-BLE1.7.0.0
2024-10-29 13:28:23,360 [WARN] PackLoader:240 - Cannot read IP mode file for STMicroelectronics.X-CUBE-NFC10.1.0.0
2024-10-29 13:28:23,377 [WARN] PackLoader:240 - Cannot read IP mode file for STMicroelectronics.X-CUBE-TOUCHGFX.4.22.0
2024-10-29 13:28:23,380 [WARN] PackLoader:240 - Cannot read IP mode file for STMicroelectronics.X-CUBE-TOUCHGFX.4.22.1
2024-10-29 13:28:23,391 [WARN] PackLoader:240 - Cannot read IP mode file for STMicroelectronics.X-CUBE-BLEMGR.3.1.0
2024-10-29 13:28:23,398 [WARN] PackLoader:240 - Cannot read IP mode file for STMicroelectronics.FP-SNS-SMARTAG2.1.2.0
2024-10-29 13:28:23,406 [INFO] LogOutputStream:77 - [STDOUT_REDIRECT] 1 : Invalid condition id : UX_CORESTACK_Condition cause : null
2024-10-29 13:28:23,407 [INFO] LogOutputStream:77 - [STDOUT_REDIRECT] 1 : Invalid condition id : UX_CORESTACK_Condition cause : null
2024-10-29 13:28:23,408 [INFO] LogOutputStream:77 - [STDOUT_REDIRECT] 1 : Invalid condition id : UX_CORESTACK_Condition cause : null
2024-10-29 13:28:23,409 [INFO] LogOutputStream:77 - [STDOUT_REDIRECT] 1 : Invalid condition id : UX_CORESTACK_Condition cause : null
2024-10-29 13:28:23,409 [INFO] LogOutputStream:77 - [STDOUT_REDIRECT] 1 : Invalid condition id : UX_CORESTACK_Condition cause : null
2024-10-29 13:28:23,412 [WARN] PackLoader:240 - Cannot read IP mode file for STMicroelectronics.X-CUBE-AZRTOS-WL.2.0.0
2024-10-29 13:28:23,417 [WARN] PackLoader:240 - Cannot read IP mode file for STMicroelectronics.FP-SNS-MOTENV1.5.0.0
2024-10-29 13:28:23,422 [WARN] PackLoader:240 - Cannot read IP mode file for wolfSSL.I-CUBE-wolfMQTT.1.19.0
2024-10-29 13:28:23,432 [WARN] PackLoader:240 - Cannot read IP mode file for WES.I-CUBE-Cesium.1.3.0
2024-10-29 13:28:23,437 [WARN] PackLoader:240 - Cannot read IP mode file for STMicroelectronics.X-CUBE-BLE2.3.3.0
2024-10-29 13:28:23,445 [WARN] PackLoader:240 - Cannot read IP mode file for STMicroelectronics.X-CUBE-TOF1.3.2.0
2024-10-29 13:28:23,453 [WARN] PackLoader:240 - Cannot read IP mode file for STMicroelectronics.X-CUBE-NFC9.1.0.0
2024-10-29 13:28:23,460 [WARN] PackLoader:240 - Cannot read IP mode file for STMicroelectronics.X-CUBE-TCPP.4.1.0
2024-10-29 13:28:23,467 [WARN] PackLoader:240 - Cannot read IP mode file for STMicroelectronics.X-CUBE-TOUCHGFX.4.21.1
2024-10-29 13:28:23,490 [WARN] PackLoader:240 - Cannot read IP mode file for STMicroelectronics.X-CUBE-MEMS1.9.4.0
2024-10-29 13:28:23,551 [WARN] PackLoader:240 - Cannot read IP mode file for STMicroelectronics.X-CUBE-AI.7.3.0
2024-10-29 13:28:23,557 [WARN] PackLoader:240 - Cannot read IP mode file for STMicroelectronics.X-CUBE-ALGOBUILD.1.3.0
2024-10-29 13:28:23,566 [WARN] PackLoader:240 - Cannot read IP mode file for STMicroelectronics.X-CUBE-AZRTOS-G0.1.1.0
2024-10-29 13:28:23,573 [WARN] PackLoader:240 - Cannot read IP mode file for STMicroelectronics.X-CUBE-SAFEA1.1.2.2
2024-10-29 13:28:23,579 [WARN] PackLoader:240 - Cannot read IP mode file for STMicroelectronics.X-CUBE-NFC4.3.0.0
2024-10-29 13:28:23,589 [WARN] PackLoader:240 - Cannot read IP mode file for EmbeddedOffice.I-CUBE-FS-RTOS.1.0.1
2024-10-29 13:28:23,589 [ERROR] ConditionMgr:805 - Attr not supported : Dmpu
2024-10-29 13:28:23,589 [ERROR] ConditionMgr:805 - Attr not supported : Dmpu
2024-10-29 13:28:23,590 [ERROR] ConditionMgr:805 - Attr not supported : Dmpu
2024-10-29 13:28:23,590 [ERROR] ConditionMgr:805 - Attr not supported : Dmpu
2024-10-29 13:28:23,590 [ERROR] ConditionMgr:805 - Attr not supported : Dmpu
2024-10-29 13:28:23,590 [ERROR] ConditionMgr:805 - Attr not supported : Dmpu
2024-10-29 13:28:23,590 [ERROR] ConditionMgr:805 - Attr not supported : Dmpu
2024-10-29 13:28:23,590 [ERROR] ConditionMgr:805 - Attr not supported : Dmpu
2024-10-29 13:28:23,590 [ERROR] ConditionMgr:805 - Attr not supported : Dmpu
2024-10-29 13:28:23,590 [ERROR] ConditionMgr:805 - Attr not supported : Dmpu
2024-10-29 13:28:23,590 [ERROR] ConditionMgr:805 - Attr not supported : Dmpu
2024-10-29 13:28:23,590 [ERROR] ConditionMgr:805 - Attr not supported : Dmpu
2024-10-29 13:28:23,590 [ERROR] ConditionMgr:805 - Attr not supported : Dmpu
2024-10-29 13:28:23,590 [ERROR] ConditionMgr:805 - Attr not supported : Dmpu
2024-10-29 13:28:23,590 [ERROR] ConditionMgr:805 - Attr not supported : Dmpu
2024-10-29 13:28:23,591 [ERROR] ConditionMgr:805 - Attr not supported : Dmpu
2024-10-29 13:28:23,591 [ERROR] ConditionMgr:805 - Attr not supported : Dmpu
2024-10-29 13:28:23,591 [ERROR] ConditionMgr:805 - Attr not supported : Dmpu
2024-10-29 13:28:23,591 [ERROR] ConditionMgr:805 - Attr not supported : Dmpu
2024-10-29 13:28:23,591 [ERROR] ConditionMgr:805 - Attr not supported : Dmpu
2024-10-29 13:28:23,591 [ERROR] ConditionMgr:805 - Attr not supported : Dmpu
2024-10-29 13:28:23,591 [ERROR] ConditionMgr:805 - Attr not supported : Dmpu
2024-10-29 13:28:23,591 [ERROR] ConditionMgr:805 - Attr not supported : Dmpu
2024-10-29 13:28:23,591 [ERROR] ConditionMgr:805 - Attr not supported : Dmpu
2024-10-29 13:28:23,591 [ERROR] ConditionMgr:805 - Attr not supported : Dmpu
2024-10-29 13:28:23,591 [ERROR] ConditionMgr:805 - Attr not supported : Dmpu
2024-10-29 13:28:23,591 [ERROR] ConditionMgr:805 - Attr not supported : Dmpu
2024-10-29 13:28:23,591 [ERROR] ConditionMgr:805 - Attr not supported : Dmpu
2024-10-29 13:28:23,591 [ERROR] ConditionMgr:805 - Attr not supported : Dmpu
2024-10-29 13:28:23,591 [ERROR] ConditionMgr:805 - Attr not supported : Dmpu
2024-10-29 13:28:23,591 [ERROR] ConditionMgr:805 - Attr not supported : Dmpu
2024-10-29 13:28:23,591 [ERROR] ConditionMgr:805 - Attr not supported : Dmpu
2024-10-29 13:28:23,591 [ERROR] ConditionMgr:805 - Attr not supported : Dmpu
2024-10-29 13:28:23,591 [ERROR] ConditionMgr:805 - Attr not supported : Dmpu
2024-10-29 13:28:23,591 [ERROR] ConditionMgr:805 - Attr not supported : Dmpu
2024-10-29 13:28:23,591 [ERROR] ConditionMgr:805 - Attr not supported : Dmpu
2024-10-29 13:28:23,592 [ERROR] ConditionMgr:805 - Attr not supported : Dmpu
2024-10-29 13:28:23,592 [ERROR] ConditionMgr:805 - Attr not supported : Dmpu
2024-10-29 13:28:23,592 [ERROR] ConditionMgr:805 - Attr not supported : Dmpu
2024-10-29 13:28:23,592 [ERROR] ConditionMgr:805 - Attr not supported : Dmpu
2024-10-29 13:28:23,592 [ERROR] ConditionMgr:805 - Attr not supported : Dmpu
2024-10-29 13:28:23,592 [ERROR] ConditionMgr:805 - Attr not supported : Dmpu
2024-10-29 13:28:23,592 [ERROR] ConditionMgr:805 - Attr not supported : Dmpu
2024-10-29 13:28:23,592 [ERROR] ConditionMgr:805 - Attr not supported : Dmpu
2024-10-29 13:28:23,592 [ERROR] ConditionMgr:805 - Attr not supported : Dmpu
2024-10-29 13:28:23,592 [ERROR] ConditionMgr:805 - Attr not supported : Dmpu
2024-10-29 13:28:23,592 [ERROR] ConditionMgr:805 - Attr not supported : Dmpu
2024-10-29 13:28:23,592 [ERROR] ConditionMgr:805 - Attr not supported : Dmpu
2024-10-29 13:28:23,593 [ERROR] ConditionMgr:805 - Attr not supported : Dmpu
2024-10-29 13:28:23,593 [ERROR] ConditionMgr:805 - Attr not supported : Dmpu
2024-10-29 13:28:23,593 [ERROR] ConditionMgr:805 - Attr not supported : Dmpu
2024-10-29 13:28:23,593 [ERROR] ConditionMgr:805 - Attr not supported : Dmpu
2024-10-29 13:28:23,593 [ERROR] ConditionMgr:805 - Attr not supported : Dmpu
2024-10-29 13:28:23,593 [ERROR] ConditionMgr:805 - Attr not supported : Dmpu
2024-10-29 13:28:23,593 [ERROR] ConditionMgr:805 - Attr not supported : Dmpu
2024-10-29 13:28:23,593 [ERROR] ConditionMgr:805 - Attr not supported : Dmpu
2024-10-29 13:28:23,593 [ERROR] ConditionMgr:805 - Attr not supported : Dmpu
2024-10-29 13:28:23,593 [ERROR] ConditionMgr:805 - Attr not supported : Dmpu
2024-10-29 13:28:23,593 [ERROR] ConditionMgr:805 - Attr not supported : Dmpu
2024-10-29 13:28:23,593 [ERROR] ConditionMgr:805 - Attr not supported : Dmpu
2024-10-29 13:28:23,593 [ERROR] ConditionMgr:805 - Attr not supported : Dmpu
2024-10-29 13:28:23,593 [ERROR] ConditionMgr:805 - Attr not supported : Dmpu
2024-10-29 13:28:23,593 [ERROR] ConditionMgr:805 - Attr not supported : Dmpu
2024-10-29 13:28:23,593 [ERROR] ConditionMgr:805 - Attr not supported : Dmpu
2024-10-29 13:28:23,600 [WARN] PackLoader:240 - Cannot read IP mode file for STMicroelectronics.X-CUBE-BLEMGR.3.0.0
2024-10-29 13:28:23,606 [WARN] PackLoader:240 - Cannot read IP mode file for STMicroelectronics.X-CUBE-BLEMGR.1.3.0
2024-10-29 13:28:23,651 [WARN] PackLoader:240 - Cannot read IP mode file for RealThread.X-CUBE-RT-Thread_Nano.4.1.1
2024-10-29 13:28:23,656 [WARN] PackLoader:240 - Cannot read IP mode file for STMicroelectronics.FP-ATR-SIGFOX1.3.2.0
2024-10-29 13:28:23,661 [WARN] PackLoader:240 - Cannot read IP mode file for STMicroelectronics.X-CUBE-EEPRMA1.5.1.0
2024-10-29 13:28:23,685 [WARN] PackLoader:240 - Cannot read IP mode file for STMicroelectronics.X-CUBE-MEMS1.9.5.0
2024-10-29 13:28:23,784 [WARN] PackLoader:240 - Cannot read IP mode file for SEGGER.I-CUBE-embOS.1.3.1
2024-10-29 13:28:23,810 [WARN] PackLoader:240 - Cannot read IP mode file for STMicroelectronics.X-CUBE-ALGOBUILD.1.4.0
2024-10-29 13:28:23,813 [WARN] PackLoader:240 - Cannot read IP mode file for STMicroelectronics.X-CUBE-AI.9.1.0
2024-10-29 13:28:23,817 [WARN] PackLoader:240 - Cannot read IP mode file for STMicroelectronics.X-CUBE-GNSS1.6.0.0
2024-10-29 13:28:23,827 [WARN] PackLoader:240 - Cannot read IP mode file for STMicroelectronics.X-CUBE-AZRTOS-F4.1.1.0
2024-10-29 13:28:23,833 [WARN] PackLoader:240 - Cannot read IP mode file for STMicroelectronics.X-CUBE-ISPU.2.1.0
2024-10-29 13:28:23,837 [WARN] PackLoader:240 - Cannot read IP mode file for STMicroelectronics.X-CUBE-FREERTOS.1.2.0
2024-10-29 13:28:23,847 [WARN] PackLoader:240 - Cannot read IP mode file for STMicroelectronics.X-CUBE-AZRTOS-L5.2.0.0
2024-10-29 13:28:23,866 [WARN] PackLoader:240 - Cannot read IP mode file for STMicroelectronics.X-CUBE-MEMS1.9.6.0
2024-10-29 13:28:23,935 [WARN] PackLoader:240 - Cannot read IP mode file for STMicroelectronics.X-CUBE-EEPRMA1.4.2.0
2024-10-29 13:28:23,943 [WARN] PackLoader:240 - Cannot read IP mode file for STMicroelectronics.X-CUBE-NFC6.3.1.0
2024-10-29 13:28:23,952 [WARN] PackLoader:240 - Cannot read IP mode file for ITTIA_DB.I-CUBE-ITTIADB.8.8.0
2024-10-29 13:28:23,960 [WARN] PackLoader:240 - Cannot read IP mode file for emotas.I-CUBE-CANOPEN.1.1.3
2024-10-29 13:28:23,969 [WARN] PackLoader:240 - Cannot read IP mode file for STMicroelectronics.X-CUBE-BLEMGR.2.0.0
2024-10-29 13:28:23,974 [WARN] PackLoader:240 - Cannot read IP mode file for STMicroelectronics.X-CUBE-DPower.1.2.0
2024-10-29 13:28:23,978 [WARN] PackLoader:240 - Cannot read IP mode file for STMicroelectronics.X-CUBE-AI.9.0.0
2024-10-29 13:28:23,988 [WARN] ConditionMgr:438 - getConditionDescription Invalid condition id : UX DEVICE CLASS RTOS Condition cause : null
2024-10-29 13:28:23,988 [WARN] ConditionMgr:438 - getConditionDescription Invalid condition id : UX DEVICE CLASS RTOS Condition cause : null
2024-10-29 13:28:23,990 [WARN] PackLoader:240 - Cannot read IP mode file for STMicroelectronics.X-CUBE-AZRTOS-H7.3.1.0
2024-10-29 13:28:23,990 [WARN] ConditionMgr:1039 - genDependencies : Invalid condition id : UX DEVICE CLASS RTOS Condition cause : null
2024-10-29 13:28:23,990 [WARN] ConditionMgr:1039 - genDependencies : Invalid condition id : UX DEVICE CLASS RTOS Condition cause : null
2024-10-29 13:28:23,991 [WARN] ConditionMgr:1039 - genDependencies : Invalid condition id : UX DEVICE CLASS RTOS Condition cause : null
2024-10-29 13:28:23,991 [WARN] ConditionMgr:1039 - genDependencies : Invalid condition id : UX DEVICE CLASS RTOS Condition cause : null
2024-10-29 13:28:23,991 [WARN] ConditionMgr:1039 - genDependencies : Invalid condition id : UX DEVICE CLASS RTOS Condition cause : null
2024-10-29 13:28:23,995 [WARN] PackLoader:240 - Cannot read IP mode file for wolfSSL.I-CUBE-wolfSSL.5.5.4
2024-10-29 13:28:23,999 [WARN] PackLoader:240 - Cannot read IP mode file for STMicroelectronics.X-CUBE-NFC7.1.0.1
2024-10-29 13:28:24,003 [WARN] PackLoader:240 - Cannot read IP mode file for STMicroelectronics.X-CUBE-NFC7.1.0.0
2024-10-29 13:28:24,008 [WARN] PackLoader:240 - Cannot read IP mode file for wolfSSL.I-CUBE-wolfTPM.3.2.0
2024-10-29 13:28:24,014 [WARN] PackLoader:240 - Cannot read IP mode file for STMicroelectronics.X-CUBE-NFC6.3.0.0
2024-10-29 13:28:24,020 [WARN] PackLoader:240 - Cannot read IP mode file for STMicroelectronics.X-CUBE-EEPRMA1.4.1.0
2024-10-29 13:28:24,023 [WARN] PackLoader:240 - Cannot read IP mode file for STMicroelectronics.X-CUBE-AI.8.1.0
2024-10-29 13:28:24,033 [WARN] ConditionMgr:438 - getConditionDescription Invalid condition id : LAN8742 Phy interface Condition cause : null
2024-10-29 13:28:24,034 [WARN] PackLoader:240 - Cannot read IP mode file for STMicroelectronics.X-CUBE-AZRTOS-L4.2.0.0
2024-10-29 13:28:24,034 [WARN] ConditionMgr:1039 - genDependencies : Invalid condition id : LAN8742 Phy interface Condition cause : null
2024-10-29 13:28:24,034 [WARN] ConditionMgr:1039 - genDependencies : Invalid condition id : LAN8742 Phy interface Condition cause : null
2024-10-29 13:28:24,035 [WARN] ConditionMgr:1039 - genDependencies : Invalid condition id : LAN8742 Phy interface Condition cause : null
2024-10-29 13:28:24,041 [WARN] PackLoader:240 - Cannot read IP mode file for STMicroelectronics.X-CUBE-SFXS2LP1.4.0.0
2024-10-29 13:28:24,054 [WARN] PackLoader:240 - Cannot read IP mode file for STMicroelectronics.X-CUBE-AZRTOS-H7.3.0.0
2024-10-29 13:28:24,060 [WARN] PackLoader:240 - Cannot read IP mode file for STMicroelectronics.X-CUBE-ISPU.1.1.0
2024-10-29 13:28:24,072 [WARN] PackLoader:240 - Cannot read IP mode file for STMicroelectronics.X-CUBE-AZRTOS-H7.3.3.0
2024-10-29 13:28:24,079 [WARN] PackLoader:240 - Cannot read IP mode file for RoweBots.I-CUBE-UNISONRTOS.5.5.0-4
2024-10-29 13:28:24,088 [WARN] PackLoader:240 - Cannot read IP mode file for STMicroelectronics.X-CUBE-IPS.3.0.0
2024-10-29 13:28:24,099 [WARN] ConditionMgr:438 - getConditionDescription Invalid condition id : UX DEVICE CLASS RTOS Condition cause : null
2024-10-29 13:28:24,099 [WARN] ConditionMgr:438 - getConditionDescription Invalid condition id : UX DEVICE CLASS RTOS Condition cause : null
2024-10-29 13:28:24,101 [WARN] PackLoader:240 - Cannot read IP mode file for STMicroelectronics.X-CUBE-AZRTOS-WB.2.0.0
2024-10-29 13:28:24,101 [WARN] ConditionMgr:1039 - genDependencies : Invalid condition id : UX DEVICE CLASS RTOS Condition cause : null
2024-10-29 13:28:24,101 [WARN] ConditionMgr:1039 - genDependencies : Invalid condition id : UX DEVICE CLASS RTOS Condition cause : null
2024-10-29 13:28:24,101 [WARN] ConditionMgr:1039 - genDependencies : Invalid condition id : UX DEVICE CLASS RTOS Condition cause : null
2024-10-29 13:28:24,102 [WARN] ConditionMgr:1039 - genDependencies : Invalid condition id : UX DEVICE CLASS RTOS Condition cause : null
2024-10-29 13:28:24,102 [WARN] ConditionMgr:1039 - genDependencies : Invalid condition id : UX DEVICE CLASS RTOS Condition cause : null
2024-10-29 13:28:24,105 [WARN] PackLoader:240 - Cannot read IP mode file for STMicroelectronics.X-CUBE-FREERTOS.1.0.1
2024-10-29 13:28:24,108 [WARN] PackLoader:240 - Cannot read IP mode file for STMicroelectronics.X-CUBE-GNSS1.7.0.0
2024-10-29 13:28:24,113 [WARN] PackLoader:240 - Cannot read IP mode file for STMicroelectronics.FP-SNS-STBOX1.2.0.0
2024-10-29 13:28:24,122 [WARN] PackLoader:240 - Cannot read IP mode file for STMicroelectronics.X-CUBE-AZRTOS-L5.1.1.0
2024-10-29 13:28:24,126 [WARN] PackLoader:240 - Cannot read IP mode file for STMicroelectronics.X-CUBE-AI.8.0.1
2024-10-29 13:28:24,133 [WARN] PackLoader:240 - Cannot read IP mode file for STMicroelectronics.X-CUBE-SUBG2.5.0.0
2024-10-29 13:28:24,139 [WARN] PackLoader:240 - Cannot read IP mode file for Cesanta.I-CUBE-Mongoose.7.13.0
2024-10-29 13:28:24,144 [WARN] PackLoader:240 - Cannot read IP mode file for STMicroelectronics.X-CUBE-TOF1.3.3.1
2024-10-29 13:28:24,156 [WARN] PackLoader:240 - Cannot read IP mode file for STMicroelectronics.X-CUBE-AZRTOS-G4.2.0.0
2024-10-29 13:28:24,160 [WARN] PackLoader:240 - Cannot read IP mode file for STMicroelectronics.FP-ATR-ASTRA1.1.1.1
2024-10-29 13:28:24,168 [WARN] PackLoader:240 - Cannot read IP mode file for Infineon.AIROC-Wi-Fi-Bluetooth-STM32.1.5.1
2024-10-29 13:28:24,172 [WARN] PackLoader:240 - Cannot read IP mode file for STMicroelectronics.FP-SNS-MOTENVWB1.1.3.0
2024-10-29 13:28:24,176 [WARN] PackLoader:240 - Cannot read IP mode file for STMicroelectronics.FP-SNS-MOTENVWB1.1.3.1
2024-10-29 13:28:24,182 [WARN] PackLoader:240 - Cannot read IP mode file for STMicroelectronics.X-CUBE-AZRTOS-G4.1.0.0
2024-10-29 13:28:24,190 [WARN] PackLoader:240 - Cannot read IP mode file for STMicroelectronics.X-CUBE-AZRTOS-L4.1.0.0
2024-10-29 13:28:24,196 [WARN] PackLoader:240 - Cannot read IP mode file for STMicroelectronics.X-CUBE-ISPU.2.0.0
2024-10-29 13:28:24,200 [WARN] PackLoader:240 - Cannot read IP mode file for STMicroelectronics.X-CUBE-ALS.1.0.2
2024-10-29 13:28:24,215 [WARN] PackLoader:240 - Cannot read IP mode file for STMicroelectronics.X-CUBE-MEMS1.10.0.0
2024-10-29 13:28:24,267 [WARN] PackLoader:240 - Cannot read IP mode file for STMicroelectronics.X-CUBE-FREERTOS.1.1.0
2024-10-29 13:28:24,270 [WARN] PackLoader:240 - Cannot read IP mode file for STMicroelectronics.X-CUBE-TOUCHGFX.4.24.0
2024-10-29 13:28:24,277 [WARN] PackLoader:240 - Cannot read IP mode file for STMicroelectronics.X-CUBE-AZRTOS-WL.1.0.0
2024-10-29 13:28:24,281 [WARN] PackLoader:240 - Cannot read IP mode file for STMicroelectronics.X-CUBE-TOUCHGFX.4.24.1
2024-10-29 13:28:24,286 [WARN] PackLoader:240 - Cannot read IP mode file for portGmbH.I-Cube-SoM-uGOAL.1.1.0
2024-10-29 13:28:24,290 [WARN] PackLoader:240 - Cannot read IP mode file for STMicroelectronics.X-CUBE-ALS.1.0.1
2024-10-29 13:28:24,300 [WARN] PackLoader:240 - Cannot read IP mode file for STMicroelectronics.X-CUBE-AZRTOS-WB.1.1.0
2024-10-29 13:28:24,313 [WARN] PackLoader:240 - Cannot read IP mode file for STMicroelectronics.X-CUBE-AZRTOS-H7RS.1.0.0
2024-10-29 13:28:24,317 [WARN] PackLoader:240 - Cannot read IP mode file for STMicroelectronics.FP-ATR-ASTRA1.2.0.0
2024-10-29 13:28:24,324 [WARN] PackLoader:240 - Cannot read IP mode file for STMicroelectronics.X-CUBE-TOF1.3.4.2
2024-10-29 13:28:24,335 [WARN] PackLoader:240 - Cannot read IP mode file for STMicroelectronics.X-CUBE-TOF1.3.4.0
2024-10-29 13:28:24,344 [WARN] PackLoader:240 - Cannot read IP mode file for wolfSSL.I-CUBE-wolfSSH.1.4.17
2024-10-29 13:28:24,345 [INFO] ThirdParty:978 - Integrity check success = true
2024-10-29 13:28:24,345 [INFO] IntegrityCheckThread:100 - exiting critical section [integrity check]
2024-10-29 13:28:24,345 [INFO] IntegrityCheckThread:103 - End integrity checks thread
2024-10-29 13:28:35,440 [INFO] McuFinderGlobals:63 - Set McuFinder mode to 2 (CubeIDE integrated)
2024-10-29 13:28:35,444 [INFO] MainUpdater:2873 - connection check result : 10
2024-10-29 13:28:35,445 [INFO] MainUpdater:2873 - connection check result : 10
2024-10-29 13:28:35,487 [INFO] RulesReader:64 - Compatibility file has been processed (297 Rules)
2024-10-29 13:28:35,496 [INFO] RulesReader:64 - Compatibility file has been processed (297 Rules)
2024-10-29 13:28:35,500 [INFO] MicroXplorer:468 - Change Database Path : 
2024-10-29 13:28:35,500 [INFO] MicroXplorer:498 - Change Database Version : DB.6.0.121
2024-10-29 13:28:35,504 [WARN] ThirdParty:871 - waiting for thirdparty lock release [close project]
2024-10-29 13:28:35,504 [INFO] ThirdParty:873 - entering critical section [close project]
2024-10-29 13:28:35,505 [INFO] ThirdParty:883 - exiting critical section [close project]
2024-10-29 13:28:35,507 [INFO] PinOutPanel:1561 - setPackage(No Configuration,No Configuration)
2024-10-29 13:28:35,511 [INFO] UtilMem:75 - Begin LoadConfig() Used Memory: 254788792 Bytes (465567744)
2024-10-29 13:28:35,513 [INFO] MicroXplorer:468 - Change Database Path : 
2024-10-29 13:28:35,513 [INFO] MicroXplorer:498 - Change Database Version : DB.6.0.121
2024-10-29 13:28:35,513 [INFO] OpenFileManager:332 - Change cursor
2024-10-29 13:28:35,535 [INFO] Mcu:2032 - Initializing MCU STM32F103Z(C-D-E)Tx STM32F103ZETx STM32F103ZET6
2024-10-29 13:28:36,571 [INFO] Context:742 - Trying to add GPIOservice into a context  which must be forbidden
2024-10-29 13:28:36,896 [INFO] RtosManager:555 - Registered RTOS mode: class=CMSIS, group=RTOS, mode=CMSIS_V1, owner=FREERTOS
2024-10-29 13:28:36,896 [INFO] RtosManager:555 - Registered RTOS mode: class=CMSIS, group=RTOS2, mode=CMSIS_V2, owner=FREERTOS
2024-10-29 13:28:36,896 [INFO] RtosManager:555 - Registered RTOS mode: class=RTOS, group=Core, mode=CMSIS_V1, owner=FREERTOS
2024-10-29 13:28:36,896 [INFO] RtosManager:555 - Registered RTOS mode: class=RTOS, group=Core, mode=CMSIS_V2, owner=FREERTOS
2024-10-29 13:28:36,896 [WARN] ModelIntegratedComponent:184 - Missing modes for component STMicroelectronics:FreeRTOS:0.0.1:STMicroelectronics:RTOS:FreeRTOS:Core:::10.2.0:
2024-10-29 13:28:36,900 [WARN] ModelIntegratedComponent:63 - No mode defined for component null
2024-10-29 13:28:36,900 [WARN] ModelIntegratedComponent:63 - No mode defined for component null
2024-10-29 13:28:36,900 [WARN] ModelIntegratedComponent:63 - No mode defined for component null
2024-10-29 13:28:36,900 [WARN] ModelIntegratedComponent:63 - No mode defined for component null
2024-10-29 13:28:36,900 [WARN] ModelIntegratedComponent:63 - No mode defined for component null
2024-10-29 13:28:36,900 [WARN] ModelIntegratedComponent:63 - No mode defined for component null
2024-10-29 13:28:36,900 [WARN] ModelIntegratedComponent:63 - No mode defined for component null
2024-10-29 13:28:36,900 [WARN] ModelIntegratedComponent:63 - No mode defined for component null
2024-10-29 13:28:36,900 [WARN] ModelIntegratedComponent:63 - No mode defined for component null
2024-10-29 13:28:36,900 [WARN] ModelIntegratedComponent:63 - No mode defined for component null
2024-10-29 13:28:36,900 [WARN] ModelIntegratedComponent:63 - No mode defined for component null
2024-10-29 13:28:36,900 [WARN] ModelIntegratedComponent:63 - No mode defined for component null
2024-10-29 13:28:36,900 [WARN] ModelIntegratedComponent:63 - No mode defined for component null
2024-10-29 13:28:36,900 [WARN] ModelIntegratedComponent:63 - No mode defined for component null
2024-10-29 13:28:36,900 [WARN] ModelIntegratedComponent:63 - No mode defined for component null
2024-10-29 13:28:36,900 [WARN] ModelIntegratedComponent:63 - No mode defined for component null
2024-10-29 13:28:36,900 [WARN] ModelIntegratedComponent:63 - No mode defined for component null
2024-10-29 13:28:36,900 [WARN] ModelIntegratedComponent:63 - No mode defined for component null
2024-10-29 13:28:36,900 [WARN] ModelIntegratedComponent:63 - No mode defined for component null
2024-10-29 13:28:36,900 [WARN] ModelIntegratedComponent:63 - No mode defined for component null
2024-10-29 13:28:36,901 [WARN] ModelIntegratedComponent:63 - No mode defined for component null
2024-10-29 13:28:36,901 [WARN] ModelIntegratedComponent:63 - No mode defined for component null
2024-10-29 13:28:36,901 [WARN] ModelIntegratedComponent:63 - No mode defined for component null
2024-10-29 13:28:36,901 [WARN] ModelIntegratedComponent:63 - No mode defined for component null
2024-10-29 13:28:36,901 [WARN] ModelIntegratedComponent:63 - No mode defined for component null
2024-10-29 13:28:36,901 [WARN] ModelIntegratedComponent:63 - No mode defined for component null
2024-10-29 13:28:36,901 [WARN] ModelIntegratedComponent:63 - No mode defined for component null
2024-10-29 13:28:36,901 [WARN] ModelIntegratedComponent:63 - No mode defined for component null
2024-10-29 13:28:36,901 [WARN] ModelIntegratedComponent:63 - No mode defined for component null
2024-10-29 13:28:36,901 [WARN] ModelIntegratedComponent:63 - No mode defined for component null
2024-10-29 13:28:36,901 [WARN] ModelIntegratedComponent:63 - No mode defined for component null
2024-10-29 13:28:36,901 [WARN] ModelIntegratedComponent:63 - No mode defined for component null
2024-10-29 13:28:36,901 [WARN] ModelIntegratedComponent:63 - No mode defined for component null
2024-10-29 13:28:36,901 [WARN] ModelIntegratedComponent:63 - No mode defined for component null
2024-10-29 13:28:36,901 [WARN] ModelIntegratedComponent:63 - No mode defined for component null
2024-10-29 13:28:36,901 [WARN] ModelPack:524 - Component already loaded: STMicroelectronics:HAL Drivers:0.0.0:STMicroelectronics:Device:STMicro_Driver:XSPI:HAL::0.0.1:HAL_XSPI
2024-10-29 13:28:37,045 [INFO] ThirdPartyModel:298 - Start build external matchings
2024-10-29 13:28:37,997 [INFO] ThirdPartyModel:316 - End build external matchings
2024-10-29 13:28:38,024 [INFO] RtosManager:919 - Current active RTOS is FREERTOS [Cortex-M3NS]
2024-10-29 13:28:38,031 [INFO] ImportTextPane:205 - (OptionalMessage_ERROR) IP (RCC) : Parameter (ADCFreqValue) has invalid value (36000000)
2024-10-29 13:28:38,031 [INFO] ImportTextPane:205 - (OptionalMessage_ERROR) IP (RCC) : Invalid parameter (FamilyName)
2024-10-29 13:28:38,031 [INFO] ImportTextPane:205 - (OptionalMessage_ERROR) IP (RCC) : Parameter (MCOFreq_Value) has invalid value (72000000)
2024-10-29 13:28:38,032 [INFO] ImportTextPane:205 - (OptionalMessage_ERROR) IP (RCC) : Parameter (USBFreq_Value) has invalid value (72000000)
2024-10-29 13:28:38,777 [INFO] ApiDb:581 - Connected to CubeFinder SQLite database (C:\Users\19948\.stmcufinder\plugins\mcufinder\mcu\cube-finder-db.db)
2024-10-29 13:28:38,887 [INFO] ApiDb:668 - CubeFinder database Data Model version=2.1
2024-10-29 13:28:38,887 [INFO] ApiDb:669 - CubeFinder database Configuration version=3.0.39
2024-10-29 13:28:38,887 [INFO] ApiDb:670 - CubeFinder database generation date=2024-10-15 (1729006872)
2024-10-29 13:28:38,887 [INFO] ApiDb:671 - CubeFinder database FW Pack versions=[FP-ATR-ASTRA1_V2.0.0, FP-SNS-FLIGHT1_V5.0.2, FP-SNS-MOTENV1_V5.0.0, FP-SNS-MOTENVWB1_V1.4.0, FP-SNS-SMARTAG2_V1.2.0, FP-SNS-STBOX1_V2.0.0, STM32Cube_FW_C0_V1.2.0, STM32Cube_FW_F4_V1.28.1, STM32Cube_FW_F7_V1.17.2, STM32Cube_FW_G0_V1.6.2, STM32Cube_FW_G4_V1.6.0, STM32Cube_FW_H5_V1.3.0, STM32Cube_FW_H7RS_V1.1.0, STM32Cube_FW_H7_V1.11.2, STM32Cube_FW_L0_V1.12.2, STM32Cube_FW_L5_V1.5.1, STM32Cube_FW_U0_V1.1.0, STM32Cube_FW_U5_V1.6.0, STM32Cube_FW_WB0_V1.0.0, STM32Cube_FW_WBA_V1.4.1, STM32Cube_FW_WB_V1.20.0, STM32Cube_FW_WL_V1.3.0, X-CUBE-ALGOBUILD_V1.4.0, X-CUBE-ALS_V1.0.2, X-CUBE-AZRTOS-F4_V1.1.0, X-CUBE-AZRTOS-F7_V1.1.0, X-CUBE-AZRTOS-G0_V1.1.0, X-CUBE-AZRTOS-G4_V2.0.0, X-CUBE-AZRTOS-H7RS_V1.0.0, X-CUBE-AZRTOS-H7_V3.3.0, X-CUBE-AZRTOS-L4_V2.0.0, X-CUBE-AZRTOS-L5_V2.0.0, X-CUBE-AZRTOS-WB_V2.0.0, X-CUBE-AZRTOS-WL_V2.0.0, X-CUBE-BLE1_V7.0.0, X-CUBE-BLE2_V3.3.0, X-CUBE-BLEMGR_V3.1.0, X-CUBE-EEPRMA1_V5.1.0, X-CUBE-FREERTOS_V1.2.0, X-CUBE-GNSS1_V6.0.0, X-CUBE-MEMS1_V11.0.0, X-CUBE-NFC4_V3.0.0, X-CUBE-NFC7_V1.0.1, X-CUBE-SFXS2LP1_V4.0.0, X-CUBE-SUBG2_V5.0.0, X-CUBE-TOF1_V3.4.2]
2024-10-29 13:28:38,958 [INFO] DbBoardsSqlite:226 - include board P-NUCLEO-WB55-NUCLEO as a kit item of type 'Nucleo-64'
2024-10-29 13:28:38,958 [INFO] DbBoardsSqlite:226 - include board P-NUCLEO-WB55-USBDONGLE as a kit item of type 'Nucleo USB Dongle'
2024-10-29 13:28:38,958 [INFO] DbBoardsSqlite:226 - include board STEVAL-IDP005V1 as a kit item of type 'Evaluation Board'
2024-10-29 13:28:38,958 [INFO] DbBoardsSqlite:226 - include board STEVAL-IDP005V2 as a kit item of type 'Evaluation Board'
2024-10-29 13:28:39,031 [INFO] ApiDb:240 - Found 646 in-development CPN: [B-G473E-ZEST1S, B-WB1M-WPAN1, B-WL5M-SUBG1, NUCLEO-C031C6, NUCLEO-C071RB, NUCLEO-H503RB, NUCLEO-H533RE, NUCLEO-H563ZI, NUCLEO-H7S3L8, NUCLEO-U031R8, NUCLEO-U083RC, NUCLEO-U545RE-Q, NUCLEO-U5A5ZJ-Q, NUCLEO-WB05KZ, NUCLEO-WB07CC, NUCLEO-WB09KE, NUCLEO-WBA52CG, NUCLEO-WBA55CG, STEVAL-PROTEUS1, STEVAL-SMARTAG2, STEVAL-STWINBX1, STM320518-EVAL, STM32C0116-DK, STM32C011D6Y3TR, STM32C011D6Y6TR, STM32C011F4P3, STM32C011F4P6, STM32C011F4U3, STM32C011F4U6TR, STM32C011F6P3, STM32C011F6P6, STM32C011F6U3, STM32C011F6U6TR, STM32C011J4M3, STM32C011J4M6, STM32C011J6M3, STM32C011J6M6, STM32C0316-DK, STM32C031C4T3, STM32C031C4T6, STM32C031C4U3, STM32C031C4U6, STM32C031C6T3, STM32C031C6T6, STM32C031C6U3, STM32C031C6U6, STM32C031F4P3, STM32C031F4P6, STM32C031F6P3, STM32C031F6P6, STM32C031G4U3, STM32C031G4U6, STM32C031G6U3, STM32C031G6U6, STM32C031K4T3, STM32C031K4T6, STM32C031K4U3, STM32C031K4U6, STM32C031K6T3, STM32C031K6T6, STM32C031K6U3, STM32C031K6U6, STM32C071C8T6, STM32C071C8T6N, STM32C071C8U6, STM32C071C8U6N, STM32C071CBT6, STM32C071CBT6N, STM32C071CBU6, STM32C071CBU6N, STM32C071F8P6, STM32C071F8P6N, STM32C071FBP6, STM32C071FBP6N, STM32C071FBY6TR, STM32C071G8U6, STM32C071G8U6N, STM32C071GBU6, STM32C071GBU6N, STM32C071K8T6, STM32C071K8T6N, STM32C071K8U6, STM32C071K8U6N, STM32C071KBT6, STM32C071KBT6N, STM32C071KBU6, STM32C071KBU6N, STM32C071R8T6, STM32C071R8T6N, STM32C071RBI6N, STM32C071RBT6, STM32C071RBT6N, STM32G071K8TXN, STM32G071K8UXN, STM32G081GBU6N, STM32G081KBT6N, STM32G081KBUXN, STM32G0B1CCT6N, STM32G0B1KCT6, STM32G0B1NEY6TR, STM32G0B1RCT6N, STM32G0C1CCT6, STM32G0C1CCT6N, STM32G0C1CCU6N, STM32G0C1CET6N, STM32G0C1CEU6N, STM32G0C1KCT6, STM32G0C1NEY6TR, STM32G0C1RCI6N, STM32G0C1RCT6N, STM32G0C1REI6N, STM32G0C1RET6N, STM32G0C1VCI6, STM32G0C1VEI6, STM32G411C6T3, STM32G411C6T6, STM32G411C6U3, STM32G411C6U6, STM32G411C8T3, STM32G411C8T6, STM32G411C8U3, STM32G411C8U6, STM32G411CBT3, STM32G411CBT6, STM32G411CBU3, STM32G411CBU6, STM32G411K6T3, STM32G411K6T6, STM32G411K6U3, STM32G411K6U6, STM32G411K8T3, STM32G411K8T6, STM32G411K8U3, STM32G411K8U6, STM32G411KBT3, STM32G411KBT6, STM32G411KBU3, STM32G411KBU6, STM32G411M6T3, STM32G411M6T6, STM32G411M8T3, STM32G411M8T6, STM32G411MBT3, STM32G411MBT6, STM32G411R6T3, STM32G411R6T6, STM32G411R8T3, STM32G411R8T6, STM32G411RBT3, STM32G411RBT6, STM32G414CBT3, STM32G414CBT6, STM32G414CBU3, STM32G414CBU6, STM32G414CCT3, STM32G414CCT6, STM32G414CCU3, STM32G414CCU6, STM32G414MBT3, STM32G414MBT6, STM32G414MCT3, STM32G414MCT6, STM32G414RBT3, STM32G414RBT6, STM32G414RCT3, STM32G414RCT6, STM32G414VBT3, STM32G414VBT6, STM32G414VCT3, STM32G414VCT6, STM32G431CBT3Z, STM32G431RBT3Z, STM32G471CCT6, STM32G471CCU6, STM32G471CET3, STM32G471CET6, STM32G471CEU3, STM32G471CEU6, STM32G471MCT6, STM32G471MET3, STM32G471MET6, STM32G471MEY6TR, STM32G471QCT6, STM32G471QET3, STM32G471RCT6, STM32G471RET3, STM32G471RET6, STM32G471VCH6, STM32G471VCI6, STM32G471VCT6, STM32G471VEH3, STM32G471VEH6, STM32G471VEI3, STM32G471VEI6, STM32G471VET3, STM32G471VET6, STM32G473QET3Z, STM32G473RET3Z, STM32G474CCT6, STM32G491RET3Z, STM32H503CBT6, STM32H503CBU6, STM32H503EBY6TR, STM32H503KBU6, STM32H503RBT6, STM32H523CCT6, STM32H523CCU6, STM32H523CET6, STM32H523CEU6, STM32H523HEY6TR, STM32H523RCT6, STM32H523RET6, STM32H523VCI6, STM32H523VCT6, STM32H523VEI6, STM32H523VET6, STM32H523ZCJ6, STM32H523ZCT6, STM32H523ZEJ6, STM32H523ZET6, STM32H533CET6, STM32H533CEU6, STM32H533HEY6TR, STM32H533RET6, STM32H533VEI6, STM32H533VET6, STM32H533ZEJ6, STM32H533ZET6, STM32H562AGI6, STM32H562AII6, STM32H562IGK6, STM32H562IGT6, STM32H562IIK6, STM32H562IIT6, STM32H562RGT6, STM32H562RGV6, STM32H562RIT6, STM32H562RIV6, STM32H562VGT6, STM32H562VIT6, STM32H562ZGT6, STM32H562ZIT6, STM32H563AGI6, STM32H563AII3Q, STM32H563AII6, STM32H563IGK6, STM32H563IGT6, STM32H563IIK3Q, STM32H563IIK6, STM32H563IIT3Q, STM32H563IIT6, STM32H563MIY3QTR, STM32H563RGT6, STM32H563RGV6, STM32H563RIT6, STM32H563RIV6, STM32H563VGT6, STM32H563VIT3Q, STM32H563VIT6, STM32H563ZGT6, STM32H563ZIT3Q, STM32H563ZIT6, STM32H573AII3Q, STM32H573AII6, STM32H573I-DK, STM32H573IIK3Q, STM32H573IIK6, STM32H573IIT3Q, STM32H573IIT6, STM32H573MIY3QTR, STM32H573RIT6, STM32H573RIV6, STM32H573VIT3Q, STM32H573VIT6, STM32H573ZIT3Q, STM32H573ZIT6, STM32H7R3A8I6, STM32H7R3I8K6, STM32H7R3I8T6, STM32H7R3L8H6, STM32H7R3L8H6H, STM32H7R3R8V6, STM32H7R3V8H6, STM32H7R3V8T6, STM32H7R3V8Y6TR, STM32H7R3Z8J6, STM32H7R3Z8T6, STM32H7R7A8I6, STM32H7R7I8K6, STM32H7R7I8T6, STM32H7R7L8H6, STM32H7R7L8H6H, STM32H7R7Z8J6, STM32H7S3A8I6, STM32H7S3I8K6, STM32H7S3I8T6, STM32H7S3L8H6, STM32H7S3L8H6H, STM32H7S3R8V6, STM32H7S3V8H6, STM32H7S3V8T6, STM32H7S3V8Y6TR, STM32H7S3Z8J6, STM32H7S3Z8T6, STM32H7S78-DK, STM32H7S7A8I6, STM32H7S7I8K6, STM32H7S7I8T6, STM32H7S7L8H6, STM32H7S7L8H6H, STM32H7S7Z8J6, STM32L4R5QGI6STR, STM32MP131AAE3, STM32MP131AAF3, STM32MP131AAG3, STM32MP131CAE3, STM32MP131CAF3, STM32MP131CAG3, STM32MP131DAE7, STM32MP131DAF7, STM32MP131DAG7, STM32MP131FAE7, STM32MP131FAF7, STM32MP131FAG7, STM32MP133AAE3, STM32MP133AAF3, STM32MP133AAG3, STM32MP133CAE3, STM32MP133CAF3, STM32MP133CAG3, STM32MP133DAE7, STM32MP133DAF7, STM32MP133DAG7, STM32MP133FAE7, STM32MP133FAF7, STM32MP133FAG7, STM32MP135AAE3, STM32MP135AAF3, STM32MP135AAG3, STM32MP135CAE3, STM32MP135CAF3, STM32MP135CAG3, STM32MP135DAE7, STM32MP135DAF7, STM32MP135DAG7, STM32MP135F-DK, STM32MP135FAE7, STM32MP135FAF7, STM32MP135FAF7T, STM32MP135FAF7U, STM32MP135FAG7, STM32MP251AAI3, STM32MP251AAK3, STM32MP251AAL3, STM32MP251CAI3, STM32MP251CAK3, STM32MP251CAL3, STM32MP251DAI3, STM32MP251DAK3, STM32MP251DAL3, STM32MP251FAI3, STM32MP251FAK3, STM32MP251FAL3, STM32MP253AAI3, STM32MP253AAK3, STM32MP253AAL3, STM32MP253CAI3, STM32MP253CAK3, STM32MP253CAL3, STM32MP253DAI3, STM32MP253DAK3, STM32MP253DAL3, STM32MP253FAI3, STM32MP253FAK3, STM32MP253FAL3, STM32MP255AAI3, STM32MP255AAK3, STM32MP255AAL3, STM32MP255CAI3, STM32MP255CAK3, STM32MP255CAL3, STM32MP255DAI3, STM32MP255DAK3, STM32MP255DAL3, STM32MP255FAI3, STM32MP255FAK3, STM32MP255FAL3, STM32MP257AAI3, STM32MP257AAK3, STM32MP257AAL3, STM32MP257CAI3, STM32MP257CAK3, STM32MP257CAL3, STM32MP257DAI3, STM32MP257DAK3, STM32MP257DAL3, STM32MP257F-DK, STM32MP257F-EV1, STM32MP257FAI3, STM32MP257FAK3, STM32MP257FAL3, STM32U031C6T6, STM32U031C6U6, STM32U031C8T6, STM32U031C8U6, STM32U031F4P6, STM32U031F6P6, STM32U031F8P6, STM32U031G6Y6TR, STM32U031G8Y6TR, STM32U031K4U6, STM32U031K6U6, STM32U031K8U6, STM32U031R6I6, STM32U031R6T6, STM32U031R8I6, STM32U031R8T6, STM32U073C8T6, STM32U073C8U6, STM32U073CBT6, STM32U073CBU6, STM32U073CCT6, STM32U073CCU6, STM32U073H8Y6TR, STM32U073HBY6TR, STM32U073HCY6TR, STM32U073K8U6, STM32U073KBU6, STM32U073KCU6, STM32U073M8I6, STM32U073M8T6, STM32U073MBI6, STM32U073MBT6, STM32U073MCI6, STM32U073MCT6, STM32U073R8I6, STM32U073R8T6, STM32U073RBI6, STM32U073RBT6, STM32U073RCI6, STM32U073RCT6, STM32U083C-DK, STM32U083CCT6, STM32U083CCU6, STM32U083HCY6TR, STM32U083KCU6, STM32U083MCI6, STM32U083MCT6, STM32U083RCI6, STM32U083RCT6, STM32U535CBT6, STM32U535CBT6Q, STM32U535CBU6, STM32U535CBU6Q, STM32U535CCT6, STM32U535CCT6Q, STM32U535CCU6, STM32U535CCU6Q, STM32U535CET6, STM32U535CET6Q, STM32U535CEU6, STM32U535CEU6Q, STM32U535JEY6QTR, STM32U535NCY6QTR, STM32U535NEY6QTR, STM32U535RBI6, STM32U535RBI6Q, STM32U535RBT6, STM32U535RBT6Q, STM32U535RCI6, STM32U535RCI6Q, STM32U535RCT6, STM32U535RCT6Q, STM32U535REI6, STM32U535REI6Q, STM32U535RET6, STM32U535RET6Q, STM32U535VCI6, STM32U535VCI6Q, STM32U535VCT6, STM32U535VCT6Q, STM32U535VEI6, STM32U535VEI6Q, STM32U535VET6, STM32U535VET6Q, STM32U545CET6, STM32U545CET6Q, STM32U545CEU6, STM32U545CEU6Q, STM32U545JEY6QTR, STM32U545NEY6QTR, STM32U545REI6, STM32U545REI6Q, STM32U545RET6, STM32U545RET6Q, STM32U545VEI6, STM32U545VEI6Q, STM32U545VET6, STM32U545VET6Q, STM32U595AIH6, STM32U595AIH6Q, STM32U595AJH6, STM32U595AJH6Q, STM32U595QII6, STM32U595QII6Q, STM32U595QJI6, STM32U595QJI6Q, STM32U595RIT6, STM32U595RIT6Q, STM32U595RJT6, STM32U595RJT6Q, STM32U595VIT6, STM32U595VIT6Q, STM32U595VJT6, STM32U595VJT6Q, STM32U595ZIT6, STM32U595ZIT6Q, STM32U595ZIY6QTR, STM32U595ZJT6, STM32U595ZJT6Q, STM32U595ZJY6QTR, STM32U599BJY6QTR, STM32U599NIH6Q, STM32U599NJH6Q, STM32U599VIT6Q, STM32U599VJT6, STM32U599VJT6Q, STM32U599ZIT6Q, STM32U599ZIY6QTR, STM32U599ZJT6Q, STM32U599ZJY6QTR, STM32U5A5AJH6, STM32U5A5AJH6Q, STM32U5A5QII3Q , STM32U5A5QJI6, STM32U5A5QJI6Q, STM32U5A5RJT6, STM32U5A5RJT6Q, STM32U5A5VJT6, STM32U5A5VJT6Q, STM32U5A5ZJT6, STM32U5A5ZJT6Q, STM32U5A5ZJY6QTR, STM32U5A9BJY6QTR, STM32U5A9J-DK, STM32U5A9NJH6Q, STM32U5A9VJT6Q, STM32U5A9ZJT6Q, STM32U5A9ZJY6QTR, STM32U5F7VIT6, STM32U5F7VIT6Q, STM32U5F7VJT6, STM32U5F7VJT6Q, STM32U5F9BJY6QTR, STM32U5F9NJH6Q, STM32U5F9VIT6Q, STM32U5F9VJT6Q, STM32U5F9ZIJ6QTR, STM32U5F9ZIT6Q, STM32U5F9ZJJ6QTR, STM32U5F9ZJT6Q, STM32U5G7VJT6, STM32U5G7VJT6Q, STM32U5G9BJY6QTR, STM32U5G9J-DK1, STM32U5G9J-DK2, STM32U5G9NJH6Q, STM32U5G9VJT6Q, STM32U5G9ZJJ6QTR, STM32U5G9ZJT6Q, STM32WB05KZV6TR, STM32WB05KZV7TR, STM32WB05TZF6TR, STM32WB05TZF7TR, STM32WB06CCF6TR, STM32WB06CCF7TR, STM32WB06CCV6TR, STM32WB06CCV7TR, STM32WB06KCV6TR, STM32WB06KCV7TR, STM32WB07CCF6TR, STM32WB07CCF7TR, STM32WB07CCV6TR, STM32WB07CCV7TR, STM32WB07KCV6TR, STM32WB07KCV7TR, STM32WB09KEV6TR, STM32WB09KEV7TR, STM32WB09TEF6TR, STM32WB09TEF7TR, STM32WB1MMCH6, STM32WBA50KGU6, STM32WBA50KGU6TR, STM32WBA52CEU6, STM32WBA52CEU6TR, STM32WBA52CEU7, STM32WBA52CEU7TR, STM32WBA52CGU6, STM32WBA52CGU6TR, STM32WBA52CGU6U, STM32WBA52CGU7, STM32WBA52CGU7TR, STM32WBA52KEU6, STM32WBA52KEU6TR, STM32WBA52KGU6, STM32WBA52KGU6TR, STM32WBA54CEU6, STM32WBA54CEU6TR, STM32WBA54CEU7, STM32WBA54CEU7TR, STM32WBA54CGU6, STM32WBA54CGU6TR, STM32WBA54CGU7, STM32WBA54CGU7TR, STM32WBA54KEU6, STM32WBA54KEU6TR, STM32WBA54KEU7, STM32WBA54KEU7TR, STM32WBA54KGU6, STM32WBA54KGU6TR, STM32WBA54KGU7, STM32WBA54KGU7TR, STM32WBA55CEU6, STM32WBA55CEU6TR, STM32WBA55CEU7, STM32WBA55CEU7TR, STM32WBA55CGU6, STM32WBA55CGU6TR, STM32WBA55CGU6U, STM32WBA55CGU7, STM32WBA55CGU7TR, STM32WBA55G-DK1, STM32WBA55HEF6, STM32WBA55HEF7, STM32WBA55HGF6, STM32WBA55HGF7, STM32WBA55UEI6, STM32WBA55UEI6TR, STM32WBA55UEI7, STM32WBA55UEI7TR, STM32WBA55UGI6, STM32WBA55UGI6TR, STM32WBA55UGI7, STM32WBA55UGI7TR, STM32WL5MOCH6, STM32WL5MOCH6TR]
2024-10-29 13:28:42,213 [INFO] BoardInfo:889 - No configuration file found for board P-NUCLEO-WB55
2024-10-29 13:28:42,217 [INFO] DbBoards:161 - Kit is not supported: P-NUCLEO-WB55
2024-10-29 13:28:42,351 [INFO] BoardInfo:889 - No configuration file found for board STEVAL-BFA001V1B
2024-10-29 13:28:42,355 [INFO] DbBoards:161 - Kit is not supported: STEVAL-BFA001V1B
2024-10-29 13:28:42,383 [INFO] BoardInfo:889 - No configuration file found for board STEVAL-BFA001V2B
2024-10-29 13:28:42,387 [INFO] DbBoards:161 - Kit is not supported: STEVAL-BFA001V2B
2024-10-29 13:28:45,863 [INFO] DbBoards:168 - Found 201 boards, 198 are supported
2024-10-29 13:28:45,863 [INFO] DbBoards:169 - Found 201 boards, 25 of them is supported for  Bsp
2024-10-29 13:28:45,866 [INFO] ApiDb:668 - CubeFinder database Data Model version=2.1
2024-10-29 13:28:45,866 [INFO] ApiDb:669 - CubeFinder database Configuration version=3.0.39
2024-10-29 13:28:45,866 [INFO] ApiDb:670 - CubeFinder database generation date=2024-10-15 (1729006872)
2024-10-29 13:28:45,866 [INFO] ApiDb:671 - CubeFinder database FW Pack versions=[FP-ATR-ASTRA1_V2.0.0, FP-SNS-FLIGHT1_V5.0.2, FP-SNS-MOTENV1_V5.0.0, FP-SNS-MOTENVWB1_V1.4.0, FP-SNS-SMARTAG2_V1.2.0, FP-SNS-STBOX1_V2.0.0, STM32Cube_FW_C0_V1.2.0, STM32Cube_FW_F4_V1.28.1, STM32Cube_FW_F7_V1.17.2, STM32Cube_FW_G0_V1.6.2, STM32Cube_FW_G4_V1.6.0, STM32Cube_FW_H5_V1.3.0, STM32Cube_FW_H7RS_V1.1.0, STM32Cube_FW_H7_V1.11.2, STM32Cube_FW_L0_V1.12.2, STM32Cube_FW_L5_V1.5.1, STM32Cube_FW_U0_V1.1.0, STM32Cube_FW_U5_V1.6.0, STM32Cube_FW_WB0_V1.0.0, STM32Cube_FW_WBA_V1.4.1, STM32Cube_FW_WB_V1.20.0, STM32Cube_FW_WL_V1.3.0, X-CUBE-ALGOBUILD_V1.4.0, X-CUBE-ALS_V1.0.2, X-CUBE-AZRTOS-F4_V1.1.0, X-CUBE-AZRTOS-F7_V1.1.0, X-CUBE-AZRTOS-G0_V1.1.0, X-CUBE-AZRTOS-G4_V2.0.0, X-CUBE-AZRTOS-H7RS_V1.0.0, X-CUBE-AZRTOS-H7_V3.3.0, X-CUBE-AZRTOS-L4_V2.0.0, X-CUBE-AZRTOS-L5_V2.0.0, X-CUBE-AZRTOS-WB_V2.0.0, X-CUBE-AZRTOS-WL_V2.0.0, X-CUBE-BLE1_V7.0.0, X-CUBE-BLE2_V3.3.0, X-CUBE-BLEMGR_V3.1.0, X-CUBE-EEPRMA1_V5.1.0, X-CUBE-FREERTOS_V1.2.0, X-CUBE-GNSS1_V6.0.0, X-CUBE-MEMS1_V11.0.0, X-CUBE-NFC4_V3.0.0, X-CUBE-NFC7_V1.0.1, X-CUBE-SFXS2LP1_V4.0.0, X-CUBE-SUBG2_V5.0.0, X-CUBE-TOF1_V3.4.2]
2024-10-29 13:28:47,123 [INFO] ApiDb:240 - Found 646 in-development CPN: [B-G473E-ZEST1S, B-WB1M-WPAN1, B-WL5M-SUBG1, NUCLEO-C031C6, NUCLEO-C071RB, NUCLEO-H503RB, NUCLEO-H533RE, NUCLEO-H563ZI, NUCLEO-H7S3L8, NUCLEO-U031R8, NUCLEO-U083RC, NUCLEO-U545RE-Q, NUCLEO-U5A5ZJ-Q, NUCLEO-WB05KZ, NUCLEO-WB07CC, NUCLEO-WB09KE, NUCLEO-WBA52CG, NUCLEO-WBA55CG, STEVAL-PROTEUS1, STEVAL-SMARTAG2, STEVAL-STWINBX1, STM320518-EVAL, STM32C0116-DK, STM32C011D6Y3TR, STM32C011D6Y6TR, STM32C011F4P3, STM32C011F4P6, STM32C011F4U3, STM32C011F4U6TR, STM32C011F6P3, STM32C011F6P6, STM32C011F6U3, STM32C011F6U6TR, STM32C011J4M3, STM32C011J4M6, STM32C011J6M3, STM32C011J6M6, STM32C0316-DK, STM32C031C4T3, STM32C031C4T6, STM32C031C4U3, STM32C031C4U6, STM32C031C6T3, STM32C031C6T6, STM32C031C6U3, STM32C031C6U6, STM32C031F4P3, STM32C031F4P6, STM32C031F6P3, STM32C031F6P6, STM32C031G4U3, STM32C031G4U6, STM32C031G6U3, STM32C031G6U6, STM32C031K4T3, STM32C031K4T6, STM32C031K4U3, STM32C031K4U6, STM32C031K6T3, STM32C031K6T6, STM32C031K6U3, STM32C031K6U6, STM32C071C8T6, STM32C071C8T6N, STM32C071C8U6, STM32C071C8U6N, STM32C071CBT6, STM32C071CBT6N, STM32C071CBU6, STM32C071CBU6N, STM32C071F8P6, STM32C071F8P6N, STM32C071FBP6, STM32C071FBP6N, STM32C071FBY6TR, STM32C071G8U6, STM32C071G8U6N, STM32C071GBU6, STM32C071GBU6N, STM32C071K8T6, STM32C071K8T6N, STM32C071K8U6, STM32C071K8U6N, STM32C071KBT6, STM32C071KBT6N, STM32C071KBU6, STM32C071KBU6N, STM32C071R8T6, STM32C071R8T6N, STM32C071RBI6N, STM32C071RBT6, STM32C071RBT6N, STM32G071K8TXN, STM32G071K8UXN, STM32G081GBU6N, STM32G081KBT6N, STM32G081KBUXN, STM32G0B1CCT6N, STM32G0B1KCT6, STM32G0B1NEY6TR, STM32G0B1RCT6N, STM32G0C1CCT6, STM32G0C1CCT6N, STM32G0C1CCU6N, STM32G0C1CET6N, STM32G0C1CEU6N, STM32G0C1KCT6, STM32G0C1NEY6TR, STM32G0C1RCI6N, STM32G0C1RCT6N, STM32G0C1REI6N, STM32G0C1RET6N, STM32G0C1VCI6, STM32G0C1VEI6, STM32G411C6T3, STM32G411C6T6, STM32G411C6U3, STM32G411C6U6, STM32G411C8T3, STM32G411C8T6, STM32G411C8U3, STM32G411C8U6, STM32G411CBT3, STM32G411CBT6, STM32G411CBU3, STM32G411CBU6, STM32G411K6T3, STM32G411K6T6, STM32G411K6U3, STM32G411K6U6, STM32G411K8T3, STM32G411K8T6, STM32G411K8U3, STM32G411K8U6, STM32G411KBT3, STM32G411KBT6, STM32G411KBU3, STM32G411KBU6, STM32G411M6T3, STM32G411M6T6, STM32G411M8T3, STM32G411M8T6, STM32G411MBT3, STM32G411MBT6, STM32G411R6T3, STM32G411R6T6, STM32G411R8T3, STM32G411R8T6, STM32G411RBT3, STM32G411RBT6, STM32G414CBT3, STM32G414CBT6, STM32G414CBU3, STM32G414CBU6, STM32G414CCT3, STM32G414CCT6, STM32G414CCU3, STM32G414CCU6, STM32G414MBT3, STM32G414MBT6, STM32G414MCT3, STM32G414MCT6, STM32G414RBT3, STM32G414RBT6, STM32G414RCT3, STM32G414RCT6, STM32G414VBT3, STM32G414VBT6, STM32G414VCT3, STM32G414VCT6, STM32G431CBT3Z, STM32G431RBT3Z, STM32G471CCT6, STM32G471CCU6, STM32G471CET3, STM32G471CET6, STM32G471CEU3, STM32G471CEU6, STM32G471MCT6, STM32G471MET3, STM32G471MET6, STM32G471MEY6TR, STM32G471QCT6, STM32G471QET3, STM32G471RCT6, STM32G471RET3, STM32G471RET6, STM32G471VCH6, STM32G471VCI6, STM32G471VCT6, STM32G471VEH3, STM32G471VEH6, STM32G471VEI3, STM32G471VEI6, STM32G471VET3, STM32G471VET6, STM32G473QET3Z, STM32G473RET3Z, STM32G474CCT6, STM32G491RET3Z, STM32H503CBT6, STM32H503CBU6, STM32H503EBY6TR, STM32H503KBU6, STM32H503RBT6, STM32H523CCT6, STM32H523CCU6, STM32H523CET6, STM32H523CEU6, STM32H523HEY6TR, STM32H523RCT6, STM32H523RET6, STM32H523VCI6, STM32H523VCT6, STM32H523VEI6, STM32H523VET6, STM32H523ZCJ6, STM32H523ZCT6, STM32H523ZEJ6, STM32H523ZET6, STM32H533CET6, STM32H533CEU6, STM32H533HEY6TR, STM32H533RET6, STM32H533VEI6, STM32H533VET6, STM32H533ZEJ6, STM32H533ZET6, STM32H562AGI6, STM32H562AII6, STM32H562IGK6, STM32H562IGT6, STM32H562IIK6, STM32H562IIT6, STM32H562RGT6, STM32H562RGV6, STM32H562RIT6, STM32H562RIV6, STM32H562VGT6, STM32H562VIT6, STM32H562ZGT6, STM32H562ZIT6, STM32H563AGI6, STM32H563AII3Q, STM32H563AII6, STM32H563IGK6, STM32H563IGT6, STM32H563IIK3Q, STM32H563IIK6, STM32H563IIT3Q, STM32H563IIT6, STM32H563MIY3QTR, STM32H563RGT6, STM32H563RGV6, STM32H563RIT6, STM32H563RIV6, STM32H563VGT6, STM32H563VIT3Q, STM32H563VIT6, STM32H563ZGT6, STM32H563ZIT3Q, STM32H563ZIT6, STM32H573AII3Q, STM32H573AII6, STM32H573I-DK, STM32H573IIK3Q, STM32H573IIK6, STM32H573IIT3Q, STM32H573IIT6, STM32H573MIY3QTR, STM32H573RIT6, STM32H573RIV6, STM32H573VIT3Q, STM32H573VIT6, STM32H573ZIT3Q, STM32H573ZIT6, STM32H7R3A8I6, STM32H7R3I8K6, STM32H7R3I8T6, STM32H7R3L8H6, STM32H7R3L8H6H, STM32H7R3R8V6, STM32H7R3V8H6, STM32H7R3V8T6, STM32H7R3V8Y6TR, STM32H7R3Z8J6, STM32H7R3Z8T6, STM32H7R7A8I6, STM32H7R7I8K6, STM32H7R7I8T6, STM32H7R7L8H6, STM32H7R7L8H6H, STM32H7R7Z8J6, STM32H7S3A8I6, STM32H7S3I8K6, STM32H7S3I8T6, STM32H7S3L8H6, STM32H7S3L8H6H, STM32H7S3R8V6, STM32H7S3V8H6, STM32H7S3V8T6, STM32H7S3V8Y6TR, STM32H7S3Z8J6, STM32H7S3Z8T6, STM32H7S78-DK, STM32H7S7A8I6, STM32H7S7I8K6, STM32H7S7I8T6, STM32H7S7L8H6, STM32H7S7L8H6H, STM32H7S7Z8J6, STM32L4R5QGI6STR, STM32MP131AAE3, STM32MP131AAF3, STM32MP131AAG3, STM32MP131CAE3, STM32MP131CAF3, STM32MP131CAG3, STM32MP131DAE7, STM32MP131DAF7, STM32MP131DAG7, STM32MP131FAE7, STM32MP131FAF7, STM32MP131FAG7, STM32MP133AAE3, STM32MP133AAF3, STM32MP133AAG3, STM32MP133CAE3, STM32MP133CAF3, STM32MP133CAG3, STM32MP133DAE7, STM32MP133DAF7, STM32MP133DAG7, STM32MP133FAE7, STM32MP133FAF7, STM32MP133FAG7, STM32MP135AAE3, STM32MP135AAF3, STM32MP135AAG3, STM32MP135CAE3, STM32MP135CAF3, STM32MP135CAG3, STM32MP135DAE7, STM32MP135DAF7, STM32MP135DAG7, STM32MP135F-DK, STM32MP135FAE7, STM32MP135FAF7, STM32MP135FAF7T, STM32MP135FAF7U, STM32MP135FAG7, STM32MP251AAI3, STM32MP251AAK3, STM32MP251AAL3, STM32MP251CAI3, STM32MP251CAK3, STM32MP251CAL3, STM32MP251DAI3, STM32MP251DAK3, STM32MP251DAL3, STM32MP251FAI3, STM32MP251FAK3, STM32MP251FAL3, STM32MP253AAI3, STM32MP253AAK3, STM32MP253AAL3, STM32MP253CAI3, STM32MP253CAK3, STM32MP253CAL3, STM32MP253DAI3, STM32MP253DAK3, STM32MP253DAL3, STM32MP253FAI3, STM32MP253FAK3, STM32MP253FAL3, STM32MP255AAI3, STM32MP255AAK3, STM32MP255AAL3, STM32MP255CAI3, STM32MP255CAK3, STM32MP255CAL3, STM32MP255DAI3, STM32MP255DAK3, STM32MP255DAL3, STM32MP255FAI3, STM32MP255FAK3, STM32MP255FAL3, STM32MP257AAI3, STM32MP257AAK3, STM32MP257AAL3, STM32MP257CAI3, STM32MP257CAK3, STM32MP257CAL3, STM32MP257DAI3, STM32MP257DAK3, STM32MP257DAL3, STM32MP257F-DK, STM32MP257F-EV1, STM32MP257FAI3, STM32MP257FAK3, STM32MP257FAL3, STM32U031C6T6, STM32U031C6U6, STM32U031C8T6, STM32U031C8U6, STM32U031F4P6, STM32U031F6P6, STM32U031F8P6, STM32U031G6Y6TR, STM32U031G8Y6TR, STM32U031K4U6, STM32U031K6U6, STM32U031K8U6, STM32U031R6I6, STM32U031R6T6, STM32U031R8I6, STM32U031R8T6, STM32U073C8T6, STM32U073C8U6, STM32U073CBT6, STM32U073CBU6, STM32U073CCT6, STM32U073CCU6, STM32U073H8Y6TR, STM32U073HBY6TR, STM32U073HCY6TR, STM32U073K8U6, STM32U073KBU6, STM32U073KCU6, STM32U073M8I6, STM32U073M8T6, STM32U073MBI6, STM32U073MBT6, STM32U073MCI6, STM32U073MCT6, STM32U073R8I6, STM32U073R8T6, STM32U073RBI6, STM32U073RBT6, STM32U073RCI6, STM32U073RCT6, STM32U083C-DK, STM32U083CCT6, STM32U083CCU6, STM32U083HCY6TR, STM32U083KCU6, STM32U083MCI6, STM32U083MCT6, STM32U083RCI6, STM32U083RCT6, STM32U535CBT6, STM32U535CBT6Q, STM32U535CBU6, STM32U535CBU6Q, STM32U535CCT6, STM32U535CCT6Q, STM32U535CCU6, STM32U535CCU6Q, STM32U535CET6, STM32U535CET6Q, STM32U535CEU6, STM32U535CEU6Q, STM32U535JEY6QTR, STM32U535NCY6QTR, STM32U535NEY6QTR, STM32U535RBI6, STM32U535RBI6Q, STM32U535RBT6, STM32U535RBT6Q, STM32U535RCI6, STM32U535RCI6Q, STM32U535RCT6, STM32U535RCT6Q, STM32U535REI6, STM32U535REI6Q, STM32U535RET6, STM32U535RET6Q, STM32U535VCI6, STM32U535VCI6Q, STM32U535VCT6, STM32U535VCT6Q, STM32U535VEI6, STM32U535VEI6Q, STM32U535VET6, STM32U535VET6Q, STM32U545CET6, STM32U545CET6Q, STM32U545CEU6, STM32U545CEU6Q, STM32U545JEY6QTR, STM32U545NEY6QTR, STM32U545REI6, STM32U545REI6Q, STM32U545RET6, STM32U545RET6Q, STM32U545VEI6, STM32U545VEI6Q, STM32U545VET6, STM32U545VET6Q, STM32U595AIH6, STM32U595AIH6Q, STM32U595AJH6, STM32U595AJH6Q, STM32U595QII6, STM32U595QII6Q, STM32U595QJI6, STM32U595QJI6Q, STM32U595RIT6, STM32U595RIT6Q, STM32U595RJT6, STM32U595RJT6Q, STM32U595VIT6, STM32U595VIT6Q, STM32U595VJT6, STM32U595VJT6Q, STM32U595ZIT6, STM32U595ZIT6Q, STM32U595ZIY6QTR, STM32U595ZJT6, STM32U595ZJT6Q, STM32U595ZJY6QTR, STM32U599BJY6QTR, STM32U599NIH6Q, STM32U599NJH6Q, STM32U599VIT6Q, STM32U599VJT6, STM32U599VJT6Q, STM32U599ZIT6Q, STM32U599ZIY6QTR, STM32U599ZJT6Q, STM32U599ZJY6QTR, STM32U5A5AJH6, STM32U5A5AJH6Q, STM32U5A5QII3Q , STM32U5A5QJI6, STM32U5A5QJI6Q, STM32U5A5RJT6, STM32U5A5RJT6Q, STM32U5A5VJT6, STM32U5A5VJT6Q, STM32U5A5ZJT6, STM32U5A5ZJT6Q, STM32U5A5ZJY6QTR, STM32U5A9BJY6QTR, STM32U5A9J-DK, STM32U5A9NJH6Q, STM32U5A9VJT6Q, STM32U5A9ZJT6Q, STM32U5A9ZJY6QTR, STM32U5F7VIT6, STM32U5F7VIT6Q, STM32U5F7VJT6, STM32U5F7VJT6Q, STM32U5F9BJY6QTR, STM32U5F9NJH6Q, STM32U5F9VIT6Q, STM32U5F9VJT6Q, STM32U5F9ZIJ6QTR, STM32U5F9ZIT6Q, STM32U5F9ZJJ6QTR, STM32U5F9ZJT6Q, STM32U5G7VJT6, STM32U5G7VJT6Q, STM32U5G9BJY6QTR, STM32U5G9J-DK1, STM32U5G9J-DK2, STM32U5G9NJH6Q, STM32U5G9VJT6Q, STM32U5G9ZJJ6QTR, STM32U5G9ZJT6Q, STM32WB05KZV6TR, STM32WB05KZV7TR, STM32WB05TZF6TR, STM32WB05TZF7TR, STM32WB06CCF6TR, STM32WB06CCF7TR, STM32WB06CCV6TR, STM32WB06CCV7TR, STM32WB06KCV6TR, STM32WB06KCV7TR, STM32WB07CCF6TR, STM32WB07CCF7TR, STM32WB07CCV6TR, STM32WB07CCV7TR, STM32WB07KCV6TR, STM32WB07KCV7TR, STM32WB09KEV6TR, STM32WB09KEV7TR, STM32WB09TEF6TR, STM32WB09TEF7TR, STM32WB1MMCH6, STM32WBA50KGU6, STM32WBA50KGU6TR, STM32WBA52CEU6, STM32WBA52CEU6TR, STM32WBA52CEU7, STM32WBA52CEU7TR, STM32WBA52CGU6, STM32WBA52CGU6TR, STM32WBA52CGU6U, STM32WBA52CGU7, STM32WBA52CGU7TR, STM32WBA52KEU6, STM32WBA52KEU6TR, STM32WBA52KGU6, STM32WBA52KGU6TR, STM32WBA54CEU6, STM32WBA54CEU6TR, STM32WBA54CEU7, STM32WBA54CEU7TR, STM32WBA54CGU6, STM32WBA54CGU6TR, STM32WBA54CGU7, STM32WBA54CGU7TR, STM32WBA54KEU6, STM32WBA54KEU6TR, STM32WBA54KEU7, STM32WBA54KEU7TR, STM32WBA54KGU6, STM32WBA54KGU6TR, STM32WBA54KGU7, STM32WBA54KGU7TR, STM32WBA55CEU6, STM32WBA55CEU6TR, STM32WBA55CEU7, STM32WBA55CEU7TR, STM32WBA55CGU6, STM32WBA55CGU6TR, STM32WBA55CGU6U, STM32WBA55CGU7, STM32WBA55CGU7TR, STM32WBA55G-DK1, STM32WBA55HEF6, STM32WBA55HEF7, STM32WBA55HGF6, STM32WBA55HGF7, STM32WBA55UEI6, STM32WBA55UEI6TR, STM32WBA55UEI7, STM32WBA55UEI7TR, STM32WBA55UGI6, STM32WBA55UGI6TR, STM32WBA55UGI7, STM32WBA55UGI7TR, STM32WL5MOCH6, STM32WL5MOCH6TR]
2024-10-29 13:28:47,126 [INFO] DbMcus:218 - Found 4252 MCUs, 4252 are supported
2024-10-29 13:28:47,127 [INFO] ApiDb:423 - Load user favorites file C:\Users\19948/.stm32cubeide/favorites.mcus.txt: 0 item(s)
2024-10-29 13:28:47,127 [INFO] ApiDb:427 - User favorites MCUs=[]
2024-10-29 13:28:47,127 [INFO] DbMcus:224 - Set 0 / 0 favorites MCUs
2024-10-29 13:28:47,355 [INFO] ApiDb:423 - Load user favorites file C:\Users\19948/.stm32cubeide/favorites.boards.txt: 0 item(s)
2024-10-29 13:28:47,355 [INFO] ApiDb:427 - User favorites Boards=[]
2024-10-29 13:28:47,356 [INFO] DbBoards:198 - Set 0 / 0 favorites Boards
2024-10-29 13:28:47,415 [INFO] UtilMem:75 - End LoadConfig() Used Memory: 421415784 Bytes (465567744)
2024-10-29 13:28:47,537 [WARN] ThirdParty:833 - waiting for thirdparty lock release [change project]
2024-10-29 13:28:47,537 [INFO] ThirdParty:835 - entering critical section [change project]
2024-10-29 13:28:47,537 [INFO] ThirdParty:1030 - CMSIS Pack Vendor :STMicroelectronics USBPD 4.1
2024-10-29 13:28:47,537 [INFO] ThirdParty:1030 - CMSIS Pack Vendor :STMicroelectronics X-CUBE-GNSS1 6.0.0
2024-10-29 13:28:47,537 [INFO] ThirdParty:1030 - CMSIS Pack Vendor :STMicroelectronics USB_HOST 2.0.0
2024-10-29 13:28:47,538 [INFO] ThirdParty:1030 - CMSIS Pack Vendor :STMicroelectronics FP-SNS-MOTENVWB1 1.4.0
2024-10-29 13:28:47,538 [INFO] ThirdParty:1030 - CMSIS Pack Vendor :STMicroelectronics X-CUBE-AZRTOS-F4 1.1.0
2024-10-29 13:28:47,538 [INFO] ThirdParty:1030 - CMSIS Pack Vendor :STMicroelectronics LIBJPEG 8.0.0
2024-10-29 13:28:47,538 [INFO] ThirdParty:1030 - CMSIS Pack Vendor :STMicroelectronics X-CUBE-SMBUS 2.1.0
2024-10-29 13:28:47,538 [INFO] ThirdParty:1030 - CMSIS Pack Vendor :STMicroelectronics X-CUBE-WB05N 1.1.0
2024-10-29 13:28:47,538 [INFO] ThirdParty:1030 - CMSIS Pack Vendor :STMicroelectronics X-CUBE-ISPU 2.1.0
2024-10-29 13:28:47,538 [INFO] ThirdParty:1030 - CMSIS Pack Vendor :STMicroelectronics X-CUBE-FREERTOS 1.2.0
2024-10-29 13:28:47,538 [INFO] ThirdParty:1030 - CMSIS Pack Vendor :STMicroelectronics X-CUBE-AZRTOS-F7 1.1.0
2024-10-29 13:28:47,538 [INFO] ThirdParty:1030 - CMSIS Pack Vendor :STMicroelectronics X-CUBE-AZRTOS-L5 2.0.0
2024-10-29 13:28:47,538 [INFO] ThirdParty:1030 - CMSIS Pack Vendor :STMicroelectronics USB_DEVICE 2.0.0
2024-10-29 13:28:47,538 [INFO] ThirdParty:1030 - CMSIS Pack Vendor :STMicroelectronics X-CUBE-MEMS1 9.6.0
2024-10-29 13:28:47,538 [INFO] ThirdParty:1030 - CMSIS Pack Vendor :STMicroelectronics X-CUBE-EEPRMA1 4.2.0
2024-10-29 13:28:47,538 [INFO] ThirdParty:1030 - CMSIS Pack Vendor :STMicroelectronics X-CUBE-NFC6 3.1.0
2024-10-29 13:28:47,538 [INFO] ThirdParty:1030 - CMSIS Pack Vendor :ITTIA_DB I-CUBE-ITTIADB 8.8.0
2024-10-29 13:28:47,538 [INFO] ThirdParty:1030 - CMSIS Pack Vendor :STMicroelectronics FP-SNS-MOTENV1 4.3.2
2024-10-29 13:28:47,538 [INFO] ThirdParty:1030 - CMSIS Pack Vendor :STMicroelectronics X-CUBE-MEMS1 11.0.0
2024-10-29 13:28:47,538 [INFO] ThirdParty:1030 - CMSIS Pack Vendor :STMicroelectronics X-CUBE-BLE1 6.2.4
2024-10-29 13:28:47,538 [INFO] ThirdParty:1030 - CMSIS Pack Vendor :STMicroelectronics FreeRTOS 0.0.1
2024-10-29 13:28:47,538 [INFO] ThirdParty:1030 - CMSIS Pack Vendor :emotas I-CUBE-CANOPEN 1.1.3
2024-10-29 13:28:47,538 [INFO] ThirdParty:1030 - CMSIS Pack Vendor :STMicroelectronics X-CUBE-BLEMGR 2.0.0
2024-10-29 13:28:47,538 [INFO] ThirdParty:1030 - CMSIS Pack Vendor :STMicroelectronics X-CUBE-DPower 1.2.0
2024-10-29 13:28:47,538 [INFO] ThirdParty:1030 - CMSIS Pack Vendor :STMicroelectronics FP-SNS-FLIGHT1 5.0.2
2024-10-29 13:28:47,538 [INFO] ThirdParty:1030 - CMSIS Pack Vendor :STMicroelectronics X-CUBE-AI 9.0.0
2024-10-29 13:28:47,538 [INFO] ThirdParty:1030 - CMSIS Pack Vendor :STMicroelectronics X-CUBE-AZRTOS-H7 3.1.0
2024-10-29 13:28:47,538 [INFO] ThirdParty:1030 - CMSIS Pack Vendor :STMicroelectronics PDM2PCM 3.3.0
2024-10-29 13:28:47,538 [INFO] ThirdParty:1030 - CMSIS Pack Vendor :STMicroelectronics X-CUBE-DISPLAY 3.0.0
2024-10-29 13:28:47,539 [INFO] ThirdParty:1030 - CMSIS Pack Vendor :STMicroelectronics X-CUBE-BLE1 7.0.0
2024-10-29 13:28:47,539 [INFO] ThirdParty:1030 - CMSIS Pack Vendor :STMicroelectronics X-CUBE-NFC10 1.0.0
2024-10-29 13:28:47,539 [INFO] ThirdParty:1030 - CMSIS Pack Vendor :wolfSSL I-CUBE-wolfSSL 5.5.4
2024-10-29 13:28:47,539 [INFO] ThirdParty:1030 - CMSIS Pack Vendor :STMicroelectronics HAL Drivers 0.0.0
2024-10-29 13:28:47,539 [INFO] ThirdParty:1030 - CMSIS Pack Vendor :STMicroelectronics X-CUBE-TOUCHGFX 4.22.0
2024-10-29 13:28:47,539 [INFO] ThirdParty:1030 - CMSIS Pack Vendor :STMicroelectronics X-CUBE-NFC7 1.0.1
2024-10-29 13:28:47,539 [INFO] ThirdParty:1030 - CMSIS Pack Vendor :STMicroelectronics MBEDTLS 2.14.1
2024-10-29 13:28:47,539 [INFO] ThirdParty:1030 - CMSIS Pack Vendor :STMicroelectronics X-CUBE-NFC7 1.0.0
2024-10-29 13:28:47,539 [INFO] ThirdParty:1030 - CMSIS Pack Vendor :STMicroelectronics X-CUBE-TOUCHGFX 4.22.1
2024-10-29 13:28:47,539 [INFO] ThirdParty:1030 - CMSIS Pack Vendor :wolfSSL I-CUBE-wolfTPM 3.2.0
2024-10-29 13:28:47,539 [INFO] ThirdParty:1030 - CMSIS Pack Vendor :STMicroelectronics X-CUBE-NFC6 3.0.0
2024-10-29 13:28:47,539 [INFO] ThirdParty:1030 - CMSIS Pack Vendor :STMicroelectronics X-CUBE-EEPRMA1 4.1.0
2024-10-29 13:28:47,539 [INFO] ThirdParty:1030 - CMSIS Pack Vendor :STMicroelectronics X-CUBE-BLEMGR 3.1.0
2024-10-29 13:28:47,539 [INFO] ThirdParty:1030 - CMSIS Pack Vendor :STMicroelectronics FP-SNS-SMARTAG2 1.2.0
2024-10-29 13:28:47,539 [INFO] ThirdParty:1030 - CMSIS Pack Vendor :STMicroelectronics X-CUBE-AZRTOS-WL 2.0.0
2024-10-29 13:28:47,539 [INFO] ThirdParty:1030 - CMSIS Pack Vendor :STMicroelectronics FP-SNS-MOTENV1 5.0.0
2024-10-29 13:28:47,539 [INFO] ThirdParty:1030 - CMSIS Pack Vendor :STMicroelectronics USB_DEVICE 1.0.0
2024-10-29 13:28:47,539 [INFO] ThirdParty:1030 - CMSIS Pack Vendor :STMicroelectronics X-CUBE-AI 8.1.0
2024-10-29 13:28:47,539 [INFO] ThirdParty:1030 - CMSIS Pack Vendor :wolfSSL I-CUBE-wolfMQTT 1.19.0
2024-10-29 13:28:47,539 [INFO] ThirdParty:1030 - CMSIS Pack Vendor :STMicroelectronics X-CUBE-AZRTOS-L4 2.0.0
2024-10-29 13:28:47,539 [INFO] ThirdParty:1030 - CMSIS Pack Vendor :STMicroelectronics ThreadX 0.0.2
2024-10-29 13:28:47,539 [INFO] ThirdParty:1030 - CMSIS Pack Vendor :WES I-CUBE-Cesium 1.3.0
2024-10-29 13:28:47,539 [INFO] ThirdParty:1030 - CMSIS Pack Vendor :STMicroelectronics lwIP 2.1.2
2024-10-29 13:28:47,539 [INFO] ThirdParty:1030 - CMSIS Pack Vendor :STMicroelectronics X-CUBE-SFXS2LP1 4.0.0
2024-10-29 13:28:47,539 [INFO] ThirdParty:1030 - CMSIS Pack Vendor :STMicroelectronics X-CUBE-BLE2 3.3.0
2024-10-29 13:28:47,539 [INFO] ThirdParty:1030 - CMSIS Pack Vendor :STMicroelectronics X-CUBE-TOF1 3.2.0
2024-10-29 13:28:47,540 [INFO] ThirdParty:1030 - CMSIS Pack Vendor :STMicroelectronics PDM2PCM 3.2.0
2024-10-29 13:28:47,540 [INFO] ThirdParty:1030 - CMSIS Pack Vendor :STMicroelectronics X-CUBE-AZRTOS-H7 3.0.0
2024-10-29 13:28:47,540 [INFO] ThirdParty:1030 - CMSIS Pack Vendor :STMicroelectronics X-CUBE-ISPU 1.1.0
2024-10-29 13:28:47,540 [INFO] ThirdParty:1030 - CMSIS Pack Vendor :STMicroelectronics X-CUBE-AZRTOS-H7 3.3.0
2024-10-29 13:28:47,540 [INFO] ThirdParty:1030 - CMSIS Pack Vendor :RoweBots I-CUBE-UNISONRTOS 5.5.0-4
2024-10-29 13:28:47,540 [INFO] ThirdParty:1030 - CMSIS Pack Vendor :STMicroelectronics X-CUBE-NFC9 1.0.0
2024-10-29 13:28:47,540 [INFO] ThirdParty:1030 - CMSIS Pack Vendor :STMicroelectronics USB_DEVICE 3.0.0
2024-10-29 13:28:47,540 [INFO] ThirdParty:1030 - CMSIS Pack Vendor :STMicroelectronics X-CUBE-TCPP 4.1.0
2024-10-29 13:28:47,540 [INFO] ThirdParty:1030 - CMSIS Pack Vendor :STMicroelectronics X-CUBE-IPS 3.0.0
2024-10-29 13:28:47,540 [INFO] ThirdParty:1030 - CMSIS Pack Vendor :STMicroelectronics X-CUBE-AZRTOS-WB 2.0.0
2024-10-29 13:28:47,540 [INFO] ThirdParty:1030 - CMSIS Pack Vendor :STMicroelectronics X-CUBE-FREERTOS 1.0.1
2024-10-29 13:28:47,540 [INFO] ThirdParty:1030 - CMSIS Pack Vendor :STMicroelectronics X-CUBE-TOUCHGFX 4.21.1
2024-10-29 13:28:47,540 [INFO] ThirdParty:1030 - CMSIS Pack Vendor :STMicroelectronics X-CUBE-GNSS1 7.0.0
2024-10-29 13:28:47,540 [INFO] ThirdParty:1030 - CMSIS Pack Vendor :STMicroelectronics X-CUBE-MEMS1 9.4.0
2024-10-29 13:28:47,540 [INFO] ThirdParty:1030 - CMSIS Pack Vendor :STMicroelectronics X-CUBE-AI 7.3.0
2024-10-29 13:28:47,540 [INFO] ThirdParty:1030 - CMSIS Pack Vendor :STMicroelectronics FP-SNS-STBOX1 2.0.0
2024-10-29 13:28:47,540 [INFO] ThirdParty:1030 - CMSIS Pack Vendor :STMicroelectronics X-CUBE-ALGOBUILD 1.3.0
2024-10-29 13:28:47,540 [INFO] ThirdParty:1030 - CMSIS Pack Vendor :STMicroelectronics X-CUBE-AZRTOS-L5 1.1.0
2024-10-29 13:28:47,540 [INFO] ThirdParty:1030 - CMSIS Pack Vendor :STMicroelectronics X-CUBE-AZRTOS-G0 1.1.0
2024-10-29 13:28:47,540 [INFO] ThirdParty:1030 - CMSIS Pack Vendor :STMicroelectronics X-CUBE-AI 8.0.1
2024-10-29 13:28:47,540 [INFO] ThirdParty:1030 - CMSIS Pack Vendor :STMicroelectronics X-CUBE-SAFEA1 1.2.2
2024-10-29 13:28:47,540 [INFO] ThirdParty:1030 - CMSIS Pack Vendor :STMicroelectronics X-CUBE-NFC4 3.0.0
2024-10-29 13:28:47,540 [INFO] ThirdParty:1030 - CMSIS Pack Vendor :STMicroelectronics X-CUBE-SUBG2 5.0.0
2024-10-29 13:28:47,540 [INFO] ThirdParty:1030 - CMSIS Pack Vendor :STMicroelectronics STM32_WPAN 1.0.0
2024-10-29 13:28:47,540 [INFO] ThirdParty:1030 - CMSIS Pack Vendor :EmbeddedOffice I-CUBE-FS-RTOS 1.0.1
2024-10-29 13:28:47,540 [INFO] ThirdParty:1030 - CMSIS Pack Vendor :STMicroelectronics lwIP 2.0.3
2024-10-29 13:28:47,540 [INFO] ThirdParty:1030 - CMSIS Pack Vendor :Cesanta I-CUBE-Mongoose 7.13.0
2024-10-29 13:28:47,540 [INFO] ThirdParty:1030 - CMSIS Pack Vendor :STMicroelectronics USB_HOST 1.0.0
2024-10-29 13:28:47,540 [INFO] ThirdParty:1030 - CMSIS Pack Vendor :STMicroelectronics X-CUBE-TOF1 3.3.1
2024-10-29 13:28:47,541 [INFO] ThirdParty:1030 - CMSIS Pack Vendor :STMicroelectronics X-CUBE-AZRTOS-G4 2.0.0
2024-10-29 13:28:47,541 [INFO] ThirdParty:1030 - CMSIS Pack Vendor :STMicroelectronics PDM2PCM 3.1.0
2024-10-29 13:28:47,541 [INFO] ThirdParty:1030 - CMSIS Pack Vendor :STMicroelectronics FP-ATR-ASTRA1 1.1.1
2024-10-29 13:28:47,541 [INFO] ThirdParty:1030 - CMSIS Pack Vendor :Infineon AIROC-Wi-Fi-Bluetooth-STM32 1.5.1
2024-10-29 13:28:47,541 [INFO] ThirdParty:1030 - CMSIS Pack Vendor :STMicroelectronics X-CUBE-BLEMGR 3.0.0
2024-10-29 13:28:47,541 [INFO] ThirdParty:1030 - CMSIS Pack Vendor :STMicroelectronics X-CUBE-BLEMGR 1.3.0
2024-10-29 13:28:47,541 [INFO] ThirdParty:1030 - CMSIS Pack Vendor :STMicroelectronics FP-SNS-MOTENVWB1 1.3.0
2024-10-29 13:28:47,541 [INFO] ThirdParty:1030 - CMSIS Pack Vendor :RealThread X-CUBE-RT-Thread_Nano 4.1.1
2024-10-29 13:28:47,541 [INFO] ThirdParty:1030 - CMSIS Pack Vendor :STMicroelectronics FP-SNS-MOTENVWB1 1.3.1
2024-10-29 13:28:47,541 [INFO] ThirdParty:1030 - CMSIS Pack Vendor :STMicroelectronics FP-ATR-SIGFOX1 3.2.0
2024-10-29 13:28:47,541 [INFO] ThirdParty:1030 - CMSIS Pack Vendor :STMicroelectronics X-CUBE-AZRTOS-G4 1.0.0
2024-10-29 13:28:47,541 [INFO] ThirdParty:1030 - CMSIS Pack Vendor :STMicroelectronics X-CUBE-AZRTOS-L4 1.0.0
2024-10-29 13:28:47,541 [INFO] ThirdParty:1030 - CMSIS Pack Vendor :STMicroelectronics X-CUBE-ISPU 2.0.0
2024-10-29 13:28:47,541 [INFO] ThirdParty:1030 - CMSIS Pack Vendor :STMicroelectronics X-CUBE-EEPRMA1 5.1.0
2024-10-29 13:28:47,541 [INFO] ThirdParty:1030 - CMSIS Pack Vendor :STMicroelectronics MBEDTLS 2.16.2
2024-10-29 13:28:47,541 [INFO] ThirdParty:1030 - CMSIS Pack Vendor :STMicroelectronics X-CUBE-ALS 1.0.2
2024-10-29 13:28:47,541 [INFO] ThirdParty:1030 - CMSIS Pack Vendor :STMicroelectronics X-CUBE-MEMS1 10.0.0
2024-10-29 13:28:47,541 [INFO] ThirdParty:1030 - CMSIS Pack Vendor :STMicroelectronics X-CUBE-FREERTOS 1.1.0
2024-10-29 13:28:47,541 [INFO] ThirdParty:1030 - CMSIS Pack Vendor :STMicroelectronics X-CUBE-TOUCHGFX 4.24.0
2024-10-29 13:28:47,541 [INFO] ThirdParty:1030 - CMSIS Pack Vendor :STMicroelectronics X-CUBE-AZRTOS-WL 1.0.0
2024-10-29 13:28:47,541 [INFO] ThirdParty:1030 - CMSIS Pack Vendor :STMicroelectronics X-CUBE-TOUCHGFX 4.24.1
2024-10-29 13:28:47,541 [INFO] ThirdParty:1030 - CMSIS Pack Vendor :portGmbH I-Cube-SoM-uGOAL 1.1.0
2024-10-29 13:28:47,541 [INFO] ThirdParty:1030 - CMSIS Pack Vendor :STMicroelectronics X-CUBE-ALS 1.0.1
2024-10-29 13:28:47,541 [INFO] ThirdParty:1030 - CMSIS Pack Vendor :STMicroelectronics X-CUBE-MEMS1 9.5.0
2024-10-29 13:28:47,541 [INFO] ThirdParty:1030 - CMSIS Pack Vendor :STMicroelectronics ThreadX 1.0.0
2024-10-29 13:28:47,541 [INFO] ThirdParty:1030 - CMSIS Pack Vendor :STMicroelectronics X-CUBE-AZRTOS-WB 1.1.0
2024-10-29 13:28:47,541 [INFO] ThirdParty:1030 - CMSIS Pack Vendor :SEGGER I-CUBE-embOS 1.3.1
2024-10-29 13:28:47,541 [INFO] ThirdParty:1030 - CMSIS Pack Vendor :STMicroelectronics X-CUBE-ALGOBUILD 1.4.0
2024-10-29 13:28:47,541 [INFO] ThirdParty:1030 - CMSIS Pack Vendor :STMicroelectronics X-CUBE-AZRTOS-H7RS 1.0.0
2024-10-29 13:28:47,541 [INFO] ThirdParty:1030 - CMSIS Pack Vendor :STMicroelectronics FP-ATR-ASTRA1 2.0.0
2024-10-29 13:28:47,541 [INFO] ThirdParty:1030 - CMSIS Pack Vendor :STMicroelectronics X-CUBE-TOF1 3.4.2
2024-10-29 13:28:47,541 [INFO] ThirdParty:1030 - CMSIS Pack Vendor :STMicroelectronics X-CUBE-AI 9.1.0
2024-10-29 13:28:47,542 [INFO] ThirdParty:1030 - CMSIS Pack Vendor :STMicroelectronics X-CUBE-TOF1 3.4.0
2024-10-29 13:28:47,542 [INFO] ThirdParty:1030 - CMSIS Pack Vendor :wolfSSL I-CUBE-wolfSSH 1.4.17
2024-10-29 13:28:47,542 [INFO] ThirdParty:841 - exiting critical section [change project]
2024-10-29 13:28:47,854 [INFO] PinOutPanel:1561 - setPackage(No Configuration,No Configuration)
2024-10-29 13:28:47,855 [INFO] PinOutPanel:1561 - setPackage(STM32F103ZETx,LQFP144)
2024-10-29 13:28:48,246 [INFO] UtilMem:75 - Before build in PCC Used Memory: 284734488 Bytes (465567744)
2024-10-29 13:28:48,869 [INFO] UtilMem:75 - After build in PCC Used Memory: 368529664 Bytes (465567744)
2024-10-29 13:28:48,993 [INFO] ApiDbMcu:508 - Load IP Config File for FREERTOS
2024-10-29 13:28:49,021 [INFO] IPUIPlugin:80 - create IPUIPlugin
2024-10-29 13:28:49,021 [INFO] IPUIPlugin:80 - create IPUIPlugin
2024-10-29 13:28:49,021 [INFO] IPUIPlugin:80 - create IPUIPlugin
2024-10-29 13:28:49,021 [INFO] IPUIPlugin:80 - create IPUIPlugin
2024-10-29 13:28:49,022 [INFO] IPUIPlugin:80 - create IPUIPlugin
2024-10-29 13:28:49,022 [INFO] IPUIPlugin:80 - create IPUIPlugin
2024-10-29 13:28:49,022 [INFO] IPUIPlugin:80 - create IPUIPlugin
2024-10-29 13:28:49,022 [INFO] IPUIPlugin:80 - create IPUIPlugin
2024-10-29 13:28:49,022 [INFO] IPUIPlugin:80 - create IPUIPlugin
2024-10-29 13:28:49,022 [INFO] IPUIPlugin:80 - create IPUIPlugin
2024-10-29 13:28:49,022 [INFO] IPUIPlugin:80 - create IPUIPlugin
2024-10-29 13:28:49,022 [INFO] IPUIPlugin:80 - create IPUIPlugin
2024-10-29 13:28:49,022 [INFO] IPUIPlugin:80 - create IPUIPlugin
2024-10-29 13:28:49,023 [INFO] IPUIPlugin:80 - create IPUIPlugin
2024-10-29 13:28:49,023 [INFO] IPUIPlugin:80 - create IPUIPlugin
2024-10-29 13:28:49,023 [INFO] IPUIPlugin:80 - create IPUIPlugin
2024-10-29 13:28:49,023 [INFO] IPUIPlugin:80 - create IPUIPlugin
2024-10-29 13:28:49,023 [INFO] IPUIPlugin:80 - create IPUIPlugin
2024-10-29 13:28:49,024 [INFO] IPUIPlugin:80 - create IPUIPlugin
2024-10-29 13:28:49,024 [INFO] IPUIPlugin:80 - create IPUIPlugin
2024-10-29 13:28:49,024 [INFO] IPUIPlugin:80 - create IPUIPlugin
2024-10-29 13:28:49,024 [INFO] IPUIPlugin:80 - create IPUIPlugin
2024-10-29 13:28:49,024 [INFO] IPUIPlugin:80 - create IPUIPlugin
2024-10-29 13:28:49,025 [INFO] IPUIPlugin:80 - create IPUIPlugin
2024-10-29 13:28:49,025 [INFO] IPUIPlugin:80 - create IPUIPlugin
2024-10-29 13:28:49,025 [INFO] IPUIPlugin:80 - create IPUIPlugin
2024-10-29 13:28:49,025 [INFO] IPUIPlugin:80 - create IPUIPlugin
2024-10-29 13:28:49,025 [INFO] IPUIPlugin:80 - create IPUIPlugin
2024-10-29 13:28:49,026 [INFO] IPUIPlugin:80 - create IPUIPlugin
2024-10-29 13:28:49,026 [INFO] IPUIPlugin:80 - create IPUIPlugin
2024-10-29 13:28:49,026 [INFO] IPUIPlugin:80 - create IPUIPlugin
2024-10-29 13:28:49,026 [INFO] IPUIPlugin:80 - create IPUIPlugin
2024-10-29 13:28:49,026 [INFO] IPUIPlugin:80 - create IPUIPlugin
2024-10-29 13:28:49,027 [INFO] IPUIPlugin:80 - create IPUIPlugin
2024-10-29 13:28:49,027 [INFO] IPUIPlugin:80 - create IPUIPlugin
2024-10-29 13:28:49,027 [INFO] IPUIPlugin:80 - create IPUIPlugin
2024-10-29 13:28:49,028 [INFO] IPUIPlugin:80 - create IPUIPlugin
2024-10-29 13:28:49,028 [INFO] IPUIPlugin:80 - create IPUIPlugin
2024-10-29 13:28:49,032 [INFO] IPUIPlugin:80 - create IPUIPlugin
2024-10-29 13:28:49,033 [INFO] IPUIPlugin:80 - create IPUIPlugin
2024-10-29 13:28:49,075 [WARN] FreeRTOS:1023 - Null or empty value: should not occur! (nothing added to the table)
2024-10-29 13:28:49,249 [INFO] CADModel:165 - CPN selected for project levelSTM32F103ZET6
2024-10-29 13:28:49,249 [INFO] CADModel:114 - Register for checkConnection events
2024-10-29 13:28:49,251 [INFO] RtosManager:697 - Active RTOS found at IOC load: FREERTOS [Cortex-M3NS]
2024-10-29 13:28:49,304 [INFO] OpenFileManager:363 - Restore cursor
2024-10-29 13:28:59,498 [INFO] LogOutputStream:77 - [STDOUT_REDIRECT] This download action requires prior login. To proceed, please use the 'login' command with your my.st.com account email and password.
2024-10-29 13:28:59,500 [INFO] LogOutputStream:77 - [STDOUT_REDIRECT] Run 'login <email> <password> <remember_me>' for example 'login john.smith@st.com mypassword y'.
2024-10-29 13:28:59,501 [INFO] LogOutputStream:77 - [STDOUT_REDIRECT] If you do not have a my.st.com account, please visit https://st.com website to create one.
2024-10-29 13:29:13,809 [INFO] McuFinderGlobals:63 - Set McuFinder mode to 2 (CubeIDE integrated)
2024-10-29 13:29:13,810 [INFO] UserAuth:179 - activating auth plugin
2024-10-29 13:29:13,812 [INFO] UserAuth:417 - Internet connection configuration mode: 1
2024-10-29 13:31:35,678 [INFO] WebApp:643 - userauth.ini created with success
2024-10-29 13:31:42,675 [INFO] ServerAccessManage:473 - Download File stm32cube_fw_f1_v180.zip
2024-10-29 13:31:44,996 [ERROR] FileExtend:455 - File entry not found
2024-10-29 13:31:44,996 [INFO] FileExtend:240 - Unzip File : stm32cube_fw_f1_v180.zip
2024-10-29 13:31:44,997 [INFO] FileExtend:255 - Standard Zip Deflate
2024-10-29 13:31:55,340 [INFO] ServerAccessManage:473 - Download File stm32cube_fw_f1_v186.zip
2024-10-29 13:31:56,278 [INFO] FileExtend:240 - Unzip File : stm32cube_fw_f1_v186.zip
2024-10-29 13:31:56,279 [INFO] FileExtend:255 - Standard Zip Deflate
2024-10-29 13:32:03,264 [INFO] LoadServerPackagesThread:196 - End of LoadServerPackages Thread
2024-10-29 13:32:03,398 [INFO] ThirdPartyModel:298 - Start build external matchings
2024-10-29 13:32:03,417 [INFO] UtilMem:75 - End SaveConfig() Used Memory: 1041226304 Bytes (1073741824)
2024-10-29 13:32:03,802 [INFO] BlockDiagram:2766 - set Specific Code input for plugin: NVIC
2024-10-29 13:32:03,802 [INFO] BlockDiagram:2766 - set Specific Code input for plugin: FREERTOS
2024-10-29 13:32:03,802 [INFO] BlockDiagram:2766 - set Specific Code input for plugin: USART
2024-10-29 13:32:03,802 [INFO] BlockDiagram:2766 - set Specific Code input for plugin: USART
2024-10-29 13:32:03,802 [INFO] BlockDiagram:2766 - set Specific Code input for plugin: TIM1_8F1
2024-10-29 13:32:03,802 [INFO] BlockDiagram:2766 - set Specific Code input for plugin: SYS
2024-10-29 13:32:03,803 [INFO] BlockDiagram:2766 - set Specific Code input for plugin: GPIO
2024-10-29 13:32:03,803 [INFO] BlockDiagram:2766 - set Specific Code input for plugin: RCC
2024-10-29 13:32:03,804 [INFO] CodeGenerator:807 - code generatio: config db path: D:\software\STM32CubeIDE_1.16.1\STM32CubeIDE\plugins\com.st.stm32cube.common.mx_6.12.1.202409122256\\db\
2024-10-29 13:32:04,017 [INFO] CodeEngine:255 - oldGeneratedFile, D:\thor_work\2024\MyDemo\day0\untitled\MXTmpFiles\license.tmp_save
2024-10-29 13:32:04,462 [INFO] CodeEngine:279 - Generated code: D:\thor_work\2024\MyDemo\day0\untitled\MXTmpFiles\license.tmp
2024-10-29 13:32:04,579 [INFO] ThirdPartyModel:316 - End build external matchings
2024-10-29 13:32:04,606 [INFO] CheckServerUpdateThread:120 - End of CheckServer Thread
2024-10-29 13:32:04,638 [INFO] CodeEngine:255 - oldGeneratedFile, D:\thor_work\2024\MyDemo\day0\untitled\MXTmpFiles\gpio.tmp_save
2024-10-29 13:32:04,733 [INFO] CodeEngine:279 - Generated code: D:\thor_work\2024\MyDemo\day0\untitled\MXTmpFiles\gpio.tmp
2024-10-29 13:32:05,070 [INFO] Middleware:1439 - No code input for Bsp Dependency
2024-10-29 13:32:05,082 [INFO] CodeEngine:255 - oldGeneratedFile, D:\thor_work\2024\MyDemo\day0\untitled\MXTmpFiles\rtos_inc.tmp_save
2024-10-29 13:32:05,130 [INFO] CodeEngine:279 - Generated code: D:\thor_work\2024\MyDemo\day0\untitled\MXTmpFiles\rtos_inc.tmp
2024-10-29 13:32:05,136 [INFO] CodeEngine:255 - oldGeneratedFile, D:\thor_work\2024\MyDemo\day0\untitled\MXTmpFiles\rtos_kernelInit.tmp_save
2024-10-29 13:32:05,187 [INFO] CodeEngine:279 - Generated code: D:\thor_work\2024\MyDemo\day0\untitled\MXTmpFiles\rtos_kernelInit.tmp
2024-10-29 13:32:05,192 [INFO] CodeEngine:255 - oldGeneratedFile, D:\thor_work\2024\MyDemo\day0\untitled\MXTmpFiles\rtos_kernelStart.tmp_save
2024-10-29 13:32:05,234 [INFO] CodeEngine:279 - Generated code: D:\thor_work\2024\MyDemo\day0\untitled\MXTmpFiles\rtos_kernelStart.tmp
2024-10-29 13:32:05,273 [INFO] CodeEngine:255 - oldGeneratedFile, D:\thor_work\2024\MyDemo\day0\untitled\MXTmpFiles\rtos_typedefs.tmp_save
2024-10-29 13:32:05,321 [INFO] CodeEngine:279 - Generated code: D:\thor_work\2024\MyDemo\day0\untitled\MXTmpFiles\rtos_typedefs.tmp
2024-10-29 13:32:05,338 [INFO] CodeEngine:255 - oldGeneratedFile, D:\thor_work\2024\MyDemo\day0\untitled\MXTmpFiles\rtos_vars.tmp_save
2024-10-29 13:32:05,393 [INFO] CodeEngine:279 - Generated code: D:\thor_work\2024\MyDemo\day0\untitled\MXTmpFiles\rtos_vars.tmp
2024-10-29 13:32:05,404 [INFO] CodeEngine:255 - oldGeneratedFile, D:\thor_work\2024\MyDemo\day0\untitled\MXTmpFiles\rtos_pfp.tmp_save
2024-10-29 13:32:05,448 [INFO] CodeEngine:279 - Generated code: D:\thor_work\2024\MyDemo\day0\untitled\MXTmpFiles\rtos_pfp.tmp
2024-10-29 13:32:05,459 [INFO] CodeEngine:255 - oldGeneratedFile, D:\thor_work\2024\MyDemo\day0\untitled\MXTmpFiles\rtos_obj_creat.tmp_save
2024-10-29 13:32:05,505 [INFO] CodeEngine:279 - Generated code: D:\thor_work\2024\MyDemo\day0\untitled\MXTmpFiles\rtos_obj_creat.tmp
2024-10-29 13:32:05,520 [INFO] CodeEngine:255 - oldGeneratedFile, D:\thor_work\2024\MyDemo\day0\untitled\MXTmpFiles\rtos_default_thread.tmp_save
2024-10-29 13:32:05,559 [INFO] CodeEngine:279 - Generated code: D:\thor_work\2024\MyDemo\day0\untitled\MXTmpFiles\rtos_default_thread.tmp
2024-10-29 13:32:05,566 [INFO] CodeEngine:255 - oldGeneratedFile, D:\thor_work\2024\MyDemo\day0\untitled\MXTmpFiles\rtos_threads.tmp_save
2024-10-29 13:32:05,604 [INFO] CodeEngine:279 - Generated code: D:\thor_work\2024\MyDemo\day0\untitled\MXTmpFiles\rtos_threads.tmp
2024-10-29 13:32:05,632 [INFO] Middleware:1439 - No code input for Bsp Dependency
2024-10-29 13:32:05,645 [INFO] CodeEngine:255 - oldGeneratedFile, D:\thor_work\2024\MyDemo\day0\untitled\MXTmpFiles\rtos_inc.tmp_save
2024-10-29 13:32:05,683 [INFO] CodeEngine:279 - Generated code: D:\thor_work\2024\MyDemo\day0\untitled\MXTmpFiles\rtos_inc.tmp
2024-10-29 13:32:05,689 [INFO] CodeEngine:255 - oldGeneratedFile, D:\thor_work\2024\MyDemo\day0\untitled\MXTmpFiles\rtos_kernelInit.tmp_save
2024-10-29 13:32:05,745 [INFO] CodeEngine:279 - Generated code: D:\thor_work\2024\MyDemo\day0\untitled\MXTmpFiles\rtos_kernelInit.tmp
2024-10-29 13:32:05,751 [INFO] CodeEngine:255 - oldGeneratedFile, D:\thor_work\2024\MyDemo\day0\untitled\MXTmpFiles\rtos_kernelStart.tmp_save
2024-10-29 13:32:05,787 [INFO] CodeEngine:279 - Generated code: D:\thor_work\2024\MyDemo\day0\untitled\MXTmpFiles\rtos_kernelStart.tmp
2024-10-29 13:32:05,795 [INFO] CodeEngine:255 - oldGeneratedFile, D:\thor_work\2024\MyDemo\day0\untitled\MXTmpFiles\rtos_typedefs.tmp_save
2024-10-29 13:32:05,837 [INFO] CodeEngine:279 - Generated code: D:\thor_work\2024\MyDemo\day0\untitled\MXTmpFiles\rtos_typedefs.tmp
2024-10-29 13:32:05,844 [INFO] CodeEngine:255 - oldGeneratedFile, D:\thor_work\2024\MyDemo\day0\untitled\MXTmpFiles\rtos_vars.tmp_save
2024-10-29 13:32:05,882 [INFO] CodeEngine:279 - Generated code: D:\thor_work\2024\MyDemo\day0\untitled\MXTmpFiles\rtos_vars.tmp
2024-10-29 13:32:05,890 [INFO] CodeEngine:255 - oldGeneratedFile, D:\thor_work\2024\MyDemo\day0\untitled\MXTmpFiles\rtos_pfp.tmp_save
2024-10-29 13:32:05,926 [INFO] CodeEngine:279 - Generated code: D:\thor_work\2024\MyDemo\day0\untitled\MXTmpFiles\rtos_pfp.tmp
2024-10-29 13:32:05,933 [INFO] CodeEngine:255 - oldGeneratedFile, D:\thor_work\2024\MyDemo\day0\untitled\MXTmpFiles\rtos_obj_creat.tmp_save
2024-10-29 13:32:05,978 [INFO] CodeEngine:279 - Generated code: D:\thor_work\2024\MyDemo\day0\untitled\MXTmpFiles\rtos_obj_creat.tmp
2024-10-29 13:32:05,987 [INFO] CodeEngine:255 - oldGeneratedFile, D:\thor_work\2024\MyDemo\day0\untitled\MXTmpFiles\rtos_default_thread.tmp_save
2024-10-29 13:32:06,024 [INFO] CodeEngine:279 - Generated code: D:\thor_work\2024\MyDemo\day0\untitled\MXTmpFiles\rtos_default_thread.tmp
2024-10-29 13:32:06,031 [INFO] CodeEngine:255 - oldGeneratedFile, D:\thor_work\2024\MyDemo\day0\untitled\MXTmpFiles\rtos_threads.tmp_save
2024-10-29 13:32:06,067 [INFO] CodeEngine:279 - Generated code: D:\thor_work\2024\MyDemo\day0\untitled\MXTmpFiles\rtos_threads.tmp
2024-10-29 13:32:06,082 [INFO] CodeEngine:255 - oldGeneratedFile, D:\thor_work\2024\MyDemo\day0\untitled\Core\Inc\FreeRTOSConfig.h_save
2024-10-29 13:32:06,133 [INFO] CodeEngine:279 - Generated code: D:\thor_work\2024\MyDemo\day0\untitled\Core\Inc\FreeRTOSConfig.h
2024-10-29 13:32:06,194 [INFO] CodeEngine:255 - oldGeneratedFile, D:\thor_work\2024\MyDemo\day0\untitled\Core\Src\freertos.c_save
2024-10-29 13:32:06,236 [INFO] CodeEngine:279 - Generated code: D:\thor_work\2024\MyDemo\day0\untitled\Core\Src\freertos.c
2024-10-29 13:32:06,252 [INFO] CodeEngine:255 - oldGeneratedFile, D:\thor_work\2024\MyDemo\day0\untitled\Core\Src\stm32f1xx_it.c_save
2024-10-29 13:32:06,314 [INFO] CodeEngine:279 - Generated code: D:\thor_work\2024\MyDemo\day0\untitled\Core\Src\stm32f1xx_it.c
2024-10-29 13:32:06,323 [INFO] CodeEngine:255 - oldGeneratedFile, D:\thor_work\2024\MyDemo\day0\untitled\Core\Inc\stm32f1xx_it.h_save
2024-10-29 13:32:06,367 [INFO] CodeEngine:279 - Generated code: D:\thor_work\2024\MyDemo\day0\untitled\Core\Inc\stm32f1xx_it.h
2024-10-29 13:32:06,474 [INFO] CodeEngine:255 - oldGeneratedFile, D:\thor_work\2024\MyDemo\day0\untitled\Core\Src\stm32f1xx_hal_msp.c_save
2024-10-29 13:32:06,557 [INFO] CodeEngine:279 - Generated code: D:\thor_work\2024\MyDemo\day0\untitled\Core\Src\stm32f1xx_hal_msp.c
2024-10-29 13:32:06,565 [INFO] CodeEngine:255 - oldGeneratedFile, D:\thor_work\2024\MyDemo\day0\untitled\MXTmpFiles\system.tmp_save
2024-10-29 13:32:06,601 [INFO] CodeEngine:279 - Generated code: D:\thor_work\2024\MyDemo\day0\untitled\MXTmpFiles\system.tmp
2024-10-29 13:32:06,608 [INFO] CodeEngine:255 - oldGeneratedFile, D:\thor_work\2024\MyDemo\day0\untitled\Core\Src\stm32f1xx_hal_timebase_tim.c_save
2024-10-29 13:32:06,663 [INFO] CodeEngine:279 - Generated code: D:\thor_work\2024\MyDemo\day0\untitled\Core\Src\stm32f1xx_hal_timebase_tim.c
2024-10-29 13:32:06,711 [INFO] CodeEngine:311 - oldGeneratedFile, D:\thor_work\2024\MyDemo\day0\untitled\Core\Inc\stm32f1xx_hal_conf.h_save
2024-10-29 13:32:06,753 [INFO] CodeEngine:335 - Generated code: D:\thor_work\2024\MyDemo\day0\untitled\Core\Inc\stm32f1xx_hal_conf.h
2024-10-29 13:32:06,773 [WARN] IPConfigManager:3554 - IP not found : TIM
2024-10-29 13:32:06,802 [WARN] CodeGenerator:4002 - IP not found : null
2024-10-29 13:32:06,832 [INFO] CodeEngine:255 - oldGeneratedFile, D:\thor_work\2024\MyDemo\day0\untitled\Core\Inc\main.h_save
2024-10-29 13:32:06,921 [INFO] CodeEngine:279 - Generated code: D:\thor_work\2024\MyDemo\day0\untitled\Core\Inc\main.h
2024-10-29 13:32:06,930 [INFO] CodeEngine:255 - oldGeneratedFile, D:\thor_work\2024\MyDemo\day0\untitled\Core\Src\main.c_save
2024-10-29 13:32:07,042 [INFO] CodeEngine:279 - Generated code: D:\thor_work\2024\MyDemo\day0\untitled\Core\Src\main.c
2024-10-29 13:32:08,405 [INFO] ProjectBuilder:3249 - Time for Copy HAL[1] : 1208mS.
2024-10-29 13:32:08,419 [INFO] ProjectBuilder:4828 - Project Generator version: 4.5.0-B34
2024-10-29 13:32:08,510 [INFO] ConfigFileManager:1531 - The Die is : DIE414
2024-10-29 13:32:08,568 [INFO] ApiDbMcu:508 - Load IP Config File for FATFS
2024-10-29 13:32:08,620 [INFO] ApiDbMcu:508 - Load IP Config File for USB_DEVICE
2024-10-29 13:32:09,039 [INFO] LogOutputStream:77 - [STDOUT_REDIRECT] 
2024-10-29 13:32:11,217 [INFO] ProjectBuilder:5097 - Time for Generating toolchain IDE Files: 2797mS.
2024-10-29 13:32:11,218 [INFO] ProjectBuilder:3107 - Time for Copy CMSIS : 1mS.
2024-10-29 13:32:11,246 [INFO] ProjectBuilder:3107 - Time for Copy CMSIS : 0mS.
2024-10-29 13:37:39,271 [INFO] NvicIntPanel:101 - NVIC parent = com.st.microxplorer.plugins.ip.nvic.MultiNvicIntPanel[,0,0,469x282,layout=javax.swing.BoxLayout,alignmentX=0.0,alignmentY=0.0,border=,flags=9,maximumSize=,minimumSize=,preferredSize=]
2024-10-29 13:37:40,746 [INFO] NvicIntPanel:101 - NVIC parent = com.st.microxplorer.plugins.ip.nvic.MultiNvicIntPanel[,0,0,0x0,invalid,layout=javax.swing.BoxLayout,alignmentX=0.0,alignmentY=0.0,border=,flags=9,maximumSize=,minimumSize=,preferredSize=]
2024-10-29 13:37:44,339 [INFO] UtilMem:75 - End SaveConfig() Used Memory: 351866360 Bytes (1073741824)
2024-10-29 13:37:44,806 [INFO] UtilMem:75 - End SaveConfig() Used Memory: 389088760 Bytes (1073741824)
2024-10-29 13:37:44,981 [INFO] BlockDiagram:2766 - set Specific Code input for plugin: NVIC
2024-10-29 13:37:44,981 [INFO] BlockDiagram:2766 - set Specific Code input for plugin: FREERTOS
2024-10-29 13:37:44,981 [INFO] BlockDiagram:2766 - set Specific Code input for plugin: USART
2024-10-29 13:37:44,981 [INFO] BlockDiagram:2766 - set Specific Code input for plugin: USART
2024-10-29 13:37:44,981 [INFO] BlockDiagram:2766 - set Specific Code input for plugin: TIM1_8F1
2024-10-29 13:37:44,981 [INFO] BlockDiagram:2766 - set Specific Code input for plugin: SYS
2024-10-29 13:37:44,981 [INFO] BlockDiagram:2766 - set Specific Code input for plugin: GPIO
2024-10-29 13:37:44,981 [INFO] BlockDiagram:2766 - set Specific Code input for plugin: RCC
2024-10-29 13:37:44,982 [INFO] CodeGenerator:807 - code generatio: config db path: D:\software\STM32CubeIDE_1.16.1\STM32CubeIDE\plugins\com.st.stm32cube.common.mx_6.12.1.202409122256\\db\
2024-10-29 13:37:45,043 [INFO] CodeEngine:255 - oldGeneratedFile, D:\thor_work\2024\MyDemo\day0\untitled\MXTmpFiles\license.tmp_save
2024-10-29 13:37:45,093 [INFO] CodeEngine:279 - Generated code: D:\thor_work\2024\MyDemo\day0\untitled\MXTmpFiles\license.tmp
2024-10-29 13:37:45,121 [INFO] CodeEngine:255 - oldGeneratedFile, D:\thor_work\2024\MyDemo\day0\untitled\MXTmpFiles\gpio.tmp_save
2024-10-29 13:37:45,174 [INFO] CodeEngine:279 - Generated code: D:\thor_work\2024\MyDemo\day0\untitled\MXTmpFiles\gpio.tmp
2024-10-29 13:37:45,320 [INFO] Middleware:1439 - No code input for Bsp Dependency
2024-10-29 13:37:45,329 [INFO] CodeEngine:255 - oldGeneratedFile, D:\thor_work\2024\MyDemo\day0\untitled\MXTmpFiles\rtos_inc.tmp_save
2024-10-29 13:37:45,372 [INFO] CodeEngine:279 - Generated code: D:\thor_work\2024\MyDemo\day0\untitled\MXTmpFiles\rtos_inc.tmp
2024-10-29 13:37:45,378 [INFO] CodeEngine:255 - oldGeneratedFile, D:\thor_work\2024\MyDemo\day0\untitled\MXTmpFiles\rtos_kernelInit.tmp_save
2024-10-29 13:37:45,415 [INFO] CodeEngine:279 - Generated code: D:\thor_work\2024\MyDemo\day0\untitled\MXTmpFiles\rtos_kernelInit.tmp
2024-10-29 13:37:45,419 [INFO] CodeEngine:255 - oldGeneratedFile, D:\thor_work\2024\MyDemo\day0\untitled\MXTmpFiles\rtos_kernelStart.tmp_save
2024-10-29 13:37:45,465 [INFO] CodeEngine:279 - Generated code: D:\thor_work\2024\MyDemo\day0\untitled\MXTmpFiles\rtos_kernelStart.tmp
2024-10-29 13:37:45,469 [INFO] CodeEngine:255 - oldGeneratedFile, D:\thor_work\2024\MyDemo\day0\untitled\MXTmpFiles\rtos_typedefs.tmp_save
2024-10-29 13:37:45,505 [INFO] CodeEngine:279 - Generated code: D:\thor_work\2024\MyDemo\day0\untitled\MXTmpFiles\rtos_typedefs.tmp
2024-10-29 13:37:45,510 [INFO] CodeEngine:255 - oldGeneratedFile, D:\thor_work\2024\MyDemo\day0\untitled\MXTmpFiles\rtos_vars.tmp_save
2024-10-29 13:37:45,551 [INFO] CodeEngine:279 - Generated code: D:\thor_work\2024\MyDemo\day0\untitled\MXTmpFiles\rtos_vars.tmp
2024-10-29 13:37:45,556 [INFO] CodeEngine:255 - oldGeneratedFile, D:\thor_work\2024\MyDemo\day0\untitled\MXTmpFiles\rtos_pfp.tmp_save
2024-10-29 13:37:45,591 [INFO] CodeEngine:279 - Generated code: D:\thor_work\2024\MyDemo\day0\untitled\MXTmpFiles\rtos_pfp.tmp
2024-10-29 13:37:45,596 [INFO] CodeEngine:255 - oldGeneratedFile, D:\thor_work\2024\MyDemo\day0\untitled\MXTmpFiles\rtos_obj_creat.tmp_save
2024-10-29 13:37:45,653 [INFO] CodeEngine:279 - Generated code: D:\thor_work\2024\MyDemo\day0\untitled\MXTmpFiles\rtos_obj_creat.tmp
2024-10-29 13:37:45,661 [INFO] CodeEngine:255 - oldGeneratedFile, D:\thor_work\2024\MyDemo\day0\untitled\MXTmpFiles\rtos_default_thread.tmp_save
2024-10-29 13:37:45,698 [INFO] CodeEngine:279 - Generated code: D:\thor_work\2024\MyDemo\day0\untitled\MXTmpFiles\rtos_default_thread.tmp
2024-10-29 13:37:45,703 [INFO] CodeEngine:255 - oldGeneratedFile, D:\thor_work\2024\MyDemo\day0\untitled\MXTmpFiles\rtos_threads.tmp_save
2024-10-29 13:37:45,737 [INFO] CodeEngine:279 - Generated code: D:\thor_work\2024\MyDemo\day0\untitled\MXTmpFiles\rtos_threads.tmp
2024-10-29 13:37:45,760 [INFO] Middleware:1439 - No code input for Bsp Dependency
2024-10-29 13:37:45,769 [INFO] CodeEngine:255 - oldGeneratedFile, D:\thor_work\2024\MyDemo\day0\untitled\MXTmpFiles\rtos_inc.tmp_save
2024-10-29 13:37:45,808 [INFO] CodeEngine:279 - Generated code: D:\thor_work\2024\MyDemo\day0\untitled\MXTmpFiles\rtos_inc.tmp
2024-10-29 13:37:45,813 [INFO] CodeEngine:255 - oldGeneratedFile, D:\thor_work\2024\MyDemo\day0\untitled\MXTmpFiles\rtos_kernelInit.tmp_save
2024-10-29 13:37:45,854 [INFO] CodeEngine:279 - Generated code: D:\thor_work\2024\MyDemo\day0\untitled\MXTmpFiles\rtos_kernelInit.tmp
2024-10-29 13:37:45,860 [INFO] CodeEngine:255 - oldGeneratedFile, D:\thor_work\2024\MyDemo\day0\untitled\MXTmpFiles\rtos_kernelStart.tmp_save
2024-10-29 13:37:45,896 [INFO] CodeEngine:279 - Generated code: D:\thor_work\2024\MyDemo\day0\untitled\MXTmpFiles\rtos_kernelStart.tmp
2024-10-29 13:37:45,904 [INFO] CodeEngine:255 - oldGeneratedFile, D:\thor_work\2024\MyDemo\day0\untitled\MXTmpFiles\rtos_typedefs.tmp_save
2024-10-29 13:37:45,941 [INFO] CodeEngine:279 - Generated code: D:\thor_work\2024\MyDemo\day0\untitled\MXTmpFiles\rtos_typedefs.tmp
2024-10-29 13:37:45,948 [INFO] CodeEngine:255 - oldGeneratedFile, D:\thor_work\2024\MyDemo\day0\untitled\MXTmpFiles\rtos_vars.tmp_save
2024-10-29 13:37:45,983 [INFO] CodeEngine:279 - Generated code: D:\thor_work\2024\MyDemo\day0\untitled\MXTmpFiles\rtos_vars.tmp
2024-10-29 13:37:45,991 [INFO] CodeEngine:255 - oldGeneratedFile, D:\thor_work\2024\MyDemo\day0\untitled\MXTmpFiles\rtos_pfp.tmp_save
2024-10-29 13:37:46,036 [INFO] CodeEngine:279 - Generated code: D:\thor_work\2024\MyDemo\day0\untitled\MXTmpFiles\rtos_pfp.tmp
2024-10-29 13:37:46,043 [INFO] CodeEngine:255 - oldGeneratedFile, D:\thor_work\2024\MyDemo\day0\untitled\MXTmpFiles\rtos_obj_creat.tmp_save
2024-10-29 13:37:46,079 [INFO] CodeEngine:279 - Generated code: D:\thor_work\2024\MyDemo\day0\untitled\MXTmpFiles\rtos_obj_creat.tmp
2024-10-29 13:37:46,086 [INFO] CodeEngine:255 - oldGeneratedFile, D:\thor_work\2024\MyDemo\day0\untitled\MXTmpFiles\rtos_default_thread.tmp_save
2024-10-29 13:37:46,122 [INFO] CodeEngine:279 - Generated code: D:\thor_work\2024\MyDemo\day0\untitled\MXTmpFiles\rtos_default_thread.tmp
2024-10-29 13:37:46,131 [INFO] CodeEngine:255 - oldGeneratedFile, D:\thor_work\2024\MyDemo\day0\untitled\MXTmpFiles\rtos_threads.tmp_save
2024-10-29 13:37:46,166 [INFO] CodeEngine:279 - Generated code: D:\thor_work\2024\MyDemo\day0\untitled\MXTmpFiles\rtos_threads.tmp
2024-10-29 13:37:46,173 [INFO] CodeEngine:255 - oldGeneratedFile, D:\thor_work\2024\MyDemo\day0\untitled\Core\Inc\FreeRTOSConfig.h_save
2024-10-29 13:37:46,227 [INFO] CodeEngine:279 - Generated code: D:\thor_work\2024\MyDemo\day0\untitled\Core\Inc\FreeRTOSConfig.h
2024-10-29 13:37:46,235 [INFO] CodeEngine:255 - oldGeneratedFile, D:\thor_work\2024\MyDemo\day0\untitled\Core\Src\freertos.c_save
2024-10-29 13:37:46,277 [INFO] CodeEngine:279 - Generated code: D:\thor_work\2024\MyDemo\day0\untitled\Core\Src\freertos.c
2024-10-29 13:37:46,296 [INFO] CodeEngine:255 - oldGeneratedFile, D:\thor_work\2024\MyDemo\day0\untitled\Core\Src\stm32f1xx_it.c_save
2024-10-29 13:37:46,353 [INFO] CodeEngine:279 - Generated code: D:\thor_work\2024\MyDemo\day0\untitled\Core\Src\stm32f1xx_it.c
2024-10-29 13:37:46,366 [INFO] CodeEngine:255 - oldGeneratedFile, D:\thor_work\2024\MyDemo\day0\untitled\Core\Inc\stm32f1xx_it.h_save
2024-10-29 13:37:46,406 [INFO] CodeEngine:279 - Generated code: D:\thor_work\2024\MyDemo\day0\untitled\Core\Inc\stm32f1xx_it.h
2024-10-29 13:37:46,425 [INFO] CodeEngine:255 - oldGeneratedFile, D:\thor_work\2024\MyDemo\day0\untitled\Core\Src\stm32f1xx_hal_msp.c_save
2024-10-29 13:37:46,489 [INFO] CodeEngine:279 - Generated code: D:\thor_work\2024\MyDemo\day0\untitled\Core\Src\stm32f1xx_hal_msp.c
2024-10-29 13:37:46,497 [INFO] CodeEngine:255 - oldGeneratedFile, D:\thor_work\2024\MyDemo\day0\untitled\MXTmpFiles\system.tmp_save
2024-10-29 13:37:46,532 [INFO] CodeEngine:279 - Generated code: D:\thor_work\2024\MyDemo\day0\untitled\MXTmpFiles\system.tmp
2024-10-29 13:37:46,539 [INFO] CodeEngine:255 - oldGeneratedFile, D:\thor_work\2024\MyDemo\day0\untitled\Core\Src\stm32f1xx_hal_timebase_tim.c_save
2024-10-29 13:37:46,582 [INFO] CodeEngine:279 - Generated code: D:\thor_work\2024\MyDemo\day0\untitled\Core\Src\stm32f1xx_hal_timebase_tim.c
2024-10-29 13:37:46,598 [INFO] CodeEngine:311 - oldGeneratedFile, D:\thor_work\2024\MyDemo\day0\untitled\Core\Inc\stm32f1xx_hal_conf.h_save
2024-10-29 13:37:46,640 [INFO] CodeEngine:335 - Generated code: D:\thor_work\2024\MyDemo\day0\untitled\Core\Inc\stm32f1xx_hal_conf.h
2024-10-29 13:37:46,660 [WARN] IPConfigManager:3554 - IP not found : TIM
2024-10-29 13:37:46,661 [WARN] CodeGenerator:4002 - IP not found : null
2024-10-29 13:37:46,672 [INFO] CodeEngine:255 - oldGeneratedFile, D:\thor_work\2024\MyDemo\day0\untitled\Core\Inc\main.h_save
2024-10-29 13:37:46,714 [INFO] CodeEngine:279 - Generated code: D:\thor_work\2024\MyDemo\day0\untitled\Core\Inc\main.h
2024-10-29 13:37:46,722 [INFO] CodeEngine:255 - oldGeneratedFile, D:\thor_work\2024\MyDemo\day0\untitled\Core\Src\main.c_save
2024-10-29 13:37:46,831 [INFO] CodeEngine:279 - Generated code: D:\thor_work\2024\MyDemo\day0\untitled\Core\Src\main.c
2024-10-29 13:37:47,650 [INFO] ProjectBuilder:3249 - Time for Copy HAL[1] : 695mS.
2024-10-29 13:37:47,663 [INFO] ProjectBuilder:4828 - Project Generator version: 4.5.0-B34
2024-10-29 13:37:47,713 [INFO] ConfigFileManager:1531 - The Die is : DIE414
2024-10-29 13:37:48,588 [INFO] ProjectBuilder:5097 - Time for Generating toolchain IDE Files: 925mS.
2024-10-29 13:37:48,589 [INFO] ProjectBuilder:3107 - Time for Copy CMSIS : 1mS.
2024-10-29 13:37:48,611 [INFO] ProjectBuilder:3107 - Time for Copy CMSIS : 0mS.
2024-10-29 13:58:22,546 [ERROR] RtosPanel:558 - Can not restore the selected Tab for FREERTOS(A reason can be that the tab is no more available.)
2024-10-29 13:58:27,211 [INFO] TasksAndQueuesTab:757 - Dynamic
2024-10-29 13:58:27,211 [WARN] TasksAndQueuesTab:763 - 128 128
2024-10-29 13:58:27,212 [WARN] TasksAndQueuesTab:775 - max value is: 768.0
2024-10-29 13:58:27,213 [INFO] TasksAndQueuesTab:757 - Dynamic
2024-10-29 13:58:27,213 [WARN] TasksAndQueuesTab:763 - 128 128
2024-10-29 13:58:27,213 [WARN] TasksAndQueuesTab:775 - max value is: 768.0
2024-10-29 13:58:28,461 [INFO] EditThreadDialog:704 - RAM SIZE (in KB): 64
2024-10-29 13:58:28,461 [INFO] EditThreadDialog:706 - RAM SIZE (in words): 16384
2024-10-29 13:58:49,941 [INFO] TasksAndQueuesTab:757 - Dynamic
2024-10-29 13:58:49,941 [WARN] TasksAndQueuesTab:763 - 128 128
2024-10-29 13:58:49,941 [WARN] TasksAndQueuesTab:775 - max value is: 768.0
2024-10-29 13:58:49,941 [INFO] TasksAndQueuesTab:757 - Dynamic
2024-10-29 13:58:49,941 [WARN] TasksAndQueuesTab:763 - 128 128
2024-10-29 13:58:49,941 [WARN] TasksAndQueuesTab:775 - max value is: 768.0
2024-10-29 13:58:49,941 [INFO] TasksAndQueuesTab:757 - Dynamic
2024-10-29 13:58:49,941 [WARN] TasksAndQueuesTab:763 - 128 128
2024-10-29 13:58:49,941 [WARN] TasksAndQueuesTab:775 - max value is: 768.0
2024-10-29 13:58:53,090 [INFO] UtilMem:75 - End SaveConfig() Used Memory: 417333024 Bytes (1027604480)
2024-10-29 13:58:53,574 [INFO] UtilMem:75 - End SaveConfig() Used Memory: 501219104 Bytes (1027604480)
2024-10-29 13:58:53,736 [INFO] BlockDiagram:2766 - set Specific Code input for plugin: NVIC
2024-10-29 13:58:53,736 [INFO] BlockDiagram:2766 - set Specific Code input for plugin: FREERTOS
2024-10-29 13:58:53,736 [INFO] BlockDiagram:2766 - set Specific Code input for plugin: USART
2024-10-29 13:58:53,736 [INFO] BlockDiagram:2766 - set Specific Code input for plugin: USART
2024-10-29 13:58:53,736 [INFO] BlockDiagram:2766 - set Specific Code input for plugin: TIM1_8F1
2024-10-29 13:58:53,736 [INFO] BlockDiagram:2766 - set Specific Code input for plugin: SYS
2024-10-29 13:58:53,737 [INFO] BlockDiagram:2766 - set Specific Code input for plugin: GPIO
2024-10-29 13:58:53,737 [INFO] BlockDiagram:2766 - set Specific Code input for plugin: RCC
2024-10-29 13:58:53,738 [INFO] CodeGenerator:807 - code generatio: config db path: D:\software\STM32CubeIDE_1.16.1\STM32CubeIDE\plugins\com.st.stm32cube.common.mx_6.12.1.202409122256\\db\
2024-10-29 13:58:53,803 [INFO] CodeEngine:255 - oldGeneratedFile, D:\thor_work\2024\MyDemo\day0\untitled\MXTmpFiles\license.tmp_save
2024-10-29 13:58:53,879 [INFO] CodeEngine:279 - Generated code: D:\thor_work\2024\MyDemo\day0\untitled\MXTmpFiles\license.tmp
2024-10-29 13:58:53,904 [INFO] CodeEngine:255 - oldGeneratedFile, D:\thor_work\2024\MyDemo\day0\untitled\MXTmpFiles\gpio.tmp_save
2024-10-29 13:58:53,958 [INFO] CodeEngine:279 - Generated code: D:\thor_work\2024\MyDemo\day0\untitled\MXTmpFiles\gpio.tmp
2024-10-29 13:58:54,092 [INFO] Middleware:1439 - No code input for Bsp Dependency
2024-10-29 13:58:54,100 [INFO] CodeEngine:255 - oldGeneratedFile, D:\thor_work\2024\MyDemo\day0\untitled\MXTmpFiles\rtos_inc.tmp_save
2024-10-29 13:58:54,134 [INFO] CodeEngine:279 - Generated code: D:\thor_work\2024\MyDemo\day0\untitled\MXTmpFiles\rtos_inc.tmp
2024-10-29 13:58:54,138 [INFO] CodeEngine:255 - oldGeneratedFile, D:\thor_work\2024\MyDemo\day0\untitled\MXTmpFiles\rtos_kernelInit.tmp_save
2024-10-29 13:58:54,173 [INFO] CodeEngine:279 - Generated code: D:\thor_work\2024\MyDemo\day0\untitled\MXTmpFiles\rtos_kernelInit.tmp
2024-10-29 13:58:54,178 [INFO] CodeEngine:255 - oldGeneratedFile, D:\thor_work\2024\MyDemo\day0\untitled\MXTmpFiles\rtos_kernelStart.tmp_save
2024-10-29 13:58:54,217 [INFO] CodeEngine:279 - Generated code: D:\thor_work\2024\MyDemo\day0\untitled\MXTmpFiles\rtos_kernelStart.tmp
2024-10-29 13:58:54,222 [INFO] CodeEngine:255 - oldGeneratedFile, D:\thor_work\2024\MyDemo\day0\untitled\MXTmpFiles\rtos_typedefs.tmp_save
2024-10-29 13:58:54,258 [INFO] CodeEngine:279 - Generated code: D:\thor_work\2024\MyDemo\day0\untitled\MXTmpFiles\rtos_typedefs.tmp
2024-10-29 13:58:54,263 [INFO] CodeEngine:255 - oldGeneratedFile, D:\thor_work\2024\MyDemo\day0\untitled\MXTmpFiles\rtos_vars.tmp_save
2024-10-29 13:58:54,299 [INFO] CodeEngine:279 - Generated code: D:\thor_work\2024\MyDemo\day0\untitled\MXTmpFiles\rtos_vars.tmp
2024-10-29 13:58:54,304 [INFO] CodeEngine:255 - oldGeneratedFile, D:\thor_work\2024\MyDemo\day0\untitled\MXTmpFiles\rtos_pfp.tmp_save
2024-10-29 13:58:54,351 [INFO] CodeEngine:279 - Generated code: D:\thor_work\2024\MyDemo\day0\untitled\MXTmpFiles\rtos_pfp.tmp
2024-10-29 13:58:54,355 [INFO] CodeEngine:255 - oldGeneratedFile, D:\thor_work\2024\MyDemo\day0\untitled\MXTmpFiles\rtos_obj_creat.tmp_save
2024-10-29 13:58:54,411 [INFO] CodeEngine:279 - Generated code: D:\thor_work\2024\MyDemo\day0\untitled\MXTmpFiles\rtos_obj_creat.tmp
2024-10-29 13:58:54,416 [INFO] CodeEngine:255 - oldGeneratedFile, D:\thor_work\2024\MyDemo\day0\untitled\MXTmpFiles\rtos_default_thread.tmp_save
2024-10-29 13:58:54,456 [INFO] CodeEngine:279 - Generated code: D:\thor_work\2024\MyDemo\day0\untitled\MXTmpFiles\rtos_default_thread.tmp
2024-10-29 13:58:54,462 [INFO] CodeEngine:255 - oldGeneratedFile, D:\thor_work\2024\MyDemo\day0\untitled\MXTmpFiles\rtos_threads.tmp_save
2024-10-29 13:58:54,497 [INFO] CodeEngine:279 - Generated code: D:\thor_work\2024\MyDemo\day0\untitled\MXTmpFiles\rtos_threads.tmp
2024-10-29 13:58:54,515 [INFO] Middleware:1439 - No code input for Bsp Dependency
2024-10-29 13:58:54,526 [INFO] CodeEngine:255 - oldGeneratedFile, D:\thor_work\2024\MyDemo\day0\untitled\MXTmpFiles\rtos_inc.tmp_save
2024-10-29 13:58:54,561 [INFO] CodeEngine:279 - Generated code: D:\thor_work\2024\MyDemo\day0\untitled\MXTmpFiles\rtos_inc.tmp
2024-10-29 13:58:54,567 [INFO] CodeEngine:255 - oldGeneratedFile, D:\thor_work\2024\MyDemo\day0\untitled\MXTmpFiles\rtos_kernelInit.tmp_save
2024-10-29 13:58:54,600 [INFO] CodeEngine:279 - Generated code: D:\thor_work\2024\MyDemo\day0\untitled\MXTmpFiles\rtos_kernelInit.tmp
2024-10-29 13:58:54,605 [INFO] CodeEngine:255 - oldGeneratedFile, D:\thor_work\2024\MyDemo\day0\untitled\MXTmpFiles\rtos_kernelStart.tmp_save
2024-10-29 13:58:54,639 [INFO] CodeEngine:279 - Generated code: D:\thor_work\2024\MyDemo\day0\untitled\MXTmpFiles\rtos_kernelStart.tmp
2024-10-29 13:58:54,646 [INFO] CodeEngine:255 - oldGeneratedFile, D:\thor_work\2024\MyDemo\day0\untitled\MXTmpFiles\rtos_typedefs.tmp_save
2024-10-29 13:58:54,681 [INFO] CodeEngine:279 - Generated code: D:\thor_work\2024\MyDemo\day0\untitled\MXTmpFiles\rtos_typedefs.tmp
2024-10-29 13:58:54,687 [INFO] CodeEngine:255 - oldGeneratedFile, D:\thor_work\2024\MyDemo\day0\untitled\MXTmpFiles\rtos_vars.tmp_save
2024-10-29 13:58:54,729 [INFO] CodeEngine:279 - Generated code: D:\thor_work\2024\MyDemo\day0\untitled\MXTmpFiles\rtos_vars.tmp
2024-10-29 13:58:54,736 [INFO] CodeEngine:255 - oldGeneratedFile, D:\thor_work\2024\MyDemo\day0\untitled\MXTmpFiles\rtos_pfp.tmp_save
2024-10-29 13:58:54,769 [INFO] CodeEngine:279 - Generated code: D:\thor_work\2024\MyDemo\day0\untitled\MXTmpFiles\rtos_pfp.tmp
2024-10-29 13:58:54,775 [INFO] CodeEngine:255 - oldGeneratedFile, D:\thor_work\2024\MyDemo\day0\untitled\MXTmpFiles\rtos_obj_creat.tmp_save
2024-10-29 13:58:54,813 [INFO] CodeEngine:279 - Generated code: D:\thor_work\2024\MyDemo\day0\untitled\MXTmpFiles\rtos_obj_creat.tmp
2024-10-29 13:58:54,820 [INFO] CodeEngine:255 - oldGeneratedFile, D:\thor_work\2024\MyDemo\day0\untitled\MXTmpFiles\rtos_default_thread.tmp_save
2024-10-29 13:58:54,854 [INFO] CodeEngine:279 - Generated code: D:\thor_work\2024\MyDemo\day0\untitled\MXTmpFiles\rtos_default_thread.tmp
2024-10-29 13:58:54,862 [INFO] CodeEngine:255 - oldGeneratedFile, D:\thor_work\2024\MyDemo\day0\untitled\MXTmpFiles\rtos_threads.tmp_save
2024-10-29 13:58:54,896 [INFO] CodeEngine:279 - Generated code: D:\thor_work\2024\MyDemo\day0\untitled\MXTmpFiles\rtos_threads.tmp
2024-10-29 13:58:54,903 [INFO] CodeEngine:255 - oldGeneratedFile, D:\thor_work\2024\MyDemo\day0\untitled\Core\Inc\FreeRTOSConfig.h_save
2024-10-29 13:58:54,949 [INFO] CodeEngine:279 - Generated code: D:\thor_work\2024\MyDemo\day0\untitled\Core\Inc\FreeRTOSConfig.h
2024-10-29 13:58:54,959 [INFO] CodeEngine:255 - oldGeneratedFile, D:\thor_work\2024\MyDemo\day0\untitled\Core\Src\freertos.c_save
2024-10-29 13:58:55,003 [INFO] CodeEngine:279 - Generated code: D:\thor_work\2024\MyDemo\day0\untitled\Core\Src\freertos.c
2024-10-29 13:58:55,021 [INFO] CodeEngine:255 - oldGeneratedFile, D:\thor_work\2024\MyDemo\day0\untitled\Core\Src\stm32f1xx_it.c_save
2024-10-29 13:58:55,158 [INFO] CodeEngine:279 - Generated code: D:\thor_work\2024\MyDemo\day0\untitled\Core\Src\stm32f1xx_it.c
2024-10-29 13:58:55,168 [INFO] CodeEngine:255 - oldGeneratedFile, D:\thor_work\2024\MyDemo\day0\untitled\Core\Inc\stm32f1xx_it.h_save
2024-10-29 13:58:55,211 [INFO] CodeEngine:279 - Generated code: D:\thor_work\2024\MyDemo\day0\untitled\Core\Inc\stm32f1xx_it.h
2024-10-29 13:58:55,233 [INFO] CodeEngine:255 - oldGeneratedFile, D:\thor_work\2024\MyDemo\day0\untitled\Core\Src\stm32f1xx_hal_msp.c_save
2024-10-29 13:58:55,299 [INFO] CodeEngine:279 - Generated code: D:\thor_work\2024\MyDemo\day0\untitled\Core\Src\stm32f1xx_hal_msp.c
2024-10-29 13:58:55,306 [INFO] CodeEngine:255 - oldGeneratedFile, D:\thor_work\2024\MyDemo\day0\untitled\MXTmpFiles\system.tmp_save
2024-10-29 13:58:55,339 [INFO] CodeEngine:279 - Generated code: D:\thor_work\2024\MyDemo\day0\untitled\MXTmpFiles\system.tmp
2024-10-29 13:58:55,347 [INFO] CodeEngine:255 - oldGeneratedFile, D:\thor_work\2024\MyDemo\day0\untitled\Core\Src\stm32f1xx_hal_timebase_tim.c_save
2024-10-29 13:58:55,387 [INFO] CodeEngine:279 - Generated code: D:\thor_work\2024\MyDemo\day0\untitled\Core\Src\stm32f1xx_hal_timebase_tim.c
2024-10-29 13:58:55,402 [INFO] CodeEngine:311 - oldGeneratedFile, D:\thor_work\2024\MyDemo\day0\untitled\Core\Inc\stm32f1xx_hal_conf.h_save
2024-10-29 13:58:55,443 [INFO] CodeEngine:335 - Generated code: D:\thor_work\2024\MyDemo\day0\untitled\Core\Inc\stm32f1xx_hal_conf.h
2024-10-29 13:58:55,458 [WARN] IPConfigManager:3554 - IP not found : TIM
2024-10-29 13:58:55,459 [WARN] CodeGenerator:4002 - IP not found : null
2024-10-29 13:58:55,469 [INFO] CodeEngine:255 - oldGeneratedFile, D:\thor_work\2024\MyDemo\day0\untitled\Core\Inc\main.h_save
2024-10-29 13:58:55,519 [INFO] CodeEngine:279 - Generated code: D:\thor_work\2024\MyDemo\day0\untitled\Core\Inc\main.h
2024-10-29 13:58:55,528 [INFO] CodeEngine:255 - oldGeneratedFile, D:\thor_work\2024\MyDemo\day0\untitled\Core\Src\main.c_save
2024-10-29 13:58:55,616 [INFO] CodeEngine:279 - Generated code: D:\thor_work\2024\MyDemo\day0\untitled\Core\Src\main.c
2024-10-29 13:58:56,384 [INFO] ProjectBuilder:3249 - Time for Copy HAL[1] : 654mS.
2024-10-29 13:58:56,395 [INFO] ProjectBuilder:4828 - Project Generator version: 4.5.0-B34
2024-10-29 13:58:56,438 [INFO] ConfigFileManager:1531 - The Die is : DIE414
2024-10-29 13:58:57,382 [INFO] ProjectBuilder:5097 - Time for Generating toolchain IDE Files: 987mS.
2024-10-29 13:58:57,383 [INFO] ProjectBuilder:3107 - Time for Copy CMSIS : 0mS.
2024-10-29 13:58:57,480 [INFO] ProjectBuilder:3107 - Time for Copy CMSIS : 0mS.
2024-10-29 14:00:28,994 [INFO] MainUpdater:2873 - connection check result : 10
2024-10-29 14:00:28,994 [INFO] MainUpdater:2873 - connection check result : 10
2024-10-29 14:00:29,033 [INFO] MicroXplorer:468 - Change Database Path : 
2024-10-29 14:00:29,034 [INFO] MicroXplorer:498 - Change Database Version : DB.6.0.121
2024-10-29 14:00:29,040 [ERROR] ProjectManagerView:394 - 
java.lang.NullPointerException: Cannot invoke "javax.swing.JTextField.getText()" because the return value of "java.util.List.get(int)" is null
	at com.st.microxplorer.plugins.projectmanager.gui.ProjectChoiceTab$10.caretUpdate(ProjectChoiceTab.java:2622) ~[filemanager.jar:?]
	at javax.swing.text.JTextComponent.fireCaretUpdate(JTextComponent.java:412) ~[?:?]
	at javax.swing.text.JTextComponent$MutableCaretEvent.fire(JTextComponent.java:4491) ~[?:?]
	at javax.swing.text.JTextComponent$MutableCaretEvent.stateChanged(JTextComponent.java:4513) ~[?:?]
	at javax.swing.text.DefaultCaret.fireStateChanged(DefaultCaret.java:842) ~[?:?]
	at javax.swing.text.DefaultCaret.changeCaretPosition(DefaultCaret.java:1313) ~[?:?]
	at javax.swing.text.DefaultCaret.handleSetDot(DefaultCaret.java:1212) ~[?:?]
	at javax.swing.text.DefaultCaret.setDot(DefaultCaret.java:1193) ~[?:?]
	at javax.swing.text.DefaultCaret$Handler.insertUpdate(DefaultCaret.java:1789) ~[?:?]
	at javax.swing.text.AbstractDocument.fireInsertUpdate(AbstractDocument.java:226) ~[?:?]
	at javax.swing.text.AbstractDocument.handleInsertString(AbstractDocument.java:780) ~[?:?]
	at javax.swing.text.AbstractDocument.insertString(AbstractDocument.java:739) ~[?:?]
	at javax.swing.text.PlainDocument.insertString(PlainDocument.java:131) ~[?:?]
	at javax.swing.text.AbstractDocument.replace(AbstractDocument.java:698) ~[?:?]
	at javax.swing.text.JTextComponent.setText(JTextComponent.java:1729) ~[?:?]
	at com.st.microxplorer.plugins.projectmanager.gui.ProjectChoiceTab.createHeapStackFields(ProjectChoiceTab.java:972) ~[filemanager.jar:?]
	at com.st.microxplorer.plugins.projectmanager.gui.ProjectChoiceTab.buildLinkSettingsPanel(ProjectChoiceTab.java:3597) ~[filemanager.jar:?]
	at com.st.microxplorer.plugins.projectmanager.gui.ProjectChoiceTab.defineWindowsFields(ProjectChoiceTab.java:1940) ~[filemanager.jar:?]
	at com.st.microxplorer.plugins.projectmanager.gui.ProjectChoiceTab.updateSettings(ProjectChoiceTab.java:550) ~[filemanager.jar:?]
	at com.st.microxplorer.plugins.projectmanager.gui.ProjectSettingsPanel.UpdateDialog(ProjectSettingsPanel.java:245) ~[filemanager.jar:?]
	at com.st.microxplorer.plugins.projectmanager.ProjectManagerView.propertyChange(ProjectManagerView.java:391) ~[filemanager.jar:?]
	at java.beans.PropertyChangeSupport.fire(PropertyChangeSupport.java:343) ~[?:?]
	at java.beans.PropertyChangeSupport.firePropertyChange(PropertyChangeSupport.java:335) ~[?:?]
	at java.beans.PropertyChangeSupport.firePropertyChange(PropertyChangeSupport.java:268) ~[?:?]
	at com.st.microxplorer.util.MXPropertyChangeSupport.firePropertyChange(MXPropertyChangeSupport.java:54) ~[STM32CubeMX.jar:?]
	at com.st.microxplorer.mxsystem.MxSystem.closeConfig(MxSystem.java:900) ~[STM32CubeMX.jar:?]
	at com.st.microxplorer.maingui.MainPanel.closeConfig(MainPanel.java:781) ~[STM32CubeMX.jar:?]
	at com.st.microxplorer.plugins.filemanager.engine.OpenFileManager.loadConfigurationFile(OpenFileManager.java:265) ~[filemanager.jar:?]
	at com.st.microxplorer.plugins.filemanager.engine.MainFileManager.userLoadConfig(MainFileManager.java:352) ~[filemanager.jar:?]
	at com.st.microxplorer.plugins.filemanager.engine.MainFileManager.userLoadConfig(MainFileManager.java:330) ~[filemanager.jar:?]
	at com.st.microxplorer.plugins.filemanager.FileManagerView.getSpecificTask(FileManagerView.java:246) ~[filemanager.jar:?]
	at com.st.stm32cube.common.mx.editor.CubeMxEditor.getMxTabbedPaneInstance(CubeMxEditor.java:1198) ~[com.st.stm32cube.common.mx_6.12.1.202409122256/:?]
	at com.st.stm32cube.common.mx.editor.CubeMxEditor$12$1.createSwingComponent(CubeMxEditor.java:1068) ~[com.st.stm32cube.common.mx_6.12.1.202409122256/:?]
	at com.st.stm32cube.common.mx.oss.core.awtswtbridge.EmbeddedSwingComposite.doComponentCreation(EmbeddedSwingComposite.java:492) ~[com.st.stm32cube.common.mx.oss_6.12.1.202409122256/:?]
	at com.st.stm32cube.common.mx.oss.core.awtswtbridge.EmbeddedSwingComposite$4.run(EmbeddedSwingComposite.java:291) ~[com.st.stm32cube.common.mx.oss_6.12.1.202409122256/:?]
	at com.st.stm32cube.common.mx.oss.core.awtswtbridge.AwtEnvironment$2.run(AwtEnvironment.java:166) ~[com.st.stm32cube.common.mx.oss_6.12.1.202409122256/:?]
	at java.awt.event.InvocationEvent.dispatch(InvocationEvent.java:318) ~[?:?]
	at java.awt.EventQueue.dispatchEventImpl(EventQueue.java:773) ~[?:?]
	at java.awt.EventQueue$4.run(EventQueue.java:720) ~[?:?]
	at java.awt.EventQueue$4.run(EventQueue.java:714) ~[?:?]
	at java.security.AccessController.doPrivileged(AccessController.java:399) ~[?:?]
	at java.security.ProtectionDomain$JavaSecurityAccessImpl.doIntersectionPrivilege(ProtectionDomain.java:86) ~[?:?]
	at java.awt.EventQueue.dispatchEvent(EventQueue.java:742) ~[?:?]
	at java.awt.EventDispatchThread.pumpOneEventForFilters(EventDispatchThread.java:203) ~[?:?]
	at java.awt.EventDispatchThread.pumpEventsForFilter(EventDispatchThread.java:124) ~[?:?]
	at java.awt.EventDispatchThread.pumpEventsForHierarchy(EventDispatchThread.java:113) ~[?:?]
	at java.awt.EventDispatchThread.pumpEvents(EventDispatchThread.java:109) ~[?:?]
	at java.awt.EventDispatchThread.pumpEvents(EventDispatchThread.java:101) ~[?:?]
	at java.awt.EventDispatchThread.run(EventDispatchThread.java:90) ~[?:?]
2024-10-29 14:00:29,065 [WARN] ThirdParty:871 - waiting for thirdparty lock release [close project]
2024-10-29 14:00:29,065 [INFO] ThirdParty:873 - entering critical section [close project]
2024-10-29 14:00:29,066 [INFO] ThirdParty:883 - exiting critical section [close project]
2024-10-29 14:00:29,067 [INFO] PinOutPanel:1561 - setPackage(No Configuration,No Configuration)
2024-10-29 14:00:29,072 [INFO] UtilMem:75 - Begin LoadConfig() Used Memory: 669679432 Bytes (1027604480)
2024-10-29 14:00:29,073 [INFO] MicroXplorer:468 - Change Database Path : 
2024-10-29 14:00:29,073 [INFO] MicroXplorer:498 - Change Database Version : DB.6.0.121
2024-10-29 14:00:29,073 [INFO] OpenFileManager:332 - Change cursor
2024-10-29 14:00:29,086 [INFO] RulesReader:64 - Compatibility file has been processed (297 Rules)
2024-10-29 14:00:29,089 [INFO] Mcu:2032 - Initializing MCU STM32F103Z(C-D-E)Tx STM32F103ZETx STM32F103ZET6
2024-10-29 14:00:29,881 [INFO] Context:742 - Trying to add GPIOservice into a context  which must be forbidden
2024-10-29 14:00:30,072 [INFO] RtosManager:555 - Registered RTOS mode: class=CMSIS, group=RTOS, mode=CMSIS_V1, owner=FREERTOS
2024-10-29 14:00:30,072 [INFO] RtosManager:555 - Registered RTOS mode: class=CMSIS, group=RTOS2, mode=CMSIS_V2, owner=FREERTOS
2024-10-29 14:00:30,072 [INFO] RtosManager:555 - Registered RTOS mode: class=RTOS, group=Core, mode=CMSIS_V1, owner=FREERTOS
2024-10-29 14:00:30,072 [INFO] RtosManager:555 - Registered RTOS mode: class=RTOS, group=Core, mode=CMSIS_V2, owner=FREERTOS
2024-10-29 14:00:30,073 [WARN] ModelIntegratedComponent:184 - Missing modes for component STMicroelectronics:FreeRTOS:0.0.1:STMicroelectronics:RTOS:FreeRTOS:Core:::10.2.0:
2024-10-29 14:00:30,075 [WARN] ModelIntegratedComponent:63 - No mode defined for component null
2024-10-29 14:00:30,075 [WARN] ModelIntegratedComponent:63 - No mode defined for component null
2024-10-29 14:00:30,075 [WARN] ModelIntegratedComponent:63 - No mode defined for component null
2024-10-29 14:00:30,075 [WARN] ModelIntegratedComponent:63 - No mode defined for component null
2024-10-29 14:00:30,075 [WARN] ModelIntegratedComponent:63 - No mode defined for component null
2024-10-29 14:00:30,075 [WARN] ModelIntegratedComponent:63 - No mode defined for component null
2024-10-29 14:00:30,075 [WARN] ModelIntegratedComponent:63 - No mode defined for component null
2024-10-29 14:00:30,075 [WARN] ModelIntegratedComponent:63 - No mode defined for component null
2024-10-29 14:00:30,075 [WARN] ModelIntegratedComponent:63 - No mode defined for component null
2024-10-29 14:00:30,075 [WARN] ModelIntegratedComponent:63 - No mode defined for component null
2024-10-29 14:00:30,075 [WARN] ModelIntegratedComponent:63 - No mode defined for component null
2024-10-29 14:00:30,075 [WARN] ModelIntegratedComponent:63 - No mode defined for component null
2024-10-29 14:00:30,075 [WARN] ModelIntegratedComponent:63 - No mode defined for component null
2024-10-29 14:00:30,075 [WARN] ModelIntegratedComponent:63 - No mode defined for component null
2024-10-29 14:00:30,075 [WARN] ModelIntegratedComponent:63 - No mode defined for component null
2024-10-29 14:00:30,075 [WARN] ModelIntegratedComponent:63 - No mode defined for component null
2024-10-29 14:00:30,075 [WARN] ModelIntegratedComponent:63 - No mode defined for component null
2024-10-29 14:00:30,075 [WARN] ModelIntegratedComponent:63 - No mode defined for component null
2024-10-29 14:00:30,075 [WARN] ModelIntegratedComponent:63 - No mode defined for component null
2024-10-29 14:00:30,075 [WARN] ModelIntegratedComponent:63 - No mode defined for component null
2024-10-29 14:00:30,075 [WARN] ModelIntegratedComponent:63 - No mode defined for component null
2024-10-29 14:00:30,075 [WARN] ModelIntegratedComponent:63 - No mode defined for component null
2024-10-29 14:00:30,075 [WARN] ModelIntegratedComponent:63 - No mode defined for component null
2024-10-29 14:00:30,075 [WARN] ModelIntegratedComponent:63 - No mode defined for component null
2024-10-29 14:00:30,075 [WARN] ModelIntegratedComponent:63 - No mode defined for component null
2024-10-29 14:00:30,075 [WARN] ModelIntegratedComponent:63 - No mode defined for component null
2024-10-29 14:00:30,075 [WARN] ModelIntegratedComponent:63 - No mode defined for component null
2024-10-29 14:00:30,075 [WARN] ModelIntegratedComponent:63 - No mode defined for component null
2024-10-29 14:00:30,075 [WARN] ModelIntegratedComponent:63 - No mode defined for component null
2024-10-29 14:00:30,075 [WARN] ModelIntegratedComponent:63 - No mode defined for component null
2024-10-29 14:00:30,075 [WARN] ModelIntegratedComponent:63 - No mode defined for component null
2024-10-29 14:00:30,075 [WARN] ModelIntegratedComponent:63 - No mode defined for component null
2024-10-29 14:00:30,075 [WARN] ModelIntegratedComponent:63 - No mode defined for component null
2024-10-29 14:00:30,075 [WARN] ModelIntegratedComponent:63 - No mode defined for component null
2024-10-29 14:00:30,075 [WARN] ModelIntegratedComponent:63 - No mode defined for component null
2024-10-29 14:00:30,076 [WARN] ModelPack:524 - Component already loaded: STMicroelectronics:HAL Drivers:0.0.0:STMicroelectronics:Device:STMicro_Driver:XSPI:HAL::0.0.1:HAL_XSPI
2024-10-29 14:00:30,197 [INFO] ThirdPartyModel:298 - Start build external matchings
2024-10-29 14:00:31,149 [INFO] ThirdPartyModel:316 - End build external matchings
2024-10-29 14:00:31,168 [INFO] RtosManager:919 - Current active RTOS is FREERTOS [Cortex-M3NS]
2024-10-29 14:00:31,170 [INFO] ImportTextPane:205 - (OptionalMessage_ERROR) IP (RCC) : Parameter (ADCFreqValue) has invalid value (36000000)
2024-10-29 14:00:31,170 [INFO] ImportTextPane:205 - (OptionalMessage_ERROR) IP (RCC) : Invalid parameter (FamilyName)
2024-10-29 14:00:31,170 [INFO] ImportTextPane:205 - (OptionalMessage_ERROR) IP (RCC) : Parameter (MCOFreq_Value) has invalid value (72000000)
2024-10-29 14:00:31,170 [INFO] ImportTextPane:205 - (OptionalMessage_ERROR) IP (RCC) : Parameter (USBFreq_Value) has invalid value (72000000)
2024-10-29 14:00:31,403 [INFO] UtilMem:75 - End LoadConfig() Used Memory: 830117144 Bytes (1027604480)
2024-10-29 14:00:31,433 [WARN] ThirdParty:833 - waiting for thirdparty lock release [change project]
2024-10-29 14:00:31,434 [INFO] ThirdParty:835 - entering critical section [change project]
2024-10-29 14:00:31,434 [INFO] ThirdParty:1030 - CMSIS Pack Vendor :STMicroelectronics USBPD 4.1
2024-10-29 14:00:31,434 [INFO] ThirdParty:1030 - CMSIS Pack Vendor :STMicroelectronics X-CUBE-GNSS1 6.0.0
2024-10-29 14:00:31,434 [INFO] ThirdParty:1030 - CMSIS Pack Vendor :STMicroelectronics USB_HOST 2.0.0
2024-10-29 14:00:31,434 [INFO] ThirdParty:1030 - CMSIS Pack Vendor :STMicroelectronics FP-SNS-MOTENVWB1 1.4.0
2024-10-29 14:00:31,434 [INFO] ThirdParty:1030 - CMSIS Pack Vendor :STMicroelectronics X-CUBE-AZRTOS-F4 1.1.0
2024-10-29 14:00:31,434 [INFO] ThirdParty:1030 - CMSIS Pack Vendor :STMicroelectronics LIBJPEG 8.0.0
2024-10-29 14:00:31,434 [INFO] ThirdParty:1030 - CMSIS Pack Vendor :STMicroelectronics X-CUBE-SMBUS 2.1.0
2024-10-29 14:00:31,434 [INFO] ThirdParty:1030 - CMSIS Pack Vendor :STMicroelectronics X-CUBE-WB05N 1.1.0
2024-10-29 14:00:31,434 [INFO] ThirdParty:1030 - CMSIS Pack Vendor :STMicroelectronics X-CUBE-ISPU 2.1.0
2024-10-29 14:00:31,434 [INFO] ThirdParty:1030 - CMSIS Pack Vendor :STMicroelectronics X-CUBE-FREERTOS 1.2.0
2024-10-29 14:00:31,434 [INFO] ThirdParty:1030 - CMSIS Pack Vendor :STMicroelectronics X-CUBE-AZRTOS-F7 1.1.0
2024-10-29 14:00:31,434 [INFO] ThirdParty:1030 - CMSIS Pack Vendor :STMicroelectronics X-CUBE-AZRTOS-L5 2.0.0
2024-10-29 14:00:31,434 [INFO] ThirdParty:1030 - CMSIS Pack Vendor :STMicroelectronics USB_DEVICE 2.0.0
2024-10-29 14:00:31,434 [INFO] ThirdParty:1030 - CMSIS Pack Vendor :STMicroelectronics X-CUBE-MEMS1 9.6.0
2024-10-29 14:00:31,434 [INFO] ThirdParty:1030 - CMSIS Pack Vendor :STMicroelectronics X-CUBE-EEPRMA1 4.2.0
2024-10-29 14:00:31,434 [INFO] ThirdParty:1030 - CMSIS Pack Vendor :STMicroelectronics X-CUBE-NFC6 3.1.0
2024-10-29 14:00:31,434 [INFO] ThirdParty:1030 - CMSIS Pack Vendor :ITTIA_DB I-CUBE-ITTIADB 8.8.0
2024-10-29 14:00:31,434 [INFO] ThirdParty:1030 - CMSIS Pack Vendor :STMicroelectronics FP-SNS-MOTENV1 4.3.2
2024-10-29 14:00:31,434 [INFO] ThirdParty:1030 - CMSIS Pack Vendor :STMicroelectronics X-CUBE-MEMS1 11.0.0
2024-10-29 14:00:31,434 [INFO] ThirdParty:1030 - CMSIS Pack Vendor :STMicroelectronics X-CUBE-BLE1 6.2.4
2024-10-29 14:00:31,434 [INFO] ThirdParty:1030 - CMSIS Pack Vendor :STMicroelectronics FreeRTOS 0.0.1
2024-10-29 14:00:31,434 [INFO] ThirdParty:1030 - CMSIS Pack Vendor :emotas I-CUBE-CANOPEN 1.1.3
2024-10-29 14:00:31,434 [INFO] ThirdParty:1030 - CMSIS Pack Vendor :STMicroelectronics X-CUBE-BLEMGR 2.0.0
2024-10-29 14:00:31,434 [INFO] ThirdParty:1030 - CMSIS Pack Vendor :STMicroelectronics X-CUBE-DPower 1.2.0
2024-10-29 14:00:31,434 [INFO] ThirdParty:1030 - CMSIS Pack Vendor :STMicroelectronics FP-SNS-FLIGHT1 5.0.2
2024-10-29 14:00:31,435 [INFO] ThirdParty:1030 - CMSIS Pack Vendor :STMicroelectronics X-CUBE-AI 9.0.0
2024-10-29 14:00:31,435 [INFO] ThirdParty:1030 - CMSIS Pack Vendor :STMicroelectronics X-CUBE-AZRTOS-H7 3.1.0
2024-10-29 14:00:31,435 [INFO] ThirdParty:1030 - CMSIS Pack Vendor :STMicroelectronics PDM2PCM 3.3.0
2024-10-29 14:00:31,435 [INFO] ThirdParty:1030 - CMSIS Pack Vendor :STMicroelectronics X-CUBE-DISPLAY 3.0.0
2024-10-29 14:00:31,435 [INFO] ThirdParty:1030 - CMSIS Pack Vendor :STMicroelectronics X-CUBE-BLE1 7.0.0
2024-10-29 14:00:31,435 [INFO] ThirdParty:1030 - CMSIS Pack Vendor :STMicroelectronics X-CUBE-NFC10 1.0.0
2024-10-29 14:00:31,435 [INFO] ThirdParty:1030 - CMSIS Pack Vendor :wolfSSL I-CUBE-wolfSSL 5.5.4
2024-10-29 14:00:31,435 [INFO] ThirdParty:1030 - CMSIS Pack Vendor :STMicroelectronics HAL Drivers 0.0.0
2024-10-29 14:00:31,435 [INFO] ThirdParty:1030 - CMSIS Pack Vendor :STMicroelectronics X-CUBE-TOUCHGFX 4.22.0
2024-10-29 14:00:31,435 [INFO] ThirdParty:1030 - CMSIS Pack Vendor :STMicroelectronics X-CUBE-NFC7 1.0.1
2024-10-29 14:00:31,435 [INFO] ThirdParty:1030 - CMSIS Pack Vendor :STMicroelectronics MBEDTLS 2.14.1
2024-10-29 14:00:31,435 [INFO] ThirdParty:1030 - CMSIS Pack Vendor :STMicroelectronics X-CUBE-NFC7 1.0.0
2024-10-29 14:00:31,435 [INFO] ThirdParty:1030 - CMSIS Pack Vendor :STMicroelectronics X-CUBE-TOUCHGFX 4.22.1
2024-10-29 14:00:31,435 [INFO] ThirdParty:1030 - CMSIS Pack Vendor :wolfSSL I-CUBE-wolfTPM 3.2.0
2024-10-29 14:00:31,435 [INFO] ThirdParty:1030 - CMSIS Pack Vendor :STMicroelectronics X-CUBE-NFC6 3.0.0
2024-10-29 14:00:31,435 [INFO] ThirdParty:1030 - CMSIS Pack Vendor :STMicroelectronics X-CUBE-EEPRMA1 4.1.0
2024-10-29 14:00:31,435 [INFO] ThirdParty:1030 - CMSIS Pack Vendor :STMicroelectronics X-CUBE-BLEMGR 3.1.0
2024-10-29 14:00:31,435 [INFO] ThirdParty:1030 - CMSIS Pack Vendor :STMicroelectronics FP-SNS-SMARTAG2 1.2.0
2024-10-29 14:00:31,435 [INFO] ThirdParty:1030 - CMSIS Pack Vendor :STMicroelectronics X-CUBE-AZRTOS-WL 2.0.0
2024-10-29 14:00:31,435 [INFO] ThirdParty:1030 - CMSIS Pack Vendor :STMicroelectronics FP-SNS-MOTENV1 5.0.0
2024-10-29 14:00:31,435 [INFO] ThirdParty:1030 - CMSIS Pack Vendor :STMicroelectronics USB_DEVICE 1.0.0
2024-10-29 14:00:31,435 [INFO] ThirdParty:1030 - CMSIS Pack Vendor :STMicroelectronics X-CUBE-AI 8.1.0
2024-10-29 14:00:31,435 [INFO] ThirdParty:1030 - CMSIS Pack Vendor :wolfSSL I-CUBE-wolfMQTT 1.19.0
2024-10-29 14:00:31,435 [INFO] ThirdParty:1030 - CMSIS Pack Vendor :STMicroelectronics X-CUBE-AZRTOS-L4 2.0.0
2024-10-29 14:00:31,435 [INFO] ThirdParty:1030 - CMSIS Pack Vendor :STMicroelectronics ThreadX 0.0.2
2024-10-29 14:00:31,435 [INFO] ThirdParty:1030 - CMSIS Pack Vendor :WES I-CUBE-Cesium 1.3.0
2024-10-29 14:00:31,435 [INFO] ThirdParty:1030 - CMSIS Pack Vendor :STMicroelectronics lwIP 2.1.2
2024-10-29 14:00:31,435 [INFO] ThirdParty:1030 - CMSIS Pack Vendor :STMicroelectronics X-CUBE-SFXS2LP1 4.0.0
2024-10-29 14:00:31,435 [INFO] ThirdParty:1030 - CMSIS Pack Vendor :STMicroelectronics X-CUBE-BLE2 3.3.0
2024-10-29 14:00:31,435 [INFO] ThirdParty:1030 - CMSIS Pack Vendor :STMicroelectronics X-CUBE-TOF1 3.2.0
2024-10-29 14:00:31,435 [INFO] ThirdParty:1030 - CMSIS Pack Vendor :STMicroelectronics PDM2PCM 3.2.0
2024-10-29 14:00:31,435 [INFO] ThirdParty:1030 - CMSIS Pack Vendor :STMicroelectronics X-CUBE-AZRTOS-H7 3.0.0
2024-10-29 14:00:31,435 [INFO] ThirdParty:1030 - CMSIS Pack Vendor :STMicroelectronics X-CUBE-ISPU 1.1.0
2024-10-29 14:00:31,435 [INFO] ThirdParty:1030 - CMSIS Pack Vendor :STMicroelectronics X-CUBE-AZRTOS-H7 3.3.0
2024-10-29 14:00:31,435 [INFO] ThirdParty:1030 - CMSIS Pack Vendor :RoweBots I-CUBE-UNISONRTOS 5.5.0-4
2024-10-29 14:00:31,435 [INFO] ThirdParty:1030 - CMSIS Pack Vendor :STMicroelectronics X-CUBE-NFC9 1.0.0
2024-10-29 14:00:31,435 [INFO] ThirdParty:1030 - CMSIS Pack Vendor :STMicroelectronics USB_DEVICE 3.0.0
2024-10-29 14:00:31,436 [INFO] ThirdParty:1030 - CMSIS Pack Vendor :STMicroelectronics X-CUBE-TCPP 4.1.0
2024-10-29 14:00:31,436 [INFO] ThirdParty:1030 - CMSIS Pack Vendor :STMicroelectronics X-CUBE-IPS 3.0.0
2024-10-29 14:00:31,436 [INFO] ThirdParty:1030 - CMSIS Pack Vendor :STMicroelectronics X-CUBE-AZRTOS-WB 2.0.0
2024-10-29 14:00:31,436 [INFO] ThirdParty:1030 - CMSIS Pack Vendor :STMicroelectronics X-CUBE-FREERTOS 1.0.1
2024-10-29 14:00:31,436 [INFO] ThirdParty:1030 - CMSIS Pack Vendor :STMicroelectronics X-CUBE-TOUCHGFX 4.21.1
2024-10-29 14:00:31,436 [INFO] ThirdParty:1030 - CMSIS Pack Vendor :STMicroelectronics X-CUBE-GNSS1 7.0.0
2024-10-29 14:00:31,436 [INFO] ThirdParty:1030 - CMSIS Pack Vendor :STMicroelectronics X-CUBE-MEMS1 9.4.0
2024-10-29 14:00:31,436 [INFO] ThirdParty:1030 - CMSIS Pack Vendor :STMicroelectronics X-CUBE-AI 7.3.0
2024-10-29 14:00:31,436 [INFO] ThirdParty:1030 - CMSIS Pack Vendor :STMicroelectronics FP-SNS-STBOX1 2.0.0
2024-10-29 14:00:31,436 [INFO] ThirdParty:1030 - CMSIS Pack Vendor :STMicroelectronics X-CUBE-ALGOBUILD 1.3.0
2024-10-29 14:00:31,436 [INFO] ThirdParty:1030 - CMSIS Pack Vendor :STMicroelectronics X-CUBE-AZRTOS-L5 1.1.0
2024-10-29 14:00:31,436 [INFO] ThirdParty:1030 - CMSIS Pack Vendor :STMicroelectronics X-CUBE-AZRTOS-G0 1.1.0
2024-10-29 14:00:31,436 [INFO] ThirdParty:1030 - CMSIS Pack Vendor :STMicroelectronics X-CUBE-AI 8.0.1
2024-10-29 14:00:31,436 [INFO] ThirdParty:1030 - CMSIS Pack Vendor :STMicroelectronics X-CUBE-SAFEA1 1.2.2
2024-10-29 14:00:31,436 [INFO] ThirdParty:1030 - CMSIS Pack Vendor :STMicroelectronics X-CUBE-NFC4 3.0.0
2024-10-29 14:00:31,436 [INFO] ThirdParty:1030 - CMSIS Pack Vendor :STMicroelectronics X-CUBE-SUBG2 5.0.0
2024-10-29 14:00:31,436 [INFO] ThirdParty:1030 - CMSIS Pack Vendor :STMicroelectronics STM32_WPAN 1.0.0
2024-10-29 14:00:31,436 [INFO] ThirdParty:1030 - CMSIS Pack Vendor :EmbeddedOffice I-CUBE-FS-RTOS 1.0.1
2024-10-29 14:00:31,436 [INFO] ThirdParty:1030 - CMSIS Pack Vendor :STMicroelectronics lwIP 2.0.3
2024-10-29 14:00:31,436 [INFO] ThirdParty:1030 - CMSIS Pack Vendor :Cesanta I-CUBE-Mongoose 7.13.0
2024-10-29 14:00:31,436 [INFO] ThirdParty:1030 - CMSIS Pack Vendor :STMicroelectronics USB_HOST 1.0.0
2024-10-29 14:00:31,436 [INFO] ThirdParty:1030 - CMSIS Pack Vendor :STMicroelectronics X-CUBE-TOF1 3.3.1
2024-10-29 14:00:31,436 [INFO] ThirdParty:1030 - CMSIS Pack Vendor :STMicroelectronics X-CUBE-AZRTOS-G4 2.0.0
2024-10-29 14:00:31,436 [INFO] ThirdParty:1030 - CMSIS Pack Vendor :STMicroelectronics PDM2PCM 3.1.0
2024-10-29 14:00:31,436 [INFO] ThirdParty:1030 - CMSIS Pack Vendor :STMicroelectronics FP-ATR-ASTRA1 1.1.1
2024-10-29 14:00:31,436 [INFO] ThirdParty:1030 - CMSIS Pack Vendor :Infineon AIROC-Wi-Fi-Bluetooth-STM32 1.5.1
2024-10-29 14:00:31,436 [INFO] ThirdParty:1030 - CMSIS Pack Vendor :STMicroelectronics X-CUBE-BLEMGR 3.0.0
2024-10-29 14:00:31,437 [INFO] ThirdParty:1030 - CMSIS Pack Vendor :STMicroelectronics X-CUBE-BLEMGR 1.3.0
2024-10-29 14:00:31,437 [INFO] ThirdParty:1030 - CMSIS Pack Vendor :STMicroelectronics FP-SNS-MOTENVWB1 1.3.0
2024-10-29 14:00:31,437 [INFO] ThirdParty:1030 - CMSIS Pack Vendor :RealThread X-CUBE-RT-Thread_Nano 4.1.1
2024-10-29 14:00:31,437 [INFO] ThirdParty:1030 - CMSIS Pack Vendor :STMicroelectronics FP-SNS-MOTENVWB1 1.3.1
2024-10-29 14:00:31,437 [INFO] ThirdParty:1030 - CMSIS Pack Vendor :STMicroelectronics FP-ATR-SIGFOX1 3.2.0
2024-10-29 14:00:31,437 [INFO] ThirdParty:1030 - CMSIS Pack Vendor :STMicroelectronics X-CUBE-AZRTOS-G4 1.0.0
2024-10-29 14:00:31,437 [INFO] ThirdParty:1030 - CMSIS Pack Vendor :STMicroelectronics X-CUBE-AZRTOS-L4 1.0.0
2024-10-29 14:00:31,437 [INFO] ThirdParty:1030 - CMSIS Pack Vendor :STMicroelectronics X-CUBE-ISPU 2.0.0
2024-10-29 14:00:31,437 [INFO] ThirdParty:1030 - CMSIS Pack Vendor :STMicroelectronics X-CUBE-EEPRMA1 5.1.0
2024-10-29 14:00:31,437 [INFO] ThirdParty:1030 - CMSIS Pack Vendor :STMicroelectronics MBEDTLS 2.16.2
2024-10-29 14:00:31,437 [INFO] ThirdParty:1030 - CMSIS Pack Vendor :STMicroelectronics X-CUBE-ALS 1.0.2
2024-10-29 14:00:31,437 [INFO] ThirdParty:1030 - CMSIS Pack Vendor :STMicroelectronics X-CUBE-MEMS1 10.0.0
2024-10-29 14:00:31,437 [INFO] ThirdParty:1030 - CMSIS Pack Vendor :STMicroelectronics X-CUBE-FREERTOS 1.1.0
2024-10-29 14:00:31,437 [INFO] ThirdParty:1030 - CMSIS Pack Vendor :STMicroelectronics X-CUBE-TOUCHGFX 4.24.0
2024-10-29 14:00:31,437 [INFO] ThirdParty:1030 - CMSIS Pack Vendor :STMicroelectronics X-CUBE-AZRTOS-WL 1.0.0
2024-10-29 14:00:31,437 [INFO] ThirdParty:1030 - CMSIS Pack Vendor :STMicroelectronics X-CUBE-TOUCHGFX 4.24.1
2024-10-29 14:00:31,437 [INFO] ThirdParty:1030 - CMSIS Pack Vendor :portGmbH I-Cube-SoM-uGOAL 1.1.0
2024-10-29 14:00:31,437 [INFO] ThirdParty:1030 - CMSIS Pack Vendor :STMicroelectronics X-CUBE-ALS 1.0.1
2024-10-29 14:00:31,437 [INFO] ThirdParty:1030 - CMSIS Pack Vendor :STMicroelectronics X-CUBE-MEMS1 9.5.0
2024-10-29 14:00:31,437 [INFO] ThirdParty:1030 - CMSIS Pack Vendor :STMicroelectronics ThreadX 1.0.0
2024-10-29 14:00:31,437 [INFO] ThirdParty:1030 - CMSIS Pack Vendor :STMicroelectronics X-CUBE-AZRTOS-WB 1.1.0
2024-10-29 14:00:31,437 [INFO] ThirdParty:1030 - CMSIS Pack Vendor :SEGGER I-CUBE-embOS 1.3.1
2024-10-29 14:00:31,437 [INFO] ThirdParty:1030 - CMSIS Pack Vendor :STMicroelectronics X-CUBE-ALGOBUILD 1.4.0
2024-10-29 14:00:31,437 [INFO] ThirdParty:1030 - CMSIS Pack Vendor :STMicroelectronics X-CUBE-AZRTOS-H7RS 1.0.0
2024-10-29 14:00:31,437 [INFO] ThirdParty:1030 - CMSIS Pack Vendor :STMicroelectronics FP-ATR-ASTRA1 2.0.0
2024-10-29 14:00:31,437 [INFO] ThirdParty:1030 - CMSIS Pack Vendor :STMicroelectronics X-CUBE-TOF1 3.4.2
2024-10-29 14:00:31,437 [INFO] ThirdParty:1030 - CMSIS Pack Vendor :STMicroelectronics X-CUBE-AI 9.1.0
2024-10-29 14:00:31,437 [INFO] ThirdParty:1030 - CMSIS Pack Vendor :STMicroelectronics X-CUBE-TOF1 3.4.0
2024-10-29 14:00:31,437 [INFO] ThirdParty:1030 - CMSIS Pack Vendor :wolfSSL I-CUBE-wolfSSH 1.4.17
2024-10-29 14:00:31,437 [INFO] ThirdParty:841 - exiting critical section [change project]
2024-10-29 14:00:31,562 [INFO] PinOutPanel:1561 - setPackage(No Configuration,No Configuration)
2024-10-29 14:00:31,563 [INFO] PinOutPanel:1561 - setPackage(STM32F103ZETx,LQFP144)
2024-10-29 14:00:31,715 [INFO] UtilMem:75 - Before build in PCC Used Memory: 538154944 Bytes (1027604480)
2024-10-29 14:00:31,867 [INFO] UtilMem:75 - After build in PCC Used Memory: 580797008 Bytes (1027604480)
2024-10-29 14:00:31,883 [INFO] ApiDbMcu:508 - Load IP Config File for FREERTOS
2024-10-29 14:00:31,895 [INFO] IPUIPlugin:80 - create IPUIPlugin
2024-10-29 14:00:31,895 [INFO] IPUIPlugin:80 - create IPUIPlugin
2024-10-29 14:00:31,896 [INFO] IPUIPlugin:80 - create IPUIPlugin
2024-10-29 14:00:31,896 [INFO] IPUIPlugin:80 - create IPUIPlugin
2024-10-29 14:00:31,896 [INFO] IPUIPlugin:80 - create IPUIPlugin
2024-10-29 14:00:31,896 [INFO] IPUIPlugin:80 - create IPUIPlugin
2024-10-29 14:00:31,896 [INFO] IPUIPlugin:80 - create IPUIPlugin
2024-10-29 14:00:31,896 [INFO] IPUIPlugin:80 - create IPUIPlugin
2024-10-29 14:00:31,896 [INFO] IPUIPlugin:80 - create IPUIPlugin
2024-10-29 14:00:31,896 [INFO] IPUIPlugin:80 - create IPUIPlugin
2024-10-29 14:00:31,896 [INFO] IPUIPlugin:80 - create IPUIPlugin
2024-10-29 14:00:31,896 [INFO] IPUIPlugin:80 - create IPUIPlugin
2024-10-29 14:00:31,896 [INFO] IPUIPlugin:80 - create IPUIPlugin
2024-10-29 14:00:31,896 [INFO] IPUIPlugin:80 - create IPUIPlugin
2024-10-29 14:00:31,896 [INFO] IPUIPlugin:80 - create IPUIPlugin
2024-10-29 14:00:31,896 [INFO] IPUIPlugin:80 - create IPUIPlugin
2024-10-29 14:00:31,896 [INFO] IPUIPlugin:80 - create IPUIPlugin
2024-10-29 14:00:31,896 [INFO] IPUIPlugin:80 - create IPUIPlugin
2024-10-29 14:00:31,896 [INFO] IPUIPlugin:80 - create IPUIPlugin
2024-10-29 14:00:31,896 [INFO] IPUIPlugin:80 - create IPUIPlugin
2024-10-29 14:00:31,896 [INFO] IPUIPlugin:80 - create IPUIPlugin
2024-10-29 14:00:31,897 [INFO] IPUIPlugin:80 - create IPUIPlugin
2024-10-29 14:00:31,897 [INFO] IPUIPlugin:80 - create IPUIPlugin
2024-10-29 14:00:31,897 [INFO] IPUIPlugin:80 - create IPUIPlugin
2024-10-29 14:00:31,897 [INFO] IPUIPlugin:80 - create IPUIPlugin
2024-10-29 14:00:31,897 [INFO] IPUIPlugin:80 - create IPUIPlugin
2024-10-29 14:00:31,897 [INFO] IPUIPlugin:80 - create IPUIPlugin
2024-10-29 14:00:31,897 [INFO] IPUIPlugin:80 - create IPUIPlugin
2024-10-29 14:00:31,897 [INFO] IPUIPlugin:80 - create IPUIPlugin
2024-10-29 14:00:31,897 [INFO] IPUIPlugin:80 - create IPUIPlugin
2024-10-29 14:00:31,897 [INFO] IPUIPlugin:80 - create IPUIPlugin
2024-10-29 14:00:31,897 [INFO] IPUIPlugin:80 - create IPUIPlugin
2024-10-29 14:00:31,897 [INFO] IPUIPlugin:80 - create IPUIPlugin
2024-10-29 14:00:31,897 [INFO] IPUIPlugin:80 - create IPUIPlugin
2024-10-29 14:00:31,898 [INFO] IPUIPlugin:80 - create IPUIPlugin
2024-10-29 14:00:31,898 [INFO] IPUIPlugin:80 - create IPUIPlugin
2024-10-29 14:00:31,898 [INFO] IPUIPlugin:80 - create IPUIPlugin
2024-10-29 14:00:31,898 [INFO] IPUIPlugin:80 - create IPUIPlugin
2024-10-29 14:00:31,898 [INFO] IPUIPlugin:80 - create IPUIPlugin
2024-10-29 14:00:31,898 [INFO] IPUIPlugin:80 - create IPUIPlugin
2024-10-29 14:00:31,903 [WARN] FreeRTOS:1023 - Null or empty value: should not occur! (nothing added to the table)
2024-10-29 14:00:31,943 [INFO] CADModel:165 - CPN selected for project levelSTM32F103ZET6
2024-10-29 14:00:31,943 [INFO] CADModel:114 - Register for checkConnection events
2024-10-29 14:00:31,945 [INFO] RtosManager:697 - Active RTOS found at IOC load: FREERTOS [Cortex-M3NS]
2024-10-29 14:00:31,999 [INFO] OpenFileManager:363 - Restore cursor
2024-10-29 14:00:40,726 [INFO] UtilMem:75 - End SaveConfig() Used Memory: 757307328 Bytes (1027604480)
2024-10-29 14:00:42,574 [ERROR] FileExtend:455 - File entry not found
2024-10-29 14:00:42,575 [INFO] FileExtend:240 - Unzip File : stm32cube_fw_f1_v180.zip
2024-10-29 14:00:42,575 [INFO] FileExtend:255 - Standard Zip Deflate
2024-10-29 14:00:53,470 [INFO] LoadServerPackagesThread:196 - End of LoadServerPackages Thread
2024-10-29 14:00:53,602 [INFO] ThirdPartyModel:298 - Start build external matchings
2024-10-29 14:00:53,619 [INFO] UtilMem:75 - End SaveConfig() Used Memory: 532578208 Bytes (1073741824)
2024-10-29 14:00:53,748 [INFO] BlockDiagram:2766 - set Specific Code input for plugin: NVIC
2024-10-29 14:00:53,748 [INFO] BlockDiagram:2766 - set Specific Code input for plugin: FREERTOS
2024-10-29 14:00:53,748 [INFO] BlockDiagram:2766 - set Specific Code input for plugin: USART
2024-10-29 14:00:53,748 [INFO] BlockDiagram:2766 - set Specific Code input for plugin: USART
2024-10-29 14:00:53,748 [INFO] BlockDiagram:2766 - set Specific Code input for plugin: TIM1_8F1
2024-10-29 14:00:53,748 [INFO] BlockDiagram:2766 - set Specific Code input for plugin: SYS
2024-10-29 14:00:53,749 [INFO] BlockDiagram:2766 - set Specific Code input for plugin: GPIO
2024-10-29 14:00:53,749 [INFO] BlockDiagram:2766 - set Specific Code input for plugin: RCC
2024-10-29 14:00:53,749 [INFO] CodeGenerator:807 - code generatio: config db path: D:\software\STM32CubeIDE_1.16.1\STM32CubeIDE\plugins\com.st.stm32cube.common.mx_6.12.1.202409122256\\db\
2024-10-29 14:00:53,822 [INFO] CodeEngine:255 - oldGeneratedFile, D:\thor_work\2024\MyDemo\day0\untitled\MXTmpFiles\license.tmp_save
2024-10-29 14:00:53,867 [INFO] CodeEngine:279 - Generated code: D:\thor_work\2024\MyDemo\day0\untitled\MXTmpFiles\license.tmp
2024-10-29 14:00:53,900 [INFO] CodeEngine:255 - oldGeneratedFile, D:\thor_work\2024\MyDemo\day0\untitled\MXTmpFiles\gpio.tmp_save
2024-10-29 14:00:53,938 [INFO] CodeEngine:279 - Generated code: D:\thor_work\2024\MyDemo\day0\untitled\MXTmpFiles\gpio.tmp
2024-10-29 14:00:54,079 [INFO] Middleware:1439 - No code input for Bsp Dependency
2024-10-29 14:00:54,089 [INFO] CodeEngine:255 - oldGeneratedFile, D:\thor_work\2024\MyDemo\day0\untitled\MXTmpFiles\rtos_inc.tmp_save
2024-10-29 14:00:54,129 [INFO] CodeEngine:279 - Generated code: D:\thor_work\2024\MyDemo\day0\untitled\MXTmpFiles\rtos_inc.tmp
2024-10-29 14:00:54,134 [INFO] CodeEngine:255 - oldGeneratedFile, D:\thor_work\2024\MyDemo\day0\untitled\MXTmpFiles\rtos_kernelInit.tmp_save
2024-10-29 14:00:54,180 [INFO] CodeEngine:279 - Generated code: D:\thor_work\2024\MyDemo\day0\untitled\MXTmpFiles\rtos_kernelInit.tmp
2024-10-29 14:00:54,186 [INFO] CodeEngine:255 - oldGeneratedFile, D:\thor_work\2024\MyDemo\day0\untitled\MXTmpFiles\rtos_kernelStart.tmp_save
2024-10-29 14:00:54,228 [INFO] CodeEngine:279 - Generated code: D:\thor_work\2024\MyDemo\day0\untitled\MXTmpFiles\rtos_kernelStart.tmp
2024-10-29 14:00:54,236 [INFO] CodeEngine:255 - oldGeneratedFile, D:\thor_work\2024\MyDemo\day0\untitled\MXTmpFiles\rtos_typedefs.tmp_save
2024-10-29 14:00:54,270 [INFO] CodeEngine:279 - Generated code: D:\thor_work\2024\MyDemo\day0\untitled\MXTmpFiles\rtos_typedefs.tmp
2024-10-29 14:00:54,276 [INFO] CodeEngine:255 - oldGeneratedFile, D:\thor_work\2024\MyDemo\day0\untitled\MXTmpFiles\rtos_vars.tmp_save
2024-10-29 14:00:54,314 [INFO] CodeEngine:279 - Generated code: D:\thor_work\2024\MyDemo\day0\untitled\MXTmpFiles\rtos_vars.tmp
2024-10-29 14:00:54,319 [INFO] CodeEngine:255 - oldGeneratedFile, D:\thor_work\2024\MyDemo\day0\untitled\MXTmpFiles\rtos_pfp.tmp_save
2024-10-29 14:00:54,354 [INFO] CodeEngine:279 - Generated code: D:\thor_work\2024\MyDemo\day0\untitled\MXTmpFiles\rtos_pfp.tmp
2024-10-29 14:00:54,360 [INFO] CodeEngine:255 - oldGeneratedFile, D:\thor_work\2024\MyDemo\day0\untitled\MXTmpFiles\rtos_obj_creat.tmp_save
2024-10-29 14:00:54,398 [INFO] CodeEngine:279 - Generated code: D:\thor_work\2024\MyDemo\day0\untitled\MXTmpFiles\rtos_obj_creat.tmp
2024-10-29 14:00:54,404 [INFO] CodeEngine:255 - oldGeneratedFile, D:\thor_work\2024\MyDemo\day0\untitled\MXTmpFiles\rtos_default_thread.tmp_save
2024-10-29 14:00:54,438 [INFO] CodeEngine:279 - Generated code: D:\thor_work\2024\MyDemo\day0\untitled\MXTmpFiles\rtos_default_thread.tmp
2024-10-29 14:00:54,443 [INFO] CodeEngine:255 - oldGeneratedFile, D:\thor_work\2024\MyDemo\day0\untitled\MXTmpFiles\rtos_threads.tmp_save
2024-10-29 14:00:54,486 [INFO] CodeEngine:279 - Generated code: D:\thor_work\2024\MyDemo\day0\untitled\MXTmpFiles\rtos_threads.tmp
2024-10-29 14:00:54,505 [INFO] Middleware:1439 - No code input for Bsp Dependency
2024-10-29 14:00:54,515 [INFO] CodeEngine:255 - oldGeneratedFile, D:\thor_work\2024\MyDemo\day0\untitled\MXTmpFiles\rtos_inc.tmp_save
2024-10-29 14:00:54,551 [INFO] CodeEngine:279 - Generated code: D:\thor_work\2024\MyDemo\day0\untitled\MXTmpFiles\rtos_inc.tmp
2024-10-29 14:00:54,559 [INFO] CodeEngine:255 - oldGeneratedFile, D:\thor_work\2024\MyDemo\day0\untitled\MXTmpFiles\rtos_kernelInit.tmp_save
2024-10-29 14:00:54,593 [INFO] CodeEngine:279 - Generated code: D:\thor_work\2024\MyDemo\day0\untitled\MXTmpFiles\rtos_kernelInit.tmp
2024-10-29 14:00:54,599 [INFO] CodeEngine:255 - oldGeneratedFile, D:\thor_work\2024\MyDemo\day0\untitled\MXTmpFiles\rtos_kernelStart.tmp_save
2024-10-29 14:00:54,632 [INFO] CodeEngine:279 - Generated code: D:\thor_work\2024\MyDemo\day0\untitled\MXTmpFiles\rtos_kernelStart.tmp
2024-10-29 14:00:54,639 [INFO] CodeEngine:255 - oldGeneratedFile, D:\thor_work\2024\MyDemo\day0\untitled\MXTmpFiles\rtos_typedefs.tmp_save
2024-10-29 14:00:54,674 [INFO] CodeEngine:279 - Generated code: D:\thor_work\2024\MyDemo\day0\untitled\MXTmpFiles\rtos_typedefs.tmp
2024-10-29 14:00:54,681 [INFO] CodeEngine:255 - oldGeneratedFile, D:\thor_work\2024\MyDemo\day0\untitled\MXTmpFiles\rtos_vars.tmp_save
2024-10-29 14:00:54,718 [INFO] CodeEngine:279 - Generated code: D:\thor_work\2024\MyDemo\day0\untitled\MXTmpFiles\rtos_vars.tmp
2024-10-29 14:00:54,727 [INFO] CodeEngine:255 - oldGeneratedFile, D:\thor_work\2024\MyDemo\day0\untitled\MXTmpFiles\rtos_pfp.tmp_save
2024-10-29 14:00:54,739 [INFO] ThirdPartyModel:316 - End build external matchings
2024-10-29 14:00:54,755 [INFO] CheckServerUpdateThread:120 - End of CheckServer Thread
2024-10-29 14:00:54,766 [INFO] CodeEngine:279 - Generated code: D:\thor_work\2024\MyDemo\day0\untitled\MXTmpFiles\rtos_pfp.tmp
2024-10-29 14:00:54,773 [INFO] CodeEngine:255 - oldGeneratedFile, D:\thor_work\2024\MyDemo\day0\untitled\MXTmpFiles\rtos_obj_creat.tmp_save
2024-10-29 14:00:54,815 [INFO] CodeEngine:279 - Generated code: D:\thor_work\2024\MyDemo\day0\untitled\MXTmpFiles\rtos_obj_creat.tmp
2024-10-29 14:00:54,822 [INFO] CodeEngine:255 - oldGeneratedFile, D:\thor_work\2024\MyDemo\day0\untitled\MXTmpFiles\rtos_default_thread.tmp_save
2024-10-29 14:00:54,859 [INFO] CodeEngine:279 - Generated code: D:\thor_work\2024\MyDemo\day0\untitled\MXTmpFiles\rtos_default_thread.tmp
2024-10-29 14:00:54,867 [INFO] CodeEngine:255 - oldGeneratedFile, D:\thor_work\2024\MyDemo\day0\untitled\MXTmpFiles\rtos_threads.tmp_save
2024-10-29 14:00:54,903 [INFO] CodeEngine:279 - Generated code: D:\thor_work\2024\MyDemo\day0\untitled\MXTmpFiles\rtos_threads.tmp
2024-10-29 14:00:54,910 [INFO] CodeEngine:255 - oldGeneratedFile, D:\thor_work\2024\MyDemo\day0\untitled\Core\Inc\FreeRTOSConfig.h_save
2024-10-29 14:00:54,960 [INFO] CodeEngine:279 - Generated code: D:\thor_work\2024\MyDemo\day0\untitled\Core\Inc\FreeRTOSConfig.h
2024-10-29 14:00:54,970 [INFO] CodeEngine:255 - oldGeneratedFile, D:\thor_work\2024\MyDemo\day0\untitled\Core\Src\freertos.c_save
2024-10-29 14:00:55,011 [INFO] CodeEngine:279 - Generated code: D:\thor_work\2024\MyDemo\day0\untitled\Core\Src\freertos.c
2024-10-29 14:00:55,032 [INFO] CodeEngine:255 - oldGeneratedFile, D:\thor_work\2024\MyDemo\day0\untitled\Core\Src\stm32f1xx_it.c_save
2024-10-29 14:00:55,086 [INFO] CodeEngine:279 - Generated code: D:\thor_work\2024\MyDemo\day0\untitled\Core\Src\stm32f1xx_it.c
2024-10-29 14:00:55,096 [INFO] CodeEngine:255 - oldGeneratedFile, D:\thor_work\2024\MyDemo\day0\untitled\Core\Inc\stm32f1xx_it.h_save
2024-10-29 14:00:55,137 [INFO] CodeEngine:279 - Generated code: D:\thor_work\2024\MyDemo\day0\untitled\Core\Inc\stm32f1xx_it.h
2024-10-29 14:00:55,165 [INFO] CodeEngine:255 - oldGeneratedFile, D:\thor_work\2024\MyDemo\day0\untitled\Core\Src\stm32f1xx_hal_msp.c_save
2024-10-29 14:00:55,229 [INFO] CodeEngine:279 - Generated code: D:\thor_work\2024\MyDemo\day0\untitled\Core\Src\stm32f1xx_hal_msp.c
2024-10-29 14:00:55,236 [INFO] CodeEngine:255 - oldGeneratedFile, D:\thor_work\2024\MyDemo\day0\untitled\MXTmpFiles\system.tmp_save
2024-10-29 14:00:55,271 [INFO] CodeEngine:279 - Generated code: D:\thor_work\2024\MyDemo\day0\untitled\MXTmpFiles\system.tmp
2024-10-29 14:00:55,278 [INFO] CodeEngine:255 - oldGeneratedFile, D:\thor_work\2024\MyDemo\day0\untitled\Core\Src\stm32f1xx_hal_timebase_tim.c_save
2024-10-29 14:00:55,319 [INFO] CodeEngine:279 - Generated code: D:\thor_work\2024\MyDemo\day0\untitled\Core\Src\stm32f1xx_hal_timebase_tim.c
2024-10-29 14:00:55,334 [INFO] CodeEngine:311 - oldGeneratedFile, D:\thor_work\2024\MyDemo\day0\untitled\Core\Inc\stm32f1xx_hal_conf.h_save
2024-10-29 14:00:55,376 [INFO] CodeEngine:335 - Generated code: D:\thor_work\2024\MyDemo\day0\untitled\Core\Inc\stm32f1xx_hal_conf.h
2024-10-29 14:00:55,391 [WARN] IPConfigManager:3554 - IP not found : TIM
2024-10-29 14:00:55,392 [WARN] CodeGenerator:4002 - IP not found : null
2024-10-29 14:00:55,404 [INFO] CodeEngine:255 - oldGeneratedFile, D:\thor_work\2024\MyDemo\day0\untitled\Core\Inc\main.h_save
2024-10-29 14:00:55,465 [INFO] CodeEngine:279 - Generated code: D:\thor_work\2024\MyDemo\day0\untitled\Core\Inc\main.h
2024-10-29 14:00:55,475 [INFO] CodeEngine:255 - oldGeneratedFile, D:\thor_work\2024\MyDemo\day0\untitled\Core\Src\main.c_save
2024-10-29 14:00:55,569 [INFO] CodeEngine:279 - Generated code: D:\thor_work\2024\MyDemo\day0\untitled\Core\Src\main.c
2024-10-29 14:00:56,381 [INFO] ProjectBuilder:3249 - Time for Copy HAL[1] : 671mS.
2024-10-29 14:00:56,395 [INFO] ProjectBuilder:4828 - Project Generator version: 4.5.0-B34
2024-10-29 14:00:56,449 [INFO] ConfigFileManager:1531 - The Die is : DIE414
2024-10-29 14:00:56,453 [INFO] ApiDbMcu:508 - Load IP Config File for FATFS
2024-10-29 14:00:56,464 [INFO] ApiDbMcu:508 - Load IP Config File for USB_DEVICE
2024-10-29 14:00:57,742 [INFO] ProjectBuilder:5097 - Time for Generating toolchain IDE Files: 1347mS.
2024-10-29 14:00:57,743 [INFO] ProjectBuilder:3107 - Time for Copy CMSIS : 1mS.
2024-10-29 14:00:57,769 [INFO] ProjectBuilder:3107 - Time for Copy CMSIS : 0mS.
2024-10-29 14:33:00,719 [INFO] NvicIntPanel:101 - NVIC parent = com.st.microxplorer.plugins.ip.nvic.MultiNvicIntPanel[,0,0,0x0,invalid,layout=javax.swing.BoxLayout,alignmentX=0.0,alignmentY=0.0,border=,flags=9,maximumSize=,minimumSize=,preferredSize=]
2024-10-29 14:34:44,906 [INFO] NvicIntPanel:101 - NVIC parent = com.st.microxplorer.plugins.ip.nvic.MultiNvicIntPanel[,0,0,0x0,invalid,layout=javax.swing.BoxLayout,alignmentX=0.0,alignmentY=0.0,border=,flags=9,maximumSize=,minimumSize=,preferredSize=]
2024-10-29 14:34:51,758 [INFO] UtilMem:75 - End SaveConfig() Used Memory: 438481584 Bytes (1073741824)
2024-10-29 14:34:52,364 [INFO] UtilMem:75 - End SaveConfig() Used Memory: 480424624 Bytes (1073741824)
2024-10-29 14:34:52,492 [INFO] BlockDiagram:2766 - set Specific Code input for plugin: NVIC
2024-10-29 14:34:52,492 [INFO] BlockDiagram:2766 - set Specific Code input for plugin: FREERTOS
2024-10-29 14:34:52,492 [INFO] BlockDiagram:2766 - set Specific Code input for plugin: USART
2024-10-29 14:34:52,492 [INFO] BlockDiagram:2766 - set Specific Code input for plugin: USART
2024-10-29 14:34:52,492 [INFO] BlockDiagram:2766 - set Specific Code input for plugin: TIM1_8F1
2024-10-29 14:34:52,492 [INFO] BlockDiagram:2766 - set Specific Code input for plugin: SYS
2024-10-29 14:34:52,492 [INFO] BlockDiagram:2766 - set Specific Code input for plugin: GPIO
2024-10-29 14:34:52,492 [INFO] BlockDiagram:2766 - set Specific Code input for plugin: RCC
2024-10-29 14:34:52,493 [INFO] CodeGenerator:807 - code generatio: config db path: D:\software\STM32CubeIDE_1.16.1\STM32CubeIDE\plugins\com.st.stm32cube.common.mx_6.12.1.202409122256\\db\
2024-10-29 14:34:52,562 [INFO] CodeEngine:255 - oldGeneratedFile, D:\thor_work\2024\MyDemo\day0\untitled\MXTmpFiles\license.tmp_save
2024-10-29 14:34:52,615 [INFO] CodeEngine:279 - Generated code: D:\thor_work\2024\MyDemo\day0\untitled\MXTmpFiles\license.tmp
2024-10-29 14:34:52,635 [INFO] CodeEngine:255 - oldGeneratedFile, D:\thor_work\2024\MyDemo\day0\untitled\MXTmpFiles\gpio.tmp_save
2024-10-29 14:34:52,686 [INFO] CodeEngine:279 - Generated code: D:\thor_work\2024\MyDemo\day0\untitled\MXTmpFiles\gpio.tmp
2024-10-29 14:34:52,810 [INFO] Middleware:1439 - No code input for Bsp Dependency
2024-10-29 14:34:52,819 [INFO] CodeEngine:255 - oldGeneratedFile, D:\thor_work\2024\MyDemo\day0\untitled\MXTmpFiles\rtos_inc.tmp_save
2024-10-29 14:34:52,853 [INFO] CodeEngine:279 - Generated code: D:\thor_work\2024\MyDemo\day0\untitled\MXTmpFiles\rtos_inc.tmp
2024-10-29 14:34:52,858 [INFO] CodeEngine:255 - oldGeneratedFile, D:\thor_work\2024\MyDemo\day0\untitled\MXTmpFiles\rtos_kernelInit.tmp_save
2024-10-29 14:34:52,893 [INFO] CodeEngine:279 - Generated code: D:\thor_work\2024\MyDemo\day0\untitled\MXTmpFiles\rtos_kernelInit.tmp
2024-10-29 14:34:52,898 [INFO] CodeEngine:255 - oldGeneratedFile, D:\thor_work\2024\MyDemo\day0\untitled\MXTmpFiles\rtos_kernelStart.tmp_save
2024-10-29 14:34:52,934 [INFO] CodeEngine:279 - Generated code: D:\thor_work\2024\MyDemo\day0\untitled\MXTmpFiles\rtos_kernelStart.tmp
2024-10-29 14:34:52,939 [INFO] CodeEngine:255 - oldGeneratedFile, D:\thor_work\2024\MyDemo\day0\untitled\MXTmpFiles\rtos_typedefs.tmp_save
2024-10-29 14:34:52,974 [INFO] CodeEngine:279 - Generated code: D:\thor_work\2024\MyDemo\day0\untitled\MXTmpFiles\rtos_typedefs.tmp
2024-10-29 14:34:52,978 [INFO] CodeEngine:255 - oldGeneratedFile, D:\thor_work\2024\MyDemo\day0\untitled\MXTmpFiles\rtos_vars.tmp_save
2024-10-29 14:34:53,013 [INFO] CodeEngine:279 - Generated code: D:\thor_work\2024\MyDemo\day0\untitled\MXTmpFiles\rtos_vars.tmp
2024-10-29 14:34:53,017 [INFO] CodeEngine:255 - oldGeneratedFile, D:\thor_work\2024\MyDemo\day0\untitled\MXTmpFiles\rtos_pfp.tmp_save
2024-10-29 14:34:53,051 [INFO] CodeEngine:279 - Generated code: D:\thor_work\2024\MyDemo\day0\untitled\MXTmpFiles\rtos_pfp.tmp
2024-10-29 14:34:53,055 [INFO] CodeEngine:255 - oldGeneratedFile, D:\thor_work\2024\MyDemo\day0\untitled\MXTmpFiles\rtos_obj_creat.tmp_save
2024-10-29 14:34:53,091 [INFO] CodeEngine:279 - Generated code: D:\thor_work\2024\MyDemo\day0\untitled\MXTmpFiles\rtos_obj_creat.tmp
2024-10-29 14:34:53,096 [INFO] CodeEngine:255 - oldGeneratedFile, D:\thor_work\2024\MyDemo\day0\untitled\MXTmpFiles\rtos_default_thread.tmp_save
2024-10-29 14:34:53,134 [INFO] CodeEngine:279 - Generated code: D:\thor_work\2024\MyDemo\day0\untitled\MXTmpFiles\rtos_default_thread.tmp
2024-10-29 14:34:53,138 [INFO] CodeEngine:255 - oldGeneratedFile, D:\thor_work\2024\MyDemo\day0\untitled\MXTmpFiles\rtos_threads.tmp_save
2024-10-29 14:34:53,171 [INFO] CodeEngine:279 - Generated code: D:\thor_work\2024\MyDemo\day0\untitled\MXTmpFiles\rtos_threads.tmp
2024-10-29 14:34:53,194 [INFO] Middleware:1439 - No code input for Bsp Dependency
2024-10-29 14:34:53,205 [INFO] CodeEngine:255 - oldGeneratedFile, D:\thor_work\2024\MyDemo\day0\untitled\MXTmpFiles\rtos_inc.tmp_save
2024-10-29 14:34:53,245 [INFO] CodeEngine:279 - Generated code: D:\thor_work\2024\MyDemo\day0\untitled\MXTmpFiles\rtos_inc.tmp
2024-10-29 14:34:53,252 [INFO] CodeEngine:255 - oldGeneratedFile, D:\thor_work\2024\MyDemo\day0\untitled\MXTmpFiles\rtos_kernelInit.tmp_save
2024-10-29 14:34:53,285 [INFO] CodeEngine:279 - Generated code: D:\thor_work\2024\MyDemo\day0\untitled\MXTmpFiles\rtos_kernelInit.tmp
2024-10-29 14:34:53,292 [INFO] CodeEngine:255 - oldGeneratedFile, D:\thor_work\2024\MyDemo\day0\untitled\MXTmpFiles\rtos_kernelStart.tmp_save
2024-10-29 14:34:53,327 [INFO] CodeEngine:279 - Generated code: D:\thor_work\2024\MyDemo\day0\untitled\MXTmpFiles\rtos_kernelStart.tmp
2024-10-29 14:34:53,334 [INFO] CodeEngine:255 - oldGeneratedFile, D:\thor_work\2024\MyDemo\day0\untitled\MXTmpFiles\rtos_typedefs.tmp_save
2024-10-29 14:34:53,368 [INFO] CodeEngine:279 - Generated code: D:\thor_work\2024\MyDemo\day0\untitled\MXTmpFiles\rtos_typedefs.tmp
2024-10-29 14:34:53,375 [INFO] CodeEngine:255 - oldGeneratedFile, D:\thor_work\2024\MyDemo\day0\untitled\MXTmpFiles\rtos_vars.tmp_save
2024-10-29 14:34:53,410 [INFO] CodeEngine:279 - Generated code: D:\thor_work\2024\MyDemo\day0\untitled\MXTmpFiles\rtos_vars.tmp
2024-10-29 14:34:53,417 [INFO] CodeEngine:255 - oldGeneratedFile, D:\thor_work\2024\MyDemo\day0\untitled\MXTmpFiles\rtos_pfp.tmp_save
2024-10-29 14:34:53,451 [INFO] CodeEngine:279 - Generated code: D:\thor_work\2024\MyDemo\day0\untitled\MXTmpFiles\rtos_pfp.tmp
2024-10-29 14:34:53,459 [INFO] CodeEngine:255 - oldGeneratedFile, D:\thor_work\2024\MyDemo\day0\untitled\MXTmpFiles\rtos_obj_creat.tmp_save
2024-10-29 14:34:53,496 [INFO] CodeEngine:279 - Generated code: D:\thor_work\2024\MyDemo\day0\untitled\MXTmpFiles\rtos_obj_creat.tmp
2024-10-29 14:34:53,503 [INFO] CodeEngine:255 - oldGeneratedFile, D:\thor_work\2024\MyDemo\day0\untitled\MXTmpFiles\rtos_default_thread.tmp_save
2024-10-29 14:34:53,539 [INFO] CodeEngine:279 - Generated code: D:\thor_work\2024\MyDemo\day0\untitled\MXTmpFiles\rtos_default_thread.tmp
2024-10-29 14:34:53,546 [INFO] CodeEngine:255 - oldGeneratedFile, D:\thor_work\2024\MyDemo\day0\untitled\MXTmpFiles\rtos_threads.tmp_save
2024-10-29 14:34:53,581 [INFO] CodeEngine:279 - Generated code: D:\thor_work\2024\MyDemo\day0\untitled\MXTmpFiles\rtos_threads.tmp
2024-10-29 14:34:53,587 [INFO] CodeEngine:255 - oldGeneratedFile, D:\thor_work\2024\MyDemo\day0\untitled\Core\Inc\FreeRTOSConfig.h_save
2024-10-29 14:34:53,634 [INFO] CodeEngine:279 - Generated code: D:\thor_work\2024\MyDemo\day0\untitled\Core\Inc\FreeRTOSConfig.h
2024-10-29 14:34:53,642 [INFO] CodeEngine:255 - oldGeneratedFile, D:\thor_work\2024\MyDemo\day0\untitled\Core\Src\freertos.c_save
2024-10-29 14:34:53,681 [INFO] CodeEngine:279 - Generated code: D:\thor_work\2024\MyDemo\day0\untitled\Core\Src\freertos.c
2024-10-29 14:34:53,701 [INFO] CodeEngine:255 - oldGeneratedFile, D:\thor_work\2024\MyDemo\day0\untitled\Core\Src\stm32f1xx_it.c_save
2024-10-29 14:34:53,810 [INFO] CodeEngine:279 - Generated code: D:\thor_work\2024\MyDemo\day0\untitled\Core\Src\stm32f1xx_it.c
2024-10-29 14:34:53,818 [INFO] CodeEngine:255 - oldGeneratedFile, D:\thor_work\2024\MyDemo\day0\untitled\Core\Inc\stm32f1xx_it.h_save
2024-10-29 14:34:53,857 [INFO] CodeEngine:279 - Generated code: D:\thor_work\2024\MyDemo\day0\untitled\Core\Inc\stm32f1xx_it.h
2024-10-29 14:34:53,873 [INFO] CodeEngine:255 - oldGeneratedFile, D:\thor_work\2024\MyDemo\day0\untitled\Core\Src\stm32f1xx_hal_msp.c_save
2024-10-29 14:34:53,931 [INFO] CodeEngine:279 - Generated code: D:\thor_work\2024\MyDemo\day0\untitled\Core\Src\stm32f1xx_hal_msp.c
2024-10-29 14:34:53,937 [INFO] CodeEngine:255 - oldGeneratedFile, D:\thor_work\2024\MyDemo\day0\untitled\MXTmpFiles\system.tmp_save
2024-10-29 14:34:53,971 [INFO] CodeEngine:279 - Generated code: D:\thor_work\2024\MyDemo\day0\untitled\MXTmpFiles\system.tmp
2024-10-29 14:34:53,978 [INFO] CodeEngine:255 - oldGeneratedFile, D:\thor_work\2024\MyDemo\day0\untitled\Core\Src\stm32f1xx_hal_timebase_tim.c_save
2024-10-29 14:34:54,020 [INFO] CodeEngine:279 - Generated code: D:\thor_work\2024\MyDemo\day0\untitled\Core\Src\stm32f1xx_hal_timebase_tim.c
2024-10-29 14:34:54,034 [INFO] CodeEngine:311 - oldGeneratedFile, D:\thor_work\2024\MyDemo\day0\untitled\Core\Inc\stm32f1xx_hal_conf.h_save
2024-10-29 14:34:54,075 [INFO] CodeEngine:335 - Generated code: D:\thor_work\2024\MyDemo\day0\untitled\Core\Inc\stm32f1xx_hal_conf.h
2024-10-29 14:34:54,088 [WARN] IPConfigManager:3554 - IP not found : TIM
2024-10-29 14:34:54,089 [WARN] CodeGenerator:4002 - IP not found : null
2024-10-29 14:34:54,099 [INFO] CodeEngine:255 - oldGeneratedFile, D:\thor_work\2024\MyDemo\day0\untitled\Core\Inc\main.h_save
2024-10-29 14:34:54,147 [INFO] CodeEngine:279 - Generated code: D:\thor_work\2024\MyDemo\day0\untitled\Core\Inc\main.h
2024-10-29 14:34:54,154 [INFO] CodeEngine:255 - oldGeneratedFile, D:\thor_work\2024\MyDemo\day0\untitled\Core\Src\main.c_save
2024-10-29 14:34:54,233 [INFO] CodeEngine:279 - Generated code: D:\thor_work\2024\MyDemo\day0\untitled\Core\Src\main.c
2024-10-29 14:34:55,147 [INFO] ProjectBuilder:3249 - Time for Copy HAL[1] : 748mS.
2024-10-29 14:34:55,157 [INFO] ProjectBuilder:4828 - Project Generator version: 4.5.0-B34
2024-10-29 14:34:55,203 [INFO] ConfigFileManager:1531 - The Die is : DIE414
2024-10-29 14:34:56,167 [INFO] ProjectBuilder:5097 - Time for Generating toolchain IDE Files: 1011mS.
2024-10-29 14:34:56,168 [INFO] ProjectBuilder:3107 - Time for Copy CMSIS : 1mS.
2024-10-29 14:34:56,197 [INFO] ProjectBuilder:3107 - Time for Copy CMSIS : 0mS.
2024-10-29 14:38:55,721 [ERROR] ConfigurationRetriever:142 - IOException on connection: sw-center.st.com
2024-10-29 14:38:55,722 [ERROR] ConfigurationRetriever:142 - IOException on connection: sw-center.st.com
2024-10-29 14:38:55,722 [ERROR] ConfigurationRetriever:142 - IOException on connection: sw-center.st.com
2024-10-29 14:41:12,716 [ERROR] ConfigurationRetriever:142 - IOException on connection: Read timed out
2024-10-29 14:52:35,307 [INFO] MainUpdater:2873 - connection check result : 10
2024-10-29 14:52:35,307 [INFO] MainUpdater:2873 - connection check result : 10
2024-10-29 14:52:35,340 [INFO] MicroXplorer:468 - Change Database Path : 
2024-10-29 14:52:35,340 [INFO] MicroXplorer:498 - Change Database Version : DB.6.0.121
2024-10-29 14:52:35,345 [ERROR] ProjectManagerView:394 - 
java.lang.NullPointerException: Cannot invoke "javax.swing.JTextField.getText()" because the return value of "java.util.List.get(int)" is null
	at com.st.microxplorer.plugins.projectmanager.gui.ProjectChoiceTab$10.caretUpdate(ProjectChoiceTab.java:2622) ~[filemanager.jar:?]
	at javax.swing.text.JTextComponent.fireCaretUpdate(JTextComponent.java:412) ~[?:?]
	at javax.swing.text.JTextComponent$MutableCaretEvent.fire(JTextComponent.java:4491) ~[?:?]
	at javax.swing.text.JTextComponent$MutableCaretEvent.stateChanged(JTextComponent.java:4513) ~[?:?]
	at javax.swing.text.DefaultCaret.fireStateChanged(DefaultCaret.java:842) ~[?:?]
	at javax.swing.text.DefaultCaret.changeCaretPosition(DefaultCaret.java:1313) ~[?:?]
	at javax.swing.text.DefaultCaret.handleSetDot(DefaultCaret.java:1212) ~[?:?]
	at javax.swing.text.DefaultCaret.setDot(DefaultCaret.java:1193) ~[?:?]
	at javax.swing.text.DefaultCaret$Handler.insertUpdate(DefaultCaret.java:1789) ~[?:?]
	at javax.swing.text.AbstractDocument.fireInsertUpdate(AbstractDocument.java:226) ~[?:?]
	at javax.swing.text.AbstractDocument.handleInsertString(AbstractDocument.java:780) ~[?:?]
	at javax.swing.text.AbstractDocument.insertString(AbstractDocument.java:739) ~[?:?]
	at javax.swing.text.PlainDocument.insertString(PlainDocument.java:131) ~[?:?]
	at javax.swing.text.AbstractDocument.replace(AbstractDocument.java:698) ~[?:?]
	at javax.swing.text.JTextComponent.setText(JTextComponent.java:1729) ~[?:?]
	at com.st.microxplorer.plugins.projectmanager.gui.ProjectChoiceTab.createHeapStackFields(ProjectChoiceTab.java:972) ~[filemanager.jar:?]
	at com.st.microxplorer.plugins.projectmanager.gui.ProjectChoiceTab.buildLinkSettingsPanel(ProjectChoiceTab.java:3597) ~[filemanager.jar:?]
	at com.st.microxplorer.plugins.projectmanager.gui.ProjectChoiceTab.defineWindowsFields(ProjectChoiceTab.java:1940) ~[filemanager.jar:?]
	at com.st.microxplorer.plugins.projectmanager.gui.ProjectChoiceTab.updateSettings(ProjectChoiceTab.java:550) ~[filemanager.jar:?]
	at com.st.microxplorer.plugins.projectmanager.gui.ProjectSettingsPanel.UpdateDialog(ProjectSettingsPanel.java:245) ~[filemanager.jar:?]
	at com.st.microxplorer.plugins.projectmanager.ProjectManagerView.propertyChange(ProjectManagerView.java:391) ~[filemanager.jar:?]
	at java.beans.PropertyChangeSupport.fire(PropertyChangeSupport.java:343) ~[?:?]
	at java.beans.PropertyChangeSupport.firePropertyChange(PropertyChangeSupport.java:335) ~[?:?]
	at java.beans.PropertyChangeSupport.firePropertyChange(PropertyChangeSupport.java:268) ~[?:?]
	at com.st.microxplorer.util.MXPropertyChangeSupport.firePropertyChange(MXPropertyChangeSupport.java:54) ~[STM32CubeMX.jar:?]
	at com.st.microxplorer.mxsystem.MxSystem.closeConfig(MxSystem.java:900) ~[STM32CubeMX.jar:?]
	at com.st.microxplorer.maingui.MainPanel.closeConfig(MainPanel.java:781) ~[STM32CubeMX.jar:?]
	at com.st.microxplorer.plugins.filemanager.engine.OpenFileManager.loadConfigurationFile(OpenFileManager.java:265) ~[filemanager.jar:?]
	at com.st.microxplorer.plugins.filemanager.engine.MainFileManager.userLoadConfig(MainFileManager.java:352) ~[filemanager.jar:?]
	at com.st.microxplorer.plugins.filemanager.engine.MainFileManager.userLoadConfig(MainFileManager.java:330) ~[filemanager.jar:?]
	at com.st.microxplorer.plugins.filemanager.FileManagerView.getSpecificTask(FileManagerView.java:246) ~[filemanager.jar:?]
	at com.st.stm32cube.common.mx.editor.CubeMxEditor.getMxTabbedPaneInstance(CubeMxEditor.java:1198) ~[com.st.stm32cube.common.mx_6.12.1.202409122256/:?]
	at com.st.stm32cube.common.mx.editor.CubeMxEditor$12$1.createSwingComponent(CubeMxEditor.java:1068) ~[com.st.stm32cube.common.mx_6.12.1.202409122256/:?]
	at com.st.stm32cube.common.mx.oss.core.awtswtbridge.EmbeddedSwingComposite.doComponentCreation(EmbeddedSwingComposite.java:492) ~[com.st.stm32cube.common.mx.oss_6.12.1.202409122256/:?]
	at com.st.stm32cube.common.mx.oss.core.awtswtbridge.EmbeddedSwingComposite$4.run(EmbeddedSwingComposite.java:291) ~[com.st.stm32cube.common.mx.oss_6.12.1.202409122256/:?]
	at com.st.stm32cube.common.mx.oss.core.awtswtbridge.AwtEnvironment$2.run(AwtEnvironment.java:166) ~[com.st.stm32cube.common.mx.oss_6.12.1.202409122256/:?]
	at java.awt.event.InvocationEvent.dispatch(InvocationEvent.java:318) ~[?:?]
	at java.awt.EventQueue.dispatchEventImpl(EventQueue.java:773) ~[?:?]
	at java.awt.EventQueue$4.run(EventQueue.java:720) ~[?:?]
	at java.awt.EventQueue$4.run(EventQueue.java:714) ~[?:?]
	at java.security.AccessController.doPrivileged(AccessController.java:399) ~[?:?]
	at java.security.ProtectionDomain$JavaSecurityAccessImpl.doIntersectionPrivilege(ProtectionDomain.java:86) ~[?:?]
	at java.awt.EventQueue.dispatchEvent(EventQueue.java:742) ~[?:?]
	at java.awt.EventDispatchThread.pumpOneEventForFilters(EventDispatchThread.java:203) ~[?:?]
	at java.awt.EventDispatchThread.pumpEventsForFilter(EventDispatchThread.java:124) ~[?:?]
	at java.awt.EventDispatchThread.pumpEventsForHierarchy(EventDispatchThread.java:113) ~[?:?]
	at java.awt.EventDispatchThread.pumpEvents(EventDispatchThread.java:109) ~[?:?]
	at java.awt.EventDispatchThread.pumpEvents(EventDispatchThread.java:101) ~[?:?]
	at java.awt.EventDispatchThread.run(EventDispatchThread.java:90) ~[?:?]
2024-10-29 14:52:35,345 [WARN] ThirdParty:871 - waiting for thirdparty lock release [close project]
2024-10-29 14:52:35,345 [INFO] ThirdParty:873 - entering critical section [close project]
2024-10-29 14:52:35,345 [INFO] ThirdParty:883 - exiting critical section [close project]
2024-10-29 14:52:35,346 [INFO] PinOutPanel:1561 - setPackage(No Configuration,No Configuration)
2024-10-29 14:52:35,349 [INFO] UtilMem:75 - Begin LoadConfig() Used Memory: 416451712 Bytes (1024458752)
2024-10-29 14:52:35,350 [INFO] MicroXplorer:468 - Change Database Path : 
2024-10-29 14:52:35,350 [INFO] MicroXplorer:498 - Change Database Version : DB.6.0.121
2024-10-29 14:52:35,350 [INFO] OpenFileManager:332 - Change cursor
2024-10-29 14:52:35,361 [INFO] RulesReader:64 - Compatibility file has been processed (297 Rules)
2024-10-29 14:52:35,365 [INFO] Mcu:2032 - Initializing MCU STM32F103Z(C-D-E)Tx STM32F103ZETx STM32F103ZET6
2024-10-29 14:52:36,096 [INFO] Context:742 - Trying to add GPIOservice into a context  which must be forbidden
2024-10-29 14:52:36,285 [INFO] RtosManager:555 - Registered RTOS mode: class=CMSIS, group=RTOS, mode=CMSIS_V1, owner=FREERTOS
2024-10-29 14:52:36,285 [INFO] RtosManager:555 - Registered RTOS mode: class=CMSIS, group=RTOS2, mode=CMSIS_V2, owner=FREERTOS
2024-10-29 14:52:36,285 [INFO] RtosManager:555 - Registered RTOS mode: class=RTOS, group=Core, mode=CMSIS_V1, owner=FREERTOS
2024-10-29 14:52:36,285 [INFO] RtosManager:555 - Registered RTOS mode: class=RTOS, group=Core, mode=CMSIS_V2, owner=FREERTOS
2024-10-29 14:52:36,285 [WARN] ModelIntegratedComponent:184 - Missing modes for component STMicroelectronics:FreeRTOS:0.0.1:STMicroelectronics:RTOS:FreeRTOS:Core:::10.2.0:
2024-10-29 14:52:36,287 [WARN] ModelIntegratedComponent:63 - No mode defined for component null
2024-10-29 14:52:36,287 [WARN] ModelIntegratedComponent:63 - No mode defined for component null
2024-10-29 14:52:36,287 [WARN] ModelIntegratedComponent:63 - No mode defined for component null
2024-10-29 14:52:36,287 [WARN] ModelIntegratedComponent:63 - No mode defined for component null
2024-10-29 14:52:36,287 [WARN] ModelIntegratedComponent:63 - No mode defined for component null
2024-10-29 14:52:36,287 [WARN] ModelIntegratedComponent:63 - No mode defined for component null
2024-10-29 14:52:36,287 [WARN] ModelIntegratedComponent:63 - No mode defined for component null
2024-10-29 14:52:36,287 [WARN] ModelIntegratedComponent:63 - No mode defined for component null
2024-10-29 14:52:36,287 [WARN] ModelIntegratedComponent:63 - No mode defined for component null
2024-10-29 14:52:36,287 [WARN] ModelIntegratedComponent:63 - No mode defined for component null
2024-10-29 14:52:36,287 [WARN] ModelIntegratedComponent:63 - No mode defined for component null
2024-10-29 14:52:36,287 [WARN] ModelIntegratedComponent:63 - No mode defined for component null
2024-10-29 14:52:36,287 [WARN] ModelIntegratedComponent:63 - No mode defined for component null
2024-10-29 14:52:36,287 [WARN] ModelIntegratedComponent:63 - No mode defined for component null
2024-10-29 14:52:36,287 [WARN] ModelIntegratedComponent:63 - No mode defined for component null
2024-10-29 14:52:36,287 [WARN] ModelIntegratedComponent:63 - No mode defined for component null
2024-10-29 14:52:36,287 [WARN] ModelIntegratedComponent:63 - No mode defined for component null
2024-10-29 14:52:36,287 [WARN] ModelIntegratedComponent:63 - No mode defined for component null
2024-10-29 14:52:36,287 [WARN] ModelIntegratedComponent:63 - No mode defined for component null
2024-10-29 14:52:36,287 [WARN] ModelIntegratedComponent:63 - No mode defined for component null
2024-10-29 14:52:36,287 [WARN] ModelIntegratedComponent:63 - No mode defined for component null
2024-10-29 14:52:36,287 [WARN] ModelIntegratedComponent:63 - No mode defined for component null
2024-10-29 14:52:36,287 [WARN] ModelIntegratedComponent:63 - No mode defined for component null
2024-10-29 14:52:36,287 [WARN] ModelIntegratedComponent:63 - No mode defined for component null
2024-10-29 14:52:36,287 [WARN] ModelIntegratedComponent:63 - No mode defined for component null
2024-10-29 14:52:36,287 [WARN] ModelIntegratedComponent:63 - No mode defined for component null
2024-10-29 14:52:36,287 [WARN] ModelIntegratedComponent:63 - No mode defined for component null
2024-10-29 14:52:36,287 [WARN] ModelIntegratedComponent:63 - No mode defined for component null
2024-10-29 14:52:36,287 [WARN] ModelIntegratedComponent:63 - No mode defined for component null
2024-10-29 14:52:36,287 [WARN] ModelIntegratedComponent:63 - No mode defined for component null
2024-10-29 14:52:36,288 [WARN] ModelIntegratedComponent:63 - No mode defined for component null
2024-10-29 14:52:36,288 [WARN] ModelIntegratedComponent:63 - No mode defined for component null
2024-10-29 14:52:36,288 [WARN] ModelIntegratedComponent:63 - No mode defined for component null
2024-10-29 14:52:36,288 [WARN] ModelIntegratedComponent:63 - No mode defined for component null
2024-10-29 14:52:36,288 [WARN] ModelIntegratedComponent:63 - No mode defined for component null
2024-10-29 14:52:36,288 [WARN] ModelPack:524 - Component already loaded: STMicroelectronics:HAL Drivers:0.0.0:STMicroelectronics:Device:STMicro_Driver:XSPI:HAL::0.0.1:HAL_XSPI
2024-10-29 14:52:36,394 [INFO] ThirdPartyModel:298 - Start build external matchings
2024-10-29 14:52:37,361 [INFO] ThirdPartyModel:316 - End build external matchings
2024-10-29 14:52:37,379 [INFO] RtosManager:919 - Current active RTOS is FREERTOS [Cortex-M3NS]
2024-10-29 14:52:37,380 [INFO] ImportTextPane:205 - (OptionalMessage_ERROR) IP (RCC) : Parameter (ADCFreqValue) has invalid value (36000000)
2024-10-29 14:52:37,380 [INFO] ImportTextPane:205 - (OptionalMessage_ERROR) IP (RCC) : Invalid parameter (FamilyName)
2024-10-29 14:52:37,380 [INFO] ImportTextPane:205 - (OptionalMessage_ERROR) IP (RCC) : Parameter (MCOFreq_Value) has invalid value (72000000)
2024-10-29 14:52:37,381 [INFO] ImportTextPane:205 - (OptionalMessage_ERROR) IP (RCC) : Parameter (USBFreq_Value) has invalid value (72000000)
2024-10-29 14:52:37,647 [INFO] UtilMem:75 - End LoadConfig() Used Memory: 629566032 Bytes (1024458752)
2024-10-29 14:52:37,680 [WARN] ThirdParty:833 - waiting for thirdparty lock release [change project]
2024-10-29 14:52:37,681 [INFO] ThirdParty:835 - entering critical section [change project]
2024-10-29 14:52:37,681 [INFO] ThirdParty:1030 - CMSIS Pack Vendor :STMicroelectronics USBPD 4.1
2024-10-29 14:52:37,681 [INFO] ThirdParty:1030 - CMSIS Pack Vendor :STMicroelectronics X-CUBE-GNSS1 6.0.0
2024-10-29 14:52:37,681 [INFO] ThirdParty:1030 - CMSIS Pack Vendor :STMicroelectronics USB_HOST 2.0.0
2024-10-29 14:52:37,681 [INFO] ThirdParty:1030 - CMSIS Pack Vendor :STMicroelectronics FP-SNS-MOTENVWB1 1.4.0
2024-10-29 14:52:37,681 [INFO] ThirdParty:1030 - CMSIS Pack Vendor :STMicroelectronics X-CUBE-AZRTOS-F4 1.1.0
2024-10-29 14:52:37,681 [INFO] ThirdParty:1030 - CMSIS Pack Vendor :STMicroelectronics LIBJPEG 8.0.0
2024-10-29 14:52:37,681 [INFO] ThirdParty:1030 - CMSIS Pack Vendor :STMicroelectronics X-CUBE-SMBUS 2.1.0
2024-10-29 14:52:37,681 [INFO] ThirdParty:1030 - CMSIS Pack Vendor :STMicroelectronics X-CUBE-WB05N 1.1.0
2024-10-29 14:52:37,681 [INFO] ThirdParty:1030 - CMSIS Pack Vendor :STMicroelectronics X-CUBE-ISPU 2.1.0
2024-10-29 14:52:37,681 [INFO] ThirdParty:1030 - CMSIS Pack Vendor :STMicroelectronics X-CUBE-FREERTOS 1.2.0
2024-10-29 14:52:37,681 [INFO] ThirdParty:1030 - CMSIS Pack Vendor :STMicroelectronics X-CUBE-AZRTOS-F7 1.1.0
2024-10-29 14:52:37,681 [INFO] ThirdParty:1030 - CMSIS Pack Vendor :STMicroelectronics X-CUBE-AZRTOS-L5 2.0.0
2024-10-29 14:52:37,681 [INFO] ThirdParty:1030 - CMSIS Pack Vendor :STMicroelectronics USB_DEVICE 2.0.0
2024-10-29 14:52:37,681 [INFO] ThirdParty:1030 - CMSIS Pack Vendor :STMicroelectronics X-CUBE-MEMS1 9.6.0
2024-10-29 14:52:37,681 [INFO] ThirdParty:1030 - CMSIS Pack Vendor :STMicroelectronics X-CUBE-EEPRMA1 4.2.0
2024-10-29 14:52:37,681 [INFO] ThirdParty:1030 - CMSIS Pack Vendor :STMicroelectronics X-CUBE-NFC6 3.1.0
2024-10-29 14:52:37,681 [INFO] ThirdParty:1030 - CMSIS Pack Vendor :ITTIA_DB I-CUBE-ITTIADB 8.8.0
2024-10-29 14:52:37,681 [INFO] ThirdParty:1030 - CMSIS Pack Vendor :STMicroelectronics FP-SNS-MOTENV1 4.3.2
2024-10-29 14:52:37,681 [INFO] ThirdParty:1030 - CMSIS Pack Vendor :STMicroelectronics X-CUBE-MEMS1 11.0.0
2024-10-29 14:52:37,681 [INFO] ThirdParty:1030 - CMSIS Pack Vendor :STMicroelectronics X-CUBE-BLE1 6.2.4
2024-10-29 14:52:37,681 [INFO] ThirdParty:1030 - CMSIS Pack Vendor :STMicroelectronics FreeRTOS 0.0.1
2024-10-29 14:52:37,681 [INFO] ThirdParty:1030 - CMSIS Pack Vendor :emotas I-CUBE-CANOPEN 1.1.3
2024-10-29 14:52:37,681 [INFO] ThirdParty:1030 - CMSIS Pack Vendor :STMicroelectronics X-CUBE-BLEMGR 2.0.0
2024-10-29 14:52:37,681 [INFO] ThirdParty:1030 - CMSIS Pack Vendor :STMicroelectronics X-CUBE-DPower 1.2.0
2024-10-29 14:52:37,681 [INFO] ThirdParty:1030 - CMSIS Pack Vendor :STMicroelectronics FP-SNS-FLIGHT1 5.0.2
2024-10-29 14:52:37,681 [INFO] ThirdParty:1030 - CMSIS Pack Vendor :STMicroelectronics X-CUBE-AI 9.0.0
2024-10-29 14:52:37,681 [INFO] ThirdParty:1030 - CMSIS Pack Vendor :STMicroelectronics X-CUBE-AZRTOS-H7 3.1.0
2024-10-29 14:52:37,681 [INFO] ThirdParty:1030 - CMSIS Pack Vendor :STMicroelectronics PDM2PCM 3.3.0
2024-10-29 14:52:37,681 [INFO] ThirdParty:1030 - CMSIS Pack Vendor :STMicroelectronics X-CUBE-DISPLAY 3.0.0
2024-10-29 14:52:37,681 [INFO] ThirdParty:1030 - CMSIS Pack Vendor :STMicroelectronics X-CUBE-BLE1 7.0.0
2024-10-29 14:52:37,681 [INFO] ThirdParty:1030 - CMSIS Pack Vendor :STMicroelectronics X-CUBE-NFC10 1.0.0
2024-10-29 14:52:37,681 [INFO] ThirdParty:1030 - CMSIS Pack Vendor :wolfSSL I-CUBE-wolfSSL 5.5.4
2024-10-29 14:52:37,681 [INFO] ThirdParty:1030 - CMSIS Pack Vendor :STMicroelectronics HAL Drivers 0.0.0
2024-10-29 14:52:37,681 [INFO] ThirdParty:1030 - CMSIS Pack Vendor :STMicroelectronics X-CUBE-TOUCHGFX 4.22.0
2024-10-29 14:52:37,681 [INFO] ThirdParty:1030 - CMSIS Pack Vendor :STMicroelectronics X-CUBE-NFC7 1.0.1
2024-10-29 14:52:37,681 [INFO] ThirdParty:1030 - CMSIS Pack Vendor :STMicroelectronics MBEDTLS 2.14.1
2024-10-29 14:52:37,682 [INFO] ThirdParty:1030 - CMSIS Pack Vendor :STMicroelectronics X-CUBE-NFC7 1.0.0
2024-10-29 14:52:37,682 [INFO] ThirdParty:1030 - CMSIS Pack Vendor :STMicroelectronics X-CUBE-TOUCHGFX 4.22.1
2024-10-29 14:52:37,682 [INFO] ThirdParty:1030 - CMSIS Pack Vendor :wolfSSL I-CUBE-wolfTPM 3.2.0
2024-10-29 14:52:37,682 [INFO] ThirdParty:1030 - CMSIS Pack Vendor :STMicroelectronics X-CUBE-NFC6 3.0.0
2024-10-29 14:52:37,682 [INFO] ThirdParty:1030 - CMSIS Pack Vendor :STMicroelectronics X-CUBE-EEPRMA1 4.1.0
2024-10-29 14:52:37,682 [INFO] ThirdParty:1030 - CMSIS Pack Vendor :STMicroelectronics X-CUBE-BLEMGR 3.1.0
2024-10-29 14:52:37,682 [INFO] ThirdParty:1030 - CMSIS Pack Vendor :STMicroelectronics FP-SNS-SMARTAG2 1.2.0
2024-10-29 14:52:37,682 [INFO] ThirdParty:1030 - CMSIS Pack Vendor :STMicroelectronics X-CUBE-AZRTOS-WL 2.0.0
2024-10-29 14:52:37,682 [INFO] ThirdParty:1030 - CMSIS Pack Vendor :STMicroelectronics FP-SNS-MOTENV1 5.0.0
2024-10-29 14:52:37,682 [INFO] ThirdParty:1030 - CMSIS Pack Vendor :STMicroelectronics USB_DEVICE 1.0.0
2024-10-29 14:52:37,682 [INFO] ThirdParty:1030 - CMSIS Pack Vendor :STMicroelectronics X-CUBE-AI 8.1.0
2024-10-29 14:52:37,682 [INFO] ThirdParty:1030 - CMSIS Pack Vendor :wolfSSL I-CUBE-wolfMQTT 1.19.0
2024-10-29 14:52:37,682 [INFO] ThirdParty:1030 - CMSIS Pack Vendor :STMicroelectronics X-CUBE-AZRTOS-L4 2.0.0
2024-10-29 14:52:37,682 [INFO] ThirdParty:1030 - CMSIS Pack Vendor :STMicroelectronics ThreadX 0.0.2
2024-10-29 14:52:37,682 [INFO] ThirdParty:1030 - CMSIS Pack Vendor :WES I-CUBE-Cesium 1.3.0
2024-10-29 14:52:37,682 [INFO] ThirdParty:1030 - CMSIS Pack Vendor :STMicroelectronics lwIP 2.1.2
2024-10-29 14:52:37,682 [INFO] ThirdParty:1030 - CMSIS Pack Vendor :STMicroelectronics X-CUBE-SFXS2LP1 4.0.0
2024-10-29 14:52:37,682 [INFO] ThirdParty:1030 - CMSIS Pack Vendor :STMicroelectronics X-CUBE-BLE2 3.3.0
2024-10-29 14:52:37,682 [INFO] ThirdParty:1030 - CMSIS Pack Vendor :STMicroelectronics X-CUBE-TOF1 3.2.0
2024-10-29 14:52:37,682 [INFO] ThirdParty:1030 - CMSIS Pack Vendor :STMicroelectronics PDM2PCM 3.2.0
2024-10-29 14:52:37,682 [INFO] ThirdParty:1030 - CMSIS Pack Vendor :STMicroelectronics X-CUBE-AZRTOS-H7 3.0.0
2024-10-29 14:52:37,682 [INFO] ThirdParty:1030 - CMSIS Pack Vendor :STMicroelectronics X-CUBE-ISPU 1.1.0
2024-10-29 14:52:37,682 [INFO] ThirdParty:1030 - CMSIS Pack Vendor :STMicroelectronics X-CUBE-AZRTOS-H7 3.3.0
2024-10-29 14:52:37,682 [INFO] ThirdParty:1030 - CMSIS Pack Vendor :RoweBots I-CUBE-UNISONRTOS 5.5.0-4
2024-10-29 14:52:37,682 [INFO] ThirdParty:1030 - CMSIS Pack Vendor :STMicroelectronics X-CUBE-NFC9 1.0.0
2024-10-29 14:52:37,682 [INFO] ThirdParty:1030 - CMSIS Pack Vendor :STMicroelectronics USB_DEVICE 3.0.0
2024-10-29 14:52:37,682 [INFO] ThirdParty:1030 - CMSIS Pack Vendor :STMicroelectronics X-CUBE-TCPP 4.1.0
2024-10-29 14:52:37,682 [INFO] ThirdParty:1030 - CMSIS Pack Vendor :STMicroelectronics X-CUBE-IPS 3.0.0
2024-10-29 14:52:37,682 [INFO] ThirdParty:1030 - CMSIS Pack Vendor :STMicroelectronics X-CUBE-AZRTOS-WB 2.0.0
2024-10-29 14:52:37,682 [INFO] ThirdParty:1030 - CMSIS Pack Vendor :STMicroelectronics X-CUBE-FREERTOS 1.0.1
2024-10-29 14:52:37,682 [INFO] ThirdParty:1030 - CMSIS Pack Vendor :STMicroelectronics X-CUBE-TOUCHGFX 4.21.1
2024-10-29 14:52:37,682 [INFO] ThirdParty:1030 - CMSIS Pack Vendor :STMicroelectronics X-CUBE-GNSS1 7.0.0
2024-10-29 14:52:37,682 [INFO] ThirdParty:1030 - CMSIS Pack Vendor :STMicroelectronics X-CUBE-MEMS1 9.4.0
2024-10-29 14:52:37,682 [INFO] ThirdParty:1030 - CMSIS Pack Vendor :STMicroelectronics X-CUBE-AI 7.3.0
2024-10-29 14:52:37,682 [INFO] ThirdParty:1030 - CMSIS Pack Vendor :STMicroelectronics FP-SNS-STBOX1 2.0.0
2024-10-29 14:52:37,682 [INFO] ThirdParty:1030 - CMSIS Pack Vendor :STMicroelectronics X-CUBE-ALGOBUILD 1.3.0
2024-10-29 14:52:37,682 [INFO] ThirdParty:1030 - CMSIS Pack Vendor :STMicroelectronics X-CUBE-AZRTOS-L5 1.1.0
2024-10-29 14:52:37,682 [INFO] ThirdParty:1030 - CMSIS Pack Vendor :STMicroelectronics X-CUBE-AZRTOS-G0 1.1.0
2024-10-29 14:52:37,682 [INFO] ThirdParty:1030 - CMSIS Pack Vendor :STMicroelectronics X-CUBE-AI 8.0.1
2024-10-29 14:52:37,682 [INFO] ThirdParty:1030 - CMSIS Pack Vendor :STMicroelectronics X-CUBE-SAFEA1 1.2.2
2024-10-29 14:52:37,682 [INFO] ThirdParty:1030 - CMSIS Pack Vendor :STMicroelectronics X-CUBE-NFC4 3.0.0
2024-10-29 14:52:37,682 [INFO] ThirdParty:1030 - CMSIS Pack Vendor :STMicroelectronics X-CUBE-SUBG2 5.0.0
2024-10-29 14:52:37,682 [INFO] ThirdParty:1030 - CMSIS Pack Vendor :STMicroelectronics STM32_WPAN 1.0.0
2024-10-29 14:52:37,682 [INFO] ThirdParty:1030 - CMSIS Pack Vendor :EmbeddedOffice I-CUBE-FS-RTOS 1.0.1
2024-10-29 14:52:37,682 [INFO] ThirdParty:1030 - CMSIS Pack Vendor :STMicroelectronics lwIP 2.0.3
2024-10-29 14:52:37,683 [INFO] ThirdParty:1030 - CMSIS Pack Vendor :Cesanta I-CUBE-Mongoose 7.13.0
2024-10-29 14:52:37,683 [INFO] ThirdParty:1030 - CMSIS Pack Vendor :STMicroelectronics USB_HOST 1.0.0
2024-10-29 14:52:37,683 [INFO] ThirdParty:1030 - CMSIS Pack Vendor :STMicroelectronics X-CUBE-TOF1 3.3.1
2024-10-29 14:52:37,683 [INFO] ThirdParty:1030 - CMSIS Pack Vendor :STMicroelectronics X-CUBE-AZRTOS-G4 2.0.0
2024-10-29 14:52:37,683 [INFO] ThirdParty:1030 - CMSIS Pack Vendor :STMicroelectronics PDM2PCM 3.1.0
2024-10-29 14:52:37,683 [INFO] ThirdParty:1030 - CMSIS Pack Vendor :STMicroelectronics FP-ATR-ASTRA1 1.1.1
2024-10-29 14:52:37,683 [INFO] ThirdParty:1030 - CMSIS Pack Vendor :Infineon AIROC-Wi-Fi-Bluetooth-STM32 1.5.1
2024-10-29 14:52:37,683 [INFO] ThirdParty:1030 - CMSIS Pack Vendor :STMicroelectronics X-CUBE-BLEMGR 3.0.0
2024-10-29 14:52:37,683 [INFO] ThirdParty:1030 - CMSIS Pack Vendor :STMicroelectronics X-CUBE-BLEMGR 1.3.0
2024-10-29 14:52:37,683 [INFO] ThirdParty:1030 - CMSIS Pack Vendor :STMicroelectronics FP-SNS-MOTENVWB1 1.3.0
2024-10-29 14:52:37,683 [INFO] ThirdParty:1030 - CMSIS Pack Vendor :RealThread X-CUBE-RT-Thread_Nano 4.1.1
2024-10-29 14:52:37,683 [INFO] ThirdParty:1030 - CMSIS Pack Vendor :STMicroelectronics FP-SNS-MOTENVWB1 1.3.1
2024-10-29 14:52:37,683 [INFO] ThirdParty:1030 - CMSIS Pack Vendor :STMicroelectronics FP-ATR-SIGFOX1 3.2.0
2024-10-29 14:52:37,683 [INFO] ThirdParty:1030 - CMSIS Pack Vendor :STMicroelectronics X-CUBE-AZRTOS-G4 1.0.0
2024-10-29 14:52:37,683 [INFO] ThirdParty:1030 - CMSIS Pack Vendor :STMicroelectronics X-CUBE-AZRTOS-L4 1.0.0
2024-10-29 14:52:37,683 [INFO] ThirdParty:1030 - CMSIS Pack Vendor :STMicroelectronics X-CUBE-ISPU 2.0.0
2024-10-29 14:52:37,683 [INFO] ThirdParty:1030 - CMSIS Pack Vendor :STMicroelectronics X-CUBE-EEPRMA1 5.1.0
2024-10-29 14:52:37,683 [INFO] ThirdParty:1030 - CMSIS Pack Vendor :STMicroelectronics MBEDTLS 2.16.2
2024-10-29 14:52:37,683 [INFO] ThirdParty:1030 - CMSIS Pack Vendor :STMicroelectronics X-CUBE-ALS 1.0.2
2024-10-29 14:52:37,683 [INFO] ThirdParty:1030 - CMSIS Pack Vendor :STMicroelectronics X-CUBE-MEMS1 10.0.0
2024-10-29 14:52:37,683 [INFO] ThirdParty:1030 - CMSIS Pack Vendor :STMicroelectronics X-CUBE-FREERTOS 1.1.0
2024-10-29 14:52:37,683 [INFO] ThirdParty:1030 - CMSIS Pack Vendor :STMicroelectronics X-CUBE-TOUCHGFX 4.24.0
2024-10-29 14:52:37,683 [INFO] ThirdParty:1030 - CMSIS Pack Vendor :STMicroelectronics X-CUBE-AZRTOS-WL 1.0.0
2024-10-29 14:52:37,683 [INFO] ThirdParty:1030 - CMSIS Pack Vendor :STMicroelectronics X-CUBE-TOUCHGFX 4.24.1
2024-10-29 14:52:37,683 [INFO] ThirdParty:1030 - CMSIS Pack Vendor :portGmbH I-Cube-SoM-uGOAL 1.1.0
2024-10-29 14:52:37,683 [INFO] ThirdParty:1030 - CMSIS Pack Vendor :STMicroelectronics X-CUBE-ALS 1.0.1
2024-10-29 14:52:37,683 [INFO] ThirdParty:1030 - CMSIS Pack Vendor :STMicroelectronics X-CUBE-MEMS1 9.5.0
2024-10-29 14:52:37,683 [INFO] ThirdParty:1030 - CMSIS Pack Vendor :STMicroelectronics ThreadX 1.0.0
2024-10-29 14:52:37,683 [INFO] ThirdParty:1030 - CMSIS Pack Vendor :STMicroelectronics X-CUBE-AZRTOS-WB 1.1.0
2024-10-29 14:52:37,683 [INFO] ThirdParty:1030 - CMSIS Pack Vendor :SEGGER I-CUBE-embOS 1.3.1
2024-10-29 14:52:37,683 [INFO] ThirdParty:1030 - CMSIS Pack Vendor :STMicroelectronics X-CUBE-ALGOBUILD 1.4.0
2024-10-29 14:52:37,683 [INFO] ThirdParty:1030 - CMSIS Pack Vendor :STMicroelectronics X-CUBE-AZRTOS-H7RS 1.0.0
2024-10-29 14:52:37,683 [INFO] ThirdParty:1030 - CMSIS Pack Vendor :STMicroelectronics FP-ATR-ASTRA1 2.0.0
2024-10-29 14:52:37,683 [INFO] ThirdParty:1030 - CMSIS Pack Vendor :STMicroelectronics X-CUBE-TOF1 3.4.2
2024-10-29 14:52:37,683 [INFO] ThirdParty:1030 - CMSIS Pack Vendor :STMicroelectronics X-CUBE-AI 9.1.0
2024-10-29 14:52:37,683 [INFO] ThirdParty:1030 - CMSIS Pack Vendor :STMicroelectronics X-CUBE-TOF1 3.4.0
2024-10-29 14:52:37,683 [INFO] ThirdParty:1030 - CMSIS Pack Vendor :wolfSSL I-CUBE-wolfSSH 1.4.17
2024-10-29 14:52:37,683 [INFO] ThirdParty:841 - exiting critical section [change project]
2024-10-29 14:52:37,792 [INFO] PinOutPanel:1561 - setPackage(No Configuration,No Configuration)
2024-10-29 14:52:37,793 [INFO] PinOutPanel:1561 - setPackage(STM32F103ZETx,LQFP144)
2024-10-29 14:52:37,940 [INFO] UtilMem:75 - Before build in PCC Used Memory: 836167744 Bytes (1024458752)
2024-10-29 14:52:38,087 [INFO] UtilMem:75 - After build in PCC Used Memory: 349030688 Bytes (1024458752)
2024-10-29 14:52:38,102 [INFO] ApiDbMcu:508 - Load IP Config File for FREERTOS
2024-10-29 14:52:38,114 [INFO] IPUIPlugin:80 - create IPUIPlugin
2024-10-29 14:52:38,115 [INFO] IPUIPlugin:80 - create IPUIPlugin
2024-10-29 14:52:38,115 [INFO] IPUIPlugin:80 - create IPUIPlugin
2024-10-29 14:52:38,115 [INFO] IPUIPlugin:80 - create IPUIPlugin
2024-10-29 14:52:38,115 [INFO] IPUIPlugin:80 - create IPUIPlugin
2024-10-29 14:52:38,115 [INFO] IPUIPlugin:80 - create IPUIPlugin
2024-10-29 14:52:38,115 [INFO] IPUIPlugin:80 - create IPUIPlugin
2024-10-29 14:52:38,115 [INFO] IPUIPlugin:80 - create IPUIPlugin
2024-10-29 14:52:38,115 [INFO] IPUIPlugin:80 - create IPUIPlugin
2024-10-29 14:52:38,115 [INFO] IPUIPlugin:80 - create IPUIPlugin
2024-10-29 14:52:38,115 [INFO] IPUIPlugin:80 - create IPUIPlugin
2024-10-29 14:52:38,115 [INFO] IPUIPlugin:80 - create IPUIPlugin
2024-10-29 14:52:38,115 [INFO] IPUIPlugin:80 - create IPUIPlugin
2024-10-29 14:52:38,115 [INFO] IPUIPlugin:80 - create IPUIPlugin
2024-10-29 14:52:38,115 [INFO] IPUIPlugin:80 - create IPUIPlugin
2024-10-29 14:52:38,116 [INFO] IPUIPlugin:80 - create IPUIPlugin
2024-10-29 14:52:38,116 [INFO] IPUIPlugin:80 - create IPUIPlugin
2024-10-29 14:52:38,116 [INFO] IPUIPlugin:80 - create IPUIPlugin
2024-10-29 14:52:38,116 [INFO] IPUIPlugin:80 - create IPUIPlugin
2024-10-29 14:52:38,116 [INFO] IPUIPlugin:80 - create IPUIPlugin
2024-10-29 14:52:38,116 [INFO] IPUIPlugin:80 - create IPUIPlugin
2024-10-29 14:52:38,116 [INFO] IPUIPlugin:80 - create IPUIPlugin
2024-10-29 14:52:38,117 [INFO] IPUIPlugin:80 - create IPUIPlugin
2024-10-29 14:52:38,117 [INFO] IPUIPlugin:80 - create IPUIPlugin
2024-10-29 14:52:38,117 [INFO] IPUIPlugin:80 - create IPUIPlugin
2024-10-29 14:52:38,117 [INFO] IPUIPlugin:80 - create IPUIPlugin
2024-10-29 14:52:38,117 [INFO] IPUIPlugin:80 - create IPUIPlugin
2024-10-29 14:52:38,117 [INFO] IPUIPlugin:80 - create IPUIPlugin
2024-10-29 14:52:38,117 [INFO] IPUIPlugin:80 - create IPUIPlugin
2024-10-29 14:52:38,118 [INFO] IPUIPlugin:80 - create IPUIPlugin
2024-10-29 14:52:38,118 [INFO] IPUIPlugin:80 - create IPUIPlugin
2024-10-29 14:52:38,118 [INFO] IPUIPlugin:80 - create IPUIPlugin
2024-10-29 14:52:38,118 [INFO] IPUIPlugin:80 - create IPUIPlugin
2024-10-29 14:52:38,118 [INFO] IPUIPlugin:80 - create IPUIPlugin
2024-10-29 14:52:38,118 [INFO] IPUIPlugin:80 - create IPUIPlugin
2024-10-29 14:52:38,119 [INFO] IPUIPlugin:80 - create IPUIPlugin
2024-10-29 14:52:38,119 [INFO] IPUIPlugin:80 - create IPUIPlugin
2024-10-29 14:52:38,119 [INFO] IPUIPlugin:80 - create IPUIPlugin
2024-10-29 14:52:38,119 [INFO] IPUIPlugin:80 - create IPUIPlugin
2024-10-29 14:52:38,119 [INFO] IPUIPlugin:80 - create IPUIPlugin
2024-10-29 14:52:38,123 [WARN] FreeRTOS:1023 - Null or empty value: should not occur! (nothing added to the table)
2024-10-29 14:52:38,171 [INFO] CADModel:165 - CPN selected for project levelSTM32F103ZET6
2024-10-29 14:52:38,171 [INFO] CADModel:114 - Register for checkConnection events
2024-10-29 14:52:38,172 [INFO] RtosManager:697 - Active RTOS found at IOC load: FREERTOS [Cortex-M3NS]
2024-10-29 14:52:38,227 [INFO] OpenFileManager:363 - Restore cursor
2024-10-29 14:52:48,466 [INFO] NvicIntPanel:101 - NVIC parent = com.st.microxplorer.plugins.ip.nvic.MultiNvicIntPanel[,0,0,469x282,layout=javax.swing.BoxLayout,alignmentX=0.0,alignmentY=0.0,border=,flags=9,maximumSize=,minimumSize=,preferredSize=]
2024-10-29 14:54:22,387 [INFO] MainUpdater:2873 - connection check result : 10
2024-10-29 14:54:22,388 [INFO] MainUpdater:2873 - connection check result : 10
2024-10-29 14:54:22,426 [INFO] MicroXplorer:468 - Change Database Path : 
2024-10-29 14:54:22,426 [INFO] MicroXplorer:498 - Change Database Version : DB.6.0.121
2024-10-29 14:54:22,430 [ERROR] ProjectManagerView:394 - 
java.lang.NullPointerException: Cannot invoke "javax.swing.JTextField.getText()" because the return value of "java.util.List.get(int)" is null
	at com.st.microxplorer.plugins.projectmanager.gui.ProjectChoiceTab$10.caretUpdate(ProjectChoiceTab.java:2622) ~[filemanager.jar:?]
	at javax.swing.text.JTextComponent.fireCaretUpdate(JTextComponent.java:412) ~[?:?]
	at javax.swing.text.JTextComponent$MutableCaretEvent.fire(JTextComponent.java:4491) ~[?:?]
	at javax.swing.text.JTextComponent$MutableCaretEvent.stateChanged(JTextComponent.java:4513) ~[?:?]
	at javax.swing.text.DefaultCaret.fireStateChanged(DefaultCaret.java:842) ~[?:?]
	at javax.swing.text.DefaultCaret.changeCaretPosition(DefaultCaret.java:1313) ~[?:?]
	at javax.swing.text.DefaultCaret.handleSetDot(DefaultCaret.java:1212) ~[?:?]
	at javax.swing.text.DefaultCaret.setDot(DefaultCaret.java:1193) ~[?:?]
	at javax.swing.text.DefaultCaret$Handler.insertUpdate(DefaultCaret.java:1789) ~[?:?]
	at javax.swing.text.AbstractDocument.fireInsertUpdate(AbstractDocument.java:226) ~[?:?]
	at javax.swing.text.AbstractDocument.handleInsertString(AbstractDocument.java:780) ~[?:?]
	at javax.swing.text.AbstractDocument.insertString(AbstractDocument.java:739) ~[?:?]
	at javax.swing.text.PlainDocument.insertString(PlainDocument.java:131) ~[?:?]
	at javax.swing.text.AbstractDocument.replace(AbstractDocument.java:698) ~[?:?]
	at javax.swing.text.JTextComponent.setText(JTextComponent.java:1729) ~[?:?]
	at com.st.microxplorer.plugins.projectmanager.gui.ProjectChoiceTab.createHeapStackFields(ProjectChoiceTab.java:972) ~[filemanager.jar:?]
	at com.st.microxplorer.plugins.projectmanager.gui.ProjectChoiceTab.buildLinkSettingsPanel(ProjectChoiceTab.java:3597) ~[filemanager.jar:?]
	at com.st.microxplorer.plugins.projectmanager.gui.ProjectChoiceTab.defineWindowsFields(ProjectChoiceTab.java:1940) ~[filemanager.jar:?]
	at com.st.microxplorer.plugins.projectmanager.gui.ProjectChoiceTab.updateSettings(ProjectChoiceTab.java:550) ~[filemanager.jar:?]
	at com.st.microxplorer.plugins.projectmanager.gui.ProjectSettingsPanel.UpdateDialog(ProjectSettingsPanel.java:245) ~[filemanager.jar:?]
	at com.st.microxplorer.plugins.projectmanager.ProjectManagerView.propertyChange(ProjectManagerView.java:391) ~[filemanager.jar:?]
	at java.beans.PropertyChangeSupport.fire(PropertyChangeSupport.java:343) ~[?:?]
	at java.beans.PropertyChangeSupport.firePropertyChange(PropertyChangeSupport.java:335) ~[?:?]
	at java.beans.PropertyChangeSupport.firePropertyChange(PropertyChangeSupport.java:268) ~[?:?]
	at com.st.microxplorer.util.MXPropertyChangeSupport.firePropertyChange(MXPropertyChangeSupport.java:54) ~[STM32CubeMX.jar:?]
	at com.st.microxplorer.mxsystem.MxSystem.closeConfig(MxSystem.java:900) ~[STM32CubeMX.jar:?]
	at com.st.microxplorer.maingui.MainPanel.closeConfig(MainPanel.java:781) ~[STM32CubeMX.jar:?]
	at com.st.microxplorer.plugins.filemanager.engine.OpenFileManager.loadConfigurationFile(OpenFileManager.java:265) ~[filemanager.jar:?]
	at com.st.microxplorer.plugins.filemanager.engine.MainFileManager.userLoadConfig(MainFileManager.java:352) ~[filemanager.jar:?]
	at com.st.microxplorer.plugins.filemanager.engine.MainFileManager.userLoadConfig(MainFileManager.java:330) ~[filemanager.jar:?]
	at com.st.microxplorer.plugins.filemanager.FileManagerView.getSpecificTask(FileManagerView.java:246) ~[filemanager.jar:?]
	at com.st.stm32cube.common.mx.editor.CubeMxEditor.getMxTabbedPaneInstance(CubeMxEditor.java:1198) ~[com.st.stm32cube.common.mx_6.12.1.202409122256/:?]
	at com.st.stm32cube.common.mx.editor.CubeMxEditor$12$1.createSwingComponent(CubeMxEditor.java:1068) ~[com.st.stm32cube.common.mx_6.12.1.202409122256/:?]
	at com.st.stm32cube.common.mx.oss.core.awtswtbridge.EmbeddedSwingComposite.doComponentCreation(EmbeddedSwingComposite.java:492) ~[com.st.stm32cube.common.mx.oss_6.12.1.202409122256/:?]
	at com.st.stm32cube.common.mx.oss.core.awtswtbridge.EmbeddedSwingComposite$4.run(EmbeddedSwingComposite.java:291) ~[com.st.stm32cube.common.mx.oss_6.12.1.202409122256/:?]
	at com.st.stm32cube.common.mx.oss.core.awtswtbridge.AwtEnvironment$2.run(AwtEnvironment.java:166) ~[com.st.stm32cube.common.mx.oss_6.12.1.202409122256/:?]
	at java.awt.event.InvocationEvent.dispatch(InvocationEvent.java:318) ~[?:?]
	at java.awt.EventQueue.dispatchEventImpl(EventQueue.java:773) ~[?:?]
	at java.awt.EventQueue$4.run(EventQueue.java:720) ~[?:?]
	at java.awt.EventQueue$4.run(EventQueue.java:714) ~[?:?]
	at java.security.AccessController.doPrivileged(AccessController.java:399) ~[?:?]
	at java.security.ProtectionDomain$JavaSecurityAccessImpl.doIntersectionPrivilege(ProtectionDomain.java:86) ~[?:?]
	at java.awt.EventQueue.dispatchEvent(EventQueue.java:742) ~[?:?]
	at java.awt.EventDispatchThread.pumpOneEventForFilters(EventDispatchThread.java:203) ~[?:?]
	at java.awt.EventDispatchThread.pumpEventsForFilter(EventDispatchThread.java:124) ~[?:?]
	at java.awt.EventDispatchThread.pumpEventsForHierarchy(EventDispatchThread.java:113) ~[?:?]
	at java.awt.EventDispatchThread.pumpEvents(EventDispatchThread.java:109) ~[?:?]
	at java.awt.EventDispatchThread.pumpEvents(EventDispatchThread.java:101) ~[?:?]
	at java.awt.EventDispatchThread.run(EventDispatchThread.java:90) ~[?:?]
2024-10-29 14:54:22,431 [WARN] ThirdParty:871 - waiting for thirdparty lock release [close project]
2024-10-29 14:54:22,431 [INFO] ThirdParty:873 - entering critical section [close project]
2024-10-29 14:54:22,431 [INFO] ThirdParty:883 - exiting critical section [close project]
2024-10-29 14:54:22,432 [INFO] PinOutPanel:1561 - setPackage(No Configuration,No Configuration)
2024-10-29 14:54:22,438 [INFO] UtilMem:75 - Begin LoadConfig() Used Memory: 580735632 Bytes (1024458752)
2024-10-29 14:54:22,447 [INFO] MicroXplorer:468 - Change Database Path : C:/Users/19948/.stm32cubemx/databases/DB.6.0.40/db/
2024-10-29 14:54:22,447 [INFO] MicroXplorer:498 - Change Database Version : DB.6.0.40
2024-10-29 14:54:24,879 [INFO] OpenFileManager:332 - Change cursor
2024-10-29 14:54:24,893 [INFO] Mcu:2032 - Initializing MCU STM32F103C(8-B)Tx STM32F103C8Tx STM32F103C8T6
2024-10-29 14:54:25,213 [INFO] Context:742 - Trying to add GPIOservice into a context  which must be forbidden
2024-10-29 14:54:25,351 [INFO] RtosManager:555 - Registered RTOS mode: class=CMSIS, group=RTOS, mode=CMSIS_V1, owner=FREERTOS
2024-10-29 14:54:25,351 [INFO] RtosManager:555 - Registered RTOS mode: class=CMSIS, group=RTOS2, mode=CMSIS_V2, owner=FREERTOS
2024-10-29 14:54:25,351 [INFO] RtosManager:555 - Registered RTOS mode: class=RTOS, group=Core, mode=CMSIS_V1, owner=FREERTOS
2024-10-29 14:54:25,351 [INFO] RtosManager:555 - Registered RTOS mode: class=RTOS, group=Core, mode=CMSIS_V2, owner=FREERTOS
2024-10-29 14:54:25,351 [WARN] ModelIntegratedComponent:184 - Missing modes for component STMicroelectronics:FreeRTOS:0.0.1:STMicroelectronics:RTOS:FreeRTOS:Core:::10.2.0:
2024-10-29 14:54:25,353 [WARN] ModelIntegratedComponent:63 - No mode defined for component null
2024-10-29 14:54:25,353 [WARN] ModelIntegratedComponent:63 - No mode defined for component null
2024-10-29 14:54:25,353 [WARN] ModelIntegratedComponent:63 - No mode defined for component null
2024-10-29 14:54:25,353 [WARN] ModelIntegratedComponent:63 - No mode defined for component null
2024-10-29 14:54:25,353 [WARN] ModelIntegratedComponent:63 - No mode defined for component null
2024-10-29 14:54:25,353 [WARN] ModelIntegratedComponent:63 - No mode defined for component null
2024-10-29 14:54:25,353 [WARN] ModelIntegratedComponent:63 - No mode defined for component null
2024-10-29 14:54:25,353 [WARN] ModelIntegratedComponent:63 - No mode defined for component null
2024-10-29 14:54:25,353 [WARN] ModelIntegratedComponent:63 - No mode defined for component null
2024-10-29 14:54:25,353 [WARN] ModelIntegratedComponent:63 - No mode defined for component null
2024-10-29 14:54:25,354 [WARN] ModelIntegratedComponent:63 - No mode defined for component null
2024-10-29 14:54:25,354 [WARN] ModelIntegratedComponent:63 - No mode defined for component null
2024-10-29 14:54:25,354 [WARN] ModelIntegratedComponent:63 - No mode defined for component null
2024-10-29 14:54:25,354 [WARN] ModelIntegratedComponent:63 - No mode defined for component null
2024-10-29 14:54:25,354 [WARN] ModelIntegratedComponent:63 - No mode defined for component null
2024-10-29 14:54:25,354 [WARN] ModelIntegratedComponent:63 - No mode defined for component null
2024-10-29 14:54:25,354 [WARN] ModelIntegratedComponent:63 - No mode defined for component null
2024-10-29 14:54:25,354 [WARN] ModelIntegratedComponent:63 - No mode defined for component null
2024-10-29 14:54:25,354 [WARN] ModelIntegratedComponent:63 - No mode defined for component null
2024-10-29 14:54:25,354 [WARN] ModelIntegratedComponent:63 - No mode defined for component null
2024-10-29 14:54:25,354 [WARN] ModelIntegratedComponent:63 - No mode defined for component null
2024-10-29 14:54:25,354 [WARN] ModelIntegratedComponent:63 - No mode defined for component null
2024-10-29 14:54:25,354 [WARN] ModelIntegratedComponent:63 - No mode defined for component null
2024-10-29 14:54:25,354 [WARN] ModelIntegratedComponent:63 - No mode defined for component null
2024-10-29 14:54:25,354 [WARN] ModelIntegratedComponent:63 - No mode defined for component null
2024-10-29 14:54:25,354 [WARN] ModelIntegratedComponent:63 - No mode defined for component null
2024-10-29 14:54:25,354 [WARN] ModelIntegratedComponent:63 - No mode defined for component null
2024-10-29 14:54:25,354 [WARN] ModelIntegratedComponent:63 - No mode defined for component null
2024-10-29 14:54:25,354 [WARN] ModelIntegratedComponent:63 - No mode defined for component null
2024-10-29 14:54:25,354 [WARN] ModelIntegratedComponent:63 - No mode defined for component null
2024-10-29 14:54:25,354 [WARN] ModelIntegratedComponent:63 - No mode defined for component null
2024-10-29 14:54:25,354 [WARN] ModelIntegratedComponent:63 - No mode defined for component null
2024-10-29 14:54:25,354 [WARN] ModelIntegratedComponent:63 - No mode defined for component null
2024-10-29 14:54:25,354 [WARN] ModelIntegratedComponent:63 - No mode defined for component null
2024-10-29 14:54:25,354 [WARN] ModelIntegratedComponent:63 - No mode defined for component null
2024-10-29 14:54:25,354 [WARN] ModelPack:524 - Component already loaded: STMicroelectronics:HAL Drivers:0.0.0:STMicroelectronics:Device:STMicro_Driver:XSPI:HAL::0.0.1:HAL_XSPI
2024-10-29 14:54:25,471 [INFO] ThirdPartyModel:298 - Start build external matchings
2024-10-29 14:54:26,440 [INFO] ThirdPartyModel:316 - End build external matchings
2024-10-29 14:54:26,458 [INFO] RtosManager:919 - Current active RTOS is FREERTOS [Cortex-M3NS]
2024-10-29 14:54:26,461 [INFO] ImportTextPane:205 - (OptionalMessage_ERROR) IP (RCC) : Invalid parameter (FamilyName)
2024-10-29 14:54:26,461 [INFO] ImportTextPane:205 - (OptionalMessage_ERROR) IP (RCC) : Parameter (MCOFreq_Value) has invalid value (72000000)
2024-10-29 14:54:26,461 [INFO] ImportTextPane:205 - (OptionalMessage_ERROR) IP (RCC) : Parameter (USBFreq_Value) has invalid value (72000000)
2024-10-29 14:54:26,578 [INFO] UtilMem:75 - End LoadConfig() Used Memory: 621916512 Bytes (1024458752)
2024-10-29 14:54:26,703 [WARN] ThirdParty:833 - waiting for thirdparty lock release [change project]
2024-10-29 14:54:26,703 [INFO] ThirdParty:835 - entering critical section [change project]
2024-10-29 14:54:26,703 [INFO] ThirdParty:1030 - CMSIS Pack Vendor :STMicroelectronics USBPD 4.1
2024-10-29 14:54:26,703 [INFO] ThirdParty:1030 - CMSIS Pack Vendor :STMicroelectronics X-CUBE-GNSS1 6.0.0
2024-10-29 14:54:26,703 [INFO] ThirdParty:1030 - CMSIS Pack Vendor :STMicroelectronics USB_HOST 2.0.0
2024-10-29 14:54:26,704 [INFO] ThirdParty:1030 - CMSIS Pack Vendor :STMicroelectronics FP-SNS-MOTENVWB1 1.4.0
2024-10-29 14:54:26,704 [INFO] ThirdParty:1030 - CMSIS Pack Vendor :STMicroelectronics X-CUBE-AZRTOS-F4 1.1.0
2024-10-29 14:54:26,704 [INFO] ThirdParty:1030 - CMSIS Pack Vendor :STMicroelectronics LIBJPEG 8.0.0
2024-10-29 14:54:26,704 [INFO] ThirdParty:1030 - CMSIS Pack Vendor :STMicroelectronics X-CUBE-SMBUS 2.1.0
2024-10-29 14:54:26,704 [INFO] ThirdParty:1030 - CMSIS Pack Vendor :STMicroelectronics X-CUBE-WB05N 1.1.0
2024-10-29 14:54:26,704 [INFO] ThirdParty:1030 - CMSIS Pack Vendor :STMicroelectronics X-CUBE-ISPU 2.1.0
2024-10-29 14:54:26,704 [INFO] ThirdParty:1030 - CMSIS Pack Vendor :STMicroelectronics X-CUBE-FREERTOS 1.2.0
2024-10-29 14:54:26,704 [INFO] ThirdParty:1030 - CMSIS Pack Vendor :STMicroelectronics X-CUBE-AZRTOS-F7 1.1.0
2024-10-29 14:54:26,704 [INFO] ThirdParty:1030 - CMSIS Pack Vendor :STMicroelectronics X-CUBE-AZRTOS-L5 2.0.0
2024-10-29 14:54:26,704 [INFO] ThirdParty:1030 - CMSIS Pack Vendor :STMicroelectronics USB_DEVICE 2.0.0
2024-10-29 14:54:26,704 [INFO] ThirdParty:1030 - CMSIS Pack Vendor :STMicroelectronics X-CUBE-MEMS1 9.6.0
2024-10-29 14:54:26,704 [INFO] ThirdParty:1030 - CMSIS Pack Vendor :STMicroelectronics X-CUBE-EEPRMA1 4.2.0
2024-10-29 14:54:26,704 [INFO] ThirdParty:1030 - CMSIS Pack Vendor :STMicroelectronics X-CUBE-NFC6 3.1.0
2024-10-29 14:54:26,704 [INFO] ThirdParty:1030 - CMSIS Pack Vendor :ITTIA_DB I-CUBE-ITTIADB 8.8.0
2024-10-29 14:54:26,704 [INFO] ThirdParty:1030 - CMSIS Pack Vendor :STMicroelectronics FP-SNS-MOTENV1 4.3.2
2024-10-29 14:54:26,704 [INFO] ThirdParty:1030 - CMSIS Pack Vendor :STMicroelectronics X-CUBE-MEMS1 11.0.0
2024-10-29 14:54:26,704 [INFO] ThirdParty:1030 - CMSIS Pack Vendor :STMicroelectronics X-CUBE-BLE1 6.2.4
2024-10-29 14:54:26,704 [INFO] ThirdParty:1030 - CMSIS Pack Vendor :STMicroelectronics FreeRTOS 0.0.1
2024-10-29 14:54:26,704 [INFO] ThirdParty:1030 - CMSIS Pack Vendor :emotas I-CUBE-CANOPEN 1.1.3
2024-10-29 14:54:26,704 [INFO] ThirdParty:1030 - CMSIS Pack Vendor :STMicroelectronics X-CUBE-BLEMGR 2.0.0
2024-10-29 14:54:26,704 [INFO] ThirdParty:1030 - CMSIS Pack Vendor :STMicroelectronics X-CUBE-DPower 1.2.0
2024-10-29 14:54:26,704 [INFO] ThirdParty:1030 - CMSIS Pack Vendor :STMicroelectronics FP-SNS-FLIGHT1 5.0.2
2024-10-29 14:54:26,704 [INFO] ThirdParty:1030 - CMSIS Pack Vendor :STMicroelectronics X-CUBE-AI 9.0.0
2024-10-29 14:54:26,704 [INFO] ThirdParty:1030 - CMSIS Pack Vendor :STMicroelectronics X-CUBE-AZRTOS-H7 3.1.0
2024-10-29 14:54:26,704 [INFO] ThirdParty:1030 - CMSIS Pack Vendor :STMicroelectronics PDM2PCM 3.3.0
2024-10-29 14:54:26,704 [INFO] ThirdParty:1030 - CMSIS Pack Vendor :STMicroelectronics X-CUBE-DISPLAY 3.0.0
2024-10-29 14:54:26,704 [INFO] ThirdParty:1030 - CMSIS Pack Vendor :STMicroelectronics X-CUBE-BLE1 7.0.0
2024-10-29 14:54:26,704 [INFO] ThirdParty:1030 - CMSIS Pack Vendor :STMicroelectronics X-CUBE-NFC10 1.0.0
2024-10-29 14:54:26,704 [INFO] ThirdParty:1030 - CMSIS Pack Vendor :wolfSSL I-CUBE-wolfSSL 5.5.4
2024-10-29 14:54:26,704 [INFO] ThirdParty:1030 - CMSIS Pack Vendor :STMicroelectronics HAL Drivers 0.0.0
2024-10-29 14:54:26,704 [INFO] ThirdParty:1030 - CMSIS Pack Vendor :STMicroelectronics X-CUBE-TOUCHGFX 4.22.0
2024-10-29 14:54:26,704 [INFO] ThirdParty:1030 - CMSIS Pack Vendor :STMicroelectronics X-CUBE-NFC7 1.0.1
2024-10-29 14:54:26,704 [INFO] ThirdParty:1030 - CMSIS Pack Vendor :STMicroelectronics MBEDTLS 2.14.1
2024-10-29 14:54:26,704 [INFO] ThirdParty:1030 - CMSIS Pack Vendor :STMicroelectronics X-CUBE-NFC7 1.0.0
2024-10-29 14:54:26,704 [INFO] ThirdParty:1030 - CMSIS Pack Vendor :STMicroelectronics X-CUBE-TOUCHGFX 4.22.1
2024-10-29 14:54:26,704 [INFO] ThirdParty:1030 - CMSIS Pack Vendor :wolfSSL I-CUBE-wolfTPM 3.2.0
2024-10-29 14:54:26,704 [INFO] ThirdParty:1030 - CMSIS Pack Vendor :STMicroelectronics X-CUBE-NFC6 3.0.0
2024-10-29 14:54:26,704 [INFO] ThirdParty:1030 - CMSIS Pack Vendor :STMicroelectronics X-CUBE-EEPRMA1 4.1.0
2024-10-29 14:54:26,704 [INFO] ThirdParty:1030 - CMSIS Pack Vendor :STMicroelectronics X-CUBE-BLEMGR 3.1.0
2024-10-29 14:54:26,704 [INFO] ThirdParty:1030 - CMSIS Pack Vendor :STMicroelectronics FP-SNS-SMARTAG2 1.2.0
2024-10-29 14:54:26,704 [INFO] ThirdParty:1030 - CMSIS Pack Vendor :STMicroelectronics X-CUBE-AZRTOS-WL 2.0.0
2024-10-29 14:54:26,704 [INFO] ThirdParty:1030 - CMSIS Pack Vendor :STMicroelectronics FP-SNS-MOTENV1 5.0.0
2024-10-29 14:54:26,704 [INFO] ThirdParty:1030 - CMSIS Pack Vendor :STMicroelectronics USB_DEVICE 1.0.0
2024-10-29 14:54:26,704 [INFO] ThirdParty:1030 - CMSIS Pack Vendor :STMicroelectronics X-CUBE-AI 8.1.0
2024-10-29 14:54:26,704 [INFO] ThirdParty:1030 - CMSIS Pack Vendor :wolfSSL I-CUBE-wolfMQTT 1.19.0
2024-10-29 14:54:26,704 [INFO] ThirdParty:1030 - CMSIS Pack Vendor :STMicroelectronics X-CUBE-AZRTOS-L4 2.0.0
2024-10-29 14:54:26,704 [INFO] ThirdParty:1030 - CMSIS Pack Vendor :STMicroelectronics ThreadX 0.0.2
2024-10-29 14:54:26,704 [INFO] ThirdParty:1030 - CMSIS Pack Vendor :WES I-CUBE-Cesium 1.3.0
2024-10-29 14:54:26,704 [INFO] ThirdParty:1030 - CMSIS Pack Vendor :STMicroelectronics lwIP 2.1.2
2024-10-29 14:54:26,704 [INFO] ThirdParty:1030 - CMSIS Pack Vendor :STMicroelectronics X-CUBE-SFXS2LP1 4.0.0
2024-10-29 14:54:26,704 [INFO] ThirdParty:1030 - CMSIS Pack Vendor :STMicroelectronics X-CUBE-BLE2 3.3.0
2024-10-29 14:54:26,704 [INFO] ThirdParty:1030 - CMSIS Pack Vendor :STMicroelectronics X-CUBE-TOF1 3.2.0
2024-10-29 14:54:26,704 [INFO] ThirdParty:1030 - CMSIS Pack Vendor :STMicroelectronics PDM2PCM 3.2.0
2024-10-29 14:54:26,704 [INFO] ThirdParty:1030 - CMSIS Pack Vendor :STMicroelectronics X-CUBE-AZRTOS-H7 3.0.0
2024-10-29 14:54:26,704 [INFO] ThirdParty:1030 - CMSIS Pack Vendor :STMicroelectronics X-CUBE-ISPU 1.1.0
2024-10-29 14:54:26,704 [INFO] ThirdParty:1030 - CMSIS Pack Vendor :STMicroelectronics X-CUBE-AZRTOS-H7 3.3.0
2024-10-29 14:54:26,704 [INFO] ThirdParty:1030 - CMSIS Pack Vendor :RoweBots I-CUBE-UNISONRTOS 5.5.0-4
2024-10-29 14:54:26,704 [INFO] ThirdParty:1030 - CMSIS Pack Vendor :STMicroelectronics X-CUBE-NFC9 1.0.0
2024-10-29 14:54:26,704 [INFO] ThirdParty:1030 - CMSIS Pack Vendor :STMicroelectronics USB_DEVICE 3.0.0
2024-10-29 14:54:26,704 [INFO] ThirdParty:1030 - CMSIS Pack Vendor :STMicroelectronics X-CUBE-TCPP 4.1.0
2024-10-29 14:54:26,704 [INFO] ThirdParty:1030 - CMSIS Pack Vendor :STMicroelectronics X-CUBE-IPS 3.0.0
2024-10-29 14:54:26,704 [INFO] ThirdParty:1030 - CMSIS Pack Vendor :STMicroelectronics X-CUBE-AZRTOS-WB 2.0.0
2024-10-29 14:54:26,704 [INFO] ThirdParty:1030 - CMSIS Pack Vendor :STMicroelectronics X-CUBE-FREERTOS 1.0.1
2024-10-29 14:54:26,704 [INFO] ThirdParty:1030 - CMSIS Pack Vendor :STMicroelectronics X-CUBE-TOUCHGFX 4.21.1
2024-10-29 14:54:26,705 [INFO] ThirdParty:1030 - CMSIS Pack Vendor :STMicroelectronics X-CUBE-GNSS1 7.0.0
2024-10-29 14:54:26,705 [INFO] ThirdParty:1030 - CMSIS Pack Vendor :STMicroelectronics X-CUBE-MEMS1 9.4.0
2024-10-29 14:54:26,705 [INFO] ThirdParty:1030 - CMSIS Pack Vendor :STMicroelectronics X-CUBE-AI 7.3.0
2024-10-29 14:54:26,705 [INFO] ThirdParty:1030 - CMSIS Pack Vendor :STMicroelectronics FP-SNS-STBOX1 2.0.0
2024-10-29 14:54:26,705 [INFO] ThirdParty:1030 - CMSIS Pack Vendor :STMicroelectronics X-CUBE-ALGOBUILD 1.3.0
2024-10-29 14:54:26,705 [INFO] ThirdParty:1030 - CMSIS Pack Vendor :STMicroelectronics X-CUBE-AZRTOS-L5 1.1.0
2024-10-29 14:54:26,705 [INFO] ThirdParty:1030 - CMSIS Pack Vendor :STMicroelectronics X-CUBE-AZRTOS-G0 1.1.0
2024-10-29 14:54:26,705 [INFO] ThirdParty:1030 - CMSIS Pack Vendor :STMicroelectronics X-CUBE-AI 8.0.1
2024-10-29 14:54:26,705 [INFO] ThirdParty:1030 - CMSIS Pack Vendor :STMicroelectronics X-CUBE-SAFEA1 1.2.2
2024-10-29 14:54:26,705 [INFO] ThirdParty:1030 - CMSIS Pack Vendor :STMicroelectronics X-CUBE-NFC4 3.0.0
2024-10-29 14:54:26,705 [INFO] ThirdParty:1030 - CMSIS Pack Vendor :STMicroelectronics X-CUBE-SUBG2 5.0.0
2024-10-29 14:54:26,705 [INFO] ThirdParty:1030 - CMSIS Pack Vendor :STMicroelectronics STM32_WPAN 1.0.0
2024-10-29 14:54:26,705 [INFO] ThirdParty:1030 - CMSIS Pack Vendor :EmbeddedOffice I-CUBE-FS-RTOS 1.0.1
2024-10-29 14:54:26,705 [INFO] ThirdParty:1030 - CMSIS Pack Vendor :STMicroelectronics lwIP 2.0.3
2024-10-29 14:54:26,705 [INFO] ThirdParty:1030 - CMSIS Pack Vendor :Cesanta I-CUBE-Mongoose 7.13.0
2024-10-29 14:54:26,705 [INFO] ThirdParty:1030 - CMSIS Pack Vendor :STMicroelectronics USB_HOST 1.0.0
2024-10-29 14:54:26,705 [INFO] ThirdParty:1030 - CMSIS Pack Vendor :STMicroelectronics X-CUBE-TOF1 3.3.1
2024-10-29 14:54:26,705 [INFO] ThirdParty:1030 - CMSIS Pack Vendor :STMicroelectronics X-CUBE-AZRTOS-G4 2.0.0
2024-10-29 14:54:26,705 [INFO] ThirdParty:1030 - CMSIS Pack Vendor :STMicroelectronics PDM2PCM 3.1.0
2024-10-29 14:54:26,705 [INFO] ThirdParty:1030 - CMSIS Pack Vendor :STMicroelectronics FP-ATR-ASTRA1 1.1.1
2024-10-29 14:54:26,705 [INFO] ThirdParty:1030 - CMSIS Pack Vendor :Infineon AIROC-Wi-Fi-Bluetooth-STM32 1.5.1
2024-10-29 14:54:26,705 [INFO] ThirdParty:1030 - CMSIS Pack Vendor :STMicroelectronics X-CUBE-BLEMGR 3.0.0
2024-10-29 14:54:26,705 [INFO] ThirdParty:1030 - CMSIS Pack Vendor :STMicroelectronics X-CUBE-BLEMGR 1.3.0
2024-10-29 14:54:26,705 [INFO] ThirdParty:1030 - CMSIS Pack Vendor :STMicroelectronics FP-SNS-MOTENVWB1 1.3.0
2024-10-29 14:54:26,705 [INFO] ThirdParty:1030 - CMSIS Pack Vendor :RealThread X-CUBE-RT-Thread_Nano 4.1.1
2024-10-29 14:54:26,705 [INFO] ThirdParty:1030 - CMSIS Pack Vendor :STMicroelectronics FP-SNS-MOTENVWB1 1.3.1
2024-10-29 14:54:26,705 [INFO] ThirdParty:1030 - CMSIS Pack Vendor :STMicroelectronics FP-ATR-SIGFOX1 3.2.0
2024-10-29 14:54:26,705 [INFO] ThirdParty:1030 - CMSIS Pack Vendor :STMicroelectronics X-CUBE-AZRTOS-G4 1.0.0
2024-10-29 14:54:26,705 [INFO] ThirdParty:1030 - CMSIS Pack Vendor :STMicroelectronics X-CUBE-AZRTOS-L4 1.0.0
2024-10-29 14:54:26,705 [INFO] ThirdParty:1030 - CMSIS Pack Vendor :STMicroelectronics X-CUBE-ISPU 2.0.0
2024-10-29 14:54:26,705 [INFO] ThirdParty:1030 - CMSIS Pack Vendor :STMicroelectronics X-CUBE-EEPRMA1 5.1.0
2024-10-29 14:54:26,705 [INFO] ThirdParty:1030 - CMSIS Pack Vendor :STMicroelectronics MBEDTLS 2.16.2
2024-10-29 14:54:26,705 [INFO] ThirdParty:1030 - CMSIS Pack Vendor :STMicroelectronics X-CUBE-ALS 1.0.2
2024-10-29 14:54:26,705 [INFO] ThirdParty:1030 - CMSIS Pack Vendor :STMicroelectronics X-CUBE-MEMS1 10.0.0
2024-10-29 14:54:26,705 [INFO] ThirdParty:1030 - CMSIS Pack Vendor :STMicroelectronics X-CUBE-FREERTOS 1.1.0
2024-10-29 14:54:26,705 [INFO] ThirdParty:1030 - CMSIS Pack Vendor :STMicroelectronics X-CUBE-TOUCHGFX 4.24.0
2024-10-29 14:54:26,705 [INFO] ThirdParty:1030 - CMSIS Pack Vendor :STMicroelectronics X-CUBE-AZRTOS-WL 1.0.0
2024-10-29 14:54:26,705 [INFO] ThirdParty:1030 - CMSIS Pack Vendor :STMicroelectronics X-CUBE-TOUCHGFX 4.24.1
2024-10-29 14:54:26,705 [INFO] ThirdParty:1030 - CMSIS Pack Vendor :portGmbH I-Cube-SoM-uGOAL 1.1.0
2024-10-29 14:54:26,705 [INFO] ThirdParty:1030 - CMSIS Pack Vendor :STMicroelectronics X-CUBE-ALS 1.0.1
2024-10-29 14:54:26,705 [INFO] ThirdParty:1030 - CMSIS Pack Vendor :STMicroelectronics X-CUBE-MEMS1 9.5.0
2024-10-29 14:54:26,705 [INFO] ThirdParty:1030 - CMSIS Pack Vendor :STMicroelectronics ThreadX 1.0.0
2024-10-29 14:54:26,705 [INFO] ThirdParty:1030 - CMSIS Pack Vendor :STMicroelectronics X-CUBE-AZRTOS-WB 1.1.0
2024-10-29 14:54:26,705 [INFO] ThirdParty:1030 - CMSIS Pack Vendor :SEGGER I-CUBE-embOS 1.3.1
2024-10-29 14:54:26,705 [INFO] ThirdParty:1030 - CMSIS Pack Vendor :STMicroelectronics X-CUBE-ALGOBUILD 1.4.0
2024-10-29 14:54:26,705 [INFO] ThirdParty:1030 - CMSIS Pack Vendor :STMicroelectronics X-CUBE-AZRTOS-H7RS 1.0.0
2024-10-29 14:54:26,705 [INFO] ThirdParty:1030 - CMSIS Pack Vendor :STMicroelectronics FP-ATR-ASTRA1 2.0.0
2024-10-29 14:54:26,705 [INFO] ThirdParty:1030 - CMSIS Pack Vendor :STMicroelectronics X-CUBE-TOF1 3.4.2
2024-10-29 14:54:26,705 [INFO] ThirdParty:1030 - CMSIS Pack Vendor :STMicroelectronics X-CUBE-AI 9.1.0
2024-10-29 14:54:26,705 [INFO] ThirdParty:1030 - CMSIS Pack Vendor :STMicroelectronics X-CUBE-TOF1 3.4.0
2024-10-29 14:54:26,705 [INFO] ThirdParty:1030 - CMSIS Pack Vendor :wolfSSL I-CUBE-wolfSSH 1.4.17
2024-10-29 14:54:26,705 [INFO] ThirdParty:841 - exiting critical section [change project]
2024-10-29 14:54:26,746 [INFO] PinOutPanel:1561 - setPackage(No Configuration,No Configuration)
2024-10-29 14:54:26,748 [INFO] PinOutPanel:1561 - setPackage(STM32F103C8Tx,LQFP48)
2024-10-29 14:54:26,876 [INFO] UtilMem:75 - Before build in PCC Used Memory: 406613984 Bytes (1024458752)
2024-10-29 14:54:27,014 [INFO] UtilMem:75 - After build in PCC Used Memory: 434421656 Bytes (1024458752)
2024-10-29 14:54:27,033 [INFO] ApiDbMcu:508 - Load IP Config File for FREERTOS
2024-10-29 14:54:27,040 [INFO] IPUIPlugin:80 - create IPUIPlugin
2024-10-29 14:54:27,041 [INFO] IPUIPlugin:80 - create IPUIPlugin
2024-10-29 14:54:27,041 [INFO] IPUIPlugin:80 - create IPUIPlugin
2024-10-29 14:54:27,041 [INFO] IPUIPlugin:80 - create IPUIPlugin
2024-10-29 14:54:27,041 [INFO] IPUIPlugin:80 - create IPUIPlugin
2024-10-29 14:54:27,041 [INFO] IPUIPlugin:80 - create IPUIPlugin
2024-10-29 14:54:27,041 [INFO] IPUIPlugin:80 - create IPUIPlugin
2024-10-29 14:54:27,041 [INFO] IPUIPlugin:80 - create IPUIPlugin
2024-10-29 14:54:27,041 [INFO] IPUIPlugin:80 - create IPUIPlugin
2024-10-29 14:54:27,041 [INFO] IPUIPlugin:80 - create IPUIPlugin
2024-10-29 14:54:27,041 [INFO] IPUIPlugin:80 - create IPUIPlugin
2024-10-29 14:54:27,041 [INFO] IPUIPlugin:80 - create IPUIPlugin
2024-10-29 14:54:27,041 [INFO] IPUIPlugin:80 - create IPUIPlugin
2024-10-29 14:54:27,041 [INFO] IPUIPlugin:80 - create IPUIPlugin
2024-10-29 14:54:27,041 [INFO] IPUIPlugin:80 - create IPUIPlugin
2024-10-29 14:54:27,041 [INFO] IPUIPlugin:80 - create IPUIPlugin
2024-10-29 14:54:27,041 [INFO] IPUIPlugin:80 - create IPUIPlugin
2024-10-29 14:54:27,042 [INFO] IPUIPlugin:80 - create IPUIPlugin
2024-10-29 14:54:27,042 [INFO] IPUIPlugin:80 - create IPUIPlugin
2024-10-29 14:54:27,042 [INFO] IPUIPlugin:80 - create IPUIPlugin
2024-10-29 14:54:27,042 [INFO] IPUIPlugin:80 - create IPUIPlugin
2024-10-29 14:54:27,042 [INFO] IPUIPlugin:80 - create IPUIPlugin
2024-10-29 14:54:27,042 [INFO] IPUIPlugin:80 - create IPUIPlugin
2024-10-29 14:54:27,042 [INFO] IPUIPlugin:80 - create IPUIPlugin
2024-10-29 14:54:27,042 [INFO] IPUIPlugin:80 - create IPUIPlugin
2024-10-29 14:54:27,042 [INFO] IPUIPlugin:80 - create IPUIPlugin
2024-10-29 14:54:27,043 [INFO] IPUIPlugin:80 - create IPUIPlugin
2024-10-29 14:54:27,048 [WARN] IP:2191 - I2C_Coeff_DF not found: check if there is a RefParameter without a condition.
2024-10-29 14:54:27,048 [WARN] IP:2191 - Analog_Filter not found: check if there is a RefParameter without a condition.
2024-10-29 14:54:27,055 [WARN] FreeRTOS:1023 - Null or empty value: should not occur! (nothing added to the table)
2024-10-29 14:54:27,096 [INFO] CADModel:165 - CPN selected for project levelSTM32F103C8T6
2024-10-29 14:54:27,096 [INFO] CADModel:114 - Register for checkConnection events
2024-10-29 14:54:27,097 [INFO] RtosManager:697 - Active RTOS found at IOC load: FREERTOS [Cortex-M3NS]
2024-10-29 14:54:27,150 [INFO] OpenFileManager:363 - Restore cursor
2024-10-29 14:54:27,318 [WARN] IP:2191 - I2C_Coeff_DF not found: check if there is a RefParameter without a condition.
2024-10-29 14:54:27,318 [WARN] IP:2191 - Analog_Filter not found: check if there is a RefParameter without a condition.
2024-10-29 14:54:27,319 [WARN] IP:2191 - I2C_Coeff_DF not found: check if there is a RefParameter without a condition.
2024-10-29 14:54:27,319 [WARN] IP:2191 - Analog_Filter not found: check if there is a RefParameter without a condition.
2024-10-29 14:54:57,241 [INFO] MainUpdater:2873 - connection check result : 10
2024-10-29 14:54:57,241 [INFO] MainUpdater:2873 - connection check result : 10
2024-10-29 14:54:58,476 [INFO] MicroXplorer:468 - Change Database Path : 
2024-10-29 14:54:58,476 [INFO] MicroXplorer:498 - Change Database Version : DB.6.0.121
2024-10-29 14:54:58,479 [ERROR] ProjectManagerView:394 - 
java.lang.NullPointerException: Cannot invoke "javax.swing.JTextField.getText()" because the return value of "java.util.List.get(int)" is null
	at com.st.microxplorer.plugins.projectmanager.gui.ProjectChoiceTab$10.caretUpdate(ProjectChoiceTab.java:2622) ~[filemanager.jar:?]
	at javax.swing.text.JTextComponent.fireCaretUpdate(JTextComponent.java:412) ~[?:?]
	at javax.swing.text.JTextComponent$MutableCaretEvent.fire(JTextComponent.java:4491) ~[?:?]
	at javax.swing.text.JTextComponent$MutableCaretEvent.stateChanged(JTextComponent.java:4513) ~[?:?]
	at javax.swing.text.DefaultCaret.fireStateChanged(DefaultCaret.java:842) ~[?:?]
	at javax.swing.text.DefaultCaret.changeCaretPosition(DefaultCaret.java:1313) ~[?:?]
	at javax.swing.text.DefaultCaret.handleSetDot(DefaultCaret.java:1212) ~[?:?]
	at javax.swing.text.DefaultCaret.setDot(DefaultCaret.java:1193) ~[?:?]
	at javax.swing.text.DefaultCaret$Handler.insertUpdate(DefaultCaret.java:1789) ~[?:?]
	at javax.swing.text.AbstractDocument.fireInsertUpdate(AbstractDocument.java:226) ~[?:?]
	at javax.swing.text.AbstractDocument.handleInsertString(AbstractDocument.java:780) ~[?:?]
	at javax.swing.text.AbstractDocument.insertString(AbstractDocument.java:739) ~[?:?]
	at javax.swing.text.PlainDocument.insertString(PlainDocument.java:131) ~[?:?]
	at javax.swing.text.AbstractDocument.replace(AbstractDocument.java:698) ~[?:?]
	at javax.swing.text.JTextComponent.setText(JTextComponent.java:1729) ~[?:?]
	at com.st.microxplorer.plugins.projectmanager.gui.ProjectChoiceTab.createHeapStackFields(ProjectChoiceTab.java:972) ~[filemanager.jar:?]
	at com.st.microxplorer.plugins.projectmanager.gui.ProjectChoiceTab.buildLinkSettingsPanel(ProjectChoiceTab.java:3597) ~[filemanager.jar:?]
	at com.st.microxplorer.plugins.projectmanager.gui.ProjectChoiceTab.defineWindowsFields(ProjectChoiceTab.java:1940) ~[filemanager.jar:?]
	at com.st.microxplorer.plugins.projectmanager.gui.ProjectChoiceTab.updateSettings(ProjectChoiceTab.java:550) ~[filemanager.jar:?]
	at com.st.microxplorer.plugins.projectmanager.gui.ProjectSettingsPanel.UpdateDialog(ProjectSettingsPanel.java:245) ~[filemanager.jar:?]
	at com.st.microxplorer.plugins.projectmanager.ProjectManagerView.propertyChange(ProjectManagerView.java:391) ~[filemanager.jar:?]
	at java.beans.PropertyChangeSupport.fire(PropertyChangeSupport.java:343) ~[?:?]
	at java.beans.PropertyChangeSupport.firePropertyChange(PropertyChangeSupport.java:335) ~[?:?]
	at java.beans.PropertyChangeSupport.firePropertyChange(PropertyChangeSupport.java:268) ~[?:?]
	at com.st.microxplorer.util.MXPropertyChangeSupport.firePropertyChange(MXPropertyChangeSupport.java:54) ~[STM32CubeMX.jar:?]
	at com.st.microxplorer.mxsystem.MxSystem.closeConfig(MxSystem.java:900) ~[STM32CubeMX.jar:?]
	at com.st.microxplorer.maingui.MainPanel.closeConfig(MainPanel.java:781) ~[STM32CubeMX.jar:?]
	at com.st.microxplorer.plugins.filemanager.engine.OpenFileManager.loadConfigurationFile(OpenFileManager.java:265) ~[filemanager.jar:?]
	at com.st.microxplorer.plugins.filemanager.engine.MainFileManager.userLoadConfig(MainFileManager.java:352) ~[filemanager.jar:?]
	at com.st.microxplorer.plugins.filemanager.engine.MainFileManager.userLoadConfig(MainFileManager.java:330) ~[filemanager.jar:?]
	at com.st.microxplorer.plugins.filemanager.FileManagerView.getSpecificTask(FileManagerView.java:246) ~[filemanager.jar:?]
	at com.st.stm32cube.common.mx.editor.CubeMxEditor.getMxTabbedPaneInstance(CubeMxEditor.java:1198) ~[com.st.stm32cube.common.mx_6.12.1.202409122256/:?]
	at com.st.stm32cube.common.mx.editor.CubeMxEditor$12$1.createSwingComponent(CubeMxEditor.java:1068) ~[com.st.stm32cube.common.mx_6.12.1.202409122256/:?]
	at com.st.stm32cube.common.mx.oss.core.awtswtbridge.EmbeddedSwingComposite.doComponentCreation(EmbeddedSwingComposite.java:492) ~[com.st.stm32cube.common.mx.oss_6.12.1.202409122256/:?]
	at com.st.stm32cube.common.mx.oss.core.awtswtbridge.EmbeddedSwingComposite$4.run(EmbeddedSwingComposite.java:291) ~[com.st.stm32cube.common.mx.oss_6.12.1.202409122256/:?]
	at com.st.stm32cube.common.mx.oss.core.awtswtbridge.AwtEnvironment$2.run(AwtEnvironment.java:166) ~[com.st.stm32cube.common.mx.oss_6.12.1.202409122256/:?]
	at java.awt.event.InvocationEvent.dispatch(InvocationEvent.java:318) ~[?:?]
	at java.awt.EventQueue.dispatchEventImpl(EventQueue.java:773) ~[?:?]
	at java.awt.EventQueue$4.run(EventQueue.java:720) ~[?:?]
	at java.awt.EventQueue$4.run(EventQueue.java:714) ~[?:?]
	at java.security.AccessController.doPrivileged(AccessController.java:399) ~[?:?]
	at java.security.ProtectionDomain$JavaSecurityAccessImpl.doIntersectionPrivilege(ProtectionDomain.java:86) ~[?:?]
	at java.awt.EventQueue.dispatchEvent(EventQueue.java:742) ~[?:?]
	at java.awt.EventDispatchThread.pumpOneEventForFilters(EventDispatchThread.java:203) ~[?:?]
	at java.awt.EventDispatchThread.pumpEventsForFilter(EventDispatchThread.java:124) ~[?:?]
	at java.awt.EventDispatchThread.pumpEventsForHierarchy(EventDispatchThread.java:113) ~[?:?]
	at java.awt.EventDispatchThread.pumpEvents(EventDispatchThread.java:109) ~[?:?]
	at java.awt.EventDispatchThread.pumpEvents(EventDispatchThread.java:101) ~[?:?]
	at java.awt.EventDispatchThread.run(EventDispatchThread.java:90) ~[?:?]
2024-10-29 14:54:58,480 [WARN] ThirdParty:871 - waiting for thirdparty lock release [close project]
2024-10-29 14:54:58,480 [INFO] ThirdParty:873 - entering critical section [close project]
2024-10-29 14:54:58,480 [INFO] ThirdParty:883 - exiting critical section [close project]
2024-10-29 14:54:58,480 [INFO] PinOutPanel:1561 - setPackage(No Configuration,No Configuration)
2024-10-29 14:54:58,482 [INFO] UtilMem:75 - Begin LoadConfig() Used Memory: 559888320 Bytes (1024458752)
2024-10-29 14:54:58,482 [INFO] MicroXplorer:468 - Change Database Path : 
2024-10-29 14:54:58,482 [INFO] MicroXplorer:498 - Change Database Version : DB.6.0.121
2024-10-29 14:54:58,482 [INFO] OpenFileManager:332 - Change cursor
2024-10-29 14:54:58,488 [INFO] Mcu:2032 - Initializing MCU STM32F103Z(C-D-E)Tx STM32F103ZETx STM32F103ZET6
2024-10-29 14:54:59,208 [INFO] Context:742 - Trying to add GPIOservice into a context  which must be forbidden
2024-10-29 14:54:59,379 [INFO] RtosManager:555 - Registered RTOS mode: class=CMSIS, group=RTOS, mode=CMSIS_V1, owner=FREERTOS
2024-10-29 14:54:59,379 [INFO] RtosManager:555 - Registered RTOS mode: class=CMSIS, group=RTOS2, mode=CMSIS_V2, owner=FREERTOS
2024-10-29 14:54:59,380 [INFO] RtosManager:555 - Registered RTOS mode: class=RTOS, group=Core, mode=CMSIS_V1, owner=FREERTOS
2024-10-29 14:54:59,380 [INFO] RtosManager:555 - Registered RTOS mode: class=RTOS, group=Core, mode=CMSIS_V2, owner=FREERTOS
2024-10-29 14:54:59,380 [WARN] ModelIntegratedComponent:184 - Missing modes for component STMicroelectronics:FreeRTOS:0.0.1:STMicroelectronics:RTOS:FreeRTOS:Core:::10.2.0:
2024-10-29 14:54:59,381 [WARN] ModelIntegratedComponent:63 - No mode defined for component null
2024-10-29 14:54:59,382 [WARN] ModelIntegratedComponent:63 - No mode defined for component null
2024-10-29 14:54:59,382 [WARN] ModelIntegratedComponent:63 - No mode defined for component null
2024-10-29 14:54:59,382 [WARN] ModelIntegratedComponent:63 - No mode defined for component null
2024-10-29 14:54:59,382 [WARN] ModelIntegratedComponent:63 - No mode defined for component null
2024-10-29 14:54:59,382 [WARN] ModelIntegratedComponent:63 - No mode defined for component null
2024-10-29 14:54:59,382 [WARN] ModelIntegratedComponent:63 - No mode defined for component null
2024-10-29 14:54:59,382 [WARN] ModelIntegratedComponent:63 - No mode defined for component null
2024-10-29 14:54:59,382 [WARN] ModelIntegratedComponent:63 - No mode defined for component null
2024-10-29 14:54:59,382 [WARN] ModelIntegratedComponent:63 - No mode defined for component null
2024-10-29 14:54:59,382 [WARN] ModelIntegratedComponent:63 - No mode defined for component null
2024-10-29 14:54:59,382 [WARN] ModelIntegratedComponent:63 - No mode defined for component null
2024-10-29 14:54:59,382 [WARN] ModelIntegratedComponent:63 - No mode defined for component null
2024-10-29 14:54:59,382 [WARN] ModelIntegratedComponent:63 - No mode defined for component null
2024-10-29 14:54:59,382 [WARN] ModelIntegratedComponent:63 - No mode defined for component null
2024-10-29 14:54:59,382 [WARN] ModelIntegratedComponent:63 - No mode defined for component null
2024-10-29 14:54:59,382 [WARN] ModelIntegratedComponent:63 - No mode defined for component null
2024-10-29 14:54:59,382 [WARN] ModelIntegratedComponent:63 - No mode defined for component null
2024-10-29 14:54:59,382 [WARN] ModelIntegratedComponent:63 - No mode defined for component null
2024-10-29 14:54:59,382 [WARN] ModelIntegratedComponent:63 - No mode defined for component null
2024-10-29 14:54:59,382 [WARN] ModelIntegratedComponent:63 - No mode defined for component null
2024-10-29 14:54:59,382 [WARN] ModelIntegratedComponent:63 - No mode defined for component null
2024-10-29 14:54:59,382 [WARN] ModelIntegratedComponent:63 - No mode defined for component null
2024-10-29 14:54:59,382 [WARN] ModelIntegratedComponent:63 - No mode defined for component null
2024-10-29 14:54:59,382 [WARN] ModelIntegratedComponent:63 - No mode defined for component null
2024-10-29 14:54:59,382 [WARN] ModelIntegratedComponent:63 - No mode defined for component null
2024-10-29 14:54:59,382 [WARN] ModelIntegratedComponent:63 - No mode defined for component null
2024-10-29 14:54:59,382 [WARN] ModelIntegratedComponent:63 - No mode defined for component null
2024-10-29 14:54:59,382 [WARN] ModelIntegratedComponent:63 - No mode defined for component null
2024-10-29 14:54:59,382 [WARN] ModelIntegratedComponent:63 - No mode defined for component null
2024-10-29 14:54:59,382 [WARN] ModelIntegratedComponent:63 - No mode defined for component null
2024-10-29 14:54:59,382 [WARN] ModelIntegratedComponent:63 - No mode defined for component null
2024-10-29 14:54:59,382 [WARN] ModelIntegratedComponent:63 - No mode defined for component null
2024-10-29 14:54:59,382 [WARN] ModelIntegratedComponent:63 - No mode defined for component null
2024-10-29 14:54:59,382 [WARN] ModelIntegratedComponent:63 - No mode defined for component null
2024-10-29 14:54:59,382 [WARN] ModelPack:524 - Component already loaded: STMicroelectronics:HAL Drivers:0.0.0:STMicroelectronics:Device:STMicro_Driver:XSPI:HAL::0.0.1:HAL_XSPI
2024-10-29 14:54:59,483 [INFO] ThirdPartyModel:298 - Start build external matchings
2024-10-29 14:55:00,453 [INFO] ThirdPartyModel:316 - End build external matchings
2024-10-29 14:55:00,470 [INFO] RtosManager:919 - Current active RTOS is FREERTOS [Cortex-M3NS]
2024-10-29 14:55:00,471 [INFO] ImportTextPane:205 - (OptionalMessage_ERROR) IP (RCC) : Parameter (ADCFreqValue) has invalid value (36000000)
2024-10-29 14:55:00,471 [INFO] ImportTextPane:205 - (OptionalMessage_ERROR) IP (RCC) : Invalid parameter (FamilyName)
2024-10-29 14:55:00,471 [INFO] ImportTextPane:205 - (OptionalMessage_ERROR) IP (RCC) : Parameter (MCOFreq_Value) has invalid value (72000000)
2024-10-29 14:55:00,472 [INFO] ImportTextPane:205 - (OptionalMessage_ERROR) IP (RCC) : Parameter (USBFreq_Value) has invalid value (72000000)
2024-10-29 14:55:00,715 [INFO] UtilMem:75 - End LoadConfig() Used Memory: 383441032 Bytes (1024458752)
2024-10-29 14:55:00,764 [WARN] ThirdParty:833 - waiting for thirdparty lock release [change project]
2024-10-29 14:55:00,764 [INFO] ThirdParty:835 - entering critical section [change project]
2024-10-29 14:55:00,764 [INFO] ThirdParty:1030 - CMSIS Pack Vendor :STMicroelectronics USBPD 4.1
2024-10-29 14:55:00,764 [INFO] ThirdParty:1030 - CMSIS Pack Vendor :STMicroelectronics X-CUBE-GNSS1 6.0.0
2024-10-29 14:55:00,764 [INFO] ThirdParty:1030 - CMSIS Pack Vendor :STMicroelectronics USB_HOST 2.0.0
2024-10-29 14:55:00,764 [INFO] ThirdParty:1030 - CMSIS Pack Vendor :STMicroelectronics FP-SNS-MOTENVWB1 1.4.0
2024-10-29 14:55:00,764 [INFO] ThirdParty:1030 - CMSIS Pack Vendor :STMicroelectronics X-CUBE-AZRTOS-F4 1.1.0
2024-10-29 14:55:00,764 [INFO] ThirdParty:1030 - CMSIS Pack Vendor :STMicroelectronics LIBJPEG 8.0.0
2024-10-29 14:55:00,764 [INFO] ThirdParty:1030 - CMSIS Pack Vendor :STMicroelectronics X-CUBE-SMBUS 2.1.0
2024-10-29 14:55:00,764 [INFO] ThirdParty:1030 - CMSIS Pack Vendor :STMicroelectronics X-CUBE-WB05N 1.1.0
2024-10-29 14:55:00,764 [INFO] ThirdParty:1030 - CMSIS Pack Vendor :STMicroelectronics X-CUBE-ISPU 2.1.0
2024-10-29 14:55:00,764 [INFO] ThirdParty:1030 - CMSIS Pack Vendor :STMicroelectronics X-CUBE-FREERTOS 1.2.0
2024-10-29 14:55:00,764 [INFO] ThirdParty:1030 - CMSIS Pack Vendor :STMicroelectronics X-CUBE-AZRTOS-F7 1.1.0
2024-10-29 14:55:00,764 [INFO] ThirdParty:1030 - CMSIS Pack Vendor :STMicroelectronics X-CUBE-AZRTOS-L5 2.0.0
2024-10-29 14:55:00,764 [INFO] ThirdParty:1030 - CMSIS Pack Vendor :STMicroelectronics USB_DEVICE 2.0.0
2024-10-29 14:55:00,764 [INFO] ThirdParty:1030 - CMSIS Pack Vendor :STMicroelectronics X-CUBE-MEMS1 9.6.0
2024-10-29 14:55:00,764 [INFO] ThirdParty:1030 - CMSIS Pack Vendor :STMicroelectronics X-CUBE-EEPRMA1 4.2.0
2024-10-29 14:55:00,764 [INFO] ThirdParty:1030 - CMSIS Pack Vendor :STMicroelectronics X-CUBE-NFC6 3.1.0
2024-10-29 14:55:00,764 [INFO] ThirdParty:1030 - CMSIS Pack Vendor :ITTIA_DB I-CUBE-ITTIADB 8.8.0
2024-10-29 14:55:00,764 [INFO] ThirdParty:1030 - CMSIS Pack Vendor :STMicroelectronics FP-SNS-MOTENV1 4.3.2
2024-10-29 14:55:00,764 [INFO] ThirdParty:1030 - CMSIS Pack Vendor :STMicroelectronics X-CUBE-MEMS1 11.0.0
2024-10-29 14:55:00,764 [INFO] ThirdParty:1030 - CMSIS Pack Vendor :STMicroelectronics X-CUBE-BLE1 6.2.4
2024-10-29 14:55:00,764 [INFO] ThirdParty:1030 - CMSIS Pack Vendor :STMicroelectronics FreeRTOS 0.0.1
2024-10-29 14:55:00,764 [INFO] ThirdParty:1030 - CMSIS Pack Vendor :emotas I-CUBE-CANOPEN 1.1.3
2024-10-29 14:55:00,764 [INFO] ThirdParty:1030 - CMSIS Pack Vendor :STMicroelectronics X-CUBE-BLEMGR 2.0.0
2024-10-29 14:55:00,764 [INFO] ThirdParty:1030 - CMSIS Pack Vendor :STMicroelectronics X-CUBE-DPower 1.2.0
2024-10-29 14:55:00,764 [INFO] ThirdParty:1030 - CMSIS Pack Vendor :STMicroelectronics FP-SNS-FLIGHT1 5.0.2
2024-10-29 14:55:00,764 [INFO] ThirdParty:1030 - CMSIS Pack Vendor :STMicroelectronics X-CUBE-AI 9.0.0
2024-10-29 14:55:00,764 [INFO] ThirdParty:1030 - CMSIS Pack Vendor :STMicroelectronics X-CUBE-AZRTOS-H7 3.1.0
2024-10-29 14:55:00,764 [INFO] ThirdParty:1030 - CMSIS Pack Vendor :STMicroelectronics PDM2PCM 3.3.0
2024-10-29 14:55:00,764 [INFO] ThirdParty:1030 - CMSIS Pack Vendor :STMicroelectronics X-CUBE-DISPLAY 3.0.0
2024-10-29 14:55:00,764 [INFO] ThirdParty:1030 - CMSIS Pack Vendor :STMicroelectronics X-CUBE-BLE1 7.0.0
2024-10-29 14:55:00,765 [INFO] ThirdParty:1030 - CMSIS Pack Vendor :STMicroelectronics X-CUBE-NFC10 1.0.0
2024-10-29 14:55:00,765 [INFO] ThirdParty:1030 - CMSIS Pack Vendor :wolfSSL I-CUBE-wolfSSL 5.5.4
2024-10-29 14:55:00,765 [INFO] ThirdParty:1030 - CMSIS Pack Vendor :STMicroelectronics HAL Drivers 0.0.0
2024-10-29 14:55:00,765 [INFO] ThirdParty:1030 - CMSIS Pack Vendor :STMicroelectronics X-CUBE-TOUCHGFX 4.22.0
2024-10-29 14:55:00,765 [INFO] ThirdParty:1030 - CMSIS Pack Vendor :STMicroelectronics X-CUBE-NFC7 1.0.1
2024-10-29 14:55:00,765 [INFO] ThirdParty:1030 - CMSIS Pack Vendor :STMicroelectronics MBEDTLS 2.14.1
2024-10-29 14:55:00,765 [INFO] ThirdParty:1030 - CMSIS Pack Vendor :STMicroelectronics X-CUBE-NFC7 1.0.0
2024-10-29 14:55:00,765 [INFO] ThirdParty:1030 - CMSIS Pack Vendor :STMicroelectronics X-CUBE-TOUCHGFX 4.22.1
2024-10-29 14:55:00,765 [INFO] ThirdParty:1030 - CMSIS Pack Vendor :wolfSSL I-CUBE-wolfTPM 3.2.0
2024-10-29 14:55:00,765 [INFO] ThirdParty:1030 - CMSIS Pack Vendor :STMicroelectronics X-CUBE-NFC6 3.0.0
2024-10-29 14:55:00,765 [INFO] ThirdParty:1030 - CMSIS Pack Vendor :STMicroelectronics X-CUBE-EEPRMA1 4.1.0
2024-10-29 14:55:00,765 [INFO] ThirdParty:1030 - CMSIS Pack Vendor :STMicroelectronics X-CUBE-BLEMGR 3.1.0
2024-10-29 14:55:00,765 [INFO] ThirdParty:1030 - CMSIS Pack Vendor :STMicroelectronics FP-SNS-SMARTAG2 1.2.0
2024-10-29 14:55:00,765 [INFO] ThirdParty:1030 - CMSIS Pack Vendor :STMicroelectronics X-CUBE-AZRTOS-WL 2.0.0
2024-10-29 14:55:00,765 [INFO] ThirdParty:1030 - CMSIS Pack Vendor :STMicroelectronics FP-SNS-MOTENV1 5.0.0
2024-10-29 14:55:00,765 [INFO] ThirdParty:1030 - CMSIS Pack Vendor :STMicroelectronics USB_DEVICE 1.0.0
2024-10-29 14:55:00,765 [INFO] ThirdParty:1030 - CMSIS Pack Vendor :STMicroelectronics X-CUBE-AI 8.1.0
2024-10-29 14:55:00,765 [INFO] ThirdParty:1030 - CMSIS Pack Vendor :wolfSSL I-CUBE-wolfMQTT 1.19.0
2024-10-29 14:55:00,765 [INFO] ThirdParty:1030 - CMSIS Pack Vendor :STMicroelectronics X-CUBE-AZRTOS-L4 2.0.0
2024-10-29 14:55:00,765 [INFO] ThirdParty:1030 - CMSIS Pack Vendor :STMicroelectronics ThreadX 0.0.2
2024-10-29 14:55:00,765 [INFO] ThirdParty:1030 - CMSIS Pack Vendor :WES I-CUBE-Cesium 1.3.0
2024-10-29 14:55:00,765 [INFO] ThirdParty:1030 - CMSIS Pack Vendor :STMicroelectronics lwIP 2.1.2
2024-10-29 14:55:00,765 [INFO] ThirdParty:1030 - CMSIS Pack Vendor :STMicroelectronics X-CUBE-SFXS2LP1 4.0.0
2024-10-29 14:55:00,765 [INFO] ThirdParty:1030 - CMSIS Pack Vendor :STMicroelectronics X-CUBE-BLE2 3.3.0
2024-10-29 14:55:00,765 [INFO] ThirdParty:1030 - CMSIS Pack Vendor :STMicroelectronics X-CUBE-TOF1 3.2.0
2024-10-29 14:55:00,765 [INFO] ThirdParty:1030 - CMSIS Pack Vendor :STMicroelectronics PDM2PCM 3.2.0
2024-10-29 14:55:00,765 [INFO] ThirdParty:1030 - CMSIS Pack Vendor :STMicroelectronics X-CUBE-AZRTOS-H7 3.0.0
2024-10-29 14:55:00,765 [INFO] ThirdParty:1030 - CMSIS Pack Vendor :STMicroelectronics X-CUBE-ISPU 1.1.0
2024-10-29 14:55:00,765 [INFO] ThirdParty:1030 - CMSIS Pack Vendor :STMicroelectronics X-CUBE-AZRTOS-H7 3.3.0
2024-10-29 14:55:00,765 [INFO] ThirdParty:1030 - CMSIS Pack Vendor :RoweBots I-CUBE-UNISONRTOS 5.5.0-4
2024-10-29 14:55:00,765 [INFO] ThirdParty:1030 - CMSIS Pack Vendor :STMicroelectronics X-CUBE-NFC9 1.0.0
2024-10-29 14:55:00,765 [INFO] ThirdParty:1030 - CMSIS Pack Vendor :STMicroelectronics USB_DEVICE 3.0.0
2024-10-29 14:55:00,765 [INFO] ThirdParty:1030 - CMSIS Pack Vendor :STMicroelectronics X-CUBE-TCPP 4.1.0
2024-10-29 14:55:00,765 [INFO] ThirdParty:1030 - CMSIS Pack Vendor :STMicroelectronics X-CUBE-IPS 3.0.0
2024-10-29 14:55:00,765 [INFO] ThirdParty:1030 - CMSIS Pack Vendor :STMicroelectronics X-CUBE-AZRTOS-WB 2.0.0
2024-10-29 14:55:00,765 [INFO] ThirdParty:1030 - CMSIS Pack Vendor :STMicroelectronics X-CUBE-FREERTOS 1.0.1
2024-10-29 14:55:00,765 [INFO] ThirdParty:1030 - CMSIS Pack Vendor :STMicroelectronics X-CUBE-TOUCHGFX 4.21.1
2024-10-29 14:55:00,765 [INFO] ThirdParty:1030 - CMSIS Pack Vendor :STMicroelectronics X-CUBE-GNSS1 7.0.0
2024-10-29 14:55:00,765 [INFO] ThirdParty:1030 - CMSIS Pack Vendor :STMicroelectronics X-CUBE-MEMS1 9.4.0
2024-10-29 14:55:00,765 [INFO] ThirdParty:1030 - CMSIS Pack Vendor :STMicroelectronics X-CUBE-AI 7.3.0
2024-10-29 14:55:00,765 [INFO] ThirdParty:1030 - CMSIS Pack Vendor :STMicroelectronics FP-SNS-STBOX1 2.0.0
2024-10-29 14:55:00,765 [INFO] ThirdParty:1030 - CMSIS Pack Vendor :STMicroelectronics X-CUBE-ALGOBUILD 1.3.0
2024-10-29 14:55:00,765 [INFO] ThirdParty:1030 - CMSIS Pack Vendor :STMicroelectronics X-CUBE-AZRTOS-L5 1.1.0
2024-10-29 14:55:00,765 [INFO] ThirdParty:1030 - CMSIS Pack Vendor :STMicroelectronics X-CUBE-AZRTOS-G0 1.1.0
2024-10-29 14:55:00,765 [INFO] ThirdParty:1030 - CMSIS Pack Vendor :STMicroelectronics X-CUBE-AI 8.0.1
2024-10-29 14:55:00,765 [INFO] ThirdParty:1030 - CMSIS Pack Vendor :STMicroelectronics X-CUBE-SAFEA1 1.2.2
2024-10-29 14:55:00,765 [INFO] ThirdParty:1030 - CMSIS Pack Vendor :STMicroelectronics X-CUBE-NFC4 3.0.0
2024-10-29 14:55:00,765 [INFO] ThirdParty:1030 - CMSIS Pack Vendor :STMicroelectronics X-CUBE-SUBG2 5.0.0
2024-10-29 14:55:00,765 [INFO] ThirdParty:1030 - CMSIS Pack Vendor :STMicroelectronics STM32_WPAN 1.0.0
2024-10-29 14:55:00,765 [INFO] ThirdParty:1030 - CMSIS Pack Vendor :EmbeddedOffice I-CUBE-FS-RTOS 1.0.1
2024-10-29 14:55:00,765 [INFO] ThirdParty:1030 - CMSIS Pack Vendor :STMicroelectronics lwIP 2.0.3
2024-10-29 14:55:00,765 [INFO] ThirdParty:1030 - CMSIS Pack Vendor :Cesanta I-CUBE-Mongoose 7.13.0
2024-10-29 14:55:00,765 [INFO] ThirdParty:1030 - CMSIS Pack Vendor :STMicroelectronics USB_HOST 1.0.0
2024-10-29 14:55:00,765 [INFO] ThirdParty:1030 - CMSIS Pack Vendor :STMicroelectronics X-CUBE-TOF1 3.3.1
2024-10-29 14:55:00,765 [INFO] ThirdParty:1030 - CMSIS Pack Vendor :STMicroelectronics X-CUBE-AZRTOS-G4 2.0.0
2024-10-29 14:55:00,765 [INFO] ThirdParty:1030 - CMSIS Pack Vendor :STMicroelectronics PDM2PCM 3.1.0
2024-10-29 14:55:00,765 [INFO] ThirdParty:1030 - CMSIS Pack Vendor :STMicroelectronics FP-ATR-ASTRA1 1.1.1
2024-10-29 14:55:00,765 [INFO] ThirdParty:1030 - CMSIS Pack Vendor :Infineon AIROC-Wi-Fi-Bluetooth-STM32 1.5.1
2024-10-29 14:55:00,765 [INFO] ThirdParty:1030 - CMSIS Pack Vendor :STMicroelectronics X-CUBE-BLEMGR 3.0.0
2024-10-29 14:55:00,765 [INFO] ThirdParty:1030 - CMSIS Pack Vendor :STMicroelectronics X-CUBE-BLEMGR 1.3.0
2024-10-29 14:55:00,765 [INFO] ThirdParty:1030 - CMSIS Pack Vendor :STMicroelectronics FP-SNS-MOTENVWB1 1.3.0
2024-10-29 14:55:00,765 [INFO] ThirdParty:1030 - CMSIS Pack Vendor :RealThread X-CUBE-RT-Thread_Nano 4.1.1
2024-10-29 14:55:00,765 [INFO] ThirdParty:1030 - CMSIS Pack Vendor :STMicroelectronics FP-SNS-MOTENVWB1 1.3.1
2024-10-29 14:55:00,765 [INFO] ThirdParty:1030 - CMSIS Pack Vendor :STMicroelectronics FP-ATR-SIGFOX1 3.2.0
2024-10-29 14:55:00,765 [INFO] ThirdParty:1030 - CMSIS Pack Vendor :STMicroelectronics X-CUBE-AZRTOS-G4 1.0.0
2024-10-29 14:55:00,765 [INFO] ThirdParty:1030 - CMSIS Pack Vendor :STMicroelectronics X-CUBE-AZRTOS-L4 1.0.0
2024-10-29 14:55:00,765 [INFO] ThirdParty:1030 - CMSIS Pack Vendor :STMicroelectronics X-CUBE-ISPU 2.0.0
2024-10-29 14:55:00,765 [INFO] ThirdParty:1030 - CMSIS Pack Vendor :STMicroelectronics X-CUBE-EEPRMA1 5.1.0
2024-10-29 14:55:00,765 [INFO] ThirdParty:1030 - CMSIS Pack Vendor :STMicroelectronics MBEDTLS 2.16.2
2024-10-29 14:55:00,766 [INFO] ThirdParty:1030 - CMSIS Pack Vendor :STMicroelectronics X-CUBE-ALS 1.0.2
2024-10-29 14:55:00,766 [INFO] ThirdParty:1030 - CMSIS Pack Vendor :STMicroelectronics X-CUBE-MEMS1 10.0.0
2024-10-29 14:55:00,766 [INFO] ThirdParty:1030 - CMSIS Pack Vendor :STMicroelectronics X-CUBE-FREERTOS 1.1.0
2024-10-29 14:55:00,766 [INFO] ThirdParty:1030 - CMSIS Pack Vendor :STMicroelectronics X-CUBE-TOUCHGFX 4.24.0
2024-10-29 14:55:00,766 [INFO] ThirdParty:1030 - CMSIS Pack Vendor :STMicroelectronics X-CUBE-AZRTOS-WL 1.0.0
2024-10-29 14:55:00,766 [INFO] ThirdParty:1030 - CMSIS Pack Vendor :STMicroelectronics X-CUBE-TOUCHGFX 4.24.1
2024-10-29 14:55:00,766 [INFO] ThirdParty:1030 - CMSIS Pack Vendor :portGmbH I-Cube-SoM-uGOAL 1.1.0
2024-10-29 14:55:00,766 [INFO] ThirdParty:1030 - CMSIS Pack Vendor :STMicroelectronics X-CUBE-ALS 1.0.1
2024-10-29 14:55:00,766 [INFO] ThirdParty:1030 - CMSIS Pack Vendor :STMicroelectronics X-CUBE-MEMS1 9.5.0
2024-10-29 14:55:00,766 [INFO] ThirdParty:1030 - CMSIS Pack Vendor :STMicroelectronics ThreadX 1.0.0
2024-10-29 14:55:00,766 [INFO] ThirdParty:1030 - CMSIS Pack Vendor :STMicroelectronics X-CUBE-AZRTOS-WB 1.1.0
2024-10-29 14:55:00,766 [INFO] ThirdParty:1030 - CMSIS Pack Vendor :SEGGER I-CUBE-embOS 1.3.1
2024-10-29 14:55:00,766 [INFO] ThirdParty:1030 - CMSIS Pack Vendor :STMicroelectronics X-CUBE-ALGOBUILD 1.4.0
2024-10-29 14:55:00,766 [INFO] ThirdParty:1030 - CMSIS Pack Vendor :STMicroelectronics X-CUBE-AZRTOS-H7RS 1.0.0
2024-10-29 14:55:00,766 [INFO] ThirdParty:1030 - CMSIS Pack Vendor :STMicroelectronics FP-ATR-ASTRA1 2.0.0
2024-10-29 14:55:00,766 [INFO] ThirdParty:1030 - CMSIS Pack Vendor :STMicroelectronics X-CUBE-TOF1 3.4.2
2024-10-29 14:55:00,766 [INFO] ThirdParty:1030 - CMSIS Pack Vendor :STMicroelectronics X-CUBE-AI 9.1.0
2024-10-29 14:55:00,766 [INFO] ThirdParty:1030 - CMSIS Pack Vendor :STMicroelectronics X-CUBE-TOF1 3.4.0
2024-10-29 14:55:00,766 [INFO] ThirdParty:1030 - CMSIS Pack Vendor :wolfSSL I-CUBE-wolfSSH 1.4.17
2024-10-29 14:55:00,766 [INFO] ThirdParty:841 - exiting critical section [change project]
2024-10-29 14:55:00,850 [INFO] PinOutPanel:1561 - setPackage(No Configuration,No Configuration)
2024-10-29 14:55:00,851 [INFO] PinOutPanel:1561 - setPackage(STM32F103ZETx,LQFP144)
2024-10-29 14:55:01,018 [INFO] UtilMem:75 - Before build in PCC Used Memory: 446318088 Bytes (1024458752)
2024-10-29 14:55:01,122 [INFO] UtilMem:75 - After build in PCC Used Memory: 488783368 Bytes (1024458752)
2024-10-29 14:55:01,141 [INFO] ApiDbMcu:508 - Load IP Config File for FREERTOS
2024-10-29 14:55:01,153 [INFO] IPUIPlugin:80 - create IPUIPlugin
2024-10-29 14:55:01,153 [INFO] IPUIPlugin:80 - create IPUIPlugin
2024-10-29 14:55:01,153 [INFO] IPUIPlugin:80 - create IPUIPlugin
2024-10-29 14:55:01,153 [INFO] IPUIPlugin:80 - create IPUIPlugin
2024-10-29 14:55:01,153 [INFO] IPUIPlugin:80 - create IPUIPlugin
2024-10-29 14:55:01,153 [INFO] IPUIPlugin:80 - create IPUIPlugin
2024-10-29 14:55:01,153 [INFO] IPUIPlugin:80 - create IPUIPlugin
2024-10-29 14:55:01,153 [INFO] IPUIPlugin:80 - create IPUIPlugin
2024-10-29 14:55:01,153 [INFO] IPUIPlugin:80 - create IPUIPlugin
2024-10-29 14:55:01,153 [INFO] IPUIPlugin:80 - create IPUIPlugin
2024-10-29 14:55:01,153 [INFO] IPUIPlugin:80 - create IPUIPlugin
2024-10-29 14:55:01,154 [INFO] IPUIPlugin:80 - create IPUIPlugin
2024-10-29 14:55:01,154 [INFO] IPUIPlugin:80 - create IPUIPlugin
2024-10-29 14:55:01,154 [INFO] IPUIPlugin:80 - create IPUIPlugin
2024-10-29 14:55:01,154 [INFO] IPUIPlugin:80 - create IPUIPlugin
2024-10-29 14:55:01,154 [INFO] IPUIPlugin:80 - create IPUIPlugin
2024-10-29 14:55:01,154 [INFO] IPUIPlugin:80 - create IPUIPlugin
2024-10-29 14:55:01,154 [INFO] IPUIPlugin:80 - create IPUIPlugin
2024-10-29 14:55:01,154 [INFO] IPUIPlugin:80 - create IPUIPlugin
2024-10-29 14:55:01,154 [INFO] IPUIPlugin:80 - create IPUIPlugin
2024-10-29 14:55:01,154 [INFO] IPUIPlugin:80 - create IPUIPlugin
2024-10-29 14:55:01,154 [INFO] IPUIPlugin:80 - create IPUIPlugin
2024-10-29 14:55:01,154 [INFO] IPUIPlugin:80 - create IPUIPlugin
2024-10-29 14:55:01,154 [INFO] IPUIPlugin:80 - create IPUIPlugin
2024-10-29 14:55:01,154 [INFO] IPUIPlugin:80 - create IPUIPlugin
2024-10-29 14:55:01,154 [INFO] IPUIPlugin:80 - create IPUIPlugin
2024-10-29 14:55:01,154 [INFO] IPUIPlugin:80 - create IPUIPlugin
2024-10-29 14:55:01,155 [INFO] IPUIPlugin:80 - create IPUIPlugin
2024-10-29 14:55:01,155 [INFO] IPUIPlugin:80 - create IPUIPlugin
2024-10-29 14:55:01,155 [INFO] IPUIPlugin:80 - create IPUIPlugin
2024-10-29 14:55:01,155 [INFO] IPUIPlugin:80 - create IPUIPlugin
2024-10-29 14:55:01,156 [INFO] IPUIPlugin:80 - create IPUIPlugin
2024-10-29 14:55:01,156 [INFO] IPUIPlugin:80 - create IPUIPlugin
2024-10-29 14:55:01,156 [INFO] IPUIPlugin:80 - create IPUIPlugin
2024-10-29 14:55:01,156 [INFO] IPUIPlugin:80 - create IPUIPlugin
2024-10-29 14:55:01,156 [INFO] IPUIPlugin:80 - create IPUIPlugin
2024-10-29 14:55:01,156 [INFO] IPUIPlugin:80 - create IPUIPlugin
2024-10-29 14:55:01,156 [INFO] IPUIPlugin:80 - create IPUIPlugin
2024-10-29 14:55:01,156 [INFO] IPUIPlugin:80 - create IPUIPlugin
2024-10-29 14:55:01,156 [INFO] IPUIPlugin:80 - create IPUIPlugin
2024-10-29 14:55:01,161 [WARN] FreeRTOS:1023 - Null or empty value: should not occur! (nothing added to the table)
2024-10-29 14:55:01,201 [INFO] CADModel:165 - CPN selected for project levelSTM32F103ZET6
2024-10-29 14:55:01,201 [INFO] CADModel:114 - Register for checkConnection events
2024-10-29 14:55:01,202 [INFO] RtosManager:697 - Active RTOS found at IOC load: FREERTOS [Cortex-M3NS]
2024-10-29 14:55:01,264 [INFO] OpenFileManager:363 - Restore cursor
2024-10-29 14:55:51,571 [INFO] MainUpdater:2873 - connection check result : 10
2024-10-29 14:55:51,571 [INFO] MainUpdater:2873 - connection check result : 10
2024-10-29 14:55:51,612 [INFO] MicroXplorer:468 - Change Database Path : 
2024-10-29 14:55:51,612 [INFO] MicroXplorer:498 - Change Database Version : DB.6.0.121
2024-10-29 14:55:51,617 [ERROR] ProjectManagerView:394 - 
java.lang.NullPointerException: Cannot invoke "javax.swing.JTextField.getText()" because the return value of "java.util.List.get(int)" is null
	at com.st.microxplorer.plugins.projectmanager.gui.ProjectChoiceTab$10.caretUpdate(ProjectChoiceTab.java:2622) ~[filemanager.jar:?]
	at javax.swing.text.JTextComponent.fireCaretUpdate(JTextComponent.java:412) ~[?:?]
	at javax.swing.text.JTextComponent$MutableCaretEvent.fire(JTextComponent.java:4491) ~[?:?]
	at javax.swing.text.JTextComponent$MutableCaretEvent.stateChanged(JTextComponent.java:4513) ~[?:?]
	at javax.swing.text.DefaultCaret.fireStateChanged(DefaultCaret.java:842) ~[?:?]
	at javax.swing.text.DefaultCaret.changeCaretPosition(DefaultCaret.java:1313) ~[?:?]
	at javax.swing.text.DefaultCaret.handleSetDot(DefaultCaret.java:1212) ~[?:?]
	at javax.swing.text.DefaultCaret.setDot(DefaultCaret.java:1193) ~[?:?]
	at javax.swing.text.DefaultCaret$Handler.insertUpdate(DefaultCaret.java:1789) ~[?:?]
	at javax.swing.text.AbstractDocument.fireInsertUpdate(AbstractDocument.java:226) ~[?:?]
	at javax.swing.text.AbstractDocument.handleInsertString(AbstractDocument.java:780) ~[?:?]
	at javax.swing.text.AbstractDocument.insertString(AbstractDocument.java:739) ~[?:?]
	at javax.swing.text.PlainDocument.insertString(PlainDocument.java:131) ~[?:?]
	at javax.swing.text.AbstractDocument.replace(AbstractDocument.java:698) ~[?:?]
	at javax.swing.text.JTextComponent.setText(JTextComponent.java:1729) ~[?:?]
	at com.st.microxplorer.plugins.projectmanager.gui.ProjectChoiceTab.createHeapStackFields(ProjectChoiceTab.java:972) ~[filemanager.jar:?]
	at com.st.microxplorer.plugins.projectmanager.gui.ProjectChoiceTab.buildLinkSettingsPanel(ProjectChoiceTab.java:3597) ~[filemanager.jar:?]
	at com.st.microxplorer.plugins.projectmanager.gui.ProjectChoiceTab.defineWindowsFields(ProjectChoiceTab.java:1940) ~[filemanager.jar:?]
	at com.st.microxplorer.plugins.projectmanager.gui.ProjectChoiceTab.updateSettings(ProjectChoiceTab.java:550) ~[filemanager.jar:?]
	at com.st.microxplorer.plugins.projectmanager.gui.ProjectSettingsPanel.UpdateDialog(ProjectSettingsPanel.java:245) ~[filemanager.jar:?]
	at com.st.microxplorer.plugins.projectmanager.ProjectManagerView.propertyChange(ProjectManagerView.java:391) ~[filemanager.jar:?]
	at java.beans.PropertyChangeSupport.fire(PropertyChangeSupport.java:343) ~[?:?]
	at java.beans.PropertyChangeSupport.firePropertyChange(PropertyChangeSupport.java:335) ~[?:?]
	at java.beans.PropertyChangeSupport.firePropertyChange(PropertyChangeSupport.java:268) ~[?:?]
	at com.st.microxplorer.util.MXPropertyChangeSupport.firePropertyChange(MXPropertyChangeSupport.java:54) ~[STM32CubeMX.jar:?]
	at com.st.microxplorer.mxsystem.MxSystem.closeConfig(MxSystem.java:900) ~[STM32CubeMX.jar:?]
	at com.st.microxplorer.maingui.MainPanel.closeConfig(MainPanel.java:781) ~[STM32CubeMX.jar:?]
	at com.st.microxplorer.plugins.filemanager.engine.OpenFileManager.loadConfigurationFile(OpenFileManager.java:265) ~[filemanager.jar:?]
	at com.st.microxplorer.plugins.filemanager.engine.MainFileManager.userLoadConfig(MainFileManager.java:352) ~[filemanager.jar:?]
	at com.st.microxplorer.plugins.filemanager.engine.MainFileManager.userLoadConfig(MainFileManager.java:330) ~[filemanager.jar:?]
	at com.st.microxplorer.plugins.filemanager.FileManagerView.getSpecificTask(FileManagerView.java:246) ~[filemanager.jar:?]
	at com.st.stm32cube.common.mx.editor.CubeMxEditor.getMxTabbedPaneInstance(CubeMxEditor.java:1198) ~[com.st.stm32cube.common.mx_6.12.1.202409122256/:?]
	at com.st.stm32cube.common.mx.editor.CubeMxEditor$12$1.createSwingComponent(CubeMxEditor.java:1068) ~[com.st.stm32cube.common.mx_6.12.1.202409122256/:?]
	at com.st.stm32cube.common.mx.oss.core.awtswtbridge.EmbeddedSwingComposite.doComponentCreation(EmbeddedSwingComposite.java:492) ~[com.st.stm32cube.common.mx.oss_6.12.1.202409122256/:?]
	at com.st.stm32cube.common.mx.oss.core.awtswtbridge.EmbeddedSwingComposite$4.run(EmbeddedSwingComposite.java:291) ~[com.st.stm32cube.common.mx.oss_6.12.1.202409122256/:?]
	at com.st.stm32cube.common.mx.oss.core.awtswtbridge.AwtEnvironment$2.run(AwtEnvironment.java:166) ~[com.st.stm32cube.common.mx.oss_6.12.1.202409122256/:?]
	at java.awt.event.InvocationEvent.dispatch(InvocationEvent.java:318) ~[?:?]
	at java.awt.EventQueue.dispatchEventImpl(EventQueue.java:773) ~[?:?]
	at java.awt.EventQueue$4.run(EventQueue.java:720) ~[?:?]
	at java.awt.EventQueue$4.run(EventQueue.java:714) ~[?:?]
	at java.security.AccessController.doPrivileged(AccessController.java:399) ~[?:?]
	at java.security.ProtectionDomain$JavaSecurityAccessImpl.doIntersectionPrivilege(ProtectionDomain.java:86) ~[?:?]
	at java.awt.EventQueue.dispatchEvent(EventQueue.java:742) ~[?:?]
	at java.awt.EventDispatchThread.pumpOneEventForFilters(EventDispatchThread.java:203) ~[?:?]
	at java.awt.EventDispatchThread.pumpEventsForFilter(EventDispatchThread.java:124) ~[?:?]
	at java.awt.EventDispatchThread.pumpEventsForHierarchy(EventDispatchThread.java:113) ~[?:?]
	at java.awt.EventDispatchThread.pumpEvents(EventDispatchThread.java:109) ~[?:?]
	at java.awt.EventDispatchThread.pumpEvents(EventDispatchThread.java:101) ~[?:?]
	at java.awt.EventDispatchThread.run(EventDispatchThread.java:90) ~[?:?]
2024-10-29 14:55:51,618 [WARN] ThirdParty:871 - waiting for thirdparty lock release [close project]
2024-10-29 14:55:51,618 [INFO] ThirdParty:873 - entering critical section [close project]
2024-10-29 14:55:51,618 [INFO] ThirdParty:883 - exiting critical section [close project]
2024-10-29 14:55:51,619 [INFO] PinOutPanel:1561 - setPackage(No Configuration,No Configuration)
2024-10-29 14:55:51,622 [INFO] UtilMem:75 - Begin LoadConfig() Used Memory: 617937064 Bytes (1024458752)
2024-10-29 14:55:51,630 [INFO] MicroXplorer:468 - Change Database Path : C:/Users/19948/.stm32cubemx/databases/DB.6.0.40/db/
2024-10-29 14:55:51,630 [INFO] MicroXplorer:498 - Change Database Version : DB.6.0.40
2024-10-29 14:55:55,280 [INFO] OpenFileManager:332 - Change cursor
2024-10-29 14:55:55,289 [INFO] Mcu:2032 - Initializing MCU STM32F103C(8-B)Tx STM32F103C8Tx STM32F103C8T6
2024-10-29 14:55:55,590 [INFO] Context:742 - Trying to add GPIOservice into a context  which must be forbidden
2024-10-29 14:55:55,703 [INFO] RtosManager:555 - Registered RTOS mode: class=CMSIS, group=RTOS, mode=CMSIS_V1, owner=FREERTOS
2024-10-29 14:55:55,703 [INFO] RtosManager:555 - Registered RTOS mode: class=CMSIS, group=RTOS2, mode=CMSIS_V2, owner=FREERTOS
2024-10-29 14:55:55,703 [INFO] RtosManager:555 - Registered RTOS mode: class=RTOS, group=Core, mode=CMSIS_V1, owner=FREERTOS
2024-10-29 14:55:55,703 [INFO] RtosManager:555 - Registered RTOS mode: class=RTOS, group=Core, mode=CMSIS_V2, owner=FREERTOS
2024-10-29 14:55:55,703 [WARN] ModelIntegratedComponent:184 - Missing modes for component STMicroelectronics:FreeRTOS:0.0.1:STMicroelectronics:RTOS:FreeRTOS:Core:::10.2.0:
2024-10-29 14:55:55,705 [WARN] ModelIntegratedComponent:63 - No mode defined for component null
2024-10-29 14:55:55,705 [WARN] ModelIntegratedComponent:63 - No mode defined for component null
2024-10-29 14:55:55,705 [WARN] ModelIntegratedComponent:63 - No mode defined for component null
2024-10-29 14:55:55,705 [WARN] ModelIntegratedComponent:63 - No mode defined for component null
2024-10-29 14:55:55,705 [WARN] ModelIntegratedComponent:63 - No mode defined for component null
2024-10-29 14:55:55,705 [WARN] ModelIntegratedComponent:63 - No mode defined for component null
2024-10-29 14:55:55,705 [WARN] ModelIntegratedComponent:63 - No mode defined for component null
2024-10-29 14:55:55,705 [WARN] ModelIntegratedComponent:63 - No mode defined for component null
2024-10-29 14:55:55,705 [WARN] ModelIntegratedComponent:63 - No mode defined for component null
2024-10-29 14:55:55,705 [WARN] ModelIntegratedComponent:63 - No mode defined for component null
2024-10-29 14:55:55,705 [WARN] ModelIntegratedComponent:63 - No mode defined for component null
2024-10-29 14:55:55,705 [WARN] ModelIntegratedComponent:63 - No mode defined for component null
2024-10-29 14:55:55,705 [WARN] ModelIntegratedComponent:63 - No mode defined for component null
2024-10-29 14:55:55,705 [WARN] ModelIntegratedComponent:63 - No mode defined for component null
2024-10-29 14:55:55,705 [WARN] ModelIntegratedComponent:63 - No mode defined for component null
2024-10-29 14:55:55,705 [WARN] ModelIntegratedComponent:63 - No mode defined for component null
2024-10-29 14:55:55,705 [WARN] ModelIntegratedComponent:63 - No mode defined for component null
2024-10-29 14:55:55,705 [WARN] ModelIntegratedComponent:63 - No mode defined for component null
2024-10-29 14:55:55,705 [WARN] ModelIntegratedComponent:63 - No mode defined for component null
2024-10-29 14:55:55,705 [WARN] ModelIntegratedComponent:63 - No mode defined for component null
2024-10-29 14:55:55,705 [WARN] ModelIntegratedComponent:63 - No mode defined for component null
2024-10-29 14:55:55,705 [WARN] ModelIntegratedComponent:63 - No mode defined for component null
2024-10-29 14:55:55,705 [WARN] ModelIntegratedComponent:63 - No mode defined for component null
2024-10-29 14:55:55,705 [WARN] ModelIntegratedComponent:63 - No mode defined for component null
2024-10-29 14:55:55,705 [WARN] ModelIntegratedComponent:63 - No mode defined for component null
2024-10-29 14:55:55,705 [WARN] ModelIntegratedComponent:63 - No mode defined for component null
2024-10-29 14:55:55,705 [WARN] ModelIntegratedComponent:63 - No mode defined for component null
2024-10-29 14:55:55,705 [WARN] ModelIntegratedComponent:63 - No mode defined for component null
2024-10-29 14:55:55,705 [WARN] ModelIntegratedComponent:63 - No mode defined for component null
2024-10-29 14:55:55,705 [WARN] ModelIntegratedComponent:63 - No mode defined for component null
2024-10-29 14:55:55,705 [WARN] ModelIntegratedComponent:63 - No mode defined for component null
2024-10-29 14:55:55,705 [WARN] ModelIntegratedComponent:63 - No mode defined for component null
2024-10-29 14:55:55,705 [WARN] ModelIntegratedComponent:63 - No mode defined for component null
2024-10-29 14:55:55,705 [WARN] ModelIntegratedComponent:63 - No mode defined for component null
2024-10-29 14:55:55,705 [WARN] ModelIntegratedComponent:63 - No mode defined for component null
2024-10-29 14:55:55,705 [WARN] ModelPack:524 - Component already loaded: STMicroelectronics:HAL Drivers:0.0.0:STMicroelectronics:Device:STMicro_Driver:XSPI:HAL::0.0.1:HAL_XSPI
2024-10-29 14:55:55,805 [INFO] ThirdPartyModel:298 - Start build external matchings
2024-10-29 14:55:56,734 [INFO] ThirdPartyModel:316 - End build external matchings
2024-10-29 14:55:56,751 [INFO] RtosManager:919 - Current active RTOS is FREERTOS [Cortex-M3NS]
2024-10-29 14:55:56,753 [INFO] ImportTextPane:205 - (OptionalMessage_ERROR) IP (RCC) : Invalid parameter (FamilyName)
2024-10-29 14:55:56,753 [INFO] ImportTextPane:205 - (OptionalMessage_ERROR) IP (RCC) : Parameter (MCOFreq_Value) has invalid value (72000000)
2024-10-29 14:55:56,753 [INFO] ImportTextPane:205 - (OptionalMessage_ERROR) IP (RCC) : Parameter (USBFreq_Value) has invalid value (72000000)
2024-10-29 14:55:56,854 [INFO] UtilMem:75 - End LoadConfig() Used Memory: 677433488 Bytes (1024458752)
2024-10-29 14:55:56,903 [WARN] ThirdParty:833 - waiting for thirdparty lock release [change project]
2024-10-29 14:55:56,904 [INFO] ThirdParty:835 - entering critical section [change project]
2024-10-29 14:55:56,904 [INFO] ThirdParty:1030 - CMSIS Pack Vendor :STMicroelectronics USBPD 4.1
2024-10-29 14:55:56,904 [INFO] ThirdParty:1030 - CMSIS Pack Vendor :STMicroelectronics X-CUBE-GNSS1 6.0.0
2024-10-29 14:55:56,904 [INFO] ThirdParty:1030 - CMSIS Pack Vendor :STMicroelectronics USB_HOST 2.0.0
2024-10-29 14:55:56,904 [INFO] ThirdParty:1030 - CMSIS Pack Vendor :STMicroelectronics FP-SNS-MOTENVWB1 1.4.0
2024-10-29 14:55:56,904 [INFO] ThirdParty:1030 - CMSIS Pack Vendor :STMicroelectronics X-CUBE-AZRTOS-F4 1.1.0
2024-10-29 14:55:56,904 [INFO] ThirdParty:1030 - CMSIS Pack Vendor :STMicroelectronics LIBJPEG 8.0.0
2024-10-29 14:55:56,904 [INFO] ThirdParty:1030 - CMSIS Pack Vendor :STMicroelectronics X-CUBE-SMBUS 2.1.0
2024-10-29 14:55:56,904 [INFO] ThirdParty:1030 - CMSIS Pack Vendor :STMicroelectronics X-CUBE-WB05N 1.1.0
2024-10-29 14:55:56,904 [INFO] ThirdParty:1030 - CMSIS Pack Vendor :STMicroelectronics X-CUBE-ISPU 2.1.0
2024-10-29 14:55:56,904 [INFO] ThirdParty:1030 - CMSIS Pack Vendor :STMicroelectronics X-CUBE-FREERTOS 1.2.0
2024-10-29 14:55:56,904 [INFO] ThirdParty:1030 - CMSIS Pack Vendor :STMicroelectronics X-CUBE-AZRTOS-F7 1.1.0
2024-10-29 14:55:56,904 [INFO] ThirdParty:1030 - CMSIS Pack Vendor :STMicroelectronics X-CUBE-AZRTOS-L5 2.0.0
2024-10-29 14:55:56,904 [INFO] ThirdParty:1030 - CMSIS Pack Vendor :STMicroelectronics USB_DEVICE 2.0.0
2024-10-29 14:55:56,904 [INFO] ThirdParty:1030 - CMSIS Pack Vendor :STMicroelectronics X-CUBE-MEMS1 9.6.0
2024-10-29 14:55:56,904 [INFO] ThirdParty:1030 - CMSIS Pack Vendor :STMicroelectronics X-CUBE-EEPRMA1 4.2.0
2024-10-29 14:55:56,904 [INFO] ThirdParty:1030 - CMSIS Pack Vendor :STMicroelectronics X-CUBE-NFC6 3.1.0
2024-10-29 14:55:56,904 [INFO] ThirdParty:1030 - CMSIS Pack Vendor :ITTIA_DB I-CUBE-ITTIADB 8.8.0
2024-10-29 14:55:56,904 [INFO] ThirdParty:1030 - CMSIS Pack Vendor :STMicroelectronics FP-SNS-MOTENV1 4.3.2
2024-10-29 14:55:56,904 [INFO] ThirdParty:1030 - CMSIS Pack Vendor :STMicroelectronics X-CUBE-MEMS1 11.0.0
2024-10-29 14:55:56,904 [INFO] ThirdParty:1030 - CMSIS Pack Vendor :STMicroelectronics X-CUBE-BLE1 6.2.4
2024-10-29 14:55:56,904 [INFO] ThirdParty:1030 - CMSIS Pack Vendor :STMicroelectronics FreeRTOS 0.0.1
2024-10-29 14:55:56,904 [INFO] ThirdParty:1030 - CMSIS Pack Vendor :emotas I-CUBE-CANOPEN 1.1.3
2024-10-29 14:55:56,904 [INFO] ThirdParty:1030 - CMSIS Pack Vendor :STMicroelectronics X-CUBE-BLEMGR 2.0.0
2024-10-29 14:55:56,904 [INFO] ThirdParty:1030 - CMSIS Pack Vendor :STMicroelectronics X-CUBE-DPower 1.2.0
2024-10-29 14:55:56,904 [INFO] ThirdParty:1030 - CMSIS Pack Vendor :STMicroelectronics FP-SNS-FLIGHT1 5.0.2
2024-10-29 14:55:56,904 [INFO] ThirdParty:1030 - CMSIS Pack Vendor :STMicroelectronics X-CUBE-AI 9.0.0
2024-10-29 14:55:56,904 [INFO] ThirdParty:1030 - CMSIS Pack Vendor :STMicroelectronics X-CUBE-AZRTOS-H7 3.1.0
2024-10-29 14:55:56,904 [INFO] ThirdParty:1030 - CMSIS Pack Vendor :STMicroelectronics PDM2PCM 3.3.0
2024-10-29 14:55:56,904 [INFO] ThirdParty:1030 - CMSIS Pack Vendor :STMicroelectronics X-CUBE-DISPLAY 3.0.0
2024-10-29 14:55:56,904 [INFO] ThirdParty:1030 - CMSIS Pack Vendor :STMicroelectronics X-CUBE-BLE1 7.0.0
2024-10-29 14:55:56,904 [INFO] ThirdParty:1030 - CMSIS Pack Vendor :STMicroelectronics X-CUBE-NFC10 1.0.0
2024-10-29 14:55:56,904 [INFO] ThirdParty:1030 - CMSIS Pack Vendor :wolfSSL I-CUBE-wolfSSL 5.5.4
2024-10-29 14:55:56,904 [INFO] ThirdParty:1030 - CMSIS Pack Vendor :STMicroelectronics HAL Drivers 0.0.0
2024-10-29 14:55:56,904 [INFO] ThirdParty:1030 - CMSIS Pack Vendor :STMicroelectronics X-CUBE-TOUCHGFX 4.22.0
2024-10-29 14:55:56,904 [INFO] ThirdParty:1030 - CMSIS Pack Vendor :STMicroelectronics X-CUBE-NFC7 1.0.1
2024-10-29 14:55:56,904 [INFO] ThirdParty:1030 - CMSIS Pack Vendor :STMicroelectronics MBEDTLS 2.14.1
2024-10-29 14:55:56,904 [INFO] ThirdParty:1030 - CMSIS Pack Vendor :STMicroelectronics X-CUBE-NFC7 1.0.0
2024-10-29 14:55:56,904 [INFO] ThirdParty:1030 - CMSIS Pack Vendor :STMicroelectronics X-CUBE-TOUCHGFX 4.22.1
2024-10-29 14:55:56,904 [INFO] ThirdParty:1030 - CMSIS Pack Vendor :wolfSSL I-CUBE-wolfTPM 3.2.0
2024-10-29 14:55:56,904 [INFO] ThirdParty:1030 - CMSIS Pack Vendor :STMicroelectronics X-CUBE-NFC6 3.0.0
2024-10-29 14:55:56,904 [INFO] ThirdParty:1030 - CMSIS Pack Vendor :STMicroelectronics X-CUBE-EEPRMA1 4.1.0
2024-10-29 14:55:56,904 [INFO] ThirdParty:1030 - CMSIS Pack Vendor :STMicroelectronics X-CUBE-BLEMGR 3.1.0
2024-10-29 14:55:56,904 [INFO] ThirdParty:1030 - CMSIS Pack Vendor :STMicroelectronics FP-SNS-SMARTAG2 1.2.0
2024-10-29 14:55:56,904 [INFO] ThirdParty:1030 - CMSIS Pack Vendor :STMicroelectronics X-CUBE-AZRTOS-WL 2.0.0
2024-10-29 14:55:56,904 [INFO] ThirdParty:1030 - CMSIS Pack Vendor :STMicroelectronics FP-SNS-MOTENV1 5.0.0
2024-10-29 14:55:56,905 [INFO] ThirdParty:1030 - CMSIS Pack Vendor :STMicroelectronics USB_DEVICE 1.0.0
2024-10-29 14:55:56,905 [INFO] ThirdParty:1030 - CMSIS Pack Vendor :STMicroelectronics X-CUBE-AI 8.1.0
2024-10-29 14:55:56,905 [INFO] ThirdParty:1030 - CMSIS Pack Vendor :wolfSSL I-CUBE-wolfMQTT 1.19.0
2024-10-29 14:55:56,905 [INFO] ThirdParty:1030 - CMSIS Pack Vendor :STMicroelectronics X-CUBE-AZRTOS-L4 2.0.0
2024-10-29 14:55:56,905 [INFO] ThirdParty:1030 - CMSIS Pack Vendor :STMicroelectronics ThreadX 0.0.2
2024-10-29 14:55:56,905 [INFO] ThirdParty:1030 - CMSIS Pack Vendor :WES I-CUBE-Cesium 1.3.0
2024-10-29 14:55:56,905 [INFO] ThirdParty:1030 - CMSIS Pack Vendor :STMicroelectronics lwIP 2.1.2
2024-10-29 14:55:56,905 [INFO] ThirdParty:1030 - CMSIS Pack Vendor :STMicroelectronics X-CUBE-SFXS2LP1 4.0.0
2024-10-29 14:55:56,905 [INFO] ThirdParty:1030 - CMSIS Pack Vendor :STMicroelectronics X-CUBE-BLE2 3.3.0
2024-10-29 14:55:56,905 [INFO] ThirdParty:1030 - CMSIS Pack Vendor :STMicroelectronics X-CUBE-TOF1 3.2.0
2024-10-29 14:55:56,905 [INFO] ThirdParty:1030 - CMSIS Pack Vendor :STMicroelectronics PDM2PCM 3.2.0
2024-10-29 14:55:56,905 [INFO] ThirdParty:1030 - CMSIS Pack Vendor :STMicroelectronics X-CUBE-AZRTOS-H7 3.0.0
2024-10-29 14:55:56,905 [INFO] ThirdParty:1030 - CMSIS Pack Vendor :STMicroelectronics X-CUBE-ISPU 1.1.0
2024-10-29 14:55:56,905 [INFO] ThirdParty:1030 - CMSIS Pack Vendor :STMicroelectronics X-CUBE-AZRTOS-H7 3.3.0
2024-10-29 14:55:56,905 [INFO] ThirdParty:1030 - CMSIS Pack Vendor :RoweBots I-CUBE-UNISONRTOS 5.5.0-4
2024-10-29 14:55:56,905 [INFO] ThirdParty:1030 - CMSIS Pack Vendor :STMicroelectronics X-CUBE-NFC9 1.0.0
2024-10-29 14:55:56,905 [INFO] ThirdParty:1030 - CMSIS Pack Vendor :STMicroelectronics USB_DEVICE 3.0.0
2024-10-29 14:55:56,905 [INFO] ThirdParty:1030 - CMSIS Pack Vendor :STMicroelectronics X-CUBE-TCPP 4.1.0
2024-10-29 14:55:56,905 [INFO] ThirdParty:1030 - CMSIS Pack Vendor :STMicroelectronics X-CUBE-IPS 3.0.0
2024-10-29 14:55:56,905 [INFO] ThirdParty:1030 - CMSIS Pack Vendor :STMicroelectronics X-CUBE-AZRTOS-WB 2.0.0
2024-10-29 14:55:56,905 [INFO] ThirdParty:1030 - CMSIS Pack Vendor :STMicroelectronics X-CUBE-FREERTOS 1.0.1
2024-10-29 14:55:56,905 [INFO] ThirdParty:1030 - CMSIS Pack Vendor :STMicroelectronics X-CUBE-TOUCHGFX 4.21.1
2024-10-29 14:55:56,905 [INFO] ThirdParty:1030 - CMSIS Pack Vendor :STMicroelectronics X-CUBE-GNSS1 7.0.0
2024-10-29 14:55:56,905 [INFO] ThirdParty:1030 - CMSIS Pack Vendor :STMicroelectronics X-CUBE-MEMS1 9.4.0
2024-10-29 14:55:56,905 [INFO] ThirdParty:1030 - CMSIS Pack Vendor :STMicroelectronics X-CUBE-AI 7.3.0
2024-10-29 14:55:56,905 [INFO] ThirdParty:1030 - CMSIS Pack Vendor :STMicroelectronics FP-SNS-STBOX1 2.0.0
2024-10-29 14:55:56,905 [INFO] ThirdParty:1030 - CMSIS Pack Vendor :STMicroelectronics X-CUBE-ALGOBUILD 1.3.0
2024-10-29 14:55:56,905 [INFO] ThirdParty:1030 - CMSIS Pack Vendor :STMicroelectronics X-CUBE-AZRTOS-L5 1.1.0
2024-10-29 14:55:56,905 [INFO] ThirdParty:1030 - CMSIS Pack Vendor :STMicroelectronics X-CUBE-AZRTOS-G0 1.1.0
2024-10-29 14:55:56,905 [INFO] ThirdParty:1030 - CMSIS Pack Vendor :STMicroelectronics X-CUBE-AI 8.0.1
2024-10-29 14:55:56,905 [INFO] ThirdParty:1030 - CMSIS Pack Vendor :STMicroelectronics X-CUBE-SAFEA1 1.2.2
2024-10-29 14:55:56,905 [INFO] ThirdParty:1030 - CMSIS Pack Vendor :STMicroelectronics X-CUBE-NFC4 3.0.0
2024-10-29 14:55:56,905 [INFO] ThirdParty:1030 - CMSIS Pack Vendor :STMicroelectronics X-CUBE-SUBG2 5.0.0
2024-10-29 14:55:56,905 [INFO] ThirdParty:1030 - CMSIS Pack Vendor :STMicroelectronics STM32_WPAN 1.0.0
2024-10-29 14:55:56,905 [INFO] ThirdParty:1030 - CMSIS Pack Vendor :EmbeddedOffice I-CUBE-FS-RTOS 1.0.1
2024-10-29 14:55:56,905 [INFO] ThirdParty:1030 - CMSIS Pack Vendor :STMicroelectronics lwIP 2.0.3
2024-10-29 14:55:56,905 [INFO] ThirdParty:1030 - CMSIS Pack Vendor :Cesanta I-CUBE-Mongoose 7.13.0
2024-10-29 14:55:56,905 [INFO] ThirdParty:1030 - CMSIS Pack Vendor :STMicroelectronics USB_HOST 1.0.0
2024-10-29 14:55:56,905 [INFO] ThirdParty:1030 - CMSIS Pack Vendor :STMicroelectronics X-CUBE-TOF1 3.3.1
2024-10-29 14:55:56,905 [INFO] ThirdParty:1030 - CMSIS Pack Vendor :STMicroelectronics X-CUBE-AZRTOS-G4 2.0.0
2024-10-29 14:55:56,905 [INFO] ThirdParty:1030 - CMSIS Pack Vendor :STMicroelectronics PDM2PCM 3.1.0
2024-10-29 14:55:56,905 [INFO] ThirdParty:1030 - CMSIS Pack Vendor :STMicroelectronics FP-ATR-ASTRA1 1.1.1
2024-10-29 14:55:56,905 [INFO] ThirdParty:1030 - CMSIS Pack Vendor :Infineon AIROC-Wi-Fi-Bluetooth-STM32 1.5.1
2024-10-29 14:55:56,905 [INFO] ThirdParty:1030 - CMSIS Pack Vendor :STMicroelectronics X-CUBE-BLEMGR 3.0.0
2024-10-29 14:55:56,905 [INFO] ThirdParty:1030 - CMSIS Pack Vendor :STMicroelectronics X-CUBE-BLEMGR 1.3.0
2024-10-29 14:55:56,905 [INFO] ThirdParty:1030 - CMSIS Pack Vendor :STMicroelectronics FP-SNS-MOTENVWB1 1.3.0
2024-10-29 14:55:56,905 [INFO] ThirdParty:1030 - CMSIS Pack Vendor :RealThread X-CUBE-RT-Thread_Nano 4.1.1
2024-10-29 14:55:56,905 [INFO] ThirdParty:1030 - CMSIS Pack Vendor :STMicroelectronics FP-SNS-MOTENVWB1 1.3.1
2024-10-29 14:55:56,905 [INFO] ThirdParty:1030 - CMSIS Pack Vendor :STMicroelectronics FP-ATR-SIGFOX1 3.2.0
2024-10-29 14:55:56,905 [INFO] ThirdParty:1030 - CMSIS Pack Vendor :STMicroelectronics X-CUBE-AZRTOS-G4 1.0.0
2024-10-29 14:55:56,905 [INFO] ThirdParty:1030 - CMSIS Pack Vendor :STMicroelectronics X-CUBE-AZRTOS-L4 1.0.0
2024-10-29 14:55:56,905 [INFO] ThirdParty:1030 - CMSIS Pack Vendor :STMicroelectronics X-CUBE-ISPU 2.0.0
2024-10-29 14:55:56,905 [INFO] ThirdParty:1030 - CMSIS Pack Vendor :STMicroelectronics X-CUBE-EEPRMA1 5.1.0
2024-10-29 14:55:56,905 [INFO] ThirdParty:1030 - CMSIS Pack Vendor :STMicroelectronics MBEDTLS 2.16.2
2024-10-29 14:55:56,905 [INFO] ThirdParty:1030 - CMSIS Pack Vendor :STMicroelectronics X-CUBE-ALS 1.0.2
2024-10-29 14:55:56,905 [INFO] ThirdParty:1030 - CMSIS Pack Vendor :STMicroelectronics X-CUBE-MEMS1 10.0.0
2024-10-29 14:55:56,905 [INFO] ThirdParty:1030 - CMSIS Pack Vendor :STMicroelectronics X-CUBE-FREERTOS 1.1.0
2024-10-29 14:55:56,905 [INFO] ThirdParty:1030 - CMSIS Pack Vendor :STMicroelectronics X-CUBE-TOUCHGFX 4.24.0
2024-10-29 14:55:56,905 [INFO] ThirdParty:1030 - CMSIS Pack Vendor :STMicroelectronics X-CUBE-AZRTOS-WL 1.0.0
2024-10-29 14:55:56,905 [INFO] ThirdParty:1030 - CMSIS Pack Vendor :STMicroelectronics X-CUBE-TOUCHGFX 4.24.1
2024-10-29 14:55:56,905 [INFO] ThirdParty:1030 - CMSIS Pack Vendor :portGmbH I-Cube-SoM-uGOAL 1.1.0
2024-10-29 14:55:56,905 [INFO] ThirdParty:1030 - CMSIS Pack Vendor :STMicroelectronics X-CUBE-ALS 1.0.1
2024-10-29 14:55:56,905 [INFO] ThirdParty:1030 - CMSIS Pack Vendor :STMicroelectronics X-CUBE-MEMS1 9.5.0
2024-10-29 14:55:56,905 [INFO] ThirdParty:1030 - CMSIS Pack Vendor :STMicroelectronics ThreadX 1.0.0
2024-10-29 14:55:56,905 [INFO] ThirdParty:1030 - CMSIS Pack Vendor :STMicroelectronics X-CUBE-AZRTOS-WB 1.1.0
2024-10-29 14:55:56,905 [INFO] ThirdParty:1030 - CMSIS Pack Vendor :SEGGER I-CUBE-embOS 1.3.1
2024-10-29 14:55:56,905 [INFO] ThirdParty:1030 - CMSIS Pack Vendor :STMicroelectronics X-CUBE-ALGOBUILD 1.4.0
2024-10-29 14:55:56,905 [INFO] ThirdParty:1030 - CMSIS Pack Vendor :STMicroelectronics X-CUBE-AZRTOS-H7RS 1.0.0
2024-10-29 14:55:56,906 [INFO] ThirdParty:1030 - CMSIS Pack Vendor :STMicroelectronics FP-ATR-ASTRA1 2.0.0
2024-10-29 14:55:56,906 [INFO] ThirdParty:1030 - CMSIS Pack Vendor :STMicroelectronics X-CUBE-TOF1 3.4.2
2024-10-29 14:55:56,906 [INFO] ThirdParty:1030 - CMSIS Pack Vendor :STMicroelectronics X-CUBE-AI 9.1.0
2024-10-29 14:55:56,906 [INFO] ThirdParty:1030 - CMSIS Pack Vendor :STMicroelectronics X-CUBE-TOF1 3.4.0
2024-10-29 14:55:56,906 [INFO] ThirdParty:1030 - CMSIS Pack Vendor :wolfSSL I-CUBE-wolfSSH 1.4.17
2024-10-29 14:55:56,906 [INFO] ThirdParty:841 - exiting critical section [change project]
2024-10-29 14:55:56,945 [INFO] PinOutPanel:1561 - setPackage(No Configuration,No Configuration)
2024-10-29 14:55:56,946 [INFO] PinOutPanel:1561 - setPackage(STM32F103C8Tx,LQFP48)
2024-10-29 14:55:57,085 [INFO] UtilMem:75 - Before build in PCC Used Memory: 388925760 Bytes (1024458752)
2024-10-29 14:55:57,185 [INFO] UtilMem:75 - After build in PCC Used Memory: 429820224 Bytes (1024458752)
2024-10-29 14:55:57,201 [INFO] ApiDbMcu:508 - Load IP Config File for FREERTOS
2024-10-29 14:55:57,208 [INFO] IPUIPlugin:80 - create IPUIPlugin
2024-10-29 14:55:57,208 [INFO] IPUIPlugin:80 - create IPUIPlugin
2024-10-29 14:55:57,208 [INFO] IPUIPlugin:80 - create IPUIPlugin
2024-10-29 14:55:57,208 [INFO] IPUIPlugin:80 - create IPUIPlugin
2024-10-29 14:55:57,208 [INFO] IPUIPlugin:80 - create IPUIPlugin
2024-10-29 14:55:57,208 [INFO] IPUIPlugin:80 - create IPUIPlugin
2024-10-29 14:55:57,208 [INFO] IPUIPlugin:80 - create IPUIPlugin
2024-10-29 14:55:57,208 [INFO] IPUIPlugin:80 - create IPUIPlugin
2024-10-29 14:55:57,208 [INFO] IPUIPlugin:80 - create IPUIPlugin
2024-10-29 14:55:57,208 [INFO] IPUIPlugin:80 - create IPUIPlugin
2024-10-29 14:55:57,208 [INFO] IPUIPlugin:80 - create IPUIPlugin
2024-10-29 14:55:57,208 [INFO] IPUIPlugin:80 - create IPUIPlugin
2024-10-29 14:55:57,208 [INFO] IPUIPlugin:80 - create IPUIPlugin
2024-10-29 14:55:57,209 [INFO] IPUIPlugin:80 - create IPUIPlugin
2024-10-29 14:55:57,209 [INFO] IPUIPlugin:80 - create IPUIPlugin
2024-10-29 14:55:57,209 [INFO] IPUIPlugin:80 - create IPUIPlugin
2024-10-29 14:55:57,209 [INFO] IPUIPlugin:80 - create IPUIPlugin
2024-10-29 14:55:57,209 [INFO] IPUIPlugin:80 - create IPUIPlugin
2024-10-29 14:55:57,209 [INFO] IPUIPlugin:80 - create IPUIPlugin
2024-10-29 14:55:57,209 [INFO] IPUIPlugin:80 - create IPUIPlugin
2024-10-29 14:55:57,209 [INFO] IPUIPlugin:80 - create IPUIPlugin
2024-10-29 14:55:57,209 [INFO] IPUIPlugin:80 - create IPUIPlugin
2024-10-29 14:55:57,209 [INFO] IPUIPlugin:80 - create IPUIPlugin
2024-10-29 14:55:57,209 [INFO] IPUIPlugin:80 - create IPUIPlugin
2024-10-29 14:55:57,210 [INFO] IPUIPlugin:80 - create IPUIPlugin
2024-10-29 14:55:57,210 [INFO] IPUIPlugin:80 - create IPUIPlugin
2024-10-29 14:55:57,210 [INFO] IPUIPlugin:80 - create IPUIPlugin
2024-10-29 14:55:57,210 [WARN] IP:2191 - I2C_Coeff_DF not found: check if there is a RefParameter without a condition.
2024-10-29 14:55:57,210 [WARN] IP:2191 - Analog_Filter not found: check if there is a RefParameter without a condition.
2024-10-29 14:55:57,214 [WARN] FreeRTOS:1023 - Null or empty value: should not occur! (nothing added to the table)
2024-10-29 14:55:57,248 [INFO] CADModel:165 - CPN selected for project levelSTM32F103C8T6
2024-10-29 14:55:57,248 [INFO] CADModel:114 - Register for checkConnection events
2024-10-29 14:55:57,249 [INFO] RtosManager:697 - Active RTOS found at IOC load: FREERTOS [Cortex-M3NS]
2024-10-29 14:55:57,301 [INFO] OpenFileManager:363 - Restore cursor
2024-10-29 14:55:57,443 [WARN] IP:2191 - I2C_Coeff_DF not found: check if there is a RefParameter without a condition.
2024-10-29 14:55:57,443 [WARN] IP:2191 - Analog_Filter not found: check if there is a RefParameter without a condition.
2024-10-29 14:55:57,443 [WARN] IP:2191 - I2C_Coeff_DF not found: check if there is a RefParameter without a condition.
2024-10-29 14:55:57,443 [WARN] IP:2191 - Analog_Filter not found: check if there is a RefParameter without a condition.
2024-10-29 14:57:54,304 [WARN] IP:2191 - I2C_Coeff_DF not found: check if there is a RefParameter without a condition.
2024-10-29 14:57:54,304 [WARN] IP:2191 - Analog_Filter not found: check if there is a RefParameter without a condition.
2024-10-29 14:57:54,304 [WARN] IP:2191 - I2C_Coeff_DF not found: check if there is a RefParameter without a condition.
2024-10-29 14:57:54,304 [WARN] IP:2191 - Analog_Filter not found: check if there is a RefParameter without a condition.
2024-10-29 14:57:54,348 [WARN] IP:2191 - I2C_Coeff_DF not found: check if there is a RefParameter without a condition.
2024-10-29 14:57:54,348 [WARN] IP:2191 - Analog_Filter not found: check if there is a RefParameter without a condition.
2024-10-29 14:57:54,348 [WARN] IP:2191 - I2C_Coeff_DF not found: check if there is a RefParameter without a condition.
2024-10-29 14:57:54,348 [WARN] IP:2191 - Analog_Filter not found: check if there is a RefParameter without a condition.
2024-10-29 14:57:54,388 [WARN] IP:2191 - I2C_Coeff_DF not found: check if there is a RefParameter without a condition.
2024-10-29 14:57:54,388 [WARN] IP:2191 - Analog_Filter not found: check if there is a RefParameter without a condition.
2024-10-29 14:57:54,388 [WARN] IP:2191 - I2C_Coeff_DF not found: check if there is a RefParameter without a condition.
2024-10-29 14:57:54,388 [WARN] IP:2191 - Analog_Filter not found: check if there is a RefParameter without a condition.
2024-10-29 14:58:00,904 [INFO] MainUpdater:2873 - connection check result : 10
2024-10-29 14:58:00,904 [INFO] MainUpdater:2873 - connection check result : 10
2024-10-29 14:58:00,951 [INFO] MicroXplorer:468 - Change Database Path : 
2024-10-29 14:58:00,951 [INFO] MicroXplorer:498 - Change Database Version : DB.6.0.121
2024-10-29 14:58:00,957 [ERROR] ProjectManagerView:394 - 
java.lang.NullPointerException: Cannot invoke "javax.swing.JTextField.getText()" because the return value of "java.util.List.get(int)" is null
	at com.st.microxplorer.plugins.projectmanager.gui.ProjectChoiceTab$10.caretUpdate(ProjectChoiceTab.java:2622) ~[filemanager.jar:?]
	at javax.swing.text.JTextComponent.fireCaretUpdate(JTextComponent.java:412) ~[?:?]
	at javax.swing.text.JTextComponent$MutableCaretEvent.fire(JTextComponent.java:4491) ~[?:?]
	at javax.swing.text.JTextComponent$MutableCaretEvent.stateChanged(JTextComponent.java:4513) ~[?:?]
	at javax.swing.text.DefaultCaret.fireStateChanged(DefaultCaret.java:842) ~[?:?]
	at javax.swing.text.DefaultCaret.changeCaretPosition(DefaultCaret.java:1313) ~[?:?]
	at javax.swing.text.DefaultCaret.handleSetDot(DefaultCaret.java:1212) ~[?:?]
	at javax.swing.text.DefaultCaret.setDot(DefaultCaret.java:1193) ~[?:?]
	at javax.swing.text.DefaultCaret$Handler.insertUpdate(DefaultCaret.java:1789) ~[?:?]
	at javax.swing.text.AbstractDocument.fireInsertUpdate(AbstractDocument.java:226) ~[?:?]
	at javax.swing.text.AbstractDocument.handleInsertString(AbstractDocument.java:780) ~[?:?]
	at javax.swing.text.AbstractDocument.insertString(AbstractDocument.java:739) ~[?:?]
	at javax.swing.text.PlainDocument.insertString(PlainDocument.java:131) ~[?:?]
	at javax.swing.text.AbstractDocument.replace(AbstractDocument.java:698) ~[?:?]
	at javax.swing.text.JTextComponent.setText(JTextComponent.java:1729) ~[?:?]
	at com.st.microxplorer.plugins.projectmanager.gui.ProjectChoiceTab.createHeapStackFields(ProjectChoiceTab.java:972) ~[filemanager.jar:?]
	at com.st.microxplorer.plugins.projectmanager.gui.ProjectChoiceTab.buildLinkSettingsPanel(ProjectChoiceTab.java:3597) ~[filemanager.jar:?]
	at com.st.microxplorer.plugins.projectmanager.gui.ProjectChoiceTab.defineWindowsFields(ProjectChoiceTab.java:1940) ~[filemanager.jar:?]
	at com.st.microxplorer.plugins.projectmanager.gui.ProjectChoiceTab.updateSettings(ProjectChoiceTab.java:550) ~[filemanager.jar:?]
	at com.st.microxplorer.plugins.projectmanager.gui.ProjectSettingsPanel.UpdateDialog(ProjectSettingsPanel.java:245) ~[filemanager.jar:?]
	at com.st.microxplorer.plugins.projectmanager.ProjectManagerView.propertyChange(ProjectManagerView.java:391) ~[filemanager.jar:?]
	at java.beans.PropertyChangeSupport.fire(PropertyChangeSupport.java:343) ~[?:?]
	at java.beans.PropertyChangeSupport.firePropertyChange(PropertyChangeSupport.java:335) ~[?:?]
	at java.beans.PropertyChangeSupport.firePropertyChange(PropertyChangeSupport.java:268) ~[?:?]
	at com.st.microxplorer.util.MXPropertyChangeSupport.firePropertyChange(MXPropertyChangeSupport.java:54) ~[STM32CubeMX.jar:?]
	at com.st.microxplorer.mxsystem.MxSystem.closeConfig(MxSystem.java:900) ~[STM32CubeMX.jar:?]
	at com.st.microxplorer.maingui.MainPanel.closeConfig(MainPanel.java:781) ~[STM32CubeMX.jar:?]
	at com.st.microxplorer.plugins.filemanager.engine.OpenFileManager.loadConfigurationFile(OpenFileManager.java:265) ~[filemanager.jar:?]
	at com.st.microxplorer.plugins.filemanager.engine.MainFileManager.userLoadConfig(MainFileManager.java:352) ~[filemanager.jar:?]
	at com.st.microxplorer.plugins.filemanager.engine.MainFileManager.userLoadConfig(MainFileManager.java:330) ~[filemanager.jar:?]
	at com.st.microxplorer.plugins.filemanager.FileManagerView.getSpecificTask(FileManagerView.java:246) ~[filemanager.jar:?]
	at com.st.stm32cube.common.mx.editor.CubeMxEditor.getMxTabbedPaneInstance(CubeMxEditor.java:1198) ~[com.st.stm32cube.common.mx_6.12.1.202409122256/:?]
	at com.st.stm32cube.common.mx.editor.CubeMxEditor$12$1.createSwingComponent(CubeMxEditor.java:1068) ~[com.st.stm32cube.common.mx_6.12.1.202409122256/:?]
	at com.st.stm32cube.common.mx.oss.core.awtswtbridge.EmbeddedSwingComposite.doComponentCreation(EmbeddedSwingComposite.java:492) ~[com.st.stm32cube.common.mx.oss_6.12.1.202409122256/:?]
	at com.st.stm32cube.common.mx.oss.core.awtswtbridge.EmbeddedSwingComposite$4.run(EmbeddedSwingComposite.java:291) ~[com.st.stm32cube.common.mx.oss_6.12.1.202409122256/:?]
	at com.st.stm32cube.common.mx.oss.core.awtswtbridge.AwtEnvironment$2.run(AwtEnvironment.java:166) ~[com.st.stm32cube.common.mx.oss_6.12.1.202409122256/:?]
	at java.awt.event.InvocationEvent.dispatch(InvocationEvent.java:318) ~[?:?]
	at java.awt.EventQueue.dispatchEventImpl(EventQueue.java:773) ~[?:?]
	at java.awt.EventQueue$4.run(EventQueue.java:720) ~[?:?]
	at java.awt.EventQueue$4.run(EventQueue.java:714) ~[?:?]
	at java.security.AccessController.doPrivileged(AccessController.java:399) ~[?:?]
	at java.security.ProtectionDomain$JavaSecurityAccessImpl.doIntersectionPrivilege(ProtectionDomain.java:86) ~[?:?]
	at java.awt.EventQueue.dispatchEvent(EventQueue.java:742) ~[?:?]
	at java.awt.EventDispatchThread.pumpOneEventForFilters(EventDispatchThread.java:203) ~[?:?]
	at java.awt.EventDispatchThread.pumpEventsForFilter(EventDispatchThread.java:124) ~[?:?]
	at java.awt.EventDispatchThread.pumpEventsForHierarchy(EventDispatchThread.java:113) ~[?:?]
	at java.awt.EventDispatchThread.pumpEvents(EventDispatchThread.java:109) ~[?:?]
	at java.awt.EventDispatchThread.pumpEvents(EventDispatchThread.java:101) ~[?:?]
	at java.awt.EventDispatchThread.run(EventDispatchThread.java:90) ~[?:?]
2024-10-29 14:58:00,958 [WARN] ThirdParty:871 - waiting for thirdparty lock release [close project]
2024-10-29 14:58:00,958 [INFO] ThirdParty:873 - entering critical section [close project]
2024-10-29 14:58:00,958 [INFO] ThirdParty:883 - exiting critical section [close project]
2024-10-29 14:58:00,959 [INFO] PinOutPanel:1561 - setPackage(No Configuration,No Configuration)
2024-10-29 14:58:00,960 [INFO] UtilMem:75 - Begin LoadConfig() Used Memory: 383445560 Bytes (1024458752)
2024-10-29 14:58:00,961 [INFO] MicroXplorer:468 - Change Database Path : 
2024-10-29 14:58:00,961 [INFO] MicroXplorer:498 - Change Database Version : DB.6.0.121
2024-10-29 14:58:00,961 [INFO] OpenFileManager:332 - Change cursor
2024-10-29 14:58:00,967 [INFO] Mcu:2032 - Initializing MCU STM32F103Z(C-D-E)Tx STM32F103ZETx STM32F103ZET6
2024-10-29 14:58:01,656 [INFO] Context:742 - Trying to add GPIOservice into a context  which must be forbidden
2024-10-29 14:58:01,782 [INFO] RtosManager:555 - Registered RTOS mode: class=CMSIS, group=RTOS, mode=CMSIS_V1, owner=FREERTOS
2024-10-29 14:58:01,782 [INFO] RtosManager:555 - Registered RTOS mode: class=CMSIS, group=RTOS2, mode=CMSIS_V2, owner=FREERTOS
2024-10-29 14:58:01,782 [INFO] RtosManager:555 - Registered RTOS mode: class=RTOS, group=Core, mode=CMSIS_V1, owner=FREERTOS
2024-10-29 14:58:01,782 [INFO] RtosManager:555 - Registered RTOS mode: class=RTOS, group=Core, mode=CMSIS_V2, owner=FREERTOS
2024-10-29 14:58:01,782 [WARN] ModelIntegratedComponent:184 - Missing modes for component STMicroelectronics:FreeRTOS:0.0.1:STMicroelectronics:RTOS:FreeRTOS:Core:::10.2.0:
2024-10-29 14:58:01,784 [WARN] ModelIntegratedComponent:63 - No mode defined for component null
2024-10-29 14:58:01,784 [WARN] ModelIntegratedComponent:63 - No mode defined for component null
2024-10-29 14:58:01,784 [WARN] ModelIntegratedComponent:63 - No mode defined for component null
2024-10-29 14:58:01,784 [WARN] ModelIntegratedComponent:63 - No mode defined for component null
2024-10-29 14:58:01,784 [WARN] ModelIntegratedComponent:63 - No mode defined for component null
2024-10-29 14:58:01,784 [WARN] ModelIntegratedComponent:63 - No mode defined for component null
2024-10-29 14:58:01,784 [WARN] ModelIntegratedComponent:63 - No mode defined for component null
2024-10-29 14:58:01,784 [WARN] ModelIntegratedComponent:63 - No mode defined for component null
2024-10-29 14:58:01,784 [WARN] ModelIntegratedComponent:63 - No mode defined for component null
2024-10-29 14:58:01,784 [WARN] ModelIntegratedComponent:63 - No mode defined for component null
2024-10-29 14:58:01,784 [WARN] ModelIntegratedComponent:63 - No mode defined for component null
2024-10-29 14:58:01,784 [WARN] ModelIntegratedComponent:63 - No mode defined for component null
2024-10-29 14:58:01,784 [WARN] ModelIntegratedComponent:63 - No mode defined for component null
2024-10-29 14:58:01,784 [WARN] ModelIntegratedComponent:63 - No mode defined for component null
2024-10-29 14:58:01,784 [WARN] ModelIntegratedComponent:63 - No mode defined for component null
2024-10-29 14:58:01,784 [WARN] ModelIntegratedComponent:63 - No mode defined for component null
2024-10-29 14:58:01,784 [WARN] ModelIntegratedComponent:63 - No mode defined for component null
2024-10-29 14:58:01,784 [WARN] ModelIntegratedComponent:63 - No mode defined for component null
2024-10-29 14:58:01,784 [WARN] ModelIntegratedComponent:63 - No mode defined for component null
2024-10-29 14:58:01,784 [WARN] ModelIntegratedComponent:63 - No mode defined for component null
2024-10-29 14:58:01,784 [WARN] ModelIntegratedComponent:63 - No mode defined for component null
2024-10-29 14:58:01,784 [WARN] ModelIntegratedComponent:63 - No mode defined for component null
2024-10-29 14:58:01,784 [WARN] ModelIntegratedComponent:63 - No mode defined for component null
2024-10-29 14:58:01,784 [WARN] ModelIntegratedComponent:63 - No mode defined for component null
2024-10-29 14:58:01,784 [WARN] ModelIntegratedComponent:63 - No mode defined for component null
2024-10-29 14:58:01,784 [WARN] ModelIntegratedComponent:63 - No mode defined for component null
2024-10-29 14:58:01,784 [WARN] ModelIntegratedComponent:63 - No mode defined for component null
2024-10-29 14:58:01,784 [WARN] ModelIntegratedComponent:63 - No mode defined for component null
2024-10-29 14:58:01,784 [WARN] ModelIntegratedComponent:63 - No mode defined for component null
2024-10-29 14:58:01,784 [WARN] ModelIntegratedComponent:63 - No mode defined for component null
2024-10-29 14:58:01,784 [WARN] ModelIntegratedComponent:63 - No mode defined for component null
2024-10-29 14:58:01,784 [WARN] ModelIntegratedComponent:63 - No mode defined for component null
2024-10-29 14:58:01,784 [WARN] ModelIntegratedComponent:63 - No mode defined for component null
2024-10-29 14:58:01,784 [WARN] ModelIntegratedComponent:63 - No mode defined for component null
2024-10-29 14:58:01,784 [WARN] ModelIntegratedComponent:63 - No mode defined for component null
2024-10-29 14:58:01,784 [WARN] ModelPack:524 - Component already loaded: STMicroelectronics:HAL Drivers:0.0.0:STMicroelectronics:Device:STMicro_Driver:XSPI:HAL::0.0.1:HAL_XSPI
2024-10-29 14:58:01,881 [INFO] ThirdPartyModel:298 - Start build external matchings
2024-10-29 14:58:02,814 [INFO] ThirdPartyModel:316 - End build external matchings
2024-10-29 14:58:02,831 [INFO] RtosManager:919 - Current active RTOS is FREERTOS [Cortex-M3NS]
2024-10-29 14:58:02,833 [INFO] ImportTextPane:205 - (OptionalMessage_ERROR) IP (RCC) : Parameter (ADCFreqValue) has invalid value (36000000)
2024-10-29 14:58:02,833 [INFO] ImportTextPane:205 - (OptionalMessage_ERROR) IP (RCC) : Invalid parameter (FamilyName)
2024-10-29 14:58:02,833 [INFO] ImportTextPane:205 - (OptionalMessage_ERROR) IP (RCC) : Parameter (MCOFreq_Value) has invalid value (72000000)
2024-10-29 14:58:02,833 [INFO] ImportTextPane:205 - (OptionalMessage_ERROR) IP (RCC) : Parameter (USBFreq_Value) has invalid value (72000000)
2024-10-29 14:58:03,084 [INFO] UtilMem:75 - End LoadConfig() Used Memory: 439697960 Bytes (1024458752)
2024-10-29 14:58:03,146 [WARN] ThirdParty:833 - waiting for thirdparty lock release [change project]
2024-10-29 14:58:03,146 [INFO] ThirdParty:835 - entering critical section [change project]
2024-10-29 14:58:03,146 [INFO] ThirdParty:1030 - CMSIS Pack Vendor :STMicroelectronics USBPD 4.1
2024-10-29 14:58:03,146 [INFO] ThirdParty:1030 - CMSIS Pack Vendor :STMicroelectronics X-CUBE-GNSS1 6.0.0
2024-10-29 14:58:03,146 [INFO] ThirdParty:1030 - CMSIS Pack Vendor :STMicroelectronics USB_HOST 2.0.0
2024-10-29 14:58:03,146 [INFO] ThirdParty:1030 - CMSIS Pack Vendor :STMicroelectronics FP-SNS-MOTENVWB1 1.4.0
2024-10-29 14:58:03,146 [INFO] ThirdParty:1030 - CMSIS Pack Vendor :STMicroelectronics X-CUBE-AZRTOS-F4 1.1.0
2024-10-29 14:58:03,146 [INFO] ThirdParty:1030 - CMSIS Pack Vendor :STMicroelectronics LIBJPEG 8.0.0
2024-10-29 14:58:03,146 [INFO] ThirdParty:1030 - CMSIS Pack Vendor :STMicroelectronics X-CUBE-SMBUS 2.1.0
2024-10-29 14:58:03,146 [INFO] ThirdParty:1030 - CMSIS Pack Vendor :STMicroelectronics X-CUBE-WB05N 1.1.0
2024-10-29 14:58:03,146 [INFO] ThirdParty:1030 - CMSIS Pack Vendor :STMicroelectronics X-CUBE-ISPU 2.1.0
2024-10-29 14:58:03,146 [INFO] ThirdParty:1030 - CMSIS Pack Vendor :STMicroelectronics X-CUBE-FREERTOS 1.2.0
2024-10-29 14:58:03,146 [INFO] ThirdParty:1030 - CMSIS Pack Vendor :STMicroelectronics X-CUBE-AZRTOS-F7 1.1.0
2024-10-29 14:58:03,146 [INFO] ThirdParty:1030 - CMSIS Pack Vendor :STMicroelectronics X-CUBE-AZRTOS-L5 2.0.0
2024-10-29 14:58:03,146 [INFO] ThirdParty:1030 - CMSIS Pack Vendor :STMicroelectronics USB_DEVICE 2.0.0
2024-10-29 14:58:03,146 [INFO] ThirdParty:1030 - CMSIS Pack Vendor :STMicroelectronics X-CUBE-MEMS1 9.6.0
2024-10-29 14:58:03,146 [INFO] ThirdParty:1030 - CMSIS Pack Vendor :STMicroelectronics X-CUBE-EEPRMA1 4.2.0
2024-10-29 14:58:03,146 [INFO] ThirdParty:1030 - CMSIS Pack Vendor :STMicroelectronics X-CUBE-NFC6 3.1.0
2024-10-29 14:58:03,147 [INFO] ThirdParty:1030 - CMSIS Pack Vendor :ITTIA_DB I-CUBE-ITTIADB 8.8.0
2024-10-29 14:58:03,147 [INFO] ThirdParty:1030 - CMSIS Pack Vendor :STMicroelectronics FP-SNS-MOTENV1 4.3.2
2024-10-29 14:58:03,147 [INFO] ThirdParty:1030 - CMSIS Pack Vendor :STMicroelectronics X-CUBE-MEMS1 11.0.0
2024-10-29 14:58:03,147 [INFO] ThirdParty:1030 - CMSIS Pack Vendor :STMicroelectronics X-CUBE-BLE1 6.2.4
2024-10-29 14:58:03,147 [INFO] ThirdParty:1030 - CMSIS Pack Vendor :STMicroelectronics FreeRTOS 0.0.1
2024-10-29 14:58:03,147 [INFO] ThirdParty:1030 - CMSIS Pack Vendor :emotas I-CUBE-CANOPEN 1.1.3
2024-10-29 14:58:03,147 [INFO] ThirdParty:1030 - CMSIS Pack Vendor :STMicroelectronics X-CUBE-BLEMGR 2.0.0
2024-10-29 14:58:03,147 [INFO] ThirdParty:1030 - CMSIS Pack Vendor :STMicroelectronics X-CUBE-DPower 1.2.0
2024-10-29 14:58:03,147 [INFO] ThirdParty:1030 - CMSIS Pack Vendor :STMicroelectronics FP-SNS-FLIGHT1 5.0.2
2024-10-29 14:58:03,147 [INFO] ThirdParty:1030 - CMSIS Pack Vendor :STMicroelectronics X-CUBE-AI 9.0.0
2024-10-29 14:58:03,147 [INFO] ThirdParty:1030 - CMSIS Pack Vendor :STMicroelectronics X-CUBE-AZRTOS-H7 3.1.0
2024-10-29 14:58:03,147 [INFO] ThirdParty:1030 - CMSIS Pack Vendor :STMicroelectronics PDM2PCM 3.3.0
2024-10-29 14:58:03,147 [INFO] ThirdParty:1030 - CMSIS Pack Vendor :STMicroelectronics X-CUBE-DISPLAY 3.0.0
2024-10-29 14:58:03,147 [INFO] ThirdParty:1030 - CMSIS Pack Vendor :STMicroelectronics X-CUBE-BLE1 7.0.0
2024-10-29 14:58:03,147 [INFO] ThirdParty:1030 - CMSIS Pack Vendor :STMicroelectronics X-CUBE-NFC10 1.0.0
2024-10-29 14:58:03,147 [INFO] ThirdParty:1030 - CMSIS Pack Vendor :wolfSSL I-CUBE-wolfSSL 5.5.4
2024-10-29 14:58:03,147 [INFO] ThirdParty:1030 - CMSIS Pack Vendor :STMicroelectronics HAL Drivers 0.0.0
2024-10-29 14:58:03,147 [INFO] ThirdParty:1030 - CMSIS Pack Vendor :STMicroelectronics X-CUBE-TOUCHGFX 4.22.0
2024-10-29 14:58:03,147 [INFO] ThirdParty:1030 - CMSIS Pack Vendor :STMicroelectronics X-CUBE-NFC7 1.0.1
2024-10-29 14:58:03,147 [INFO] ThirdParty:1030 - CMSIS Pack Vendor :STMicroelectronics MBEDTLS 2.14.1
2024-10-29 14:58:03,147 [INFO] ThirdParty:1030 - CMSIS Pack Vendor :STMicroelectronics X-CUBE-NFC7 1.0.0
2024-10-29 14:58:03,147 [INFO] ThirdParty:1030 - CMSIS Pack Vendor :STMicroelectronics X-CUBE-TOUCHGFX 4.22.1
2024-10-29 14:58:03,147 [INFO] ThirdParty:1030 - CMSIS Pack Vendor :wolfSSL I-CUBE-wolfTPM 3.2.0
2024-10-29 14:58:03,147 [INFO] ThirdParty:1030 - CMSIS Pack Vendor :STMicroelectronics X-CUBE-NFC6 3.0.0
2024-10-29 14:58:03,147 [INFO] ThirdParty:1030 - CMSIS Pack Vendor :STMicroelectronics X-CUBE-EEPRMA1 4.1.0
2024-10-29 14:58:03,147 [INFO] ThirdParty:1030 - CMSIS Pack Vendor :STMicroelectronics X-CUBE-BLEMGR 3.1.0
2024-10-29 14:58:03,147 [INFO] ThirdParty:1030 - CMSIS Pack Vendor :STMicroelectronics FP-SNS-SMARTAG2 1.2.0
2024-10-29 14:58:03,147 [INFO] ThirdParty:1030 - CMSIS Pack Vendor :STMicroelectronics X-CUBE-AZRTOS-WL 2.0.0
2024-10-29 14:58:03,147 [INFO] ThirdParty:1030 - CMSIS Pack Vendor :STMicroelectronics FP-SNS-MOTENV1 5.0.0
2024-10-29 14:58:03,147 [INFO] ThirdParty:1030 - CMSIS Pack Vendor :STMicroelectronics USB_DEVICE 1.0.0
2024-10-29 14:58:03,147 [INFO] ThirdParty:1030 - CMSIS Pack Vendor :STMicroelectronics X-CUBE-AI 8.1.0
2024-10-29 14:58:03,147 [INFO] ThirdParty:1030 - CMSIS Pack Vendor :wolfSSL I-CUBE-wolfMQTT 1.19.0
2024-10-29 14:58:03,147 [INFO] ThirdParty:1030 - CMSIS Pack Vendor :STMicroelectronics X-CUBE-AZRTOS-L4 2.0.0
2024-10-29 14:58:03,147 [INFO] ThirdParty:1030 - CMSIS Pack Vendor :STMicroelectronics ThreadX 0.0.2
2024-10-29 14:58:03,147 [INFO] ThirdParty:1030 - CMSIS Pack Vendor :WES I-CUBE-Cesium 1.3.0
2024-10-29 14:58:03,147 [INFO] ThirdParty:1030 - CMSIS Pack Vendor :STMicroelectronics lwIP 2.1.2
2024-10-29 14:58:03,147 [INFO] ThirdParty:1030 - CMSIS Pack Vendor :STMicroelectronics X-CUBE-SFXS2LP1 4.0.0
2024-10-29 14:58:03,147 [INFO] ThirdParty:1030 - CMSIS Pack Vendor :STMicroelectronics X-CUBE-BLE2 3.3.0
2024-10-29 14:58:03,147 [INFO] ThirdParty:1030 - CMSIS Pack Vendor :STMicroelectronics X-CUBE-TOF1 3.2.0
2024-10-29 14:58:03,147 [INFO] ThirdParty:1030 - CMSIS Pack Vendor :STMicroelectronics PDM2PCM 3.2.0
2024-10-29 14:58:03,147 [INFO] ThirdParty:1030 - CMSIS Pack Vendor :STMicroelectronics X-CUBE-AZRTOS-H7 3.0.0
2024-10-29 14:58:03,147 [INFO] ThirdParty:1030 - CMSIS Pack Vendor :STMicroelectronics X-CUBE-ISPU 1.1.0
2024-10-29 14:58:03,147 [INFO] ThirdParty:1030 - CMSIS Pack Vendor :STMicroelectronics X-CUBE-AZRTOS-H7 3.3.0
2024-10-29 14:58:03,147 [INFO] ThirdParty:1030 - CMSIS Pack Vendor :RoweBots I-CUBE-UNISONRTOS 5.5.0-4
2024-10-29 14:58:03,147 [INFO] ThirdParty:1030 - CMSIS Pack Vendor :STMicroelectronics X-CUBE-NFC9 1.0.0
2024-10-29 14:58:03,147 [INFO] ThirdParty:1030 - CMSIS Pack Vendor :STMicroelectronics USB_DEVICE 3.0.0
2024-10-29 14:58:03,147 [INFO] ThirdParty:1030 - CMSIS Pack Vendor :STMicroelectronics X-CUBE-TCPP 4.1.0
2024-10-29 14:58:03,147 [INFO] ThirdParty:1030 - CMSIS Pack Vendor :STMicroelectronics X-CUBE-IPS 3.0.0
2024-10-29 14:58:03,147 [INFO] ThirdParty:1030 - CMSIS Pack Vendor :STMicroelectronics X-CUBE-AZRTOS-WB 2.0.0
2024-10-29 14:58:03,147 [INFO] ThirdParty:1030 - CMSIS Pack Vendor :STMicroelectronics X-CUBE-FREERTOS 1.0.1
2024-10-29 14:58:03,147 [INFO] ThirdParty:1030 - CMSIS Pack Vendor :STMicroelectronics X-CUBE-TOUCHGFX 4.21.1
2024-10-29 14:58:03,147 [INFO] ThirdParty:1030 - CMSIS Pack Vendor :STMicroelectronics X-CUBE-GNSS1 7.0.0
2024-10-29 14:58:03,147 [INFO] ThirdParty:1030 - CMSIS Pack Vendor :STMicroelectronics X-CUBE-MEMS1 9.4.0
2024-10-29 14:58:03,147 [INFO] ThirdParty:1030 - CMSIS Pack Vendor :STMicroelectronics X-CUBE-AI 7.3.0
2024-10-29 14:58:03,147 [INFO] ThirdParty:1030 - CMSIS Pack Vendor :STMicroelectronics FP-SNS-STBOX1 2.0.0
2024-10-29 14:58:03,147 [INFO] ThirdParty:1030 - CMSIS Pack Vendor :STMicroelectronics X-CUBE-ALGOBUILD 1.3.0
2024-10-29 14:58:03,147 [INFO] ThirdParty:1030 - CMSIS Pack Vendor :STMicroelectronics X-CUBE-AZRTOS-L5 1.1.0
2024-10-29 14:58:03,147 [INFO] ThirdParty:1030 - CMSIS Pack Vendor :STMicroelectronics X-CUBE-AZRTOS-G0 1.1.0
2024-10-29 14:58:03,147 [INFO] ThirdParty:1030 - CMSIS Pack Vendor :STMicroelectronics X-CUBE-AI 8.0.1
2024-10-29 14:58:03,147 [INFO] ThirdParty:1030 - CMSIS Pack Vendor :STMicroelectronics X-CUBE-SAFEA1 1.2.2
2024-10-29 14:58:03,147 [INFO] ThirdParty:1030 - CMSIS Pack Vendor :STMicroelectronics X-CUBE-NFC4 3.0.0
2024-10-29 14:58:03,147 [INFO] ThirdParty:1030 - CMSIS Pack Vendor :STMicroelectronics X-CUBE-SUBG2 5.0.0
2024-10-29 14:58:03,147 [INFO] ThirdParty:1030 - CMSIS Pack Vendor :STMicroelectronics STM32_WPAN 1.0.0
2024-10-29 14:58:03,147 [INFO] ThirdParty:1030 - CMSIS Pack Vendor :EmbeddedOffice I-CUBE-FS-RTOS 1.0.1
2024-10-29 14:58:03,147 [INFO] ThirdParty:1030 - CMSIS Pack Vendor :STMicroelectronics lwIP 2.0.3
2024-10-29 14:58:03,147 [INFO] ThirdParty:1030 - CMSIS Pack Vendor :Cesanta I-CUBE-Mongoose 7.13.0
2024-10-29 14:58:03,147 [INFO] ThirdParty:1030 - CMSIS Pack Vendor :STMicroelectronics USB_HOST 1.0.0
2024-10-29 14:58:03,147 [INFO] ThirdParty:1030 - CMSIS Pack Vendor :STMicroelectronics X-CUBE-TOF1 3.3.1
2024-10-29 14:58:03,147 [INFO] ThirdParty:1030 - CMSIS Pack Vendor :STMicroelectronics X-CUBE-AZRTOS-G4 2.0.0
2024-10-29 14:58:03,147 [INFO] ThirdParty:1030 - CMSIS Pack Vendor :STMicroelectronics PDM2PCM 3.1.0
2024-10-29 14:58:03,148 [INFO] ThirdParty:1030 - CMSIS Pack Vendor :STMicroelectronics FP-ATR-ASTRA1 1.1.1
2024-10-29 14:58:03,148 [INFO] ThirdParty:1030 - CMSIS Pack Vendor :Infineon AIROC-Wi-Fi-Bluetooth-STM32 1.5.1
2024-10-29 14:58:03,148 [INFO] ThirdParty:1030 - CMSIS Pack Vendor :STMicroelectronics X-CUBE-BLEMGR 3.0.0
2024-10-29 14:58:03,148 [INFO] ThirdParty:1030 - CMSIS Pack Vendor :STMicroelectronics X-CUBE-BLEMGR 1.3.0
2024-10-29 14:58:03,148 [INFO] ThirdParty:1030 - CMSIS Pack Vendor :STMicroelectronics FP-SNS-MOTENVWB1 1.3.0
2024-10-29 14:58:03,148 [INFO] ThirdParty:1030 - CMSIS Pack Vendor :RealThread X-CUBE-RT-Thread_Nano 4.1.1
2024-10-29 14:58:03,148 [INFO] ThirdParty:1030 - CMSIS Pack Vendor :STMicroelectronics FP-SNS-MOTENVWB1 1.3.1
2024-10-29 14:58:03,148 [INFO] ThirdParty:1030 - CMSIS Pack Vendor :STMicroelectronics FP-ATR-SIGFOX1 3.2.0
2024-10-29 14:58:03,148 [INFO] ThirdParty:1030 - CMSIS Pack Vendor :STMicroelectronics X-CUBE-AZRTOS-G4 1.0.0
2024-10-29 14:58:03,148 [INFO] ThirdParty:1030 - CMSIS Pack Vendor :STMicroelectronics X-CUBE-AZRTOS-L4 1.0.0
2024-10-29 14:58:03,148 [INFO] ThirdParty:1030 - CMSIS Pack Vendor :STMicroelectronics X-CUBE-ISPU 2.0.0
2024-10-29 14:58:03,148 [INFO] ThirdParty:1030 - CMSIS Pack Vendor :STMicroelectronics X-CUBE-EEPRMA1 5.1.0
2024-10-29 14:58:03,148 [INFO] ThirdParty:1030 - CMSIS Pack Vendor :STMicroelectronics MBEDTLS 2.16.2
2024-10-29 14:58:03,148 [INFO] ThirdParty:1030 - CMSIS Pack Vendor :STMicroelectronics X-CUBE-ALS 1.0.2
2024-10-29 14:58:03,148 [INFO] ThirdParty:1030 - CMSIS Pack Vendor :STMicroelectronics X-CUBE-MEMS1 10.0.0
2024-10-29 14:58:03,148 [INFO] ThirdParty:1030 - CMSIS Pack Vendor :STMicroelectronics X-CUBE-FREERTOS 1.1.0
2024-10-29 14:58:03,148 [INFO] ThirdParty:1030 - CMSIS Pack Vendor :STMicroelectronics X-CUBE-TOUCHGFX 4.24.0
2024-10-29 14:58:03,148 [INFO] ThirdParty:1030 - CMSIS Pack Vendor :STMicroelectronics X-CUBE-AZRTOS-WL 1.0.0
2024-10-29 14:58:03,148 [INFO] ThirdParty:1030 - CMSIS Pack Vendor :STMicroelectronics X-CUBE-TOUCHGFX 4.24.1
2024-10-29 14:58:03,148 [INFO] ThirdParty:1030 - CMSIS Pack Vendor :portGmbH I-Cube-SoM-uGOAL 1.1.0
2024-10-29 14:58:03,148 [INFO] ThirdParty:1030 - CMSIS Pack Vendor :STMicroelectronics X-CUBE-ALS 1.0.1
2024-10-29 14:58:03,148 [INFO] ThirdParty:1030 - CMSIS Pack Vendor :STMicroelectronics X-CUBE-MEMS1 9.5.0
2024-10-29 14:58:03,148 [INFO] ThirdParty:1030 - CMSIS Pack Vendor :STMicroelectronics ThreadX 1.0.0
2024-10-29 14:58:03,148 [INFO] ThirdParty:1030 - CMSIS Pack Vendor :STMicroelectronics X-CUBE-AZRTOS-WB 1.1.0
2024-10-29 14:58:03,148 [INFO] ThirdParty:1030 - CMSIS Pack Vendor :SEGGER I-CUBE-embOS 1.3.1
2024-10-29 14:58:03,148 [INFO] ThirdParty:1030 - CMSIS Pack Vendor :STMicroelectronics X-CUBE-ALGOBUILD 1.4.0
2024-10-29 14:58:03,148 [INFO] ThirdParty:1030 - CMSIS Pack Vendor :STMicroelectronics X-CUBE-AZRTOS-H7RS 1.0.0
2024-10-29 14:58:03,148 [INFO] ThirdParty:1030 - CMSIS Pack Vendor :STMicroelectronics FP-ATR-ASTRA1 2.0.0
2024-10-29 14:58:03,148 [INFO] ThirdParty:1030 - CMSIS Pack Vendor :STMicroelectronics X-CUBE-TOF1 3.4.2
2024-10-29 14:58:03,148 [INFO] ThirdParty:1030 - CMSIS Pack Vendor :STMicroelectronics X-CUBE-AI 9.1.0
2024-10-29 14:58:03,148 [INFO] ThirdParty:1030 - CMSIS Pack Vendor :STMicroelectronics X-CUBE-TOF1 3.4.0
2024-10-29 14:58:03,148 [INFO] ThirdParty:1030 - CMSIS Pack Vendor :wolfSSL I-CUBE-wolfSSH 1.4.17
2024-10-29 14:58:03,148 [INFO] ThirdParty:841 - exiting critical section [change project]
2024-10-29 14:58:03,212 [INFO] PinOutPanel:1561 - setPackage(No Configuration,No Configuration)
2024-10-29 14:58:03,213 [INFO] PinOutPanel:1561 - setPackage(STM32F103ZETx,LQFP144)
2024-10-29 14:58:03,327 [INFO] UtilMem:75 - Before build in PCC Used Memory: 644282440 Bytes (1024458752)
2024-10-29 14:58:03,421 [INFO] UtilMem:75 - After build in PCC Used Memory: 686751816 Bytes (1024458752)
2024-10-29 14:58:03,436 [INFO] ApiDbMcu:508 - Load IP Config File for FREERTOS
2024-10-29 14:58:03,448 [INFO] IPUIPlugin:80 - create IPUIPlugin
2024-10-29 14:58:03,448 [INFO] IPUIPlugin:80 - create IPUIPlugin
2024-10-29 14:58:03,448 [INFO] IPUIPlugin:80 - create IPUIPlugin
2024-10-29 14:58:03,448 [INFO] IPUIPlugin:80 - create IPUIPlugin
2024-10-29 14:58:03,448 [INFO] IPUIPlugin:80 - create IPUIPlugin
2024-10-29 14:58:03,448 [INFO] IPUIPlugin:80 - create IPUIPlugin
2024-10-29 14:58:03,448 [INFO] IPUIPlugin:80 - create IPUIPlugin
2024-10-29 14:58:03,448 [INFO] IPUIPlugin:80 - create IPUIPlugin
2024-10-29 14:58:03,448 [INFO] IPUIPlugin:80 - create IPUIPlugin
2024-10-29 14:58:03,448 [INFO] IPUIPlugin:80 - create IPUIPlugin
2024-10-29 14:58:03,448 [INFO] IPUIPlugin:80 - create IPUIPlugin
2024-10-29 14:58:03,448 [INFO] IPUIPlugin:80 - create IPUIPlugin
2024-10-29 14:58:03,448 [INFO] IPUIPlugin:80 - create IPUIPlugin
2024-10-29 14:58:03,448 [INFO] IPUIPlugin:80 - create IPUIPlugin
2024-10-29 14:58:03,448 [INFO] IPUIPlugin:80 - create IPUIPlugin
2024-10-29 14:58:03,448 [INFO] IPUIPlugin:80 - create IPUIPlugin
2024-10-29 14:58:03,449 [INFO] IPUIPlugin:80 - create IPUIPlugin
2024-10-29 14:58:03,449 [INFO] IPUIPlugin:80 - create IPUIPlugin
2024-10-29 14:58:03,449 [INFO] IPUIPlugin:80 - create IPUIPlugin
2024-10-29 14:58:03,449 [INFO] IPUIPlugin:80 - create IPUIPlugin
2024-10-29 14:58:03,449 [INFO] IPUIPlugin:80 - create IPUIPlugin
2024-10-29 14:58:03,449 [INFO] IPUIPlugin:80 - create IPUIPlugin
2024-10-29 14:58:03,449 [INFO] IPUIPlugin:80 - create IPUIPlugin
2024-10-29 14:58:03,449 [INFO] IPUIPlugin:80 - create IPUIPlugin
2024-10-29 14:58:03,449 [INFO] IPUIPlugin:80 - create IPUIPlugin
2024-10-29 14:58:03,449 [INFO] IPUIPlugin:80 - create IPUIPlugin
2024-10-29 14:58:03,449 [INFO] IPUIPlugin:80 - create IPUIPlugin
2024-10-29 14:58:03,449 [INFO] IPUIPlugin:80 - create IPUIPlugin
2024-10-29 14:58:03,449 [INFO] IPUIPlugin:80 - create IPUIPlugin
2024-10-29 14:58:03,449 [INFO] IPUIPlugin:80 - create IPUIPlugin
2024-10-29 14:58:03,449 [INFO] IPUIPlugin:80 - create IPUIPlugin
2024-10-29 14:58:03,450 [INFO] IPUIPlugin:80 - create IPUIPlugin
2024-10-29 14:58:03,450 [INFO] IPUIPlugin:80 - create IPUIPlugin
2024-10-29 14:58:03,450 [INFO] IPUIPlugin:80 - create IPUIPlugin
2024-10-29 14:58:03,450 [INFO] IPUIPlugin:80 - create IPUIPlugin
2024-10-29 14:58:03,450 [INFO] IPUIPlugin:80 - create IPUIPlugin
2024-10-29 14:58:03,450 [INFO] IPUIPlugin:80 - create IPUIPlugin
2024-10-29 14:58:03,450 [INFO] IPUIPlugin:80 - create IPUIPlugin
2024-10-29 14:58:03,450 [INFO] IPUIPlugin:80 - create IPUIPlugin
2024-10-29 14:58:03,450 [INFO] IPUIPlugin:80 - create IPUIPlugin
2024-10-29 14:58:03,454 [WARN] FreeRTOS:1023 - Null or empty value: should not occur! (nothing added to the table)
2024-10-29 14:58:03,504 [INFO] CADModel:165 - CPN selected for project levelSTM32F103ZET6
2024-10-29 14:58:03,504 [INFO] CADModel:114 - Register for checkConnection events
2024-10-29 14:58:03,505 [INFO] RtosManager:697 - Active RTOS found at IOC load: FREERTOS [Cortex-M3NS]
2024-10-29 14:58:03,559 [INFO] OpenFileManager:363 - Restore cursor
2024-10-29 14:58:13,486 [INFO] NvicIntPanel:101 - NVIC parent = com.st.microxplorer.plugins.ip.nvic.MultiNvicIntPanel[,0,0,0x0,invalid,layout=javax.swing.BoxLayout,alignmentX=0.0,alignmentY=0.0,border=,flags=9,maximumSize=,minimumSize=,preferredSize=]
2024-10-29 14:58:54,452 [INFO] NvicIntPanel:101 - NVIC parent = com.st.microxplorer.plugins.ip.nvic.MultiNvicIntPanel[,0,0,0x0,invalid,layout=javax.swing.BoxLayout,alignmentX=0.0,alignmentY=0.0,border=,flags=9,maximumSize=,minimumSize=,preferredSize=]
2024-10-29 14:59:03,132 [INFO] UtilMem:75 - End SaveConfig() Used Memory: 380999888 Bytes (1024458752)
2024-10-29 14:59:03,675 [INFO] UtilMem:75 - End SaveConfig() Used Memory: 445771304 Bytes (1024458752)
2024-10-29 14:59:03,793 [INFO] BlockDiagram:2766 - set Specific Code input for plugin: NVIC
2024-10-29 14:59:03,793 [INFO] BlockDiagram:2766 - set Specific Code input for plugin: FREERTOS
2024-10-29 14:59:03,794 [INFO] BlockDiagram:2766 - set Specific Code input for plugin: USART
2024-10-29 14:59:03,794 [INFO] BlockDiagram:2766 - set Specific Code input for plugin: USART
2024-10-29 14:59:03,794 [INFO] BlockDiagram:2766 - set Specific Code input for plugin: TIM1_8F1
2024-10-29 14:59:03,794 [INFO] BlockDiagram:2766 - set Specific Code input for plugin: SYS
2024-10-29 14:59:03,794 [INFO] BlockDiagram:2766 - set Specific Code input for plugin: GPIO
2024-10-29 14:59:03,794 [INFO] BlockDiagram:2766 - set Specific Code input for plugin: RCC
2024-10-29 14:59:03,795 [INFO] CodeGenerator:807 - code generatio: config db path: D:\software\STM32CubeIDE_1.16.1\STM32CubeIDE\plugins\com.st.stm32cube.common.mx_6.12.1.202409122256\\db\
2024-10-29 14:59:03,836 [INFO] CodeEngine:255 - oldGeneratedFile, D:\thor_work\2024\MyDemo\day0\untitled\MXTmpFiles\license.tmp_save
2024-10-29 14:59:03,897 [INFO] CodeEngine:279 - Generated code: D:\thor_work\2024\MyDemo\day0\untitled\MXTmpFiles\license.tmp
2024-10-29 14:59:03,927 [INFO] CodeEngine:255 - oldGeneratedFile, D:\thor_work\2024\MyDemo\day0\untitled\MXTmpFiles\gpio.tmp_save
2024-10-29 14:59:03,971 [INFO] CodeEngine:279 - Generated code: D:\thor_work\2024\MyDemo\day0\untitled\MXTmpFiles\gpio.tmp
2024-10-29 14:59:04,088 [INFO] Middleware:1439 - No code input for Bsp Dependency
2024-10-29 14:59:04,095 [INFO] CodeEngine:255 - oldGeneratedFile, D:\thor_work\2024\MyDemo\day0\untitled\MXTmpFiles\rtos_inc.tmp_save
2024-10-29 14:59:04,129 [INFO] CodeEngine:279 - Generated code: D:\thor_work\2024\MyDemo\day0\untitled\MXTmpFiles\rtos_inc.tmp
2024-10-29 14:59:04,133 [INFO] CodeEngine:255 - oldGeneratedFile, D:\thor_work\2024\MyDemo\day0\untitled\MXTmpFiles\rtos_kernelInit.tmp_save
2024-10-29 14:59:04,165 [INFO] CodeEngine:279 - Generated code: D:\thor_work\2024\MyDemo\day0\untitled\MXTmpFiles\rtos_kernelInit.tmp
2024-10-29 14:59:04,169 [INFO] CodeEngine:255 - oldGeneratedFile, D:\thor_work\2024\MyDemo\day0\untitled\MXTmpFiles\rtos_kernelStart.tmp_save
2024-10-29 14:59:04,201 [INFO] CodeEngine:279 - Generated code: D:\thor_work\2024\MyDemo\day0\untitled\MXTmpFiles\rtos_kernelStart.tmp
2024-10-29 14:59:04,206 [INFO] CodeEngine:255 - oldGeneratedFile, D:\thor_work\2024\MyDemo\day0\untitled\MXTmpFiles\rtos_typedefs.tmp_save
2024-10-29 14:59:04,238 [INFO] CodeEngine:279 - Generated code: D:\thor_work\2024\MyDemo\day0\untitled\MXTmpFiles\rtos_typedefs.tmp
2024-10-29 14:59:04,243 [INFO] CodeEngine:255 - oldGeneratedFile, D:\thor_work\2024\MyDemo\day0\untitled\MXTmpFiles\rtos_vars.tmp_save
2024-10-29 14:59:04,278 [INFO] CodeEngine:279 - Generated code: D:\thor_work\2024\MyDemo\day0\untitled\MXTmpFiles\rtos_vars.tmp
2024-10-29 14:59:04,283 [INFO] CodeEngine:255 - oldGeneratedFile, D:\thor_work\2024\MyDemo\day0\untitled\MXTmpFiles\rtos_pfp.tmp_save
2024-10-29 14:59:04,316 [INFO] CodeEngine:279 - Generated code: D:\thor_work\2024\MyDemo\day0\untitled\MXTmpFiles\rtos_pfp.tmp
2024-10-29 14:59:04,321 [INFO] CodeEngine:255 - oldGeneratedFile, D:\thor_work\2024\MyDemo\day0\untitled\MXTmpFiles\rtos_obj_creat.tmp_save
2024-10-29 14:59:04,358 [INFO] CodeEngine:279 - Generated code: D:\thor_work\2024\MyDemo\day0\untitled\MXTmpFiles\rtos_obj_creat.tmp
2024-10-29 14:59:04,364 [INFO] CodeEngine:255 - oldGeneratedFile, D:\thor_work\2024\MyDemo\day0\untitled\MXTmpFiles\rtos_default_thread.tmp_save
2024-10-29 14:59:04,403 [INFO] CodeEngine:279 - Generated code: D:\thor_work\2024\MyDemo\day0\untitled\MXTmpFiles\rtos_default_thread.tmp
2024-10-29 14:59:04,408 [INFO] CodeEngine:255 - oldGeneratedFile, D:\thor_work\2024\MyDemo\day0\untitled\MXTmpFiles\rtos_threads.tmp_save
2024-10-29 14:59:04,446 [INFO] CodeEngine:279 - Generated code: D:\thor_work\2024\MyDemo\day0\untitled\MXTmpFiles\rtos_threads.tmp
2024-10-29 14:59:04,464 [INFO] Middleware:1439 - No code input for Bsp Dependency
2024-10-29 14:59:04,481 [INFO] CodeEngine:255 - oldGeneratedFile, D:\thor_work\2024\MyDemo\day0\untitled\MXTmpFiles\rtos_inc.tmp_save
2024-10-29 14:59:04,514 [INFO] CodeEngine:279 - Generated code: D:\thor_work\2024\MyDemo\day0\untitled\MXTmpFiles\rtos_inc.tmp
2024-10-29 14:59:04,520 [INFO] CodeEngine:255 - oldGeneratedFile, D:\thor_work\2024\MyDemo\day0\untitled\MXTmpFiles\rtos_kernelInit.tmp_save
2024-10-29 14:59:04,553 [INFO] CodeEngine:279 - Generated code: D:\thor_work\2024\MyDemo\day0\untitled\MXTmpFiles\rtos_kernelInit.tmp
2024-10-29 14:59:04,559 [INFO] CodeEngine:255 - oldGeneratedFile, D:\thor_work\2024\MyDemo\day0\untitled\MXTmpFiles\rtos_kernelStart.tmp_save
2024-10-29 14:59:04,592 [INFO] CodeEngine:279 - Generated code: D:\thor_work\2024\MyDemo\day0\untitled\MXTmpFiles\rtos_kernelStart.tmp
2024-10-29 14:59:04,598 [INFO] CodeEngine:255 - oldGeneratedFile, D:\thor_work\2024\MyDemo\day0\untitled\MXTmpFiles\rtos_typedefs.tmp_save
2024-10-29 14:59:04,632 [INFO] CodeEngine:279 - Generated code: D:\thor_work\2024\MyDemo\day0\untitled\MXTmpFiles\rtos_typedefs.tmp
2024-10-29 14:59:04,639 [INFO] CodeEngine:255 - oldGeneratedFile, D:\thor_work\2024\MyDemo\day0\untitled\MXTmpFiles\rtos_vars.tmp_save
2024-10-29 14:59:04,674 [INFO] CodeEngine:279 - Generated code: D:\thor_work\2024\MyDemo\day0\untitled\MXTmpFiles\rtos_vars.tmp
2024-10-29 14:59:04,680 [INFO] CodeEngine:255 - oldGeneratedFile, D:\thor_work\2024\MyDemo\day0\untitled\MXTmpFiles\rtos_pfp.tmp_save
2024-10-29 14:59:04,714 [INFO] CodeEngine:279 - Generated code: D:\thor_work\2024\MyDemo\day0\untitled\MXTmpFiles\rtos_pfp.tmp
2024-10-29 14:59:04,721 [INFO] CodeEngine:255 - oldGeneratedFile, D:\thor_work\2024\MyDemo\day0\untitled\MXTmpFiles\rtos_obj_creat.tmp_save
2024-10-29 14:59:04,757 [INFO] CodeEngine:279 - Generated code: D:\thor_work\2024\MyDemo\day0\untitled\MXTmpFiles\rtos_obj_creat.tmp
2024-10-29 14:59:04,765 [INFO] CodeEngine:255 - oldGeneratedFile, D:\thor_work\2024\MyDemo\day0\untitled\MXTmpFiles\rtos_default_thread.tmp_save
2024-10-29 14:59:04,799 [INFO] CodeEngine:279 - Generated code: D:\thor_work\2024\MyDemo\day0\untitled\MXTmpFiles\rtos_default_thread.tmp
2024-10-29 14:59:04,806 [INFO] CodeEngine:255 - oldGeneratedFile, D:\thor_work\2024\MyDemo\day0\untitled\MXTmpFiles\rtos_threads.tmp_save
2024-10-29 14:59:04,840 [INFO] CodeEngine:279 - Generated code: D:\thor_work\2024\MyDemo\day0\untitled\MXTmpFiles\rtos_threads.tmp
2024-10-29 14:59:04,846 [INFO] CodeEngine:255 - oldGeneratedFile, D:\thor_work\2024\MyDemo\day0\untitled\Core\Inc\FreeRTOSConfig.h_save
2024-10-29 14:59:04,893 [INFO] CodeEngine:279 - Generated code: D:\thor_work\2024\MyDemo\day0\untitled\Core\Inc\FreeRTOSConfig.h
2024-10-29 14:59:04,901 [INFO] CodeEngine:255 - oldGeneratedFile, D:\thor_work\2024\MyDemo\day0\untitled\Core\Src\freertos.c_save
2024-10-29 14:59:04,942 [INFO] CodeEngine:279 - Generated code: D:\thor_work\2024\MyDemo\day0\untitled\Core\Src\freertos.c
2024-10-29 14:59:04,972 [INFO] CodeEngine:255 - oldGeneratedFile, D:\thor_work\2024\MyDemo\day0\untitled\Core\Src\stm32f1xx_it.c_save
2024-10-29 14:59:05,085 [INFO] CodeEngine:279 - Generated code: D:\thor_work\2024\MyDemo\day0\untitled\Core\Src\stm32f1xx_it.c
2024-10-29 14:59:05,093 [INFO] CodeEngine:255 - oldGeneratedFile, D:\thor_work\2024\MyDemo\day0\untitled\Core\Inc\stm32f1xx_it.h_save
2024-10-29 14:59:05,131 [INFO] CodeEngine:279 - Generated code: D:\thor_work\2024\MyDemo\day0\untitled\Core\Inc\stm32f1xx_it.h
2024-10-29 14:59:05,147 [INFO] CodeEngine:255 - oldGeneratedFile, D:\thor_work\2024\MyDemo\day0\untitled\Core\Src\stm32f1xx_hal_msp.c_save
2024-10-29 14:59:05,210 [INFO] CodeEngine:279 - Generated code: D:\thor_work\2024\MyDemo\day0\untitled\Core\Src\stm32f1xx_hal_msp.c
2024-10-29 14:59:05,216 [INFO] CodeEngine:255 - oldGeneratedFile, D:\thor_work\2024\MyDemo\day0\untitled\MXTmpFiles\system.tmp_save
2024-10-29 14:59:05,250 [INFO] CodeEngine:279 - Generated code: D:\thor_work\2024\MyDemo\day0\untitled\MXTmpFiles\system.tmp
2024-10-29 14:59:05,256 [INFO] CodeEngine:255 - oldGeneratedFile, D:\thor_work\2024\MyDemo\day0\untitled\Core\Src\stm32f1xx_hal_timebase_tim.c_save
2024-10-29 14:59:05,297 [INFO] CodeEngine:279 - Generated code: D:\thor_work\2024\MyDemo\day0\untitled\Core\Src\stm32f1xx_hal_timebase_tim.c
2024-10-29 14:59:05,315 [INFO] CodeEngine:311 - oldGeneratedFile, D:\thor_work\2024\MyDemo\day0\untitled\Core\Inc\stm32f1xx_hal_conf.h_save
2024-10-29 14:59:05,355 [INFO] CodeEngine:335 - Generated code: D:\thor_work\2024\MyDemo\day0\untitled\Core\Inc\stm32f1xx_hal_conf.h
2024-10-29 14:59:05,369 [WARN] IPConfigManager:3554 - IP not found : TIM
2024-10-29 14:59:05,370 [WARN] CodeGenerator:4002 - IP not found : null
2024-10-29 14:59:05,379 [INFO] CodeEngine:255 - oldGeneratedFile, D:\thor_work\2024\MyDemo\day0\untitled\Core\Inc\main.h_save
2024-10-29 14:59:05,436 [INFO] CodeEngine:279 - Generated code: D:\thor_work\2024\MyDemo\day0\untitled\Core\Inc\main.h
2024-10-29 14:59:05,444 [INFO] CodeEngine:255 - oldGeneratedFile, D:\thor_work\2024\MyDemo\day0\untitled\Core\Src\main.c_save
2024-10-29 14:59:05,522 [INFO] CodeEngine:279 - Generated code: D:\thor_work\2024\MyDemo\day0\untitled\Core\Src\main.c
2024-10-29 14:59:06,845 [INFO] ProjectBuilder:3249 - Time for Copy HAL[1] : 1217mS.
2024-10-29 14:59:06,855 [INFO] ProjectBuilder:4828 - Project Generator version: 4.5.0-B34
2024-10-29 14:59:06,900 [INFO] ConfigFileManager:1531 - The Die is : DIE414
2024-10-29 14:59:06,904 [INFO] ApiDbMcu:508 - Load IP Config File for FATFS
2024-10-29 14:59:06,914 [INFO] ApiDbMcu:508 - Load IP Config File for USB_DEVICE
2024-10-29 14:59:07,911 [INFO] ProjectBuilder:5097 - Time for Generating toolchain IDE Files: 1056mS.
2024-10-29 14:59:07,912 [INFO] ProjectBuilder:3107 - Time for Copy CMSIS : 1mS.
2024-10-29 14:59:07,934 [INFO] ProjectBuilder:3107 - Time for Copy CMSIS : 0mS.
2024-10-29 15:23:56,147 [INFO] NvicIntPanel:101 - NVIC parent = com.st.microxplorer.plugins.ip.nvic.MultiNvicIntPanel[,0,0,0x0,invalid,layout=javax.swing.BoxLayout,alignmentX=0.0,alignmentY=0.0,border=,flags=9,maximumSize=,minimumSize=,preferredSize=]
2024-10-29 15:24:26,535 [INFO] UtilMem:75 - End SaveConfig() Used Memory: 923626680 Bytes (1024458752)
2024-10-29 15:24:28,185 [INFO] UtilMem:75 - End SaveConfig() Used Memory: 366583104 Bytes (1024458752)
2024-10-29 15:24:28,713 [INFO] UtilMem:75 - End SaveConfig() Used Memory: 406428992 Bytes (1024458752)
2024-10-29 15:24:28,838 [INFO] BlockDiagram:2766 - set Specific Code input for plugin: NVIC
2024-10-29 15:24:28,838 [INFO] BlockDiagram:2766 - set Specific Code input for plugin: FREERTOS
2024-10-29 15:24:28,838 [INFO] BlockDiagram:2766 - set Specific Code input for plugin: USART
2024-10-29 15:24:28,838 [INFO] BlockDiagram:2766 - set Specific Code input for plugin: USART
2024-10-29 15:24:28,838 [INFO] BlockDiagram:2766 - set Specific Code input for plugin: TIM1_8F1
2024-10-29 15:24:28,838 [INFO] BlockDiagram:2766 - set Specific Code input for plugin: SYS
2024-10-29 15:24:28,838 [INFO] BlockDiagram:2766 - set Specific Code input for plugin: GPIO
2024-10-29 15:24:28,838 [INFO] BlockDiagram:2766 - set Specific Code input for plugin: RCC
2024-10-29 15:24:28,839 [INFO] CodeGenerator:807 - code generatio: config db path: D:\software\STM32CubeIDE_1.16.1\STM32CubeIDE\plugins\com.st.stm32cube.common.mx_6.12.1.202409122256\\db\
2024-10-29 15:24:28,934 [INFO] CodeEngine:255 - oldGeneratedFile, D:\thor_work\2024\MyDemo\day0\untitled\MXTmpFiles\license.tmp_save
2024-10-29 15:24:28,984 [INFO] CodeEngine:279 - Generated code: D:\thor_work\2024\MyDemo\day0\untitled\MXTmpFiles\license.tmp
2024-10-29 15:24:29,004 [INFO] CodeEngine:255 - oldGeneratedFile, D:\thor_work\2024\MyDemo\day0\untitled\MXTmpFiles\gpio.tmp_save
2024-10-29 15:24:29,050 [INFO] CodeEngine:279 - Generated code: D:\thor_work\2024\MyDemo\day0\untitled\MXTmpFiles\gpio.tmp
2024-10-29 15:24:29,175 [INFO] Middleware:1439 - No code input for Bsp Dependency
2024-10-29 15:24:29,182 [INFO] CodeEngine:255 - oldGeneratedFile, D:\thor_work\2024\MyDemo\day0\untitled\MXTmpFiles\rtos_inc.tmp_save
2024-10-29 15:24:29,215 [INFO] CodeEngine:279 - Generated code: D:\thor_work\2024\MyDemo\day0\untitled\MXTmpFiles\rtos_inc.tmp
2024-10-29 15:24:29,219 [INFO] CodeEngine:255 - oldGeneratedFile, D:\thor_work\2024\MyDemo\day0\untitled\MXTmpFiles\rtos_kernelInit.tmp_save
2024-10-29 15:24:29,251 [INFO] CodeEngine:279 - Generated code: D:\thor_work\2024\MyDemo\day0\untitled\MXTmpFiles\rtos_kernelInit.tmp
2024-10-29 15:24:29,255 [INFO] CodeEngine:255 - oldGeneratedFile, D:\thor_work\2024\MyDemo\day0\untitled\MXTmpFiles\rtos_kernelStart.tmp_save
2024-10-29 15:24:29,289 [INFO] CodeEngine:279 - Generated code: D:\thor_work\2024\MyDemo\day0\untitled\MXTmpFiles\rtos_kernelStart.tmp
2024-10-29 15:24:29,294 [INFO] CodeEngine:255 - oldGeneratedFile, D:\thor_work\2024\MyDemo\day0\untitled\MXTmpFiles\rtos_typedefs.tmp_save
2024-10-29 15:24:29,327 [INFO] CodeEngine:279 - Generated code: D:\thor_work\2024\MyDemo\day0\untitled\MXTmpFiles\rtos_typedefs.tmp
2024-10-29 15:24:29,332 [INFO] CodeEngine:255 - oldGeneratedFile, D:\thor_work\2024\MyDemo\day0\untitled\MXTmpFiles\rtos_vars.tmp_save
2024-10-29 15:24:29,366 [INFO] CodeEngine:279 - Generated code: D:\thor_work\2024\MyDemo\day0\untitled\MXTmpFiles\rtos_vars.tmp
2024-10-29 15:24:29,370 [INFO] CodeEngine:255 - oldGeneratedFile, D:\thor_work\2024\MyDemo\day0\untitled\MXTmpFiles\rtos_pfp.tmp_save
2024-10-29 15:24:29,402 [INFO] CodeEngine:279 - Generated code: D:\thor_work\2024\MyDemo\day0\untitled\MXTmpFiles\rtos_pfp.tmp
2024-10-29 15:24:29,407 [INFO] CodeEngine:255 - oldGeneratedFile, D:\thor_work\2024\MyDemo\day0\untitled\MXTmpFiles\rtos_obj_creat.tmp_save
2024-10-29 15:24:29,441 [INFO] CodeEngine:279 - Generated code: D:\thor_work\2024\MyDemo\day0\untitled\MXTmpFiles\rtos_obj_creat.tmp
2024-10-29 15:24:29,447 [INFO] CodeEngine:255 - oldGeneratedFile, D:\thor_work\2024\MyDemo\day0\untitled\MXTmpFiles\rtos_default_thread.tmp_save
2024-10-29 15:24:29,481 [INFO] CodeEngine:279 - Generated code: D:\thor_work\2024\MyDemo\day0\untitled\MXTmpFiles\rtos_default_thread.tmp
2024-10-29 15:24:29,485 [INFO] CodeEngine:255 - oldGeneratedFile, D:\thor_work\2024\MyDemo\day0\untitled\MXTmpFiles\rtos_threads.tmp_save
2024-10-29 15:24:29,518 [INFO] CodeEngine:279 - Generated code: D:\thor_work\2024\MyDemo\day0\untitled\MXTmpFiles\rtos_threads.tmp
2024-10-29 15:24:29,536 [INFO] Middleware:1439 - No code input for Bsp Dependency
2024-10-29 15:24:29,546 [INFO] CodeEngine:255 - oldGeneratedFile, D:\thor_work\2024\MyDemo\day0\untitled\MXTmpFiles\rtos_inc.tmp_save
2024-10-29 15:24:29,579 [INFO] CodeEngine:279 - Generated code: D:\thor_work\2024\MyDemo\day0\untitled\MXTmpFiles\rtos_inc.tmp
2024-10-29 15:24:29,585 [INFO] CodeEngine:255 - oldGeneratedFile, D:\thor_work\2024\MyDemo\day0\untitled\MXTmpFiles\rtos_kernelInit.tmp_save
2024-10-29 15:24:29,618 [INFO] CodeEngine:279 - Generated code: D:\thor_work\2024\MyDemo\day0\untitled\MXTmpFiles\rtos_kernelInit.tmp
2024-10-29 15:24:29,624 [INFO] CodeEngine:255 - oldGeneratedFile, D:\thor_work\2024\MyDemo\day0\untitled\MXTmpFiles\rtos_kernelStart.tmp_save
2024-10-29 15:24:29,657 [INFO] CodeEngine:279 - Generated code: D:\thor_work\2024\MyDemo\day0\untitled\MXTmpFiles\rtos_kernelStart.tmp
2024-10-29 15:24:29,664 [INFO] CodeEngine:255 - oldGeneratedFile, D:\thor_work\2024\MyDemo\day0\untitled\MXTmpFiles\rtos_typedefs.tmp_save
2024-10-29 15:24:29,697 [INFO] CodeEngine:279 - Generated code: D:\thor_work\2024\MyDemo\day0\untitled\MXTmpFiles\rtos_typedefs.tmp
2024-10-29 15:24:29,703 [INFO] CodeEngine:255 - oldGeneratedFile, D:\thor_work\2024\MyDemo\day0\untitled\MXTmpFiles\rtos_vars.tmp_save
2024-10-29 15:24:29,738 [INFO] CodeEngine:279 - Generated code: D:\thor_work\2024\MyDemo\day0\untitled\MXTmpFiles\rtos_vars.tmp
2024-10-29 15:24:29,749 [INFO] CodeEngine:255 - oldGeneratedFile, D:\thor_work\2024\MyDemo\day0\untitled\MXTmpFiles\rtos_pfp.tmp_save
2024-10-29 15:24:29,782 [INFO] CodeEngine:279 - Generated code: D:\thor_work\2024\MyDemo\day0\untitled\MXTmpFiles\rtos_pfp.tmp
2024-10-29 15:24:29,789 [INFO] CodeEngine:255 - oldGeneratedFile, D:\thor_work\2024\MyDemo\day0\untitled\MXTmpFiles\rtos_obj_creat.tmp_save
2024-10-29 15:24:29,825 [INFO] CodeEngine:279 - Generated code: D:\thor_work\2024\MyDemo\day0\untitled\MXTmpFiles\rtos_obj_creat.tmp
2024-10-29 15:24:29,832 [INFO] CodeEngine:255 - oldGeneratedFile, D:\thor_work\2024\MyDemo\day0\untitled\MXTmpFiles\rtos_default_thread.tmp_save
2024-10-29 15:24:29,866 [INFO] CodeEngine:279 - Generated code: D:\thor_work\2024\MyDemo\day0\untitled\MXTmpFiles\rtos_default_thread.tmp
2024-10-29 15:24:29,873 [INFO] CodeEngine:255 - oldGeneratedFile, D:\thor_work\2024\MyDemo\day0\untitled\MXTmpFiles\rtos_threads.tmp_save
2024-10-29 15:24:29,906 [INFO] CodeEngine:279 - Generated code: D:\thor_work\2024\MyDemo\day0\untitled\MXTmpFiles\rtos_threads.tmp
2024-10-29 15:24:29,913 [INFO] CodeEngine:255 - oldGeneratedFile, D:\thor_work\2024\MyDemo\day0\untitled\Core\Inc\FreeRTOSConfig.h_save
2024-10-29 15:24:29,960 [INFO] CodeEngine:279 - Generated code: D:\thor_work\2024\MyDemo\day0\untitled\Core\Inc\FreeRTOSConfig.h
2024-10-29 15:24:29,968 [INFO] CodeEngine:255 - oldGeneratedFile, D:\thor_work\2024\MyDemo\day0\untitled\Core\Src\freertos.c_save
2024-10-29 15:24:30,010 [INFO] CodeEngine:279 - Generated code: D:\thor_work\2024\MyDemo\day0\untitled\Core\Src\freertos.c
2024-10-29 15:24:30,027 [INFO] CodeEngine:255 - oldGeneratedFile, D:\thor_work\2024\MyDemo\day0\untitled\Core\Src\stm32f1xx_it.c_save
2024-10-29 15:24:30,109 [INFO] CodeEngine:279 - Generated code: D:\thor_work\2024\MyDemo\day0\untitled\Core\Src\stm32f1xx_it.c
2024-10-29 15:24:30,109 [INFO] CodeEngine:255 - oldGeneratedFile, D:\thor_work\2024\MyDemo\day0\untitled\Core\Inc\stm32f1xx_it.h_save
2024-10-29 15:24:30,159 [INFO] CodeEngine:279 - Generated code: D:\thor_work\2024\MyDemo\day0\untitled\Core\Inc\stm32f1xx_it.h
2024-10-29 15:24:30,175 [INFO] CodeEngine:255 - oldGeneratedFile, D:\thor_work\2024\MyDemo\day0\untitled\Core\Src\stm32f1xx_hal_msp.c_save
2024-10-29 15:24:30,225 [INFO] CodeEngine:279 - Generated code: D:\thor_work\2024\MyDemo\day0\untitled\Core\Src\stm32f1xx_hal_msp.c
2024-10-29 15:24:30,241 [INFO] CodeEngine:255 - oldGeneratedFile, D:\thor_work\2024\MyDemo\day0\untitled\MXTmpFiles\system.tmp_save
2024-10-29 15:24:30,275 [INFO] CodeEngine:279 - Generated code: D:\thor_work\2024\MyDemo\day0\untitled\MXTmpFiles\system.tmp
2024-10-29 15:24:30,275 [INFO] CodeEngine:255 - oldGeneratedFile, D:\thor_work\2024\MyDemo\day0\untitled\Core\Src\stm32f1xx_hal_timebase_tim.c_save
2024-10-29 15:24:30,325 [INFO] CodeEngine:279 - Generated code: D:\thor_work\2024\MyDemo\day0\untitled\Core\Src\stm32f1xx_hal_timebase_tim.c
2024-10-29 15:24:30,342 [INFO] CodeEngine:311 - oldGeneratedFile, D:\thor_work\2024\MyDemo\day0\untitled\Core\Inc\stm32f1xx_hal_conf.h_save
2024-10-29 15:24:30,392 [INFO] CodeEngine:335 - Generated code: D:\thor_work\2024\MyDemo\day0\untitled\Core\Inc\stm32f1xx_hal_conf.h
2024-10-29 15:24:30,407 [WARN] IPConfigManager:3554 - IP not found : TIM
2024-10-29 15:24:30,407 [WARN] CodeGenerator:4002 - IP not found : null
2024-10-29 15:24:30,407 [INFO] CodeEngine:255 - oldGeneratedFile, D:\thor_work\2024\MyDemo\day0\untitled\Core\Inc\main.h_save
2024-10-29 15:24:30,475 [INFO] CodeEngine:279 - Generated code: D:\thor_work\2024\MyDemo\day0\untitled\Core\Inc\main.h
2024-10-29 15:24:30,492 [INFO] CodeEngine:255 - oldGeneratedFile, D:\thor_work\2024\MyDemo\day0\untitled\Core\Src\main.c_save
2024-10-29 15:24:30,559 [INFO] CodeEngine:279 - Generated code: D:\thor_work\2024\MyDemo\day0\untitled\Core\Src\main.c
2024-10-29 15:24:31,636 [INFO] ProjectBuilder:3249 - Time for Copy HAL[1] : 962mS.
2024-10-29 15:24:31,645 [INFO] ProjectBuilder:4828 - Project Generator version: 4.5.0-B34
2024-10-29 15:24:31,695 [INFO] ConfigFileManager:1531 - The Die is : DIE414
2024-10-29 15:24:32,746 [INFO] ProjectBuilder:5097 - Time for Generating toolchain IDE Files: 1101mS.
2024-10-29 15:24:32,747 [INFO] ProjectBuilder:3107 - Time for Copy CMSIS : 1mS.
2024-10-29 15:24:32,770 [INFO] ProjectBuilder:3107 - Time for Copy CMSIS : 0mS.
2024-10-29 16:19:38,610 [INFO] MainUpdater:2873 - connection check result : 10
2024-10-29 16:19:38,611 [INFO] MainUpdater:2873 - connection check result : 10
2024-10-29 16:19:38,668 [INFO] MicroXplorer:468 - Change Database Path : 
2024-10-29 16:19:38,668 [INFO] MicroXplorer:498 - Change Database Version : DB.6.0.121
2024-10-29 16:19:38,676 [ERROR] ProjectManagerView:394 - 
java.lang.NullPointerException: Cannot invoke "javax.swing.JTextField.getText()" because the return value of "java.util.List.get(int)" is null
	at com.st.microxplorer.plugins.projectmanager.gui.ProjectChoiceTab$10.caretUpdate(ProjectChoiceTab.java:2622) ~[filemanager.jar:?]
	at javax.swing.text.JTextComponent.fireCaretUpdate(JTextComponent.java:412) ~[?:?]
	at javax.swing.text.JTextComponent$MutableCaretEvent.fire(JTextComponent.java:4491) ~[?:?]
	at javax.swing.text.JTextComponent$MutableCaretEvent.stateChanged(JTextComponent.java:4513) ~[?:?]
	at javax.swing.text.DefaultCaret.fireStateChanged(DefaultCaret.java:842) ~[?:?]
	at javax.swing.text.DefaultCaret.changeCaretPosition(DefaultCaret.java:1313) ~[?:?]
	at javax.swing.text.DefaultCaret.handleSetDot(DefaultCaret.java:1212) ~[?:?]
	at javax.swing.text.DefaultCaret.setDot(DefaultCaret.java:1193) ~[?:?]
	at javax.swing.text.DefaultCaret$Handler.insertUpdate(DefaultCaret.java:1789) ~[?:?]
	at javax.swing.text.AbstractDocument.fireInsertUpdate(AbstractDocument.java:226) ~[?:?]
	at javax.swing.text.AbstractDocument.handleInsertString(AbstractDocument.java:780) ~[?:?]
	at javax.swing.text.AbstractDocument.insertString(AbstractDocument.java:739) ~[?:?]
	at javax.swing.text.PlainDocument.insertString(PlainDocument.java:131) ~[?:?]
	at javax.swing.text.AbstractDocument.replace(AbstractDocument.java:698) ~[?:?]
	at javax.swing.text.JTextComponent.setText(JTextComponent.java:1729) ~[?:?]
	at com.st.microxplorer.plugins.projectmanager.gui.ProjectChoiceTab.createHeapStackFields(ProjectChoiceTab.java:972) ~[filemanager.jar:?]
	at com.st.microxplorer.plugins.projectmanager.gui.ProjectChoiceTab.buildLinkSettingsPanel(ProjectChoiceTab.java:3597) ~[filemanager.jar:?]
	at com.st.microxplorer.plugins.projectmanager.gui.ProjectChoiceTab.defineWindowsFields(ProjectChoiceTab.java:1940) ~[filemanager.jar:?]
	at com.st.microxplorer.plugins.projectmanager.gui.ProjectChoiceTab.updateSettings(ProjectChoiceTab.java:550) ~[filemanager.jar:?]
	at com.st.microxplorer.plugins.projectmanager.gui.ProjectSettingsPanel.UpdateDialog(ProjectSettingsPanel.java:245) ~[filemanager.jar:?]
	at com.st.microxplorer.plugins.projectmanager.ProjectManagerView.propertyChange(ProjectManagerView.java:391) ~[filemanager.jar:?]
	at java.beans.PropertyChangeSupport.fire(PropertyChangeSupport.java:343) ~[?:?]
	at java.beans.PropertyChangeSupport.firePropertyChange(PropertyChangeSupport.java:335) ~[?:?]
	at java.beans.PropertyChangeSupport.firePropertyChange(PropertyChangeSupport.java:268) ~[?:?]
	at com.st.microxplorer.util.MXPropertyChangeSupport.firePropertyChange(MXPropertyChangeSupport.java:54) ~[STM32CubeMX.jar:?]
	at com.st.microxplorer.mxsystem.MxSystem.closeConfig(MxSystem.java:900) ~[STM32CubeMX.jar:?]
	at com.st.microxplorer.maingui.MainPanel.closeConfig(MainPanel.java:781) ~[STM32CubeMX.jar:?]
	at com.st.microxplorer.plugins.filemanager.engine.OpenFileManager.loadConfigurationFile(OpenFileManager.java:265) ~[filemanager.jar:?]
	at com.st.microxplorer.plugins.filemanager.engine.MainFileManager.userLoadConfig(MainFileManager.java:352) ~[filemanager.jar:?]
	at com.st.microxplorer.plugins.filemanager.engine.MainFileManager.userLoadConfig(MainFileManager.java:330) ~[filemanager.jar:?]
	at com.st.microxplorer.plugins.filemanager.FileManagerView.getSpecificTask(FileManagerView.java:246) ~[filemanager.jar:?]
	at com.st.stm32cube.common.mx.editor.CubeMxEditor.getMxTabbedPaneInstance(CubeMxEditor.java:1198) ~[com.st.stm32cube.common.mx_6.12.1.202409122256/:?]
	at com.st.stm32cube.common.mx.editor.CubeMxEditor$12$1.createSwingComponent(CubeMxEditor.java:1068) ~[com.st.stm32cube.common.mx_6.12.1.202409122256/:?]
	at com.st.stm32cube.common.mx.oss.core.awtswtbridge.EmbeddedSwingComposite.doComponentCreation(EmbeddedSwingComposite.java:492) ~[com.st.stm32cube.common.mx.oss_6.12.1.202409122256/:?]
	at com.st.stm32cube.common.mx.oss.core.awtswtbridge.EmbeddedSwingComposite$4.run(EmbeddedSwingComposite.java:291) ~[com.st.stm32cube.common.mx.oss_6.12.1.202409122256/:?]
	at com.st.stm32cube.common.mx.oss.core.awtswtbridge.AwtEnvironment$2.run(AwtEnvironment.java:166) ~[com.st.stm32cube.common.mx.oss_6.12.1.202409122256/:?]
	at java.awt.event.InvocationEvent.dispatch(InvocationEvent.java:318) ~[?:?]
	at java.awt.EventQueue.dispatchEventImpl(EventQueue.java:773) ~[?:?]
	at java.awt.EventQueue$4.run(EventQueue.java:720) ~[?:?]
	at java.awt.EventQueue$4.run(EventQueue.java:714) ~[?:?]
	at java.security.AccessController.doPrivileged(AccessController.java:399) ~[?:?]
	at java.security.ProtectionDomain$JavaSecurityAccessImpl.doIntersectionPrivilege(ProtectionDomain.java:86) ~[?:?]
	at java.awt.EventQueue.dispatchEvent(EventQueue.java:742) ~[?:?]
	at java.awt.EventDispatchThread.pumpOneEventForFilters(EventDispatchThread.java:203) ~[?:?]
	at java.awt.EventDispatchThread.pumpEventsForFilter(EventDispatchThread.java:124) ~[?:?]
	at java.awt.EventDispatchThread.pumpEventsForHierarchy(EventDispatchThread.java:113) ~[?:?]
	at java.awt.EventDispatchThread.pumpEvents(EventDispatchThread.java:109) ~[?:?]
	at java.awt.EventDispatchThread.pumpEvents(EventDispatchThread.java:101) ~[?:?]
	at java.awt.EventDispatchThread.run(EventDispatchThread.java:90) ~[?:?]
2024-10-29 16:19:38,677 [WARN] ThirdParty:871 - waiting for thirdparty lock release [close project]
2024-10-29 16:19:38,677 [INFO] ThirdParty:873 - entering critical section [close project]
2024-10-29 16:19:38,677 [INFO] ThirdParty:883 - exiting critical section [close project]
2024-10-29 16:19:38,679 [INFO] PinOutPanel:1561 - setPackage(No Configuration,No Configuration)
2024-10-29 16:19:38,698 [INFO] UtilMem:75 - Begin LoadConfig() Used Memory: 349175072 Bytes (1024458752)
2024-10-29 16:19:38,699 [INFO] MicroXplorer:468 - Change Database Path : 
2024-10-29 16:19:38,699 [INFO] MicroXplorer:498 - Change Database Version : DB.6.0.121
2024-10-29 16:19:38,699 [INFO] OpenFileManager:332 - Change cursor
2024-10-29 16:19:38,712 [INFO] RulesReader:64 - Compatibility file has been processed (297 Rules)
2024-10-29 16:19:38,715 [INFO] Mcu:2032 - Initializing MCU STM32F103Z(C-D-E)Tx STM32F103ZETx STM32F103ZET6
2024-10-29 16:19:39,459 [INFO] Context:742 - Trying to add GPIOservice into a context  which must be forbidden
2024-10-29 16:19:39,599 [INFO] RtosManager:555 - Registered RTOS mode: class=CMSIS, group=RTOS, mode=CMSIS_V1, owner=FREERTOS
2024-10-29 16:19:39,599 [INFO] RtosManager:555 - Registered RTOS mode: class=CMSIS, group=RTOS2, mode=CMSIS_V2, owner=FREERTOS
2024-10-29 16:19:39,599 [INFO] RtosManager:555 - Registered RTOS mode: class=RTOS, group=Core, mode=CMSIS_V1, owner=FREERTOS
2024-10-29 16:19:39,599 [INFO] RtosManager:555 - Registered RTOS mode: class=RTOS, group=Core, mode=CMSIS_V2, owner=FREERTOS
2024-10-29 16:19:39,600 [WARN] ModelIntegratedComponent:184 - Missing modes for component STMicroelectronics:FreeRTOS:0.0.1:STMicroelectronics:RTOS:FreeRTOS:Core:::10.2.0:
2024-10-29 16:19:39,601 [WARN] ModelIntegratedComponent:63 - No mode defined for component null
2024-10-29 16:19:39,601 [WARN] ModelIntegratedComponent:63 - No mode defined for component null
2024-10-29 16:19:39,602 [WARN] ModelIntegratedComponent:63 - No mode defined for component null
2024-10-29 16:19:39,602 [WARN] ModelIntegratedComponent:63 - No mode defined for component null
2024-10-29 16:19:39,602 [WARN] ModelIntegratedComponent:63 - No mode defined for component null
2024-10-29 16:19:39,602 [WARN] ModelIntegratedComponent:63 - No mode defined for component null
2024-10-29 16:19:39,602 [WARN] ModelIntegratedComponent:63 - No mode defined for component null
2024-10-29 16:19:39,602 [WARN] ModelIntegratedComponent:63 - No mode defined for component null
2024-10-29 16:19:39,602 [WARN] ModelIntegratedComponent:63 - No mode defined for component null
2024-10-29 16:19:39,602 [WARN] ModelIntegratedComponent:63 - No mode defined for component null
2024-10-29 16:19:39,602 [WARN] ModelIntegratedComponent:63 - No mode defined for component null
2024-10-29 16:19:39,602 [WARN] ModelIntegratedComponent:63 - No mode defined for component null
2024-10-29 16:19:39,602 [WARN] ModelIntegratedComponent:63 - No mode defined for component null
2024-10-29 16:19:39,602 [WARN] ModelIntegratedComponent:63 - No mode defined for component null
2024-10-29 16:19:39,602 [WARN] ModelIntegratedComponent:63 - No mode defined for component null
2024-10-29 16:19:39,602 [WARN] ModelIntegratedComponent:63 - No mode defined for component null
2024-10-29 16:19:39,602 [WARN] ModelIntegratedComponent:63 - No mode defined for component null
2024-10-29 16:19:39,602 [WARN] ModelIntegratedComponent:63 - No mode defined for component null
2024-10-29 16:19:39,602 [WARN] ModelIntegratedComponent:63 - No mode defined for component null
2024-10-29 16:19:39,602 [WARN] ModelIntegratedComponent:63 - No mode defined for component null
2024-10-29 16:19:39,602 [WARN] ModelIntegratedComponent:63 - No mode defined for component null
2024-10-29 16:19:39,602 [WARN] ModelIntegratedComponent:63 - No mode defined for component null
2024-10-29 16:19:39,602 [WARN] ModelIntegratedComponent:63 - No mode defined for component null
2024-10-29 16:19:39,602 [WARN] ModelIntegratedComponent:63 - No mode defined for component null
2024-10-29 16:19:39,602 [WARN] ModelIntegratedComponent:63 - No mode defined for component null
2024-10-29 16:19:39,602 [WARN] ModelIntegratedComponent:63 - No mode defined for component null
2024-10-29 16:19:39,602 [WARN] ModelIntegratedComponent:63 - No mode defined for component null
2024-10-29 16:19:39,602 [WARN] ModelIntegratedComponent:63 - No mode defined for component null
2024-10-29 16:19:39,602 [WARN] ModelIntegratedComponent:63 - No mode defined for component null
2024-10-29 16:19:39,602 [WARN] ModelIntegratedComponent:63 - No mode defined for component null
2024-10-29 16:19:39,602 [WARN] ModelIntegratedComponent:63 - No mode defined for component null
2024-10-29 16:19:39,602 [WARN] ModelIntegratedComponent:63 - No mode defined for component null
2024-10-29 16:19:39,602 [WARN] ModelIntegratedComponent:63 - No mode defined for component null
2024-10-29 16:19:39,602 [WARN] ModelIntegratedComponent:63 - No mode defined for component null
2024-10-29 16:19:39,602 [WARN] ModelIntegratedComponent:63 - No mode defined for component null
2024-10-29 16:19:39,602 [WARN] ModelPack:524 - Component already loaded: STMicroelectronics:HAL Drivers:0.0.0:STMicroelectronics:Device:STMicro_Driver:XSPI:HAL::0.0.1:HAL_XSPI
2024-10-29 16:19:39,722 [INFO] ThirdPartyModel:298 - Start build external matchings
2024-10-29 16:19:40,706 [INFO] ThirdPartyModel:316 - End build external matchings
2024-10-29 16:19:40,727 [INFO] RtosManager:919 - Current active RTOS is FREERTOS [Cortex-M3NS]
2024-10-29 16:19:40,729 [INFO] ImportTextPane:205 - (OptionalMessage_ERROR) IP (RCC) : Parameter (ADCFreqValue) has invalid value (36000000)
2024-10-29 16:19:40,729 [INFO] ImportTextPane:205 - (OptionalMessage_ERROR) IP (RCC) : Invalid parameter (FamilyName)
2024-10-29 16:19:40,729 [INFO] ImportTextPane:205 - (OptionalMessage_ERROR) IP (RCC) : Parameter (MCOFreq_Value) has invalid value (72000000)
2024-10-29 16:19:40,729 [INFO] ImportTextPane:205 - (OptionalMessage_ERROR) IP (RCC) : Parameter (USBFreq_Value) has invalid value (72000000)
2024-10-29 16:19:40,948 [INFO] UtilMem:75 - End LoadConfig() Used Memory: 710148528 Bytes (1024458752)
2024-10-29 16:19:40,987 [WARN] ThirdParty:833 - waiting for thirdparty lock release [change project]
2024-10-29 16:19:40,987 [INFO] ThirdParty:835 - entering critical section [change project]
2024-10-29 16:19:40,987 [INFO] ThirdParty:1030 - CMSIS Pack Vendor :STMicroelectronics USBPD 4.1
2024-10-29 16:19:40,987 [INFO] ThirdParty:1030 - CMSIS Pack Vendor :STMicroelectronics X-CUBE-GNSS1 6.0.0
2024-10-29 16:19:40,987 [INFO] ThirdParty:1030 - CMSIS Pack Vendor :STMicroelectronics USB_HOST 2.0.0
2024-10-29 16:19:40,987 [INFO] ThirdParty:1030 - CMSIS Pack Vendor :STMicroelectronics FP-SNS-MOTENVWB1 1.4.0
2024-10-29 16:19:40,987 [INFO] ThirdParty:1030 - CMSIS Pack Vendor :STMicroelectronics X-CUBE-AZRTOS-F4 1.1.0
2024-10-29 16:19:40,987 [INFO] ThirdParty:1030 - CMSIS Pack Vendor :STMicroelectronics LIBJPEG 8.0.0
2024-10-29 16:19:40,987 [INFO] ThirdParty:1030 - CMSIS Pack Vendor :STMicroelectronics X-CUBE-SMBUS 2.1.0
2024-10-29 16:19:40,987 [INFO] ThirdParty:1030 - CMSIS Pack Vendor :STMicroelectronics X-CUBE-WB05N 1.1.0
2024-10-29 16:19:40,987 [INFO] ThirdParty:1030 - CMSIS Pack Vendor :STMicroelectronics X-CUBE-ISPU 2.1.0
2024-10-29 16:19:40,987 [INFO] ThirdParty:1030 - CMSIS Pack Vendor :STMicroelectronics X-CUBE-FREERTOS 1.2.0
2024-10-29 16:19:40,987 [INFO] ThirdParty:1030 - CMSIS Pack Vendor :STMicroelectronics X-CUBE-AZRTOS-F7 1.1.0
2024-10-29 16:19:40,987 [INFO] ThirdParty:1030 - CMSIS Pack Vendor :STMicroelectronics X-CUBE-AZRTOS-L5 2.0.0
2024-10-29 16:19:40,988 [INFO] ThirdParty:1030 - CMSIS Pack Vendor :STMicroelectronics USB_DEVICE 2.0.0
2024-10-29 16:19:40,988 [INFO] ThirdParty:1030 - CMSIS Pack Vendor :STMicroelectronics X-CUBE-MEMS1 9.6.0
2024-10-29 16:19:40,988 [INFO] ThirdParty:1030 - CMSIS Pack Vendor :STMicroelectronics X-CUBE-EEPRMA1 4.2.0
2024-10-29 16:19:40,988 [INFO] ThirdParty:1030 - CMSIS Pack Vendor :STMicroelectronics X-CUBE-NFC6 3.1.0
2024-10-29 16:19:40,988 [INFO] ThirdParty:1030 - CMSIS Pack Vendor :ITTIA_DB I-CUBE-ITTIADB 8.8.0
2024-10-29 16:19:40,988 [INFO] ThirdParty:1030 - CMSIS Pack Vendor :STMicroelectronics FP-SNS-MOTENV1 4.3.2
2024-10-29 16:19:40,988 [INFO] ThirdParty:1030 - CMSIS Pack Vendor :STMicroelectronics X-CUBE-MEMS1 11.0.0
2024-10-29 16:19:40,988 [INFO] ThirdParty:1030 - CMSIS Pack Vendor :STMicroelectronics X-CUBE-BLE1 6.2.4
2024-10-29 16:19:40,988 [INFO] ThirdParty:1030 - CMSIS Pack Vendor :STMicroelectronics FreeRTOS 0.0.1
2024-10-29 16:19:40,988 [INFO] ThirdParty:1030 - CMSIS Pack Vendor :emotas I-CUBE-CANOPEN 1.1.3
2024-10-29 16:19:40,988 [INFO] ThirdParty:1030 - CMSIS Pack Vendor :STMicroelectronics X-CUBE-BLEMGR 2.0.0
2024-10-29 16:19:40,988 [INFO] ThirdParty:1030 - CMSIS Pack Vendor :STMicroelectronics X-CUBE-DPower 1.2.0
2024-10-29 16:19:40,988 [INFO] ThirdParty:1030 - CMSIS Pack Vendor :STMicroelectronics FP-SNS-FLIGHT1 5.0.2
2024-10-29 16:19:40,988 [INFO] ThirdParty:1030 - CMSIS Pack Vendor :STMicroelectronics X-CUBE-AI 9.0.0
2024-10-29 16:19:40,988 [INFO] ThirdParty:1030 - CMSIS Pack Vendor :STMicroelectronics X-CUBE-AZRTOS-H7 3.1.0
2024-10-29 16:19:40,988 [INFO] ThirdParty:1030 - CMSIS Pack Vendor :STMicroelectronics PDM2PCM 3.3.0
2024-10-29 16:19:40,988 [INFO] ThirdParty:1030 - CMSIS Pack Vendor :STMicroelectronics X-CUBE-DISPLAY 3.0.0
2024-10-29 16:19:40,988 [INFO] ThirdParty:1030 - CMSIS Pack Vendor :STMicroelectronics X-CUBE-BLE1 7.0.0
2024-10-29 16:19:40,988 [INFO] ThirdParty:1030 - CMSIS Pack Vendor :STMicroelectronics X-CUBE-NFC10 1.0.0
2024-10-29 16:19:40,988 [INFO] ThirdParty:1030 - CMSIS Pack Vendor :wolfSSL I-CUBE-wolfSSL 5.5.4
2024-10-29 16:19:40,988 [INFO] ThirdParty:1030 - CMSIS Pack Vendor :STMicroelectronics HAL Drivers 0.0.0
2024-10-29 16:19:40,988 [INFO] ThirdParty:1030 - CMSIS Pack Vendor :STMicroelectronics X-CUBE-TOUCHGFX 4.22.0
2024-10-29 16:19:40,988 [INFO] ThirdParty:1030 - CMSIS Pack Vendor :STMicroelectronics X-CUBE-NFC7 1.0.1
2024-10-29 16:19:40,988 [INFO] ThirdParty:1030 - CMSIS Pack Vendor :STMicroelectronics MBEDTLS 2.14.1
2024-10-29 16:19:40,988 [INFO] ThirdParty:1030 - CMSIS Pack Vendor :STMicroelectronics X-CUBE-NFC7 1.0.0
2024-10-29 16:19:40,988 [INFO] ThirdParty:1030 - CMSIS Pack Vendor :STMicroelectronics X-CUBE-TOUCHGFX 4.22.1
2024-10-29 16:19:40,988 [INFO] ThirdParty:1030 - CMSIS Pack Vendor :wolfSSL I-CUBE-wolfTPM 3.2.0
2024-10-29 16:19:40,988 [INFO] ThirdParty:1030 - CMSIS Pack Vendor :STMicroelectronics X-CUBE-NFC6 3.0.0
2024-10-29 16:19:40,988 [INFO] ThirdParty:1030 - CMSIS Pack Vendor :STMicroelectronics X-CUBE-EEPRMA1 4.1.0
2024-10-29 16:19:40,988 [INFO] ThirdParty:1030 - CMSIS Pack Vendor :STMicroelectronics X-CUBE-BLEMGR 3.1.0
2024-10-29 16:19:40,988 [INFO] ThirdParty:1030 - CMSIS Pack Vendor :STMicroelectronics FP-SNS-SMARTAG2 1.2.0
2024-10-29 16:19:40,988 [INFO] ThirdParty:1030 - CMSIS Pack Vendor :STMicroelectronics X-CUBE-AZRTOS-WL 2.0.0
2024-10-29 16:19:40,988 [INFO] ThirdParty:1030 - CMSIS Pack Vendor :STMicroelectronics FP-SNS-MOTENV1 5.0.0
2024-10-29 16:19:40,988 [INFO] ThirdParty:1030 - CMSIS Pack Vendor :STMicroelectronics USB_DEVICE 1.0.0
2024-10-29 16:19:40,988 [INFO] ThirdParty:1030 - CMSIS Pack Vendor :STMicroelectronics X-CUBE-AI 8.1.0
2024-10-29 16:19:40,988 [INFO] ThirdParty:1030 - CMSIS Pack Vendor :wolfSSL I-CUBE-wolfMQTT 1.19.0
2024-10-29 16:19:40,988 [INFO] ThirdParty:1030 - CMSIS Pack Vendor :STMicroelectronics X-CUBE-AZRTOS-L4 2.0.0
2024-10-29 16:19:40,988 [INFO] ThirdParty:1030 - CMSIS Pack Vendor :STMicroelectronics ThreadX 0.0.2
2024-10-29 16:19:40,988 [INFO] ThirdParty:1030 - CMSIS Pack Vendor :WES I-CUBE-Cesium 1.3.0
2024-10-29 16:19:40,988 [INFO] ThirdParty:1030 - CMSIS Pack Vendor :STMicroelectronics lwIP 2.1.2
2024-10-29 16:19:40,988 [INFO] ThirdParty:1030 - CMSIS Pack Vendor :STMicroelectronics X-CUBE-SFXS2LP1 4.0.0
2024-10-29 16:19:40,988 [INFO] ThirdParty:1030 - CMSIS Pack Vendor :STMicroelectronics X-CUBE-BLE2 3.3.0
2024-10-29 16:19:40,988 [INFO] ThirdParty:1030 - CMSIS Pack Vendor :STMicroelectronics X-CUBE-TOF1 3.2.0
2024-10-29 16:19:40,988 [INFO] ThirdParty:1030 - CMSIS Pack Vendor :STMicroelectronics PDM2PCM 3.2.0
2024-10-29 16:19:40,988 [INFO] ThirdParty:1030 - CMSIS Pack Vendor :STMicroelectronics X-CUBE-AZRTOS-H7 3.0.0
2024-10-29 16:19:40,988 [INFO] ThirdParty:1030 - CMSIS Pack Vendor :STMicroelectronics X-CUBE-ISPU 1.1.0
2024-10-29 16:19:40,988 [INFO] ThirdParty:1030 - CMSIS Pack Vendor :STMicroelectronics X-CUBE-AZRTOS-H7 3.3.0
2024-10-29 16:19:40,988 [INFO] ThirdParty:1030 - CMSIS Pack Vendor :RoweBots I-CUBE-UNISONRTOS 5.5.0-4
2024-10-29 16:19:40,988 [INFO] ThirdParty:1030 - CMSIS Pack Vendor :STMicroelectronics X-CUBE-NFC9 1.0.0
2024-10-29 16:19:40,988 [INFO] ThirdParty:1030 - CMSIS Pack Vendor :STMicroelectronics USB_DEVICE 3.0.0
2024-10-29 16:19:40,988 [INFO] ThirdParty:1030 - CMSIS Pack Vendor :STMicroelectronics X-CUBE-TCPP 4.1.0
2024-10-29 16:19:40,988 [INFO] ThirdParty:1030 - CMSIS Pack Vendor :STMicroelectronics X-CUBE-IPS 3.0.0
2024-10-29 16:19:40,988 [INFO] ThirdParty:1030 - CMSIS Pack Vendor :STMicroelectronics X-CUBE-AZRTOS-WB 2.0.0
2024-10-29 16:19:40,988 [INFO] ThirdParty:1030 - CMSIS Pack Vendor :STMicroelectronics X-CUBE-FREERTOS 1.0.1
2024-10-29 16:19:40,988 [INFO] ThirdParty:1030 - CMSIS Pack Vendor :STMicroelectronics X-CUBE-TOUCHGFX 4.21.1
2024-10-29 16:19:40,988 [INFO] ThirdParty:1030 - CMSIS Pack Vendor :STMicroelectronics X-CUBE-GNSS1 7.0.0
2024-10-29 16:19:40,988 [INFO] ThirdParty:1030 - CMSIS Pack Vendor :STMicroelectronics X-CUBE-MEMS1 9.4.0
2024-10-29 16:19:40,988 [INFO] ThirdParty:1030 - CMSIS Pack Vendor :STMicroelectronics X-CUBE-AI 7.3.0
2024-10-29 16:19:40,989 [INFO] ThirdParty:1030 - CMSIS Pack Vendor :STMicroelectronics FP-SNS-STBOX1 2.0.0
2024-10-29 16:19:40,989 [INFO] ThirdParty:1030 - CMSIS Pack Vendor :STMicroelectronics X-CUBE-ALGOBUILD 1.3.0
2024-10-29 16:19:40,989 [INFO] ThirdParty:1030 - CMSIS Pack Vendor :STMicroelectronics X-CUBE-AZRTOS-L5 1.1.0
2024-10-29 16:19:40,989 [INFO] ThirdParty:1030 - CMSIS Pack Vendor :STMicroelectronics X-CUBE-AZRTOS-G0 1.1.0
2024-10-29 16:19:40,989 [INFO] ThirdParty:1030 - CMSIS Pack Vendor :STMicroelectronics X-CUBE-AI 8.0.1
2024-10-29 16:19:40,989 [INFO] ThirdParty:1030 - CMSIS Pack Vendor :STMicroelectronics X-CUBE-SAFEA1 1.2.2
2024-10-29 16:19:40,989 [INFO] ThirdParty:1030 - CMSIS Pack Vendor :STMicroelectronics X-CUBE-NFC4 3.0.0
2024-10-29 16:19:40,989 [INFO] ThirdParty:1030 - CMSIS Pack Vendor :STMicroelectronics X-CUBE-SUBG2 5.0.0
2024-10-29 16:19:40,989 [INFO] ThirdParty:1030 - CMSIS Pack Vendor :STMicroelectronics STM32_WPAN 1.0.0
2024-10-29 16:19:40,989 [INFO] ThirdParty:1030 - CMSIS Pack Vendor :EmbeddedOffice I-CUBE-FS-RTOS 1.0.1
2024-10-29 16:19:40,989 [INFO] ThirdParty:1030 - CMSIS Pack Vendor :STMicroelectronics lwIP 2.0.3
2024-10-29 16:19:40,989 [INFO] ThirdParty:1030 - CMSIS Pack Vendor :Cesanta I-CUBE-Mongoose 7.13.0
2024-10-29 16:19:40,989 [INFO] ThirdParty:1030 - CMSIS Pack Vendor :STMicroelectronics USB_HOST 1.0.0
2024-10-29 16:19:40,989 [INFO] ThirdParty:1030 - CMSIS Pack Vendor :STMicroelectronics X-CUBE-TOF1 3.3.1
2024-10-29 16:19:40,989 [INFO] ThirdParty:1030 - CMSIS Pack Vendor :STMicroelectronics X-CUBE-AZRTOS-G4 2.0.0
2024-10-29 16:19:40,989 [INFO] ThirdParty:1030 - CMSIS Pack Vendor :STMicroelectronics PDM2PCM 3.1.0
2024-10-29 16:19:40,989 [INFO] ThirdParty:1030 - CMSIS Pack Vendor :STMicroelectronics FP-ATR-ASTRA1 1.1.1
2024-10-29 16:19:40,989 [INFO] ThirdParty:1030 - CMSIS Pack Vendor :Infineon AIROC-Wi-Fi-Bluetooth-STM32 1.5.1
2024-10-29 16:19:40,989 [INFO] ThirdParty:1030 - CMSIS Pack Vendor :STMicroelectronics X-CUBE-BLEMGR 3.0.0
2024-10-29 16:19:40,989 [INFO] ThirdParty:1030 - CMSIS Pack Vendor :STMicroelectronics X-CUBE-BLEMGR 1.3.0
2024-10-29 16:19:40,989 [INFO] ThirdParty:1030 - CMSIS Pack Vendor :STMicroelectronics FP-SNS-MOTENVWB1 1.3.0
2024-10-29 16:19:40,989 [INFO] ThirdParty:1030 - CMSIS Pack Vendor :RealThread X-CUBE-RT-Thread_Nano 4.1.1
2024-10-29 16:19:40,989 [INFO] ThirdParty:1030 - CMSIS Pack Vendor :STMicroelectronics FP-SNS-MOTENVWB1 1.3.1
2024-10-29 16:19:40,989 [INFO] ThirdParty:1030 - CMSIS Pack Vendor :STMicroelectronics FP-ATR-SIGFOX1 3.2.0
2024-10-29 16:19:40,989 [INFO] ThirdParty:1030 - CMSIS Pack Vendor :STMicroelectronics X-CUBE-AZRTOS-G4 1.0.0
2024-10-29 16:19:40,989 [INFO] ThirdParty:1030 - CMSIS Pack Vendor :STMicroelectronics X-CUBE-AZRTOS-L4 1.0.0
2024-10-29 16:19:40,989 [INFO] ThirdParty:1030 - CMSIS Pack Vendor :STMicroelectronics X-CUBE-ISPU 2.0.0
2024-10-29 16:19:40,989 [INFO] ThirdParty:1030 - CMSIS Pack Vendor :STMicroelectronics X-CUBE-EEPRMA1 5.1.0
2024-10-29 16:19:40,989 [INFO] ThirdParty:1030 - CMSIS Pack Vendor :STMicroelectronics MBEDTLS 2.16.2
2024-10-29 16:19:40,989 [INFO] ThirdParty:1030 - CMSIS Pack Vendor :STMicroelectronics X-CUBE-ALS 1.0.2
2024-10-29 16:19:40,989 [INFO] ThirdParty:1030 - CMSIS Pack Vendor :STMicroelectronics X-CUBE-MEMS1 10.0.0
2024-10-29 16:19:40,989 [INFO] ThirdParty:1030 - CMSIS Pack Vendor :STMicroelectronics X-CUBE-FREERTOS 1.1.0
2024-10-29 16:19:40,989 [INFO] ThirdParty:1030 - CMSIS Pack Vendor :STMicroelectronics X-CUBE-TOUCHGFX 4.24.0
2024-10-29 16:19:40,989 [INFO] ThirdParty:1030 - CMSIS Pack Vendor :STMicroelectronics X-CUBE-AZRTOS-WL 1.0.0
2024-10-29 16:19:40,989 [INFO] ThirdParty:1030 - CMSIS Pack Vendor :STMicroelectronics X-CUBE-TOUCHGFX 4.24.1
2024-10-29 16:19:40,989 [INFO] ThirdParty:1030 - CMSIS Pack Vendor :portGmbH I-Cube-SoM-uGOAL 1.1.0
2024-10-29 16:19:40,989 [INFO] ThirdParty:1030 - CMSIS Pack Vendor :STMicroelectronics X-CUBE-ALS 1.0.1
2024-10-29 16:19:40,989 [INFO] ThirdParty:1030 - CMSIS Pack Vendor :STMicroelectronics X-CUBE-MEMS1 9.5.0
2024-10-29 16:19:40,989 [INFO] ThirdParty:1030 - CMSIS Pack Vendor :STMicroelectronics ThreadX 1.0.0
2024-10-29 16:19:40,989 [INFO] ThirdParty:1030 - CMSIS Pack Vendor :STMicroelectronics X-CUBE-AZRTOS-WB 1.1.0
2024-10-29 16:19:40,989 [INFO] ThirdParty:1030 - CMSIS Pack Vendor :SEGGER I-CUBE-embOS 1.3.1
2024-10-29 16:19:40,989 [INFO] ThirdParty:1030 - CMSIS Pack Vendor :STMicroelectronics X-CUBE-ALGOBUILD 1.4.0
2024-10-29 16:19:40,989 [INFO] ThirdParty:1030 - CMSIS Pack Vendor :STMicroelectronics X-CUBE-AZRTOS-H7RS 1.0.0
2024-10-29 16:19:40,989 [INFO] ThirdParty:1030 - CMSIS Pack Vendor :STMicroelectronics FP-ATR-ASTRA1 2.0.0
2024-10-29 16:19:40,989 [INFO] ThirdParty:1030 - CMSIS Pack Vendor :STMicroelectronics X-CUBE-TOF1 3.4.2
2024-10-29 16:19:40,989 [INFO] ThirdParty:1030 - CMSIS Pack Vendor :STMicroelectronics X-CUBE-AI 9.1.0
2024-10-29 16:19:40,989 [INFO] ThirdParty:1030 - CMSIS Pack Vendor :STMicroelectronics X-CUBE-TOF1 3.4.0
2024-10-29 16:19:40,989 [INFO] ThirdParty:1030 - CMSIS Pack Vendor :wolfSSL I-CUBE-wolfSSH 1.4.17
2024-10-29 16:19:40,989 [INFO] ThirdParty:841 - exiting critical section [change project]
2024-10-29 16:19:41,069 [INFO] PinOutPanel:1561 - setPackage(No Configuration,No Configuration)
2024-10-29 16:19:41,070 [INFO] PinOutPanel:1561 - setPackage(STM32F103ZETx,LQFP144)
2024-10-29 16:19:41,229 [INFO] UtilMem:75 - Before build in PCC Used Memory: 398724384 Bytes (1024458752)
2024-10-29 16:19:41,359 [INFO] UtilMem:75 - After build in PCC Used Memory: 387349672 Bytes (1024458752)
2024-10-29 16:19:41,396 [INFO] ApiDbMcu:508 - Load IP Config File for FREERTOS
2024-10-29 16:19:41,407 [INFO] IPUIPlugin:80 - create IPUIPlugin
2024-10-29 16:19:41,407 [INFO] IPUIPlugin:80 - create IPUIPlugin
2024-10-29 16:19:41,407 [INFO] IPUIPlugin:80 - create IPUIPlugin
2024-10-29 16:19:41,407 [INFO] IPUIPlugin:80 - create IPUIPlugin
2024-10-29 16:19:41,407 [INFO] IPUIPlugin:80 - create IPUIPlugin
2024-10-29 16:19:41,407 [INFO] IPUIPlugin:80 - create IPUIPlugin
2024-10-29 16:19:41,408 [INFO] IPUIPlugin:80 - create IPUIPlugin
2024-10-29 16:19:41,408 [INFO] IPUIPlugin:80 - create IPUIPlugin
2024-10-29 16:19:41,408 [INFO] IPUIPlugin:80 - create IPUIPlugin
2024-10-29 16:19:41,408 [INFO] IPUIPlugin:80 - create IPUIPlugin
2024-10-29 16:19:41,408 [INFO] IPUIPlugin:80 - create IPUIPlugin
2024-10-29 16:19:41,408 [INFO] IPUIPlugin:80 - create IPUIPlugin
2024-10-29 16:19:41,408 [INFO] IPUIPlugin:80 - create IPUIPlugin
2024-10-29 16:19:41,408 [INFO] IPUIPlugin:80 - create IPUIPlugin
2024-10-29 16:19:41,408 [INFO] IPUIPlugin:80 - create IPUIPlugin
2024-10-29 16:19:41,408 [INFO] IPUIPlugin:80 - create IPUIPlugin
2024-10-29 16:19:41,408 [INFO] IPUIPlugin:80 - create IPUIPlugin
2024-10-29 16:19:41,408 [INFO] IPUIPlugin:80 - create IPUIPlugin
2024-10-29 16:19:41,408 [INFO] IPUIPlugin:80 - create IPUIPlugin
2024-10-29 16:19:41,408 [INFO] IPUIPlugin:80 - create IPUIPlugin
2024-10-29 16:19:41,408 [INFO] IPUIPlugin:80 - create IPUIPlugin
2024-10-29 16:19:41,408 [INFO] IPUIPlugin:80 - create IPUIPlugin
2024-10-29 16:19:41,408 [INFO] IPUIPlugin:80 - create IPUIPlugin
2024-10-29 16:19:41,409 [INFO] IPUIPlugin:80 - create IPUIPlugin
2024-10-29 16:19:41,409 [INFO] IPUIPlugin:80 - create IPUIPlugin
2024-10-29 16:19:41,409 [INFO] IPUIPlugin:80 - create IPUIPlugin
2024-10-29 16:19:41,409 [INFO] IPUIPlugin:80 - create IPUIPlugin
2024-10-29 16:19:41,409 [INFO] IPUIPlugin:80 - create IPUIPlugin
2024-10-29 16:19:41,409 [INFO] IPUIPlugin:80 - create IPUIPlugin
2024-10-29 16:19:41,409 [INFO] IPUIPlugin:80 - create IPUIPlugin
2024-10-29 16:19:41,409 [INFO] IPUIPlugin:80 - create IPUIPlugin
2024-10-29 16:19:41,409 [INFO] IPUIPlugin:80 - create IPUIPlugin
2024-10-29 16:19:41,409 [INFO] IPUIPlugin:80 - create IPUIPlugin
2024-10-29 16:19:41,409 [INFO] IPUIPlugin:80 - create IPUIPlugin
2024-10-29 16:19:41,409 [INFO] IPUIPlugin:80 - create IPUIPlugin
2024-10-29 16:19:41,410 [INFO] IPUIPlugin:80 - create IPUIPlugin
2024-10-29 16:19:41,410 [INFO] IPUIPlugin:80 - create IPUIPlugin
2024-10-29 16:19:41,410 [INFO] IPUIPlugin:80 - create IPUIPlugin
2024-10-29 16:19:41,410 [INFO] IPUIPlugin:80 - create IPUIPlugin
2024-10-29 16:19:41,410 [INFO] IPUIPlugin:80 - create IPUIPlugin
2024-10-29 16:19:41,414 [WARN] FreeRTOS:1023 - Null or empty value: should not occur! (nothing added to the table)
2024-10-29 16:19:41,458 [INFO] CADModel:165 - CPN selected for project levelSTM32F103ZET6
2024-10-29 16:19:41,458 [INFO] CADModel:114 - Register for checkConnection events
2024-10-29 16:19:41,460 [INFO] RtosManager:697 - Active RTOS found at IOC load: FREERTOS [Cortex-M3NS]
2024-10-29 16:19:41,513 [INFO] OpenFileManager:363 - Restore cursor
2024-10-29 16:20:45,920 [INFO] UtilMem:75 - End SaveConfig() Used Memory: 385280824 Bytes (1044381696)
2024-10-29 16:20:46,498 [INFO] UtilMem:75 - End SaveConfig() Used Memory: 439166568 Bytes (1044381696)
2024-10-29 16:20:46,626 [INFO] BlockDiagram:2766 - set Specific Code input for plugin: NVIC
2024-10-29 16:20:46,626 [INFO] BlockDiagram:2766 - set Specific Code input for plugin: FREERTOS
2024-10-29 16:20:46,626 [INFO] BlockDiagram:2766 - set Specific Code input for plugin: USART
2024-10-29 16:20:46,626 [INFO] BlockDiagram:2766 - set Specific Code input for plugin: USART
2024-10-29 16:20:46,626 [INFO] BlockDiagram:2766 - set Specific Code input for plugin: TIM1_8F1
2024-10-29 16:20:46,626 [INFO] BlockDiagram:2766 - set Specific Code input for plugin: SYS
2024-10-29 16:20:46,626 [INFO] BlockDiagram:2766 - set Specific Code input for plugin: GPIO
2024-10-29 16:20:46,626 [INFO] BlockDiagram:2766 - set Specific Code input for plugin: RCC
2024-10-29 16:20:46,627 [INFO] CodeGenerator:807 - code generatio: config db path: D:\software\STM32CubeIDE_1.16.1\STM32CubeIDE\plugins\com.st.stm32cube.common.mx_6.12.1.202409122256\\db\
2024-10-29 16:20:46,691 [INFO] CodeEngine:255 - oldGeneratedFile, D:\thor_work\2024\MyDemo\day0\untitled\MXTmpFiles\license.tmp_save
2024-10-29 16:20:46,772 [INFO] CodeEngine:279 - Generated code: D:\thor_work\2024\MyDemo\day0\untitled\MXTmpFiles\license.tmp
2024-10-29 16:20:46,804 [INFO] CodeEngine:255 - oldGeneratedFile, D:\thor_work\2024\MyDemo\day0\untitled\MXTmpFiles\gpio.tmp_save
2024-10-29 16:20:46,850 [INFO] CodeEngine:279 - Generated code: D:\thor_work\2024\MyDemo\day0\untitled\MXTmpFiles\gpio.tmp
2024-10-29 16:20:46,962 [INFO] Middleware:1439 - No code input for Bsp Dependency
2024-10-29 16:20:46,969 [INFO] CodeEngine:255 - oldGeneratedFile, D:\thor_work\2024\MyDemo\day0\untitled\MXTmpFiles\rtos_inc.tmp_save
2024-10-29 16:20:47,005 [INFO] CodeEngine:279 - Generated code: D:\thor_work\2024\MyDemo\day0\untitled\MXTmpFiles\rtos_inc.tmp
2024-10-29 16:20:47,009 [INFO] CodeEngine:255 - oldGeneratedFile, D:\thor_work\2024\MyDemo\day0\untitled\MXTmpFiles\rtos_kernelInit.tmp_save
2024-10-29 16:20:47,047 [INFO] CodeEngine:279 - Generated code: D:\thor_work\2024\MyDemo\day0\untitled\MXTmpFiles\rtos_kernelInit.tmp
2024-10-29 16:20:47,051 [INFO] CodeEngine:255 - oldGeneratedFile, D:\thor_work\2024\MyDemo\day0\untitled\MXTmpFiles\rtos_kernelStart.tmp_save
2024-10-29 16:20:47,086 [INFO] CodeEngine:279 - Generated code: D:\thor_work\2024\MyDemo\day0\untitled\MXTmpFiles\rtos_kernelStart.tmp
2024-10-29 16:20:47,093 [INFO] CodeEngine:255 - oldGeneratedFile, D:\thor_work\2024\MyDemo\day0\untitled\MXTmpFiles\rtos_typedefs.tmp_save
2024-10-29 16:20:47,128 [INFO] CodeEngine:279 - Generated code: D:\thor_work\2024\MyDemo\day0\untitled\MXTmpFiles\rtos_typedefs.tmp
2024-10-29 16:20:47,133 [INFO] CodeEngine:255 - oldGeneratedFile, D:\thor_work\2024\MyDemo\day0\untitled\MXTmpFiles\rtos_vars.tmp_save
2024-10-29 16:20:47,169 [INFO] CodeEngine:279 - Generated code: D:\thor_work\2024\MyDemo\day0\untitled\MXTmpFiles\rtos_vars.tmp
2024-10-29 16:20:47,174 [INFO] CodeEngine:255 - oldGeneratedFile, D:\thor_work\2024\MyDemo\day0\untitled\MXTmpFiles\rtos_pfp.tmp_save
2024-10-29 16:20:47,208 [INFO] CodeEngine:279 - Generated code: D:\thor_work\2024\MyDemo\day0\untitled\MXTmpFiles\rtos_pfp.tmp
2024-10-29 16:20:47,213 [INFO] CodeEngine:255 - oldGeneratedFile, D:\thor_work\2024\MyDemo\day0\untitled\MXTmpFiles\rtos_obj_creat.tmp_save
2024-10-29 16:20:47,250 [INFO] CodeEngine:279 - Generated code: D:\thor_work\2024\MyDemo\day0\untitled\MXTmpFiles\rtos_obj_creat.tmp
2024-10-29 16:20:47,256 [INFO] CodeEngine:255 - oldGeneratedFile, D:\thor_work\2024\MyDemo\day0\untitled\MXTmpFiles\rtos_default_thread.tmp_save
2024-10-29 16:20:47,290 [INFO] CodeEngine:279 - Generated code: D:\thor_work\2024\MyDemo\day0\untitled\MXTmpFiles\rtos_default_thread.tmp
2024-10-29 16:20:47,295 [INFO] CodeEngine:255 - oldGeneratedFile, D:\thor_work\2024\MyDemo\day0\untitled\MXTmpFiles\rtos_threads.tmp_save
2024-10-29 16:20:47,330 [INFO] CodeEngine:279 - Generated code: D:\thor_work\2024\MyDemo\day0\untitled\MXTmpFiles\rtos_threads.tmp
2024-10-29 16:20:47,347 [INFO] Middleware:1439 - No code input for Bsp Dependency
2024-10-29 16:20:47,356 [INFO] CodeEngine:255 - oldGeneratedFile, D:\thor_work\2024\MyDemo\day0\untitled\MXTmpFiles\rtos_inc.tmp_save
2024-10-29 16:20:47,390 [INFO] CodeEngine:279 - Generated code: D:\thor_work\2024\MyDemo\day0\untitled\MXTmpFiles\rtos_inc.tmp
2024-10-29 16:20:47,397 [INFO] CodeEngine:255 - oldGeneratedFile, D:\thor_work\2024\MyDemo\day0\untitled\MXTmpFiles\rtos_kernelInit.tmp_save
2024-10-29 16:20:47,431 [INFO] CodeEngine:279 - Generated code: D:\thor_work\2024\MyDemo\day0\untitled\MXTmpFiles\rtos_kernelInit.tmp
2024-10-29 16:20:47,436 [INFO] CodeEngine:255 - oldGeneratedFile, D:\thor_work\2024\MyDemo\day0\untitled\MXTmpFiles\rtos_kernelStart.tmp_save
2024-10-29 16:20:47,470 [INFO] CodeEngine:279 - Generated code: D:\thor_work\2024\MyDemo\day0\untitled\MXTmpFiles\rtos_kernelStart.tmp
2024-10-29 16:20:47,477 [INFO] CodeEngine:255 - oldGeneratedFile, D:\thor_work\2024\MyDemo\day0\untitled\MXTmpFiles\rtos_typedefs.tmp_save
2024-10-29 16:20:47,510 [INFO] CodeEngine:279 - Generated code: D:\thor_work\2024\MyDemo\day0\untitled\MXTmpFiles\rtos_typedefs.tmp
2024-10-29 16:20:47,517 [INFO] CodeEngine:255 - oldGeneratedFile, D:\thor_work\2024\MyDemo\day0\untitled\MXTmpFiles\rtos_vars.tmp_save
2024-10-29 16:20:47,552 [INFO] CodeEngine:279 - Generated code: D:\thor_work\2024\MyDemo\day0\untitled\MXTmpFiles\rtos_vars.tmp
2024-10-29 16:20:47,559 [INFO] CodeEngine:255 - oldGeneratedFile, D:\thor_work\2024\MyDemo\day0\untitled\MXTmpFiles\rtos_pfp.tmp_save
2024-10-29 16:20:47,593 [INFO] CodeEngine:279 - Generated code: D:\thor_work\2024\MyDemo\day0\untitled\MXTmpFiles\rtos_pfp.tmp
2024-10-29 16:20:47,600 [INFO] CodeEngine:255 - oldGeneratedFile, D:\thor_work\2024\MyDemo\day0\untitled\MXTmpFiles\rtos_obj_creat.tmp_save
2024-10-29 16:20:47,637 [INFO] CodeEngine:279 - Generated code: D:\thor_work\2024\MyDemo\day0\untitled\MXTmpFiles\rtos_obj_creat.tmp
2024-10-29 16:20:47,645 [INFO] CodeEngine:255 - oldGeneratedFile, D:\thor_work\2024\MyDemo\day0\untitled\MXTmpFiles\rtos_default_thread.tmp_save
2024-10-29 16:20:47,679 [INFO] CodeEngine:279 - Generated code: D:\thor_work\2024\MyDemo\day0\untitled\MXTmpFiles\rtos_default_thread.tmp
2024-10-29 16:20:47,686 [INFO] CodeEngine:255 - oldGeneratedFile, D:\thor_work\2024\MyDemo\day0\untitled\MXTmpFiles\rtos_threads.tmp_save
2024-10-29 16:20:47,721 [INFO] CodeEngine:279 - Generated code: D:\thor_work\2024\MyDemo\day0\untitled\MXTmpFiles\rtos_threads.tmp
2024-10-29 16:20:47,729 [INFO] CodeEngine:255 - oldGeneratedFile, D:\thor_work\2024\MyDemo\day0\untitled\Core\Inc\FreeRTOSConfig.h_save
2024-10-29 16:20:47,777 [INFO] CodeEngine:279 - Generated code: D:\thor_work\2024\MyDemo\day0\untitled\Core\Inc\FreeRTOSConfig.h
2024-10-29 16:20:47,785 [INFO] CodeEngine:255 - oldGeneratedFile, D:\thor_work\2024\MyDemo\day0\untitled\Core\Src\freertos.c_save
2024-10-29 16:20:47,825 [INFO] CodeEngine:279 - Generated code: D:\thor_work\2024\MyDemo\day0\untitled\Core\Src\freertos.c
2024-10-29 16:20:47,842 [INFO] CodeEngine:255 - oldGeneratedFile, D:\thor_work\2024\MyDemo\day0\untitled\Core\Src\stm32f1xx_it.c_save
2024-10-29 16:20:47,934 [INFO] CodeEngine:279 - Generated code: D:\thor_work\2024\MyDemo\day0\untitled\Core\Src\stm32f1xx_it.c
2024-10-29 16:20:47,942 [INFO] CodeEngine:255 - oldGeneratedFile, D:\thor_work\2024\MyDemo\day0\untitled\Core\Inc\stm32f1xx_it.h_save
2024-10-29 16:20:47,979 [INFO] CodeEngine:279 - Generated code: D:\thor_work\2024\MyDemo\day0\untitled\Core\Inc\stm32f1xx_it.h
2024-10-29 16:20:47,995 [INFO] CodeEngine:255 - oldGeneratedFile, D:\thor_work\2024\MyDemo\day0\untitled\Core\Src\stm32f1xx_hal_msp.c_save
2024-10-29 16:20:48,054 [INFO] CodeEngine:279 - Generated code: D:\thor_work\2024\MyDemo\day0\untitled\Core\Src\stm32f1xx_hal_msp.c
2024-10-29 16:20:48,060 [INFO] CodeEngine:255 - oldGeneratedFile, D:\thor_work\2024\MyDemo\day0\untitled\MXTmpFiles\system.tmp_save
2024-10-29 16:20:48,091 [INFO] CodeEngine:279 - Generated code: D:\thor_work\2024\MyDemo\day0\untitled\MXTmpFiles\system.tmp
2024-10-29 16:20:48,100 [INFO] CodeEngine:255 - oldGeneratedFile, D:\thor_work\2024\MyDemo\day0\untitled\Core\Src\stm32f1xx_hal_timebase_tim.c_save
2024-10-29 16:20:48,138 [INFO] CodeEngine:279 - Generated code: D:\thor_work\2024\MyDemo\day0\untitled\Core\Src\stm32f1xx_hal_timebase_tim.c
2024-10-29 16:20:48,151 [INFO] CodeEngine:311 - oldGeneratedFile, D:\thor_work\2024\MyDemo\day0\untitled\Core\Inc\stm32f1xx_hal_conf.h_save
2024-10-29 16:20:48,192 [INFO] CodeEngine:335 - Generated code: D:\thor_work\2024\MyDemo\day0\untitled\Core\Inc\stm32f1xx_hal_conf.h
2024-10-29 16:20:48,206 [WARN] IPConfigManager:3554 - IP not found : TIM
2024-10-29 16:20:48,207 [WARN] CodeGenerator:4002 - IP not found : null
2024-10-29 16:20:48,216 [INFO] CodeEngine:255 - oldGeneratedFile, D:\thor_work\2024\MyDemo\day0\untitled\Core\Inc\main.h_save
2024-10-29 16:20:48,265 [INFO] CodeEngine:279 - Generated code: D:\thor_work\2024\MyDemo\day0\untitled\Core\Inc\main.h
2024-10-29 16:20:48,273 [INFO] CodeEngine:255 - oldGeneratedFile, D:\thor_work\2024\MyDemo\day0\untitled\Core\Src\main.c_save
2024-10-29 16:20:48,377 [INFO] CodeEngine:279 - Generated code: D:\thor_work\2024\MyDemo\day0\untitled\Core\Src\main.c
2024-10-29 16:20:49,441 [INFO] ProjectBuilder:3249 - Time for Copy HAL[1] : 951mS.
2024-10-29 16:20:49,452 [INFO] ProjectBuilder:4828 - Project Generator version: 4.5.0-B34
2024-10-29 16:20:49,501 [INFO] ConfigFileManager:1531 - The Die is : DIE414
2024-10-29 16:20:49,506 [INFO] ApiDbMcu:508 - Load IP Config File for FATFS
2024-10-29 16:20:49,516 [INFO] ApiDbMcu:508 - Load IP Config File for USB_DEVICE
2024-10-29 16:20:50,526 [INFO] ProjectBuilder:5097 - Time for Generating toolchain IDE Files: 1074mS.
2024-10-29 16:20:50,527 [INFO] ProjectBuilder:3107 - Time for Copy CMSIS : 1mS.
2024-10-29 16:20:50,566 [INFO] ProjectBuilder:3107 - Time for Copy CMSIS : 0mS.
2024-10-29 16:22:33,302 [INFO] UtilMem:75 - End SaveConfig() Used Memory: 789476976 Bytes (1044381696)
2024-10-29 16:22:33,849 [INFO] UtilMem:75 - End SaveConfig() Used Memory: 834796024 Bytes (1044381696)
2024-10-29 16:22:33,987 [INFO] BlockDiagram:2766 - set Specific Code input for plugin: NVIC
2024-10-29 16:22:33,987 [INFO] BlockDiagram:2766 - set Specific Code input for plugin: FREERTOS
2024-10-29 16:22:33,988 [INFO] BlockDiagram:2766 - set Specific Code input for plugin: USART
2024-10-29 16:22:33,988 [INFO] BlockDiagram:2766 - set Specific Code input for plugin: USART
2024-10-29 16:22:33,988 [INFO] BlockDiagram:2766 - set Specific Code input for plugin: TIM1_8F1
2024-10-29 16:22:33,988 [INFO] BlockDiagram:2766 - set Specific Code input for plugin: SYS
2024-10-29 16:22:33,988 [INFO] BlockDiagram:2766 - set Specific Code input for plugin: GPIO
2024-10-29 16:22:33,988 [INFO] BlockDiagram:2766 - set Specific Code input for plugin: RCC
2024-10-29 16:22:33,988 [INFO] CodeGenerator:807 - code generatio: config db path: D:\software\STM32CubeIDE_1.16.1\STM32CubeIDE\plugins\com.st.stm32cube.common.mx_6.12.1.202409122256\\db\
2024-10-29 16:22:34,053 [INFO] CodeEngine:255 - oldGeneratedFile, D:\thor_work\2024\MyDemo\day0\untitled\MXTmpFiles\license.tmp_save
2024-10-29 16:22:34,100 [INFO] CodeEngine:279 - Generated code: D:\thor_work\2024\MyDemo\day0\untitled\MXTmpFiles\license.tmp
2024-10-29 16:22:34,119 [INFO] CodeEngine:255 - oldGeneratedFile, D:\thor_work\2024\MyDemo\day0\untitled\MXTmpFiles\gpio.tmp_save
2024-10-29 16:22:34,156 [INFO] CodeEngine:279 - Generated code: D:\thor_work\2024\MyDemo\day0\untitled\MXTmpFiles\gpio.tmp
2024-10-29 16:22:34,273 [INFO] Middleware:1439 - No code input for Bsp Dependency
2024-10-29 16:22:34,280 [INFO] CodeEngine:255 - oldGeneratedFile, D:\thor_work\2024\MyDemo\day0\untitled\MXTmpFiles\rtos_inc.tmp_save
2024-10-29 16:22:34,313 [INFO] CodeEngine:279 - Generated code: D:\thor_work\2024\MyDemo\day0\untitled\MXTmpFiles\rtos_inc.tmp
2024-10-29 16:22:34,317 [INFO] CodeEngine:255 - oldGeneratedFile, D:\thor_work\2024\MyDemo\day0\untitled\MXTmpFiles\rtos_kernelInit.tmp_save
2024-10-29 16:22:34,350 [INFO] CodeEngine:279 - Generated code: D:\thor_work\2024\MyDemo\day0\untitled\MXTmpFiles\rtos_kernelInit.tmp
2024-10-29 16:22:34,354 [INFO] CodeEngine:255 - oldGeneratedFile, D:\thor_work\2024\MyDemo\day0\untitled\MXTmpFiles\rtos_kernelStart.tmp_save
2024-10-29 16:22:34,388 [INFO] CodeEngine:279 - Generated code: D:\thor_work\2024\MyDemo\day0\untitled\MXTmpFiles\rtos_kernelStart.tmp
2024-10-29 16:22:34,393 [INFO] CodeEngine:255 - oldGeneratedFile, D:\thor_work\2024\MyDemo\day0\untitled\MXTmpFiles\rtos_typedefs.tmp_save
2024-10-29 16:22:34,429 [INFO] CodeEngine:279 - Generated code: D:\thor_work\2024\MyDemo\day0\untitled\MXTmpFiles\rtos_typedefs.tmp
2024-10-29 16:22:34,433 [INFO] CodeEngine:255 - oldGeneratedFile, D:\thor_work\2024\MyDemo\day0\untitled\MXTmpFiles\rtos_vars.tmp_save
2024-10-29 16:22:34,469 [INFO] CodeEngine:279 - Generated code: D:\thor_work\2024\MyDemo\day0\untitled\MXTmpFiles\rtos_vars.tmp
2024-10-29 16:22:34,475 [INFO] CodeEngine:255 - oldGeneratedFile, D:\thor_work\2024\MyDemo\day0\untitled\MXTmpFiles\rtos_pfp.tmp_save
2024-10-29 16:22:34,509 [INFO] CodeEngine:279 - Generated code: D:\thor_work\2024\MyDemo\day0\untitled\MXTmpFiles\rtos_pfp.tmp
2024-10-29 16:22:34,514 [INFO] CodeEngine:255 - oldGeneratedFile, D:\thor_work\2024\MyDemo\day0\untitled\MXTmpFiles\rtos_obj_creat.tmp_save
2024-10-29 16:22:34,549 [INFO] CodeEngine:279 - Generated code: D:\thor_work\2024\MyDemo\day0\untitled\MXTmpFiles\rtos_obj_creat.tmp
2024-10-29 16:22:34,554 [INFO] CodeEngine:255 - oldGeneratedFile, D:\thor_work\2024\MyDemo\day0\untitled\MXTmpFiles\rtos_default_thread.tmp_save
2024-10-29 16:22:34,589 [INFO] CodeEngine:279 - Generated code: D:\thor_work\2024\MyDemo\day0\untitled\MXTmpFiles\rtos_default_thread.tmp
2024-10-29 16:22:34,594 [INFO] CodeEngine:255 - oldGeneratedFile, D:\thor_work\2024\MyDemo\day0\untitled\MXTmpFiles\rtos_threads.tmp_save
2024-10-29 16:22:34,628 [INFO] CodeEngine:279 - Generated code: D:\thor_work\2024\MyDemo\day0\untitled\MXTmpFiles\rtos_threads.tmp
2024-10-29 16:22:34,647 [INFO] Middleware:1439 - No code input for Bsp Dependency
2024-10-29 16:22:34,656 [INFO] CodeEngine:255 - oldGeneratedFile, D:\thor_work\2024\MyDemo\day0\untitled\MXTmpFiles\rtos_inc.tmp_save
2024-10-29 16:22:34,703 [INFO] CodeEngine:279 - Generated code: D:\thor_work\2024\MyDemo\day0\untitled\MXTmpFiles\rtos_inc.tmp
2024-10-29 16:22:34,709 [INFO] CodeEngine:255 - oldGeneratedFile, D:\thor_work\2024\MyDemo\day0\untitled\MXTmpFiles\rtos_kernelInit.tmp_save
2024-10-29 16:22:34,746 [INFO] CodeEngine:279 - Generated code: D:\thor_work\2024\MyDemo\day0\untitled\MXTmpFiles\rtos_kernelInit.tmp
2024-10-29 16:22:34,751 [INFO] CodeEngine:255 - oldGeneratedFile, D:\thor_work\2024\MyDemo\day0\untitled\MXTmpFiles\rtos_kernelStart.tmp_save
2024-10-29 16:22:34,786 [INFO] CodeEngine:279 - Generated code: D:\thor_work\2024\MyDemo\day0\untitled\MXTmpFiles\rtos_kernelStart.tmp
2024-10-29 16:22:34,793 [INFO] CodeEngine:255 - oldGeneratedFile, D:\thor_work\2024\MyDemo\day0\untitled\MXTmpFiles\rtos_typedefs.tmp_save
2024-10-29 16:22:34,829 [INFO] CodeEngine:279 - Generated code: D:\thor_work\2024\MyDemo\day0\untitled\MXTmpFiles\rtos_typedefs.tmp
2024-10-29 16:22:34,836 [INFO] CodeEngine:255 - oldGeneratedFile, D:\thor_work\2024\MyDemo\day0\untitled\MXTmpFiles\rtos_vars.tmp_save
2024-10-29 16:22:34,873 [INFO] CodeEngine:279 - Generated code: D:\thor_work\2024\MyDemo\day0\untitled\MXTmpFiles\rtos_vars.tmp
2024-10-29 16:22:34,880 [INFO] CodeEngine:255 - oldGeneratedFile, D:\thor_work\2024\MyDemo\day0\untitled\MXTmpFiles\rtos_pfp.tmp_save
2024-10-29 16:22:34,914 [INFO] CodeEngine:279 - Generated code: D:\thor_work\2024\MyDemo\day0\untitled\MXTmpFiles\rtos_pfp.tmp
2024-10-29 16:22:34,921 [INFO] CodeEngine:255 - oldGeneratedFile, D:\thor_work\2024\MyDemo\day0\untitled\MXTmpFiles\rtos_obj_creat.tmp_save
2024-10-29 16:22:34,961 [INFO] CodeEngine:279 - Generated code: D:\thor_work\2024\MyDemo\day0\untitled\MXTmpFiles\rtos_obj_creat.tmp
2024-10-29 16:22:34,969 [INFO] CodeEngine:255 - oldGeneratedFile, D:\thor_work\2024\MyDemo\day0\untitled\MXTmpFiles\rtos_default_thread.tmp_save
2024-10-29 16:22:35,004 [INFO] CodeEngine:279 - Generated code: D:\thor_work\2024\MyDemo\day0\untitled\MXTmpFiles\rtos_default_thread.tmp
2024-10-29 16:22:35,011 [INFO] CodeEngine:255 - oldGeneratedFile, D:\thor_work\2024\MyDemo\day0\untitled\MXTmpFiles\rtos_threads.tmp_save
2024-10-29 16:22:35,047 [INFO] CodeEngine:279 - Generated code: D:\thor_work\2024\MyDemo\day0\untitled\MXTmpFiles\rtos_threads.tmp
2024-10-29 16:22:35,054 [INFO] CodeEngine:255 - oldGeneratedFile, D:\thor_work\2024\MyDemo\day0\untitled\Core\Inc\FreeRTOSConfig.h_save
2024-10-29 16:22:35,111 [INFO] CodeEngine:279 - Generated code: D:\thor_work\2024\MyDemo\day0\untitled\Core\Inc\FreeRTOSConfig.h
2024-10-29 16:22:35,119 [INFO] CodeEngine:255 - oldGeneratedFile, D:\thor_work\2024\MyDemo\day0\untitled\Core\Src\freertos.c_save
2024-10-29 16:22:35,162 [INFO] CodeEngine:279 - Generated code: D:\thor_work\2024\MyDemo\day0\untitled\Core\Src\freertos.c
2024-10-29 16:22:35,179 [INFO] CodeEngine:255 - oldGeneratedFile, D:\thor_work\2024\MyDemo\day0\untitled\Core\Src\stm32f1xx_it.c_save
2024-10-29 16:22:35,233 [INFO] CodeEngine:279 - Generated code: D:\thor_work\2024\MyDemo\day0\untitled\Core\Src\stm32f1xx_it.c
2024-10-29 16:22:35,241 [INFO] CodeEngine:255 - oldGeneratedFile, D:\thor_work\2024\MyDemo\day0\untitled\Core\Inc\stm32f1xx_it.h_save
2024-10-29 16:22:35,279 [INFO] CodeEngine:279 - Generated code: D:\thor_work\2024\MyDemo\day0\untitled\Core\Inc\stm32f1xx_it.h
2024-10-29 16:22:35,295 [INFO] CodeEngine:255 - oldGeneratedFile, D:\thor_work\2024\MyDemo\day0\untitled\Core\Src\stm32f1xx_hal_msp.c_save
2024-10-29 16:22:35,349 [INFO] CodeEngine:279 - Generated code: D:\thor_work\2024\MyDemo\day0\untitled\Core\Src\stm32f1xx_hal_msp.c
2024-10-29 16:22:35,355 [INFO] CodeEngine:255 - oldGeneratedFile, D:\thor_work\2024\MyDemo\day0\untitled\MXTmpFiles\system.tmp_save
2024-10-29 16:22:35,388 [INFO] CodeEngine:279 - Generated code: D:\thor_work\2024\MyDemo\day0\untitled\MXTmpFiles\system.tmp
2024-10-29 16:22:35,396 [INFO] CodeEngine:255 - oldGeneratedFile, D:\thor_work\2024\MyDemo\day0\untitled\Core\Src\stm32f1xx_hal_timebase_tim.c_save
2024-10-29 16:22:35,436 [INFO] CodeEngine:279 - Generated code: D:\thor_work\2024\MyDemo\day0\untitled\Core\Src\stm32f1xx_hal_timebase_tim.c
2024-10-29 16:22:35,456 [INFO] CodeEngine:311 - oldGeneratedFile, D:\thor_work\2024\MyDemo\day0\untitled\Core\Inc\stm32f1xx_hal_conf.h_save
2024-10-29 16:22:35,501 [INFO] CodeEngine:335 - Generated code: D:\thor_work\2024\MyDemo\day0\untitled\Core\Inc\stm32f1xx_hal_conf.h
2024-10-29 16:22:35,515 [WARN] IPConfigManager:3554 - IP not found : TIM
2024-10-29 16:22:35,516 [WARN] CodeGenerator:4002 - IP not found : null
2024-10-29 16:22:35,525 [INFO] CodeEngine:255 - oldGeneratedFile, D:\thor_work\2024\MyDemo\day0\untitled\Core\Inc\main.h_save
2024-10-29 16:22:35,565 [INFO] CodeEngine:279 - Generated code: D:\thor_work\2024\MyDemo\day0\untitled\Core\Inc\main.h
2024-10-29 16:22:35,572 [INFO] CodeEngine:255 - oldGeneratedFile, D:\thor_work\2024\MyDemo\day0\untitled\Core\Src\main.c_save
2024-10-29 16:22:35,653 [INFO] CodeEngine:279 - Generated code: D:\thor_work\2024\MyDemo\day0\untitled\Core\Src\main.c
2024-10-29 16:22:36,952 [INFO] ProjectBuilder:3249 - Time for Copy HAL[1] : 1186mS.
2024-10-29 16:22:36,963 [INFO] ProjectBuilder:4828 - Project Generator version: 4.5.0-B34
2024-10-29 16:22:37,017 [INFO] ConfigFileManager:1531 - The Die is : DIE414
2024-10-29 16:22:38,015 [INFO] ProjectBuilder:5097 - Time for Generating toolchain IDE Files: 1051mS.
2024-10-29 16:22:38,015 [INFO] ProjectBuilder:3107 - Time for Copy CMSIS : 0mS.
2024-10-29 16:22:38,042 [INFO] ProjectBuilder:3107 - Time for Copy CMSIS : 0mS.
2024-10-29 17:35:05,537 [ERROR] LogOutputStream:75 - [STDERR_REDIRECT] 
2024-10-29 17:35:05,538 [ERROR] LogOutputStream:75 - [STDERR_REDIRECT] 
