2024-12-06 10:00:36,816 [INFO] Activator:176 - 


2024-12-06 10:00:36,817 [INFO] Activator:177 - !SESSION log4j initialized
2024-12-06 10:00:42,491 [INFO] LogOutputStream:77 - [STDOUT_REDIRECT] 
2024-12-06 10:00:47,501 [INFO] ApplicationProperties:184 - Using Application install path: D:\software\STM32CubeIDE_1.16.1\STM32CubeIDE\plugins\com.st.stm32cube.common.mx_6.12.1.202409122256
2024-12-06 10:00:47,582 [INFO] DbMcusXml:78 - Set database path to: D:\software\STM32CubeIDE_1.16.1\STM32CubeIDE\plugins\com.st.stm32cube.common.mx_6.12.1.202409122256\\db\/mcu/
2024-12-06 10:00:47,582 [INFO] ApiDb:274 - Set plugin database path to: D:\software\STM32CubeIDE_1.16.1\STM32CubeIDE\plugins\com.st.stm32cube.common.mx_6.12.1.202409122256\\db\/plugins/boardmanager/
2024-12-06 10:00:47,583 [WARN] ApiDb:259 - Overriding images path with different value:  => D:\software\STM32CubeIDE_1.16.1\STM32CubeIDE\plugins\com.st.stm32cube.common.mx_6.12.1.202409122256\\db\/plugins/mcufinder/images/
2024-12-06 10:00:47,691 [INFO] ApiDb:250 - Set database path to: C:\Users\19948\.stmcufinder\plugins\mcufinder//mcu/
2024-12-06 10:00:47,692 [INFO] DbMcusAds:125 - Set database path to: C:\Users\19948\.stmcufinder\plugins\mcufinder//mcu/
2024-12-06 10:00:47,694 [INFO] CrossReferenceDbSqlite:203 - Set database path to: C:\Users\19948\.stmcufinder\plugins\mcufinder//mcu/cs/
2024-12-06 10:00:47,874 [INFO] RulesReader:64 - Compatibility file has been processed (297 Rules)
2024-12-06 10:00:48,045 [INFO] DbMcusXml:78 - Set database path to: D:\software\STM32CubeIDE_1.16.1\STM32CubeIDE\plugins\com.st.stm32cube.common.mx_6.12.1.202409122256\\db\/mcu/
2024-12-06 10:00:48,046 [INFO] ApiDb:274 - Set plugin database path to: D:\software\STM32CubeIDE_1.16.1\STM32CubeIDE\plugins\com.st.stm32cube.common.mx_6.12.1.202409122256\\db\/plugins/boardmanager/
2024-12-06 10:00:48,046 [INFO] ApiDb:261 - Set plugin images path to: D:\software\STM32CubeIDE_1.16.1\STM32CubeIDE\plugins\com.st.stm32cube.common.mx_6.12.1.202409122256\\db\/plugins/mcufinder/images/
2024-12-06 10:00:48,046 [WARN] DbFile:41 - Overriding database path with different value: C:\Users\19948\.stmcufinder\plugins\mcufinder/ => C:\Users\19948\.stmcufinder\plugins\mcufinder
2024-12-06 10:00:48,046 [INFO] ApiDb:250 - Set database path to: C:\Users\19948\.stmcufinder\plugins\mcufinder//mcu/
2024-12-06 10:00:48,047 [WARN] DbFile:41 - Overriding database path with different value: C:\Users\19948\.stmcufinder\plugins\mcufinder/ => C:\Users\19948\.stmcufinder\plugins\mcufinder
2024-12-06 10:00:48,047 [INFO] DbMcusAds:125 - Set database path to: C:\Users\19948\.stmcufinder\plugins\mcufinder//mcu/
2024-12-06 10:00:48,047 [WARN] DbFile:41 - Overriding database path with different value: C:\Users\19948\.stmcufinder\plugins\mcufinder/ => C:\Users\19948\.stmcufinder\plugins\mcufinder
2024-12-06 10:00:48,047 [WARN] DbFile:41 - Overriding database path with different value: C:\Users\19948\.stmcufinder\plugins\mcufinder/ => C:\Users\19948\.stmcufinder\plugins\mcufinder
2024-12-06 10:00:48,047 [INFO] CrossReferenceDbSqlite:203 - Set database path to: C:\Users\19948\.stmcufinder\plugins\mcufinder//mcu/cs/
2024-12-06 10:00:48,327 [INFO] MainPanel:268 - HeapMemory: 268435456
2024-12-06 10:00:48,461 [INFO] DbMcusXml:78 - Set database path to: D:\software\STM32CubeIDE_1.16.1\STM32CubeIDE\plugins\com.st.stm32cube.common.mx_6.12.1.202409122256\\db\/mcu/
2024-12-06 10:00:48,461 [INFO] ApiDb:274 - Set plugin database path to: D:\software\STM32CubeIDE_1.16.1\STM32CubeIDE\plugins\com.st.stm32cube.common.mx_6.12.1.202409122256\\db\/plugins/boardmanager/
2024-12-06 10:00:48,461 [INFO] ApiDb:261 - Set plugin images path to: D:\software\STM32CubeIDE_1.16.1\STM32CubeIDE\plugins\com.st.stm32cube.common.mx_6.12.1.202409122256\\db\/plugins/mcufinder/images/
2024-12-06 10:00:48,462 [WARN] DbFile:41 - Overriding database path with different value: C:\Users\19948\.stmcufinder\plugins\mcufinder/ => C:\Users\19948\.stmcufinder\plugins\mcufinder
2024-12-06 10:00:48,462 [INFO] ApiDb:250 - Set database path to: C:\Users\19948\.stmcufinder\plugins\mcufinder//mcu/
2024-12-06 10:00:48,462 [WARN] DbFile:41 - Overriding database path with different value: C:\Users\19948\.stmcufinder\plugins\mcufinder/ => C:\Users\19948\.stmcufinder\plugins\mcufinder
2024-12-06 10:00:48,462 [INFO] DbMcusAds:125 - Set database path to: C:\Users\19948\.stmcufinder\plugins\mcufinder//mcu/
2024-12-06 10:00:48,462 [WARN] DbFile:41 - Overriding database path with different value: C:\Users\19948\.stmcufinder\plugins\mcufinder/ => C:\Users\19948\.stmcufinder\plugins\mcufinder
2024-12-06 10:00:48,462 [WARN] DbFile:41 - Overriding database path with different value: C:\Users\19948\.stmcufinder\plugins\mcufinder/ => C:\Users\19948\.stmcufinder\plugins\mcufinder
2024-12-06 10:00:48,462 [INFO] CrossReferenceDbSqlite:203 - Set database path to: C:\Users\19948\.stmcufinder\plugins\mcufinder//mcu/cs/
2024-12-06 10:00:48,494 [INFO] ApplicationProperties:184 - Using Application install path: D:\software\STM32CubeIDE_1.16.1\STM32CubeIDE\plugins\com.st.stm32cube.common.mx_6.12.1.202409122256
2024-12-06 10:00:48,495 [INFO] PluginManage:196 - Search for loadable plugins [exclusion list=, ]
2024-12-06 10:00:48,568 [INFO] PluginManage:310 - Check plugin analytics
2024-12-06 10:00:48,865 [INFO] AnalyticsPlugin:253 - Accepted Software Licenses: 
2024-12-06 10:00:48,866 [INFO] AnalyticsPlugin:255 - Accepted CMSIS Pack Licenses: 
2024-12-06 10:00:48,866 [INFO] AnalyticsPlugin:257 - Accepted Firmware Licenses: FW.F4.1.28.0
2024-12-06 10:00:48,868 [INFO] PluginManage:359 - Loaded plugin analytics (category:tool,tabindex:-1)
2024-12-06 10:00:48,868 [INFO] PluginManage:310 - Check plugin cadmodel
2024-12-06 10:00:48,902 [INFO] CADModel:105 - Init CAD model plugin
2024-12-06 10:00:48,902 [INFO] PluginManage:359 - Loaded plugin cadmodel (category:power,tabindex:5)
2024-12-06 10:00:48,902 [INFO] PluginManage:310 - Check plugin clock
2024-12-06 10:00:48,917 [INFO] PluginManage:359 - Loaded plugin clock (category:base,tabindex:2)
2024-12-06 10:00:48,917 [INFO] PluginManage:310 - Check plugin ddr
2024-12-06 10:00:48,941 [INFO] PluginManage:359 - Loaded plugin ddr (category:tool,tabindex:6)
2024-12-06 10:00:48,941 [INFO] PluginManage:310 - Check plugin filemanager
2024-12-06 10:00:49,305 [INFO] PluginManage:359 - Loaded plugin filemanager (category:base,tabindex:10)
2024-12-06 10:00:49,305 [INFO] PluginManage:310 - Check plugin ipmanager
2024-12-06 10:00:49,325 [INFO] PluginManage:359 - Loaded plugin ipmanager (category:base,tabindex:5)
2024-12-06 10:00:49,325 [INFO] PluginManage:310 - Check plugin lpbam
2024-12-06 10:00:49,331 [INFO] PluginManage:359 - Loaded plugin lpbam (category:base,tabindex:0)
2024-12-06 10:00:49,331 [INFO] PluginManage:310 - Check plugin memorymap
2024-12-06 10:00:49,360 [INFO] PluginManage:359 - Loaded plugin memorymap (category:base,tabindex:4)
2024-12-06 10:00:49,360 [INFO] PluginManage:310 - Check plugin pinoutandconfiguration
2024-12-06 10:00:49,366 [INFO] PluginManage:359 - Loaded plugin pinoutandconfiguration (category:base,tabindex:1)
2024-12-06 10:00:49,366 [INFO] PluginManage:310 - Check plugin pinoutconfig
2024-12-06 10:00:49,502 [WARN] SupportedApi:132 - Cannot load RTOS API schema: s4s-elt-must-match.1: The content of 'definitions' must match (annotation?, (simpleType | complexType)?, (unique | key | keyref)*)). A problem was found starting at: attribute.
2024-12-06 10:00:49,646 [INFO] PluginManage:359 - Loaded plugin pinoutconfig (category:base,tabindex:0)
2024-12-06 10:00:49,646 [INFO] PluginManage:310 - Check plugin power
2024-12-06 10:00:49,693 [INFO] PluginManage:359 - Loaded plugin power (category:power,tabindex:4)
2024-12-06 10:00:49,694 [INFO] PluginManage:310 - Check plugin projectmanager
2024-12-06 10:00:49,713 [INFO] PluginManage:359 - Loaded plugin projectmanager (category:projectmanager,tabindex:4)
2024-12-06 10:00:49,713 [INFO] PluginManage:310 - Check plugin rif
2024-12-06 10:00:49,732 [INFO] PluginManage:359 - Loaded plugin rif (category:base,tabindex:3)
2024-12-06 10:00:49,732 [INFO] PluginManage:310 - Check plugin thirdparty
2024-12-06 10:00:49,944 [INFO] PluginManage:359 - Loaded plugin thirdparty (category:base,tabindex:-1)
2024-12-06 10:00:49,944 [INFO] PluginManage:310 - Check plugin tools
2024-12-06 10:00:49,944 [WARN] IntegrityCheckThread:84 - waiting for thirdparty lock release [integrity check]
2024-12-06 10:00:49,944 [INFO] IntegrityCheckThread:86 - entering critical section [integrity check]
2024-12-06 10:00:49,945 [INFO] ThirdPartyUpdaterWithRetryManager:70 - Updater plugin not ready yet. [1/15]
2024-12-06 10:00:49,946 [INFO] PluginManage:359 - Loaded plugin tools (category:base,tabindex:7)
2024-12-06 10:00:49,946 [INFO] PluginManage:310 - Check plugin tutovideos
2024-12-06 10:00:50,171 [INFO] PluginManage:359 - Loaded plugin tutovideos (category:base,tabindex:-1)
2024-12-06 10:00:50,171 [INFO] PluginManage:310 - Check plugin updater
2024-12-06 10:00:50,205 [INFO] PluginManage:359 - Loaded plugin updater (category:base,tabindex:12)
2024-12-06 10:00:50,205 [INFO] PluginManage:310 - Check plugin userauth
2024-12-06 10:00:50,244 [INFO] UserAuth:113 - Init User Auth plugin
2024-12-06 10:00:50,245 [INFO] PluginManage:359 - Loaded plugin userauth (category:base,tabindex:14)
2024-12-06 10:00:50,245 [INFO] PluginManage:283 - PluginManage : Loaded plugins [18]
2024-12-06 10:00:50,645 [INFO] PinOutPanel:1561 - setPackage(No Configuration,No Configuration)
2024-12-06 10:00:50,806 [INFO] CADModel:165 - CPN selected for project level
2024-12-06 10:00:50,806 [INFO] CADModel:114 - Register for checkConnection events
2024-12-06 10:00:51,256 [INFO] IPUIPlugin:80 - create IPUIPlugin
2024-12-06 10:00:51,256 [INFO] PluginManager:220 - loadIPPluginJar : add adc
2024-12-06 10:00:51,258 [INFO] IPUIPlugin:80 - create IPUIPlugin
2024-12-06 10:00:51,258 [INFO] PluginManager:220 - loadIPPluginJar : add aes
2024-12-06 10:00:51,260 [INFO] IPUIPlugin:80 - create IPUIPlugin
2024-12-06 10:00:51,260 [INFO] PluginManager:220 - loadIPPluginJar : add can
2024-12-06 10:00:51,262 [INFO] IPUIPlugin:80 - create IPUIPlugin
2024-12-06 10:00:51,262 [INFO] PluginManager:220 - loadIPPluginJar : add comp
2024-12-06 10:00:51,264 [INFO] IPUIPlugin:80 - create IPUIPlugin
2024-12-06 10:00:51,264 [INFO] PluginManager:220 - loadIPPluginJar : add cryp
2024-12-06 10:00:51,279 [INFO] IPUIPlugin:80 - create IPUIPlugin
2024-12-06 10:00:51,279 [INFO] PluginManager:220 - loadIPPluginJar : add ddr_ctrl_phy
2024-12-06 10:00:51,281 [INFO] IPUIPlugin:80 - create IPUIPlugin
2024-12-06 10:00:51,281 [INFO] PluginManager:220 - loadIPPluginJar : add dfsdm
2024-12-06 10:00:51,285 [INFO] IPUIPlugin:80 - create IPUIPlugin
2024-12-06 10:00:51,286 [INFO] PluginManager:220 - loadIPPluginJar : add dma
2024-12-06 10:00:51,288 [INFO] IPUIPlugin:80 - create IPUIPlugin
2024-12-06 10:00:51,288 [INFO] PluginManager:220 - loadIPPluginJar : add dma3
2024-12-06 10:00:51,291 [INFO] IPUIPlugin:80 - create IPUIPlugin
2024-12-06 10:00:51,291 [INFO] PluginManager:220 - loadIPPluginJar : add extmemmanager
2024-12-06 10:00:51,292 [INFO] IPUIPlugin:80 - create IPUIPlugin
2024-12-06 10:00:51,292 [INFO] PluginManager:220 - loadIPPluginJar : add fatfs
2024-12-06 10:00:51,296 [INFO] IPUIPlugin:80 - create IPUIPlugin
2024-12-06 10:00:51,296 [INFO] PluginManager:220 - loadIPPluginJar : add fmc
2024-12-06 10:00:51,328 [INFO] IPUIPlugin:80 - create IPUIPlugin
2024-12-06 10:00:51,328 [INFO] PluginManager:220 - loadIPPluginJar : add freertos
2024-12-06 10:00:51,329 [INFO] IPUIPlugin:80 - create IPUIPlugin
2024-12-06 10:00:51,329 [INFO] PluginManager:220 - loadIPPluginJar : add genericplugin
2024-12-06 10:00:51,331 [INFO] IPUIPlugin:80 - create IPUIPlugin
2024-12-06 10:00:51,331 [INFO] PluginManager:220 - loadIPPluginJar : add gfxmmu
2024-12-06 10:00:51,335 [INFO] IPUIPlugin:80 - create IPUIPlugin
2024-12-06 10:00:51,335 [INFO] PluginManager:220 - loadIPPluginJar : add gic
2024-12-06 10:00:51,338 [INFO] IPUIPlugin:80 - create IPUIPlugin
2024-12-06 10:00:51,338 [INFO] PluginManager:220 - loadIPPluginJar : add gpio
2024-12-06 10:00:51,340 [INFO] IPUIPlugin:80 - create IPUIPlugin
2024-12-06 10:00:51,340 [INFO] PluginManager:220 - loadIPPluginJar : add gtzc
2024-12-06 10:00:51,342 [INFO] IPUIPlugin:80 - create IPUIPlugin
2024-12-06 10:00:51,342 [INFO] PluginManager:220 - loadIPPluginJar : add hash
2024-12-06 10:00:51,343 [INFO] IPUIPlugin:80 - create IPUIPlugin
2024-12-06 10:00:51,344 [INFO] PluginManager:220 - loadIPPluginJar : add i2c
2024-12-06 10:00:51,346 [INFO] IPUIPlugin:80 - create IPUIPlugin
2024-12-06 10:00:51,346 [INFO] PluginManager:220 - loadIPPluginJar : add i2s
2024-12-06 10:00:51,347 [INFO] IPUIPlugin:80 - create IPUIPlugin
2024-12-06 10:00:51,347 [INFO] PluginManager:220 - loadIPPluginJar : add i3c
2024-12-06 10:00:51,350 [INFO] IPUIPlugin:80 - create IPUIPlugin
2024-12-06 10:00:51,350 [INFO] PluginManager:220 - loadIPPluginJar : add ipddr
2024-12-06 10:00:51,377 [INFO] IPUIPlugin:80 - create IPUIPlugin
2024-12-06 10:00:51,377 [INFO] PluginManager:220 - loadIPPluginJar : add linkedlist
2024-12-06 10:00:51,379 [INFO] IPUIPlugin:80 - create IPUIPlugin
2024-12-06 10:00:51,380 [INFO] PluginManager:220 - loadIPPluginJar : add lorawan
2024-12-06 10:00:51,381 [INFO] IPUIPlugin:80 - create IPUIPlugin
2024-12-06 10:00:51,381 [INFO] PluginManager:220 - loadIPPluginJar : add ltdc
2024-12-06 10:00:51,384 [INFO] IPUIPlugin:80 - create IPUIPlugin
2024-12-06 10:00:51,384 [INFO] PluginManager:220 - loadIPPluginJar : add mdma
2024-12-06 10:00:51,386 [INFO] IPUIPlugin:80 - create IPUIPlugin
2024-12-06 10:00:51,386 [INFO] PluginManager:220 - loadIPPluginJar : add nvic
2024-12-06 10:00:51,388 [INFO] IPUIPlugin:80 - create IPUIPlugin
2024-12-06 10:00:51,388 [INFO] PluginManager:220 - loadIPPluginJar : add opamp
2024-12-06 10:00:51,391 [INFO] IPUIPlugin:80 - create IPUIPlugin
2024-12-06 10:00:51,391 [INFO] PluginManager:220 - loadIPPluginJar : add openamp
2024-12-06 10:00:51,392 [INFO] IPUIPlugin:80 - create IPUIPlugin
2024-12-06 10:00:51,393 [INFO] PluginManager:220 - loadIPPluginJar : add pdm2pcm
2024-12-06 10:00:51,396 [INFO] IPUIPlugin:80 - create IPUIPlugin
2024-12-06 10:00:51,397 [INFO] PluginManager:220 - loadIPPluginJar : add plateformsettings
2024-12-06 10:00:51,399 [INFO] IPUIPlugin:80 - create IPUIPlugin
2024-12-06 10:00:51,399 [INFO] PluginManager:220 - loadIPPluginJar : add quadspi
2024-12-06 10:00:51,401 [INFO] IPUIPlugin:80 - create IPUIPlugin
2024-12-06 10:00:51,401 [INFO] PluginManager:220 - loadIPPluginJar : add radio
2024-12-06 10:00:51,406 [INFO] IPUIPlugin:80 - create IPUIPlugin
2024-12-06 10:00:51,406 [INFO] PluginManager:220 - loadIPPluginJar : add resmgrutility
2024-12-06 10:00:51,408 [INFO] IPUIPlugin:80 - create IPUIPlugin
2024-12-06 10:00:51,408 [INFO] PluginManager:220 - loadIPPluginJar : add sai
2024-12-06 10:00:51,409 [INFO] IPUIPlugin:80 - create IPUIPlugin
2024-12-06 10:00:51,409 [INFO] PluginManager:220 - loadIPPluginJar : add spi
2024-12-06 10:00:51,412 [INFO] IPUIPlugin:80 - create IPUIPlugin
2024-12-06 10:00:51,412 [INFO] PluginManager:220 - loadIPPluginJar : add stm32_wpan
2024-12-06 10:00:51,414 [INFO] IPUIPlugin:80 - create IPUIPlugin
2024-12-06 10:00:51,414 [INFO] PluginManager:220 - loadIPPluginJar : add tim
2024-12-06 10:00:51,417 [INFO] IPUIPlugin:80 - create IPUIPlugin
2024-12-06 10:00:51,417 [INFO] PluginManager:220 - loadIPPluginJar : add touchsensing
2024-12-06 10:00:51,418 [INFO] IPUIPlugin:80 - create IPUIPlugin
2024-12-06 10:00:51,418 [INFO] PluginManager:220 - loadIPPluginJar : add tracer_emb
2024-12-06 10:00:51,420 [INFO] IPUIPlugin:80 - create IPUIPlugin
2024-12-06 10:00:51,420 [INFO] PluginManager:220 - loadIPPluginJar : add ts
2024-12-06 10:00:51,421 [INFO] IPUIPlugin:80 - create IPUIPlugin
2024-12-06 10:00:51,421 [INFO] PluginManager:220 - loadIPPluginJar : add tsc
2024-12-06 10:00:51,423 [INFO] IPUIPlugin:80 - create IPUIPlugin
2024-12-06 10:00:51,423 [INFO] PluginManager:220 - loadIPPluginJar : add ucpd
2024-12-06 10:00:51,424 [INFO] IPUIPlugin:80 - create IPUIPlugin
2024-12-06 10:00:51,424 [INFO] PluginManager:220 - loadIPPluginJar : add usart
2024-12-06 10:00:51,426 [INFO] IPUIPlugin:80 - create IPUIPlugin
2024-12-06 10:00:51,426 [INFO] PluginManager:220 - loadIPPluginJar : add usbx
2024-12-06 10:00:51,580 [INFO] CADModel:165 - CPN selected for project level
2024-12-06 10:00:51,580 [INFO] CADModel:114 - Register for checkConnection events
2024-12-06 10:00:51,581 [FATAL] Updater:334 - Updater called before beeing initialized
2024-12-06 10:00:51,581 [ERROR] CADModel:125 - Updater not yet initialized, retry later 
2024-12-06 10:00:51,817 [INFO] CADModel:165 - CPN selected for project level
2024-12-06 10:00:51,817 [INFO] CADModel:114 - Register for checkConnection events
2024-12-06 10:00:51,817 [FATAL] Updater:334 - Updater called before beeing initialized
2024-12-06 10:00:51,817 [ERROR] CADModel:125 - Updater not yet initialized, retry later 
2024-12-06 10:00:51,819 [FATAL] Updater:334 - Updater called before beeing initialized
2024-12-06 10:00:51,906 [FATAL] Updater:334 - Updater called before beeing initialized
2024-12-06 10:00:51,909 [INFO] DbMcusAds:53 - JSON generation date=Fri Sep 20 21:04:38 CST 2024 (1726837478367)
2024-12-06 10:00:51,909 [FATAL] Updater:334 - Updater called before beeing initialized
2024-12-06 10:00:52,112 [WARN] DetailPanel:346 - Failed to get advertising image, set to default
2024-12-06 10:00:52,250 [FATAL] Updater:334 - Updater called before beeing initialized
2024-12-06 10:00:52,252 [FATAL] Updater:334 - Updater called before beeing initialized
2024-12-06 10:00:52,252 [FATAL] Updater:334 - Updater called before beeing initialized
2024-12-06 10:00:52,252 [WARN] DetailPanel:346 - Failed to get advertising image, set to default
2024-12-06 10:00:52,253 [FATAL] Updater:334 - Updater called before beeing initialized
2024-12-06 10:00:52,381 [ERROR] Updater:1164 - MainUpdater not yet initialized. External WinMGr cannot be set.
2024-12-06 10:00:52,397 [INFO] Updater:1100 - Updater Version found : 6.12.1
2024-12-06 10:00:52,428 [INFO] ApplicationProperties:184 - Using Application install path: D:\software\STM32CubeIDE_1.16.1\STM32CubeIDE\plugins\com.st.stm32cube.common.mx_6.12.1.202409122256
2024-12-06 10:00:52,945 [INFO] ThirdPartyUpdaterWithRetryManager:70 - Updater plugin not ready yet. [2/15]
2024-12-06 10:00:53,999 [ERROR] LogOutputStream:75 - [STDERR_REDIRECT] Dec 06, 2024 10:00:53 AM java.util.prefs.WindowsPreferences <init>
2024-12-06 10:00:54,000 [ERROR] LogOutputStream:75 - [STDERR_REDIRECT] WARNING: Could not open/create prefs root node Software\JavaSoft\Prefs at root 0xffffffff80000002. Windows RegCreateKeyEx(...) returned error code 5.
2024-12-06 10:00:54,001 [ERROR] LogOutputStream:75 - [STDERR_REDIRECT] 
2024-12-06 10:00:54,490 [INFO] MainUpdater:2873 - connection check result : 10
2024-12-06 10:00:54,490 [INFO] MainUpdater:290 - Updater Check For Update Now.
2024-12-06 10:00:54,491 [INFO] MicroXplorer:498 - Change Database Version : DB.6.0.121
2024-12-06 10:00:54,523 [INFO] McuFinderGlobals:63 - Set McuFinder mode to 2 (CubeIDE integrated)
2024-12-06 10:00:54,524 [INFO] UserAuth:417 - Internet connection configuration mode: 1
2024-12-06 10:00:54,591 [INFO] JxBrowserEngine:152 - Initiate JxBrowser Engine with user profile folder
2024-12-06 10:00:54,696 [INFO] CheckServerUpdateThread:120 - End of CheckServer Thread
2024-12-06 10:00:55,566 [INFO] WebApp:167 - Instantiating new browser for Auth
2024-12-06 10:00:56,579 [WARN] PackLoader:240 - Cannot read IP mode file for STMicroelectronics.FP-SNS-MOTENVWB1.1.4.0
2024-12-06 10:00:56,587 [WARN] PackLoader:240 - Cannot read IP mode file for STMicroelectronics.FP-ATR-ASTRA1.2.0.1
2024-12-06 10:00:56,595 [WARN] PackLoader:240 - Cannot read IP mode file for STMicroelectronics.X-CUBE-SMBUS.2.1.0
2024-12-06 10:00:56,604 [WARN] PackLoader:240 - Cannot read IP mode file for STMicroelectronics.X-CUBE-WB05N.1.1.0
2024-12-06 10:00:56,632 [WARN] PackLoader:240 - Cannot read IP mode file for STMicroelectronics.X-CUBE-AZRTOS-F7.1.1.0
2024-12-06 10:00:56,641 [WARN] PackLoader:240 - Cannot read IP mode file for STMicroelectronics.FP-SNS-MOTENV1.4.3.2
2024-12-06 10:00:56,721 [WARN] PackLoader:240 - Cannot read IP mode file for STMicroelectronics.X-CUBE-MEMS1.11.0.0
2024-12-06 10:00:56,741 [INFO] WebApp:448 - Apply proxy settings
2024-12-06 10:00:56,742 [INFO] WebApp:533 - Chromium requires no authentication
2024-12-06 10:00:56,773 [INFO] WebApp:476 - Direct internet connection detected
2024-12-06 10:00:56,813 [INFO] WebApp:869 - Register for checkConnection events
2024-12-06 10:00:56,814 [INFO] WebApp:448 - Apply proxy settings
2024-12-06 10:00:56,814 [INFO] WebApp:533 - Chromium requires no authentication
2024-12-06 10:00:56,814 [INFO] WebApp:476 - Direct internet connection detected
2024-12-06 10:00:56,905 [WARN] PackLoader:240 - Cannot read IP mode file for STMicroelectronics.X-CUBE-BLE1.6.2.4
2024-12-06 10:00:56,913 [WARN] PackLoader:240 - Cannot read IP mode file for STMicroelectronics.FP-SNS-FLIGHT1.5.0.2
2024-12-06 10:00:56,924 [WARN] PackLoader:240 - Cannot read IP mode file for STMicroelectronics.X-CUBE-DISPLAY.3.0.0
2024-12-06 10:00:56,934 [WARN] PackLoader:240 - Cannot read IP mode file for STMicroelectronics.X-CUBE-BLE1.7.0.0
2024-12-06 10:00:56,945 [WARN] PackLoader:240 - Cannot read IP mode file for STMicroelectronics.X-CUBE-NFC10.1.0.0
2024-12-06 10:00:56,957 [WARN] PackLoader:240 - Cannot read IP mode file for STMicroelectronics.X-CUBE-TOUCHGFX.4.22.0
2024-12-06 10:00:56,962 [WARN] PackLoader:240 - Cannot read IP mode file for STMicroelectronics.X-CUBE-TOUCHGFX.4.22.1
2024-12-06 10:00:56,971 [WARN] PackLoader:240 - Cannot read IP mode file for STMicroelectronics.X-CUBE-BLEMGR.3.1.0
2024-12-06 10:00:56,978 [WARN] PackLoader:240 - Cannot read IP mode file for STMicroelectronics.FP-SNS-SMARTAG2.1.2.0
2024-12-06 10:00:56,987 [INFO] LogOutputStream:77 - [STDOUT_REDIRECT] 1 : Invalid condition id : UX_CORESTACK_Condition cause : null
2024-12-06 10:00:56,988 [INFO] LogOutputStream:77 - [STDOUT_REDIRECT] 1 : Invalid condition id : UX_CORESTACK_Condition cause : null
2024-12-06 10:00:56,989 [INFO] LogOutputStream:77 - [STDOUT_REDIRECT] 1 : Invalid condition id : UX_CORESTACK_Condition cause : null
2024-12-06 10:00:56,990 [INFO] LogOutputStream:77 - [STDOUT_REDIRECT] 1 : Invalid condition id : UX_CORESTACK_Condition cause : null
2024-12-06 10:00:56,991 [INFO] LogOutputStream:77 - [STDOUT_REDIRECT] 1 : Invalid condition id : UX_CORESTACK_Condition cause : null
2024-12-06 10:00:56,993 [WARN] PackLoader:240 - Cannot read IP mode file for STMicroelectronics.X-CUBE-AZRTOS-WL.2.0.0
2024-12-06 10:00:56,998 [WARN] PackLoader:240 - Cannot read IP mode file for STMicroelectronics.FP-SNS-MOTENV1.5.0.0
2024-12-06 10:00:57,006 [WARN] PackLoader:240 - Cannot read IP mode file for wolfSSL.I-CUBE-wolfMQTT.1.19.0
2024-12-06 10:00:57,015 [WARN] PackLoader:240 - Cannot read IP mode file for WES.I-CUBE-Cesium.1.3.0
2024-12-06 10:00:57,022 [WARN] PackLoader:240 - Cannot read IP mode file for STMicroelectronics.X-CUBE-BLE2.3.3.0
2024-12-06 10:00:57,032 [WARN] PackLoader:240 - Cannot read IP mode file for STMicroelectronics.X-CUBE-TOF1.3.2.0
2024-12-06 10:00:57,044 [WARN] PackLoader:240 - Cannot read IP mode file for STMicroelectronics.X-CUBE-NFC9.1.0.0
2024-12-06 10:00:57,053 [WARN] PackLoader:240 - Cannot read IP mode file for STMicroelectronics.X-CUBE-TCPP.4.1.0
2024-12-06 10:00:57,058 [WARN] PackLoader:240 - Cannot read IP mode file for STMicroelectronics.X-CUBE-TOUCHGFX.4.21.1
2024-12-06 10:00:57,085 [WARN] PackLoader:240 - Cannot read IP mode file for STMicroelectronics.X-CUBE-MEMS1.9.4.0
2024-12-06 10:00:57,154 [INFO] WebApp:220 - Starting web application
2024-12-06 10:00:57,155 [INFO] WebApp:578 - Web application path used D:\software\STM32CubeIDE_1.16.1\STM32CubeIDE\plugins\com.st.stm32cube.common.mx_6.12.1.202409122256\db\plugins\mcufinder\reactClient1\index.html
2024-12-06 10:00:57,170 [WARN] PackLoader:240 - Cannot read IP mode file for STMicroelectronics.X-CUBE-AI.7.3.0
2024-12-06 10:00:57,177 [WARN] PackLoader:240 - Cannot read IP mode file for STMicroelectronics.X-CUBE-ALGOBUILD.1.3.0
2024-12-06 10:00:57,190 [WARN] PackLoader:240 - Cannot read IP mode file for STMicroelectronics.X-CUBE-AZRTOS-G0.1.1.0
2024-12-06 10:00:57,207 [WARN] PackLoader:240 - Cannot read IP mode file for STMicroelectronics.X-CUBE-SAFEA1.1.2.2
2024-12-06 10:00:57,215 [WARN] PackLoader:240 - Cannot read IP mode file for STMicroelectronics.X-CUBE-NFC4.3.0.0
2024-12-06 10:00:57,245 [WARN] PackLoader:240 - Cannot read IP mode file for EmbeddedOffice.I-CUBE-FS-RTOS.1.0.1
2024-12-06 10:00:57,245 [ERROR] ConditionMgr:805 - Attr not supported : Dmpu
2024-12-06 10:00:57,245 [ERROR] ConditionMgr:805 - Attr not supported : Dmpu
2024-12-06 10:00:57,245 [ERROR] ConditionMgr:805 - Attr not supported : Dmpu
2024-12-06 10:00:57,245 [ERROR] ConditionMgr:805 - Attr not supported : Dmpu
2024-12-06 10:00:57,245 [ERROR] ConditionMgr:805 - Attr not supported : Dmpu
2024-12-06 10:00:57,246 [ERROR] ConditionMgr:805 - Attr not supported : Dmpu
2024-12-06 10:00:57,246 [ERROR] ConditionMgr:805 - Attr not supported : Dmpu
2024-12-06 10:00:57,246 [ERROR] ConditionMgr:805 - Attr not supported : Dmpu
2024-12-06 10:00:57,246 [ERROR] ConditionMgr:805 - Attr not supported : Dmpu
2024-12-06 10:00:57,246 [ERROR] ConditionMgr:805 - Attr not supported : Dmpu
2024-12-06 10:00:57,246 [ERROR] ConditionMgr:805 - Attr not supported : Dmpu
2024-12-06 10:00:57,246 [ERROR] ConditionMgr:805 - Attr not supported : Dmpu
2024-12-06 10:00:57,246 [ERROR] ConditionMgr:805 - Attr not supported : Dmpu
2024-12-06 10:00:57,246 [ERROR] ConditionMgr:805 - Attr not supported : Dmpu
2024-12-06 10:00:57,246 [ERROR] ConditionMgr:805 - Attr not supported : Dmpu
2024-12-06 10:00:57,246 [ERROR] ConditionMgr:805 - Attr not supported : Dmpu
2024-12-06 10:00:57,246 [ERROR] ConditionMgr:805 - Attr not supported : Dmpu
2024-12-06 10:00:57,246 [ERROR] ConditionMgr:805 - Attr not supported : Dmpu
2024-12-06 10:00:57,246 [ERROR] ConditionMgr:805 - Attr not supported : Dmpu
2024-12-06 10:00:57,246 [ERROR] ConditionMgr:805 - Attr not supported : Dmpu
2024-12-06 10:00:57,246 [ERROR] ConditionMgr:805 - Attr not supported : Dmpu
2024-12-06 10:00:57,247 [ERROR] ConditionMgr:805 - Attr not supported : Dmpu
2024-12-06 10:00:57,247 [ERROR] ConditionMgr:805 - Attr not supported : Dmpu
2024-12-06 10:00:57,247 [ERROR] ConditionMgr:805 - Attr not supported : Dmpu
2024-12-06 10:00:57,247 [ERROR] ConditionMgr:805 - Attr not supported : Dmpu
2024-12-06 10:00:57,247 [ERROR] ConditionMgr:805 - Attr not supported : Dmpu
2024-12-06 10:00:57,247 [ERROR] ConditionMgr:805 - Attr not supported : Dmpu
2024-12-06 10:00:57,247 [ERROR] ConditionMgr:805 - Attr not supported : Dmpu
2024-12-06 10:00:57,247 [ERROR] ConditionMgr:805 - Attr not supported : Dmpu
2024-12-06 10:00:57,247 [ERROR] ConditionMgr:805 - Attr not supported : Dmpu
2024-12-06 10:00:57,247 [ERROR] ConditionMgr:805 - Attr not supported : Dmpu
2024-12-06 10:00:57,247 [ERROR] ConditionMgr:805 - Attr not supported : Dmpu
2024-12-06 10:00:57,247 [ERROR] ConditionMgr:805 - Attr not supported : Dmpu
2024-12-06 10:00:57,247 [ERROR] ConditionMgr:805 - Attr not supported : Dmpu
2024-12-06 10:00:57,247 [ERROR] ConditionMgr:805 - Attr not supported : Dmpu
2024-12-06 10:00:57,247 [ERROR] ConditionMgr:805 - Attr not supported : Dmpu
2024-12-06 10:00:57,247 [ERROR] ConditionMgr:805 - Attr not supported : Dmpu
2024-12-06 10:00:57,247 [ERROR] ConditionMgr:805 - Attr not supported : Dmpu
2024-12-06 10:00:57,247 [ERROR] ConditionMgr:805 - Attr not supported : Dmpu
2024-12-06 10:00:57,247 [ERROR] ConditionMgr:805 - Attr not supported : Dmpu
2024-12-06 10:00:57,247 [ERROR] ConditionMgr:805 - Attr not supported : Dmpu
2024-12-06 10:00:57,247 [ERROR] ConditionMgr:805 - Attr not supported : Dmpu
2024-12-06 10:00:57,248 [ERROR] ConditionMgr:805 - Attr not supported : Dmpu
2024-12-06 10:00:57,248 [ERROR] ConditionMgr:805 - Attr not supported : Dmpu
2024-12-06 10:00:57,248 [ERROR] ConditionMgr:805 - Attr not supported : Dmpu
2024-12-06 10:00:57,248 [ERROR] ConditionMgr:805 - Attr not supported : Dmpu
2024-12-06 10:00:57,248 [ERROR] ConditionMgr:805 - Attr not supported : Dmpu
2024-12-06 10:00:57,248 [ERROR] ConditionMgr:805 - Attr not supported : Dmpu
2024-12-06 10:00:57,248 [ERROR] ConditionMgr:805 - Attr not supported : Dmpu
2024-12-06 10:00:57,248 [ERROR] ConditionMgr:805 - Attr not supported : Dmpu
2024-12-06 10:00:57,248 [ERROR] ConditionMgr:805 - Attr not supported : Dmpu
2024-12-06 10:00:57,248 [ERROR] ConditionMgr:805 - Attr not supported : Dmpu
2024-12-06 10:00:57,248 [ERROR] ConditionMgr:805 - Attr not supported : Dmpu
2024-12-06 10:00:57,248 [ERROR] ConditionMgr:805 - Attr not supported : Dmpu
2024-12-06 10:00:57,248 [ERROR] ConditionMgr:805 - Attr not supported : Dmpu
2024-12-06 10:00:57,248 [ERROR] ConditionMgr:805 - Attr not supported : Dmpu
2024-12-06 10:00:57,248 [ERROR] ConditionMgr:805 - Attr not supported : Dmpu
2024-12-06 10:00:57,249 [ERROR] ConditionMgr:805 - Attr not supported : Dmpu
2024-12-06 10:00:57,249 [ERROR] ConditionMgr:805 - Attr not supported : Dmpu
2024-12-06 10:00:57,249 [ERROR] ConditionMgr:805 - Attr not supported : Dmpu
2024-12-06 10:00:57,249 [ERROR] ConditionMgr:805 - Attr not supported : Dmpu
2024-12-06 10:00:57,249 [ERROR] ConditionMgr:805 - Attr not supported : Dmpu
2024-12-06 10:00:57,249 [ERROR] ConditionMgr:805 - Attr not supported : Dmpu
2024-12-06 10:00:57,249 [ERROR] ConditionMgr:805 - Attr not supported : Dmpu
2024-12-06 10:00:57,256 [WARN] PackLoader:240 - Cannot read IP mode file for STMicroelectronics.X-CUBE-BLEMGR.3.0.0
2024-12-06 10:00:57,263 [WARN] PackLoader:240 - Cannot read IP mode file for STMicroelectronics.X-CUBE-BLEMGR.1.3.0
2024-12-06 10:00:57,271 [WARN] PackLoader:240 - Cannot read IP mode file for RealThread.X-CUBE-RT-Thread_Nano.4.1.1
2024-12-06 10:00:57,276 [WARN] PackLoader:240 - Cannot read IP mode file for STMicroelectronics.FP-ATR-SIGFOX1.3.2.0
2024-12-06 10:00:57,283 [WARN] ConditionMgr:438 - getConditionDescription Invalid condition id : Cortex-A Device cause : null
2024-12-06 10:00:57,330 [WARN] ConditionMgr:1039 - genDependencies : Invalid condition id : Cortex-A Device cause : null
2024-12-06 10:00:57,330 [WARN] ConditionMgr:1039 - genDependencies : Invalid condition id : Cortex-A Device cause : null
2024-12-06 10:00:57,331 [WARN] ConditionMgr:1039 - genDependencies : Invalid condition id : Cortex-A Device cause : null
2024-12-06 10:00:57,337 [WARN] PackLoader:240 - Cannot read IP mode file for STMicroelectronics.X-CUBE-EEPRMA1.5.1.0
2024-12-06 10:00:57,367 [INFO] UserAuth:417 - Internet connection configuration mode: 1
2024-12-06 10:00:57,393 [WARN] PackLoader:240 - Cannot read IP mode file for STMicroelectronics.X-CUBE-MEMS1.9.5.0
2024-12-06 10:00:57,471 [WARN] PackLoader:240 - Cannot read IP mode file for SEGGER.I-CUBE-embOS.1.3.1
2024-12-06 10:00:57,493 [WARN] PackLoader:240 - Cannot read IP mode file for STMicroelectronics.X-CUBE-ALGOBUILD.1.4.0
2024-12-06 10:00:57,497 [WARN] PackLoader:240 - Cannot read IP mode file for STMicroelectronics.X-CUBE-AI.9.1.0
2024-12-06 10:00:57,502 [WARN] PackLoader:240 - Cannot read IP mode file for STMicroelectronics.X-CUBE-GNSS1.6.0.0
2024-12-06 10:00:57,512 [WARN] PackLoader:240 - Cannot read IP mode file for STMicroelectronics.X-CUBE-AZRTOS-F4.1.1.0
2024-12-06 10:00:57,518 [WARN] PackLoader:240 - Cannot read IP mode file for STMicroelectronics.X-CUBE-ISPU.2.1.0
2024-12-06 10:00:57,523 [WARN] PackLoader:240 - Cannot read IP mode file for STMicroelectronics.X-CUBE-FREERTOS.1.2.0
2024-12-06 10:00:57,533 [WARN] PackLoader:240 - Cannot read IP mode file for STMicroelectronics.X-CUBE-AZRTOS-L5.2.0.0
2024-12-06 10:00:57,556 [WARN] PackLoader:240 - Cannot read IP mode file for STMicroelectronics.X-CUBE-MEMS1.9.6.0
2024-12-06 10:00:57,632 [WARN] PackLoader:240 - Cannot read IP mode file for STMicroelectronics.X-CUBE-EEPRMA1.4.2.0
2024-12-06 10:00:57,639 [WARN] PackLoader:240 - Cannot read IP mode file for STMicroelectronics.X-CUBE-NFC6.3.1.0
2024-12-06 10:00:57,645 [WARN] PackLoader:240 - Cannot read IP mode file for ITTIA_DB.I-CUBE-ITTIADB.8.8.0
2024-12-06 10:00:57,651 [WARN] PackLoader:240 - Cannot read IP mode file for emotas.I-CUBE-CANOPEN.1.1.3
2024-12-06 10:00:57,655 [WARN] PackLoader:240 - Cannot read IP mode file for STMicroelectronics.X-CUBE-BLEMGR.2.0.0
2024-12-06 10:00:57,660 [WARN] PackLoader:240 - Cannot read IP mode file for STMicroelectronics.X-CUBE-DPower.1.2.0
2024-12-06 10:00:57,663 [WARN] PackLoader:240 - Cannot read IP mode file for STMicroelectronics.X-CUBE-AI.9.0.0
2024-12-06 10:00:57,672 [WARN] ConditionMgr:438 - getConditionDescription Invalid condition id : UX DEVICE CLASS RTOS Condition cause : null
2024-12-06 10:00:57,672 [WARN] ConditionMgr:438 - getConditionDescription Invalid condition id : UX DEVICE CLASS RTOS Condition cause : null
2024-12-06 10:00:57,674 [WARN] PackLoader:240 - Cannot read IP mode file for STMicroelectronics.X-CUBE-AZRTOS-H7.3.1.0
2024-12-06 10:00:57,674 [WARN] ConditionMgr:1039 - genDependencies : Invalid condition id : UX DEVICE CLASS RTOS Condition cause : null
2024-12-06 10:00:57,674 [WARN] ConditionMgr:1039 - genDependencies : Invalid condition id : UX DEVICE CLASS RTOS Condition cause : null
2024-12-06 10:00:57,675 [WARN] ConditionMgr:1039 - genDependencies : Invalid condition id : UX DEVICE CLASS RTOS Condition cause : null
2024-12-06 10:00:57,675 [WARN] ConditionMgr:1039 - genDependencies : Invalid condition id : UX DEVICE CLASS RTOS Condition cause : null
2024-12-06 10:00:57,675 [WARN] ConditionMgr:1039 - genDependencies : Invalid condition id : UX DEVICE CLASS RTOS Condition cause : null
2024-12-06 10:00:57,679 [WARN] PackLoader:240 - Cannot read IP mode file for wolfSSL.I-CUBE-wolfSSL.5.5.4
2024-12-06 10:00:57,683 [WARN] PackLoader:240 - Cannot read IP mode file for STMicroelectronics.X-CUBE-NFC7.1.0.1
2024-12-06 10:00:57,686 [WARN] PackLoader:240 - Cannot read IP mode file for STMicroelectronics.X-CUBE-NFC7.1.0.0
2024-12-06 10:00:57,690 [WARN] PackLoader:240 - Cannot read IP mode file for wolfSSL.I-CUBE-wolfTPM.3.2.0
2024-12-06 10:00:57,694 [WARN] PackLoader:240 - Cannot read IP mode file for STMicroelectronics.X-CUBE-NFC6.3.0.0
2024-12-06 10:00:57,698 [WARN] PackLoader:240 - Cannot read IP mode file for STMicroelectronics.X-CUBE-EEPRMA1.4.1.0
2024-12-06 10:00:57,701 [WARN] PackLoader:240 - Cannot read IP mode file for STMicroelectronics.X-CUBE-AI.8.1.0
2024-12-06 10:00:57,712 [WARN] ConditionMgr:438 - getConditionDescription Invalid condition id : LAN8742 Phy interface Condition cause : null
2024-12-06 10:00:57,713 [WARN] PackLoader:240 - Cannot read IP mode file for STMicroelectronics.X-CUBE-AZRTOS-L4.2.0.0
2024-12-06 10:00:57,714 [WARN] ConditionMgr:1039 - genDependencies : Invalid condition id : LAN8742 Phy interface Condition cause : null
2024-12-06 10:00:57,714 [WARN] ConditionMgr:1039 - genDependencies : Invalid condition id : LAN8742 Phy interface Condition cause : null
2024-12-06 10:00:57,714 [WARN] ConditionMgr:1039 - genDependencies : Invalid condition id : LAN8742 Phy interface Condition cause : null
2024-12-06 10:00:57,720 [WARN] PackLoader:240 - Cannot read IP mode file for STMicroelectronics.X-CUBE-SFXS2LP1.4.0.0
2024-12-06 10:00:57,735 [WARN] PackLoader:240 - Cannot read IP mode file for STMicroelectronics.X-CUBE-AZRTOS-H7.3.0.0
2024-12-06 10:00:57,741 [WARN] PackLoader:240 - Cannot read IP mode file for STMicroelectronics.X-CUBE-ISPU.1.1.0
2024-12-06 10:00:57,757 [WARN] PackLoader:240 - Cannot read IP mode file for STMicroelectronics.X-CUBE-AZRTOS-H7.3.3.0
2024-12-06 10:00:57,777 [WARN] PackLoader:240 - Cannot read IP mode file for RoweBots.I-CUBE-UNISONRTOS.5.5.0-4
2024-12-06 10:00:57,787 [WARN] PackLoader:240 - Cannot read IP mode file for STMicroelectronics.X-CUBE-IPS.3.0.0
2024-12-06 10:00:57,804 [WARN] ConditionMgr:438 - getConditionDescription Invalid condition id : UX DEVICE CLASS RTOS Condition cause : null
2024-12-06 10:00:57,804 [WARN] ConditionMgr:438 - getConditionDescription Invalid condition id : UX DEVICE CLASS RTOS Condition cause : null
2024-12-06 10:00:57,805 [WARN] PackLoader:240 - Cannot read IP mode file for STMicroelectronics.X-CUBE-AZRTOS-WB.2.0.0
2024-12-06 10:00:57,806 [WARN] ConditionMgr:1039 - genDependencies : Invalid condition id : UX DEVICE CLASS RTOS Condition cause : null
2024-12-06 10:00:57,806 [WARN] ConditionMgr:1039 - genDependencies : Invalid condition id : UX DEVICE CLASS RTOS Condition cause : null
2024-12-06 10:00:57,806 [WARN] ConditionMgr:1039 - genDependencies : Invalid condition id : UX DEVICE CLASS RTOS Condition cause : null
2024-12-06 10:00:57,806 [WARN] ConditionMgr:1039 - genDependencies : Invalid condition id : UX DEVICE CLASS RTOS Condition cause : null
2024-12-06 10:00:57,806 [WARN] ConditionMgr:1039 - genDependencies : Invalid condition id : UX DEVICE CLASS RTOS Condition cause : null
2024-12-06 10:00:57,809 [WARN] PackLoader:240 - Cannot read IP mode file for STMicroelectronics.X-CUBE-FREERTOS.1.0.1
2024-12-06 10:00:57,812 [WARN] PackLoader:240 - Cannot read IP mode file for STMicroelectronics.X-CUBE-GNSS1.7.0.0
2024-12-06 10:00:57,820 [WARN] PackLoader:240 - Cannot read IP mode file for STMicroelectronics.FP-SNS-STBOX1.2.0.0
2024-12-06 10:00:57,829 [WARN] PackLoader:240 - Cannot read IP mode file for STMicroelectronics.X-CUBE-AZRTOS-L5.1.1.0
2024-12-06 10:00:57,833 [WARN] PackLoader:240 - Cannot read IP mode file for STMicroelectronics.X-CUBE-AI.8.0.1
2024-12-06 10:00:57,841 [WARN] PackLoader:240 - Cannot read IP mode file for STMicroelectronics.X-CUBE-SUBG2.5.0.0
2024-12-06 10:00:57,848 [WARN] PackLoader:240 - Cannot read IP mode file for Cesanta.I-CUBE-Mongoose.7.13.0
2024-12-06 10:00:57,855 [WARN] PackLoader:240 - Cannot read IP mode file for STMicroelectronics.X-CUBE-TOF1.3.3.1
2024-12-06 10:00:57,867 [WARN] PackLoader:240 - Cannot read IP mode file for STMicroelectronics.X-CUBE-AZRTOS-G4.2.0.0
2024-12-06 10:00:57,871 [WARN] PackLoader:240 - Cannot read IP mode file for STMicroelectronics.FP-ATR-ASTRA1.1.1.1
2024-12-06 10:00:57,881 [WARN] PackLoader:240 - Cannot read IP mode file for Infineon.AIROC-Wi-Fi-Bluetooth-STM32.1.5.1
2024-12-06 10:00:57,886 [WARN] PackLoader:240 - Cannot read IP mode file for STMicroelectronics.FP-SNS-MOTENVWB1.1.3.0
2024-12-06 10:00:57,889 [WARN] PackLoader:240 - Cannot read IP mode file for STMicroelectronics.FP-SNS-MOTENVWB1.1.3.1
2024-12-06 10:00:57,896 [WARN] PackLoader:240 - Cannot read IP mode file for STMicroelectronics.X-CUBE-AZRTOS-G4.1.0.0
2024-12-06 10:00:57,904 [WARN] PackLoader:240 - Cannot read IP mode file for STMicroelectronics.X-CUBE-AZRTOS-L4.1.0.0
2024-12-06 10:00:57,912 [WARN] PackLoader:240 - Cannot read IP mode file for STMicroelectronics.X-CUBE-ISPU.2.0.0
2024-12-06 10:00:57,916 [WARN] PackLoader:240 - Cannot read IP mode file for STMicroelectronics.X-CUBE-ALS.1.0.2
2024-12-06 10:00:57,940 [WARN] PackLoader:240 - Cannot read IP mode file for STMicroelectronics.X-CUBE-MEMS1.10.0.0
2024-12-06 10:00:57,995 [WARN] PackLoader:240 - Cannot read IP mode file for STMicroelectronics.X-CUBE-FREERTOS.1.1.0
2024-12-06 10:00:57,999 [WARN] PackLoader:240 - Cannot read IP mode file for STMicroelectronics.X-CUBE-TOUCHGFX.4.24.0
2024-12-06 10:00:58,006 [WARN] PackLoader:240 - Cannot read IP mode file for STMicroelectronics.X-CUBE-AZRTOS-WL.1.0.0
2024-12-06 10:00:58,010 [WARN] PackLoader:240 - Cannot read IP mode file for STMicroelectronics.X-CUBE-TOUCHGFX.4.24.1
2024-12-06 10:00:58,015 [WARN] PackLoader:240 - Cannot read IP mode file for portGmbH.I-Cube-SoM-uGOAL.1.1.0
2024-12-06 10:00:58,018 [WARN] PackLoader:240 - Cannot read IP mode file for STMicroelectronics.X-CUBE-ALS.1.0.1
2024-12-06 10:00:58,026 [WARN] PackLoader:240 - Cannot read IP mode file for STMicroelectronics.X-CUBE-AZRTOS-WB.1.1.0
2024-12-06 10:00:58,038 [WARN] PackLoader:240 - Cannot read IP mode file for STMicroelectronics.X-CUBE-AZRTOS-H7RS.1.0.0
2024-12-06 10:00:58,042 [WARN] PackLoader:240 - Cannot read IP mode file for STMicroelectronics.FP-ATR-ASTRA1.2.0.0
2024-12-06 10:00:58,052 [WARN] PackLoader:240 - Cannot read IP mode file for STMicroelectronics.X-CUBE-TOF1.3.4.2
2024-12-06 10:00:58,065 [WARN] PackLoader:240 - Cannot read IP mode file for STMicroelectronics.X-CUBE-TOF1.3.4.0
2024-12-06 10:00:58,076 [WARN] PackLoader:240 - Cannot read IP mode file for wolfSSL.I-CUBE-wolfSSH.1.4.17
2024-12-06 10:00:58,076 [INFO] ThirdParty:978 - Integrity check success = true
2024-12-06 10:00:58,076 [INFO] IntegrityCheckThread:100 - exiting critical section [integrity check]
2024-12-06 10:00:58,076 [INFO] IntegrityCheckThread:103 - End integrity checks thread
2024-12-06 10:45:31,167 [ERROR] LogOutputStream:75 - [STDERR_REDIRECT] 
2024-12-06 14:28:02,120 [INFO] Activator:176 - 


2024-12-06 14:28:02,121 [INFO] Activator:177 - !SESSION log4j initialized
2024-12-06 14:28:06,177 [INFO] LogOutputStream:77 - [STDOUT_REDIRECT] 
2024-12-06 14:28:08,094 [INFO] ApplicationProperties:184 - Using Application install path: D:\software\STM32CubeIDE_1.16.1\STM32CubeIDE\plugins\com.st.stm32cube.common.mx_6.12.1.202409122256
2024-12-06 14:28:08,106 [INFO] DbMcusXml:78 - Set database path to: D:\software\STM32CubeIDE_1.16.1\STM32CubeIDE\plugins\com.st.stm32cube.common.mx_6.12.1.202409122256\\db\/mcu/
2024-12-06 14:28:08,107 [INFO] ApiDb:274 - Set plugin database path to: D:\software\STM32CubeIDE_1.16.1\STM32CubeIDE\plugins\com.st.stm32cube.common.mx_6.12.1.202409122256\\db\/plugins/boardmanager/
2024-12-06 14:28:08,107 [WARN] ApiDb:259 - Overriding images path with different value:  => D:\software\STM32CubeIDE_1.16.1\STM32CubeIDE\plugins\com.st.stm32cube.common.mx_6.12.1.202409122256\\db\/plugins/mcufinder/images/
2024-12-06 14:28:08,113 [INFO] ApiDb:250 - Set database path to: C:\Users\19948\.stmcufinder\plugins\mcufinder//mcu/
2024-12-06 14:28:08,114 [INFO] DbMcusAds:125 - Set database path to: C:\Users\19948\.stmcufinder\plugins\mcufinder//mcu/
2024-12-06 14:28:08,115 [INFO] CrossReferenceDbSqlite:203 - Set database path to: C:\Users\19948\.stmcufinder\plugins\mcufinder//mcu/cs/
2024-12-06 14:28:08,188 [INFO] RulesReader:64 - Compatibility file has been processed (297 Rules)
2024-12-06 14:28:08,247 [INFO] DbMcusXml:78 - Set database path to: D:\software\STM32CubeIDE_1.16.1\STM32CubeIDE\plugins\com.st.stm32cube.common.mx_6.12.1.202409122256\\db\/mcu/
2024-12-06 14:28:08,247 [INFO] ApiDb:274 - Set plugin database path to: D:\software\STM32CubeIDE_1.16.1\STM32CubeIDE\plugins\com.st.stm32cube.common.mx_6.12.1.202409122256\\db\/plugins/boardmanager/
2024-12-06 14:28:08,248 [INFO] ApiDb:261 - Set plugin images path to: D:\software\STM32CubeIDE_1.16.1\STM32CubeIDE\plugins\com.st.stm32cube.common.mx_6.12.1.202409122256\\db\/plugins/mcufinder/images/
2024-12-06 14:28:08,248 [WARN] DbFile:41 - Overriding database path with different value: C:\Users\19948\.stmcufinder\plugins\mcufinder/ => C:\Users\19948\.stmcufinder\plugins\mcufinder
2024-12-06 14:28:08,248 [INFO] ApiDb:250 - Set database path to: C:\Users\19948\.stmcufinder\plugins\mcufinder//mcu/
2024-12-06 14:28:08,248 [WARN] DbFile:41 - Overriding database path with different value: C:\Users\19948\.stmcufinder\plugins\mcufinder/ => C:\Users\19948\.stmcufinder\plugins\mcufinder
2024-12-06 14:28:08,248 [INFO] DbMcusAds:125 - Set database path to: C:\Users\19948\.stmcufinder\plugins\mcufinder//mcu/
2024-12-06 14:28:08,248 [WARN] DbFile:41 - Overriding database path with different value: C:\Users\19948\.stmcufinder\plugins\mcufinder/ => C:\Users\19948\.stmcufinder\plugins\mcufinder
2024-12-06 14:28:08,248 [WARN] DbFile:41 - Overriding database path with different value: C:\Users\19948\.stmcufinder\plugins\mcufinder/ => C:\Users\19948\.stmcufinder\plugins\mcufinder
2024-12-06 14:28:08,248 [INFO] CrossReferenceDbSqlite:203 - Set database path to: C:\Users\19948\.stmcufinder\plugins\mcufinder//mcu/cs/
2024-12-06 14:28:08,305 [INFO] MainPanel:268 - HeapMemory: 268435456
2024-12-06 14:28:08,364 [INFO] DbMcusXml:78 - Set database path to: D:\software\STM32CubeIDE_1.16.1\STM32CubeIDE\plugins\com.st.stm32cube.common.mx_6.12.1.202409122256\\db\/mcu/
2024-12-06 14:28:08,364 [INFO] ApiDb:274 - Set plugin database path to: D:\software\STM32CubeIDE_1.16.1\STM32CubeIDE\plugins\com.st.stm32cube.common.mx_6.12.1.202409122256\\db\/plugins/boardmanager/
2024-12-06 14:28:08,364 [INFO] ApiDb:261 - Set plugin images path to: D:\software\STM32CubeIDE_1.16.1\STM32CubeIDE\plugins\com.st.stm32cube.common.mx_6.12.1.202409122256\\db\/plugins/mcufinder/images/
2024-12-06 14:28:08,364 [WARN] DbFile:41 - Overriding database path with different value: C:\Users\19948\.stmcufinder\plugins\mcufinder/ => C:\Users\19948\.stmcufinder\plugins\mcufinder
2024-12-06 14:28:08,365 [INFO] ApiDb:250 - Set database path to: C:\Users\19948\.stmcufinder\plugins\mcufinder//mcu/
2024-12-06 14:28:08,365 [WARN] DbFile:41 - Overriding database path with different value: C:\Users\19948\.stmcufinder\plugins\mcufinder/ => C:\Users\19948\.stmcufinder\plugins\mcufinder
2024-12-06 14:28:08,365 [INFO] DbMcusAds:125 - Set database path to: C:\Users\19948\.stmcufinder\plugins\mcufinder//mcu/
2024-12-06 14:28:08,365 [WARN] DbFile:41 - Overriding database path with different value: C:\Users\19948\.stmcufinder\plugins\mcufinder/ => C:\Users\19948\.stmcufinder\plugins\mcufinder
2024-12-06 14:28:08,365 [WARN] DbFile:41 - Overriding database path with different value: C:\Users\19948\.stmcufinder\plugins\mcufinder/ => C:\Users\19948\.stmcufinder\plugins\mcufinder
2024-12-06 14:28:08,365 [INFO] CrossReferenceDbSqlite:203 - Set database path to: C:\Users\19948\.stmcufinder\plugins\mcufinder//mcu/cs/
2024-12-06 14:28:08,378 [INFO] ApplicationProperties:184 - Using Application install path: D:\software\STM32CubeIDE_1.16.1\STM32CubeIDE\plugins\com.st.stm32cube.common.mx_6.12.1.202409122256
2024-12-06 14:28:08,380 [INFO] PluginManage:196 - Search for loadable plugins [exclusion list=, ]
2024-12-06 14:28:08,382 [INFO] PluginManage:310 - Check plugin analytics
2024-12-06 14:28:08,534 [INFO] AnalyticsPlugin:253 - Accepted Software Licenses: 
2024-12-06 14:28:08,534 [INFO] AnalyticsPlugin:255 - Accepted CMSIS Pack Licenses: 
2024-12-06 14:28:08,534 [INFO] AnalyticsPlugin:257 - Accepted Firmware Licenses: FW.F4.1.28.0
2024-12-06 14:28:08,536 [INFO] PluginManage:359 - Loaded plugin analytics (category:tool,tabindex:-1)
2024-12-06 14:28:08,536 [INFO] PluginManage:310 - Check plugin cadmodel
2024-12-06 14:28:08,539 [INFO] CADModel:105 - Init CAD model plugin
2024-12-06 14:28:08,539 [INFO] PluginManage:359 - Loaded plugin cadmodel (category:power,tabindex:5)
2024-12-06 14:28:08,540 [INFO] PluginManage:310 - Check plugin clock
2024-12-06 14:28:08,548 [INFO] PluginManage:359 - Loaded plugin clock (category:base,tabindex:2)
2024-12-06 14:28:08,549 [INFO] PluginManage:310 - Check plugin ddr
2024-12-06 14:28:08,552 [INFO] PluginManage:359 - Loaded plugin ddr (category:tool,tabindex:6)
2024-12-06 14:28:08,552 [INFO] PluginManage:310 - Check plugin filemanager
2024-12-06 14:28:08,671 [INFO] PluginManage:359 - Loaded plugin filemanager (category:base,tabindex:10)
2024-12-06 14:28:08,671 [INFO] PluginManage:310 - Check plugin ipmanager
2024-12-06 14:28:08,677 [INFO] PluginManage:359 - Loaded plugin ipmanager (category:base,tabindex:5)
2024-12-06 14:28:08,678 [INFO] PluginManage:310 - Check plugin lpbam
2024-12-06 14:28:08,683 [INFO] PluginManage:359 - Loaded plugin lpbam (category:base,tabindex:0)
2024-12-06 14:28:08,684 [INFO] PluginManage:310 - Check plugin memorymap
2024-12-06 14:28:08,691 [INFO] PluginManage:359 - Loaded plugin memorymap (category:base,tabindex:4)
2024-12-06 14:28:08,691 [INFO] PluginManage:310 - Check plugin pinoutandconfiguration
2024-12-06 14:28:08,697 [INFO] PluginManage:359 - Loaded plugin pinoutandconfiguration (category:base,tabindex:1)
2024-12-06 14:28:08,697 [INFO] PluginManage:310 - Check plugin pinoutconfig
2024-12-06 14:28:08,776 [WARN] SupportedApi:132 - Cannot load RTOS API schema: s4s-elt-must-match.1: The content of 'definitions' must match (annotation?, (simpleType | complexType)?, (unique | key | keyref)*)). A problem was found starting at: attribute.
2024-12-06 14:28:08,877 [INFO] PluginManage:359 - Loaded plugin pinoutconfig (category:base,tabindex:0)
2024-12-06 14:28:08,877 [INFO] PluginManage:310 - Check plugin power
2024-12-06 14:28:08,884 [INFO] PluginManage:359 - Loaded plugin power (category:power,tabindex:4)
2024-12-06 14:28:08,884 [INFO] PluginManage:310 - Check plugin projectmanager
2024-12-06 14:28:08,896 [INFO] PluginManage:359 - Loaded plugin projectmanager (category:projectmanager,tabindex:4)
2024-12-06 14:28:08,896 [INFO] PluginManage:310 - Check plugin rif
2024-12-06 14:28:08,899 [INFO] PluginManage:359 - Loaded plugin rif (category:base,tabindex:3)
2024-12-06 14:28:08,900 [INFO] PluginManage:310 - Check plugin thirdparty
2024-12-06 14:28:08,992 [INFO] PluginManage:359 - Loaded plugin thirdparty (category:base,tabindex:-1)
2024-12-06 14:28:08,992 [WARN] IntegrityCheckThread:84 - waiting for thirdparty lock release [integrity check]
2024-12-06 14:28:08,992 [INFO] PluginManage:310 - Check plugin tools
2024-12-06 14:28:08,992 [INFO] IntegrityCheckThread:86 - entering critical section [integrity check]
2024-12-06 14:28:08,993 [INFO] ThirdPartyUpdaterWithRetryManager:70 - Updater plugin not ready yet. [1/15]
2024-12-06 14:28:08,995 [INFO] PluginManage:359 - Loaded plugin tools (category:base,tabindex:7)
2024-12-06 14:28:08,995 [INFO] PluginManage:310 - Check plugin tutovideos
2024-12-06 14:28:09,111 [INFO] PluginManage:359 - Loaded plugin tutovideos (category:base,tabindex:-1)
2024-12-06 14:28:09,112 [INFO] PluginManage:310 - Check plugin updater
2024-12-06 14:28:09,122 [INFO] PluginManage:359 - Loaded plugin updater (category:base,tabindex:12)
2024-12-06 14:28:09,123 [INFO] PluginManage:310 - Check plugin userauth
2024-12-06 14:28:09,127 [INFO] UserAuth:113 - Init User Auth plugin
2024-12-06 14:28:09,127 [INFO] PluginManage:359 - Loaded plugin userauth (category:base,tabindex:14)
2024-12-06 14:28:09,127 [INFO] PluginManage:283 - PluginManage : Loaded plugins [18]
2024-12-06 14:28:09,278 [INFO] PinOutPanel:1561 - setPackage(No Configuration,No Configuration)
2024-12-06 14:28:09,349 [INFO] CADModel:165 - CPN selected for project level
2024-12-06 14:28:09,350 [INFO] CADModel:114 - Register for checkConnection events
2024-12-06 14:28:09,362 [INFO] IPUIPlugin:80 - create IPUIPlugin
2024-12-06 14:28:09,362 [INFO] PluginManager:220 - loadIPPluginJar : add adc
2024-12-06 14:28:09,364 [INFO] IPUIPlugin:80 - create IPUIPlugin
2024-12-06 14:28:09,364 [INFO] PluginManager:220 - loadIPPluginJar : add aes
2024-12-06 14:28:09,366 [INFO] IPUIPlugin:80 - create IPUIPlugin
2024-12-06 14:28:09,366 [INFO] PluginManager:220 - loadIPPluginJar : add can
2024-12-06 14:28:09,367 [INFO] IPUIPlugin:80 - create IPUIPlugin
2024-12-06 14:28:09,367 [INFO] PluginManager:220 - loadIPPluginJar : add comp
2024-12-06 14:28:09,369 [INFO] IPUIPlugin:80 - create IPUIPlugin
2024-12-06 14:28:09,369 [INFO] PluginManager:220 - loadIPPluginJar : add cryp
2024-12-06 14:28:09,370 [INFO] IPUIPlugin:80 - create IPUIPlugin
2024-12-06 14:28:09,370 [INFO] PluginManager:220 - loadIPPluginJar : add ddr_ctrl_phy
2024-12-06 14:28:09,372 [INFO] IPUIPlugin:80 - create IPUIPlugin
2024-12-06 14:28:09,372 [INFO] PluginManager:220 - loadIPPluginJar : add dfsdm
2024-12-06 14:28:09,376 [INFO] IPUIPlugin:80 - create IPUIPlugin
2024-12-06 14:28:09,376 [INFO] PluginManager:220 - loadIPPluginJar : add dma
2024-12-06 14:28:09,378 [INFO] IPUIPlugin:80 - create IPUIPlugin
2024-12-06 14:28:09,378 [INFO] PluginManager:220 - loadIPPluginJar : add dma3
2024-12-06 14:28:09,380 [INFO] IPUIPlugin:80 - create IPUIPlugin
2024-12-06 14:28:09,380 [INFO] PluginManager:220 - loadIPPluginJar : add extmemmanager
2024-12-06 14:28:09,381 [INFO] IPUIPlugin:80 - create IPUIPlugin
2024-12-06 14:28:09,381 [INFO] PluginManager:220 - loadIPPluginJar : add fatfs
2024-12-06 14:28:09,384 [INFO] IPUIPlugin:80 - create IPUIPlugin
2024-12-06 14:28:09,384 [INFO] PluginManager:220 - loadIPPluginJar : add fmc
2024-12-06 14:28:09,388 [INFO] IPUIPlugin:80 - create IPUIPlugin
2024-12-06 14:28:09,388 [INFO] PluginManager:220 - loadIPPluginJar : add freertos
2024-12-06 14:28:09,389 [INFO] IPUIPlugin:80 - create IPUIPlugin
2024-12-06 14:28:09,389 [INFO] PluginManager:220 - loadIPPluginJar : add genericplugin
2024-12-06 14:28:09,390 [INFO] IPUIPlugin:80 - create IPUIPlugin
2024-12-06 14:28:09,390 [INFO] PluginManager:220 - loadIPPluginJar : add gfxmmu
2024-12-06 14:28:09,394 [INFO] IPUIPlugin:80 - create IPUIPlugin
2024-12-06 14:28:09,394 [INFO] PluginManager:220 - loadIPPluginJar : add gic
2024-12-06 14:28:09,397 [INFO] IPUIPlugin:80 - create IPUIPlugin
2024-12-06 14:28:09,397 [INFO] PluginManager:220 - loadIPPluginJar : add gpio
2024-12-06 14:28:09,399 [INFO] IPUIPlugin:80 - create IPUIPlugin
2024-12-06 14:28:09,399 [INFO] PluginManager:220 - loadIPPluginJar : add gtzc
2024-12-06 14:28:09,401 [INFO] IPUIPlugin:80 - create IPUIPlugin
2024-12-06 14:28:09,401 [INFO] PluginManager:220 - loadIPPluginJar : add hash
2024-12-06 14:28:09,404 [INFO] IPUIPlugin:80 - create IPUIPlugin
2024-12-06 14:28:09,404 [INFO] PluginManager:220 - loadIPPluginJar : add i2c
2024-12-06 14:28:09,405 [INFO] IPUIPlugin:80 - create IPUIPlugin
2024-12-06 14:28:09,405 [INFO] PluginManager:220 - loadIPPluginJar : add i2s
2024-12-06 14:28:09,407 [INFO] IPUIPlugin:80 - create IPUIPlugin
2024-12-06 14:28:09,407 [INFO] PluginManager:220 - loadIPPluginJar : add i3c
2024-12-06 14:28:09,409 [INFO] IPUIPlugin:80 - create IPUIPlugin
2024-12-06 14:28:09,409 [INFO] PluginManager:220 - loadIPPluginJar : add ipddr
2024-12-06 14:28:09,414 [INFO] IPUIPlugin:80 - create IPUIPlugin
2024-12-06 14:28:09,414 [INFO] PluginManager:220 - loadIPPluginJar : add linkedlist
2024-12-06 14:28:09,417 [INFO] IPUIPlugin:80 - create IPUIPlugin
2024-12-06 14:28:09,417 [INFO] PluginManager:220 - loadIPPluginJar : add lorawan
2024-12-06 14:28:09,419 [INFO] IPUIPlugin:80 - create IPUIPlugin
2024-12-06 14:28:09,419 [INFO] PluginManager:220 - loadIPPluginJar : add ltdc
2024-12-06 14:28:09,424 [INFO] IPUIPlugin:80 - create IPUIPlugin
2024-12-06 14:28:09,424 [INFO] PluginManager:220 - loadIPPluginJar : add mdma
2024-12-06 14:28:09,427 [INFO] IPUIPlugin:80 - create IPUIPlugin
2024-12-06 14:28:09,428 [INFO] PluginManager:220 - loadIPPluginJar : add nvic
2024-12-06 14:28:09,430 [INFO] IPUIPlugin:80 - create IPUIPlugin
2024-12-06 14:28:09,430 [INFO] PluginManager:220 - loadIPPluginJar : add opamp
2024-12-06 14:28:09,432 [INFO] IPUIPlugin:80 - create IPUIPlugin
2024-12-06 14:28:09,432 [INFO] PluginManager:220 - loadIPPluginJar : add openamp
2024-12-06 14:28:09,436 [INFO] IPUIPlugin:80 - create IPUIPlugin
2024-12-06 14:28:09,436 [INFO] PluginManager:220 - loadIPPluginJar : add pdm2pcm
2024-12-06 14:28:09,440 [INFO] IPUIPlugin:80 - create IPUIPlugin
2024-12-06 14:28:09,441 [INFO] PluginManager:220 - loadIPPluginJar : add plateformsettings
2024-12-06 14:28:09,443 [INFO] IPUIPlugin:80 - create IPUIPlugin
2024-12-06 14:28:09,443 [INFO] PluginManager:220 - loadIPPluginJar : add quadspi
2024-12-06 14:28:09,445 [INFO] IPUIPlugin:80 - create IPUIPlugin
2024-12-06 14:28:09,445 [INFO] PluginManager:220 - loadIPPluginJar : add radio
2024-12-06 14:28:09,448 [INFO] IPUIPlugin:80 - create IPUIPlugin
2024-12-06 14:28:09,448 [INFO] PluginManager:220 - loadIPPluginJar : add resmgrutility
2024-12-06 14:28:09,450 [INFO] IPUIPlugin:80 - create IPUIPlugin
2024-12-06 14:28:09,451 [INFO] PluginManager:220 - loadIPPluginJar : add sai
2024-12-06 14:28:09,452 [INFO] IPUIPlugin:80 - create IPUIPlugin
2024-12-06 14:28:09,452 [INFO] PluginManager:220 - loadIPPluginJar : add spi
2024-12-06 14:28:09,456 [INFO] IPUIPlugin:80 - create IPUIPlugin
2024-12-06 14:28:09,456 [INFO] PluginManager:220 - loadIPPluginJar : add stm32_wpan
2024-12-06 14:28:09,457 [INFO] IPUIPlugin:80 - create IPUIPlugin
2024-12-06 14:28:09,458 [INFO] PluginManager:220 - loadIPPluginJar : add tim
2024-12-06 14:28:09,460 [INFO] IPUIPlugin:80 - create IPUIPlugin
2024-12-06 14:28:09,460 [INFO] PluginManager:220 - loadIPPluginJar : add touchsensing
2024-12-06 14:28:09,461 [INFO] IPUIPlugin:80 - create IPUIPlugin
2024-12-06 14:28:09,461 [INFO] PluginManager:220 - loadIPPluginJar : add tracer_emb
2024-12-06 14:28:09,463 [INFO] IPUIPlugin:80 - create IPUIPlugin
2024-12-06 14:28:09,463 [INFO] PluginManager:220 - loadIPPluginJar : add ts
2024-12-06 14:28:09,464 [INFO] IPUIPlugin:80 - create IPUIPlugin
2024-12-06 14:28:09,464 [INFO] PluginManager:220 - loadIPPluginJar : add tsc
2024-12-06 14:28:09,465 [INFO] IPUIPlugin:80 - create IPUIPlugin
2024-12-06 14:28:09,465 [INFO] PluginManager:220 - loadIPPluginJar : add ucpd
2024-12-06 14:28:09,467 [INFO] IPUIPlugin:80 - create IPUIPlugin
2024-12-06 14:28:09,467 [INFO] PluginManager:220 - loadIPPluginJar : add usart
2024-12-06 14:28:09,470 [INFO] IPUIPlugin:80 - create IPUIPlugin
2024-12-06 14:28:09,470 [INFO] PluginManager:220 - loadIPPluginJar : add usbx
2024-12-06 14:28:09,585 [INFO] CADModel:165 - CPN selected for project level
2024-12-06 14:28:09,585 [INFO] CADModel:114 - Register for checkConnection events
2024-12-06 14:28:09,586 [FATAL] Updater:334 - Updater called before beeing initialized
2024-12-06 14:28:09,586 [ERROR] CADModel:125 - Updater not yet initialized, retry later 
2024-12-06 14:28:09,677 [INFO] CADModel:165 - CPN selected for project level
2024-12-06 14:28:09,677 [INFO] CADModel:114 - Register for checkConnection events
2024-12-06 14:28:09,677 [FATAL] Updater:334 - Updater called before beeing initialized
2024-12-06 14:28:09,677 [ERROR] CADModel:125 - Updater not yet initialized, retry later 
2024-12-06 14:28:09,680 [FATAL] Updater:334 - Updater called before beeing initialized
2024-12-06 14:28:09,767 [FATAL] Updater:334 - Updater called before beeing initialized
2024-12-06 14:28:09,770 [INFO] DbMcusAds:53 - JSON generation date=Fri Sep 20 21:04:38 CST 2024 (1726837478367)
2024-12-06 14:28:09,770 [FATAL] Updater:334 - Updater called before beeing initialized
2024-12-06 14:28:09,796 [WARN] DetailPanel:346 - Failed to get advertising image, set to default
2024-12-06 14:28:09,913 [FATAL] Updater:334 - Updater called before beeing initialized
2024-12-06 14:28:09,914 [FATAL] Updater:334 - Updater called before beeing initialized
2024-12-06 14:28:09,914 [FATAL] Updater:334 - Updater called before beeing initialized
2024-12-06 14:28:09,915 [WARN] DetailPanel:346 - Failed to get advertising image, set to default
2024-12-06 14:28:09,915 [FATAL] Updater:334 - Updater called before beeing initialized
2024-12-06 14:28:09,957 [ERROR] Updater:1164 - MainUpdater not yet initialized. External WinMGr cannot be set.
2024-12-06 14:28:09,959 [INFO] Updater:1100 - Updater Version found : 6.12.1
2024-12-06 14:28:09,970 [INFO] ApplicationProperties:184 - Using Application install path: D:\software\STM32CubeIDE_1.16.1\STM32CubeIDE\plugins\com.st.stm32cube.common.mx_6.12.1.202409122256
2024-12-06 14:28:11,541 [ERROR] LogOutputStream:75 - [STDERR_REDIRECT] Dec 06, 2024 2:28:11 PM java.util.prefs.WindowsPreferences <init>
2024-12-06 14:28:11,542 [ERROR] LogOutputStream:75 - [STDERR_REDIRECT] WARNING: Could not open/create prefs root node Software\JavaSoft\Prefs at root 0xffffffff80000002. Windows RegCreateKeyEx(...) returned error code 5.
2024-12-06 14:28:11,542 [ERROR] LogOutputStream:75 - [STDERR_REDIRECT] 
2024-12-06 14:28:11,931 [INFO] MainUpdater:2873 - connection check result : 10
2024-12-06 14:28:11,932 [INFO] MainUpdater:290 - Updater Check For Update Now.
2024-12-06 14:28:11,932 [INFO] MicroXplorer:498 - Change Database Version : DB.6.0.121
2024-12-06 14:28:11,937 [INFO] McuFinderGlobals:63 - Set McuFinder mode to 2 (CubeIDE integrated)
2024-12-06 14:28:11,938 [INFO] UserAuth:417 - Internet connection configuration mode: 1
2024-12-06 14:28:11,951 [INFO] JxBrowserEngine:152 - Initiate JxBrowser Engine with user profile folder
2024-12-06 14:28:11,993 [WARN] MainUpdater:1194 - Updater busy. Cannot search thirdparties
2024-12-06 14:28:11,993 [INFO] ThirdPartyUpdaterWithRetryManager:96 - Updater plugin is busy. [1/15]
2024-12-06 14:28:12,094 [INFO] CheckServerUpdateThread:120 - End of CheckServer Thread
2024-12-06 14:28:12,642 [INFO] WebApp:167 - Instantiating new browser for Auth
2024-12-06 14:28:13,354 [INFO] WebApp:448 - Apply proxy settings
2024-12-06 14:28:13,354 [INFO] WebApp:533 - Chromium requires no authentication
2024-12-06 14:28:13,361 [INFO] WebApp:476 - Direct internet connection detected
2024-12-06 14:28:13,373 [INFO] WebApp:869 - Register for checkConnection events
2024-12-06 14:28:13,373 [INFO] WebApp:448 - Apply proxy settings
2024-12-06 14:28:13,373 [INFO] WebApp:533 - Chromium requires no authentication
2024-12-06 14:28:13,373 [INFO] WebApp:476 - Direct internet connection detected
2024-12-06 14:28:13,478 [INFO] WebApp:220 - Starting web application
2024-12-06 14:28:13,479 [INFO] WebApp:578 - Web application path used D:\software\STM32CubeIDE_1.16.1\STM32CubeIDE\plugins\com.st.stm32cube.common.mx_6.12.1.202409122256\db\plugins\mcufinder\reactClient1\index.html
2024-12-06 14:28:13,550 [INFO] UserAuth:417 - Internet connection configuration mode: 1
2024-12-06 14:28:15,333 [WARN] PackLoader:240 - Cannot read IP mode file for STMicroelectronics.FP-SNS-MOTENVWB1.1.4.0
2024-12-06 14:28:15,340 [WARN] PackLoader:240 - Cannot read IP mode file for STMicroelectronics.FP-ATR-ASTRA1.2.0.1
2024-12-06 14:28:15,347 [WARN] PackLoader:240 - Cannot read IP mode file for STMicroelectronics.X-CUBE-SMBUS.2.1.0
2024-12-06 14:28:15,355 [WARN] PackLoader:240 - Cannot read IP mode file for STMicroelectronics.X-CUBE-WB05N.1.1.0
2024-12-06 14:28:15,375 [WARN] PackLoader:240 - Cannot read IP mode file for STMicroelectronics.X-CUBE-AZRTOS-F7.1.1.0
2024-12-06 14:28:15,384 [WARN] PackLoader:240 - Cannot read IP mode file for STMicroelectronics.FP-SNS-MOTENV1.4.3.2
2024-12-06 14:28:15,422 [WARN] PackLoader:240 - Cannot read IP mode file for STMicroelectronics.X-CUBE-MEMS1.11.0.0
2024-12-06 14:28:15,543 [WARN] PackLoader:240 - Cannot read IP mode file for STMicroelectronics.X-CUBE-BLE1.6.2.4
2024-12-06 14:28:15,547 [WARN] PackLoader:240 - Cannot read IP mode file for STMicroelectronics.FP-SNS-FLIGHT1.5.0.2
2024-12-06 14:28:15,552 [WARN] PackLoader:240 - Cannot read IP mode file for STMicroelectronics.X-CUBE-DISPLAY.3.0.0
2024-12-06 14:28:15,557 [WARN] PackLoader:240 - Cannot read IP mode file for STMicroelectronics.X-CUBE-BLE1.7.0.0
2024-12-06 14:28:15,563 [WARN] PackLoader:240 - Cannot read IP mode file for STMicroelectronics.X-CUBE-NFC10.1.0.0
2024-12-06 14:28:15,570 [WARN] PackLoader:240 - Cannot read IP mode file for STMicroelectronics.X-CUBE-TOUCHGFX.4.22.0
2024-12-06 14:28:15,573 [WARN] PackLoader:240 - Cannot read IP mode file for STMicroelectronics.X-CUBE-TOUCHGFX.4.22.1
2024-12-06 14:28:15,582 [WARN] PackLoader:240 - Cannot read IP mode file for STMicroelectronics.X-CUBE-BLEMGR.3.1.0
2024-12-06 14:28:15,588 [WARN] PackLoader:240 - Cannot read IP mode file for STMicroelectronics.FP-SNS-SMARTAG2.1.2.0
2024-12-06 14:28:15,598 [INFO] LogOutputStream:77 - [STDOUT_REDIRECT] 1 : Invalid condition id : UX_CORESTACK_Condition cause : null
2024-12-06 14:28:15,598 [INFO] LogOutputStream:77 - [STDOUT_REDIRECT] 1 : Invalid condition id : UX_CORESTACK_Condition cause : null
2024-12-06 14:28:15,599 [INFO] LogOutputStream:77 - [STDOUT_REDIRECT] 1 : Invalid condition id : UX_CORESTACK_Condition cause : null
2024-12-06 14:28:15,601 [INFO] LogOutputStream:77 - [STDOUT_REDIRECT] 1 : Invalid condition id : UX_CORESTACK_Condition cause : null
2024-12-06 14:28:15,602 [INFO] LogOutputStream:77 - [STDOUT_REDIRECT] 1 : Invalid condition id : UX_CORESTACK_Condition cause : null
2024-12-06 14:28:15,603 [WARN] PackLoader:240 - Cannot read IP mode file for STMicroelectronics.X-CUBE-AZRTOS-WL.2.0.0
2024-12-06 14:28:15,608 [WARN] PackLoader:240 - Cannot read IP mode file for STMicroelectronics.FP-SNS-MOTENV1.5.0.0
2024-12-06 14:28:15,615 [WARN] PackLoader:240 - Cannot read IP mode file for wolfSSL.I-CUBE-wolfMQTT.1.19.0
2024-12-06 14:28:15,623 [WARN] PackLoader:240 - Cannot read IP mode file for WES.I-CUBE-Cesium.1.3.0
2024-12-06 14:28:15,627 [WARN] PackLoader:240 - Cannot read IP mode file for STMicroelectronics.X-CUBE-BLE2.3.3.0
2024-12-06 14:28:15,638 [WARN] PackLoader:240 - Cannot read IP mode file for STMicroelectronics.X-CUBE-TOF1.3.2.0
2024-12-06 14:28:15,646 [WARN] PackLoader:240 - Cannot read IP mode file for STMicroelectronics.X-CUBE-NFC9.1.0.0
2024-12-06 14:28:15,651 [WARN] PackLoader:240 - Cannot read IP mode file for STMicroelectronics.X-CUBE-TCPP.4.1.0
2024-12-06 14:28:15,656 [WARN] PackLoader:240 - Cannot read IP mode file for STMicroelectronics.X-CUBE-TOUCHGFX.4.21.1
2024-12-06 14:28:15,676 [WARN] PackLoader:240 - Cannot read IP mode file for STMicroelectronics.X-CUBE-MEMS1.9.4.0
2024-12-06 14:28:15,738 [WARN] PackLoader:240 - Cannot read IP mode file for STMicroelectronics.X-CUBE-AI.7.3.0
2024-12-06 14:28:15,743 [WARN] PackLoader:240 - Cannot read IP mode file for STMicroelectronics.X-CUBE-ALGOBUILD.1.3.0
2024-12-06 14:28:15,758 [WARN] PackLoader:240 - Cannot read IP mode file for STMicroelectronics.X-CUBE-AZRTOS-G0.1.1.0
2024-12-06 14:28:15,767 [WARN] PackLoader:240 - Cannot read IP mode file for STMicroelectronics.X-CUBE-SAFEA1.1.2.2
2024-12-06 14:28:15,774 [WARN] PackLoader:240 - Cannot read IP mode file for STMicroelectronics.X-CUBE-NFC4.3.0.0
2024-12-06 14:28:15,785 [WARN] PackLoader:240 - Cannot read IP mode file for EmbeddedOffice.I-CUBE-FS-RTOS.1.0.1
2024-12-06 14:28:15,792 [ERROR] ConditionMgr:805 - Attr not supported : Dmpu
2024-12-06 14:28:15,792 [ERROR] ConditionMgr:805 - Attr not supported : Dmpu
2024-12-06 14:28:15,792 [ERROR] ConditionMgr:805 - Attr not supported : Dmpu
2024-12-06 14:28:15,792 [ERROR] ConditionMgr:805 - Attr not supported : Dmpu
2024-12-06 14:28:15,792 [ERROR] ConditionMgr:805 - Attr not supported : Dmpu
2024-12-06 14:28:15,792 [ERROR] ConditionMgr:805 - Attr not supported : Dmpu
2024-12-06 14:28:15,792 [ERROR] ConditionMgr:805 - Attr not supported : Dmpu
2024-12-06 14:28:15,792 [ERROR] ConditionMgr:805 - Attr not supported : Dmpu
2024-12-06 14:28:15,793 [ERROR] ConditionMgr:805 - Attr not supported : Dmpu
2024-12-06 14:28:15,793 [ERROR] ConditionMgr:805 - Attr not supported : Dmpu
2024-12-06 14:28:15,793 [ERROR] ConditionMgr:805 - Attr not supported : Dmpu
2024-12-06 14:28:15,793 [ERROR] ConditionMgr:805 - Attr not supported : Dmpu
2024-12-06 14:28:15,793 [ERROR] ConditionMgr:805 - Attr not supported : Dmpu
2024-12-06 14:28:15,793 [ERROR] ConditionMgr:805 - Attr not supported : Dmpu
2024-12-06 14:28:15,793 [ERROR] ConditionMgr:805 - Attr not supported : Dmpu
2024-12-06 14:28:15,793 [ERROR] ConditionMgr:805 - Attr not supported : Dmpu
2024-12-06 14:28:15,793 [ERROR] ConditionMgr:805 - Attr not supported : Dmpu
2024-12-06 14:28:15,793 [ERROR] ConditionMgr:805 - Attr not supported : Dmpu
2024-12-06 14:28:15,793 [ERROR] ConditionMgr:805 - Attr not supported : Dmpu
2024-12-06 14:28:15,793 [ERROR] ConditionMgr:805 - Attr not supported : Dmpu
2024-12-06 14:28:15,793 [ERROR] ConditionMgr:805 - Attr not supported : Dmpu
2024-12-06 14:28:15,793 [ERROR] ConditionMgr:805 - Attr not supported : Dmpu
2024-12-06 14:28:15,793 [ERROR] ConditionMgr:805 - Attr not supported : Dmpu
2024-12-06 14:28:15,793 [ERROR] ConditionMgr:805 - Attr not supported : Dmpu
2024-12-06 14:28:15,793 [ERROR] ConditionMgr:805 - Attr not supported : Dmpu
2024-12-06 14:28:15,794 [ERROR] ConditionMgr:805 - Attr not supported : Dmpu
2024-12-06 14:28:15,794 [ERROR] ConditionMgr:805 - Attr not supported : Dmpu
2024-12-06 14:28:15,794 [ERROR] ConditionMgr:805 - Attr not supported : Dmpu
2024-12-06 14:28:15,794 [ERROR] ConditionMgr:805 - Attr not supported : Dmpu
2024-12-06 14:28:15,794 [ERROR] ConditionMgr:805 - Attr not supported : Dmpu
2024-12-06 14:28:15,794 [ERROR] ConditionMgr:805 - Attr not supported : Dmpu
2024-12-06 14:28:15,794 [ERROR] ConditionMgr:805 - Attr not supported : Dmpu
2024-12-06 14:28:15,794 [ERROR] ConditionMgr:805 - Attr not supported : Dmpu
2024-12-06 14:28:15,794 [ERROR] ConditionMgr:805 - Attr not supported : Dmpu
2024-12-06 14:28:15,794 [ERROR] ConditionMgr:805 - Attr not supported : Dmpu
2024-12-06 14:28:15,794 [ERROR] ConditionMgr:805 - Attr not supported : Dmpu
2024-12-06 14:28:15,794 [ERROR] ConditionMgr:805 - Attr not supported : Dmpu
2024-12-06 14:28:15,794 [ERROR] ConditionMgr:805 - Attr not supported : Dmpu
2024-12-06 14:28:15,794 [ERROR] ConditionMgr:805 - Attr not supported : Dmpu
2024-12-06 14:28:15,794 [ERROR] ConditionMgr:805 - Attr not supported : Dmpu
2024-12-06 14:28:15,794 [ERROR] ConditionMgr:805 - Attr not supported : Dmpu
2024-12-06 14:28:15,794 [ERROR] ConditionMgr:805 - Attr not supported : Dmpu
2024-12-06 14:28:15,795 [ERROR] ConditionMgr:805 - Attr not supported : Dmpu
2024-12-06 14:28:15,795 [ERROR] ConditionMgr:805 - Attr not supported : Dmpu
2024-12-06 14:28:15,795 [ERROR] ConditionMgr:805 - Attr not supported : Dmpu
2024-12-06 14:28:15,795 [ERROR] ConditionMgr:805 - Attr not supported : Dmpu
2024-12-06 14:28:15,795 [ERROR] ConditionMgr:805 - Attr not supported : Dmpu
2024-12-06 14:28:15,795 [ERROR] ConditionMgr:805 - Attr not supported : Dmpu
2024-12-06 14:28:15,795 [ERROR] ConditionMgr:805 - Attr not supported : Dmpu
2024-12-06 14:28:15,795 [ERROR] ConditionMgr:805 - Attr not supported : Dmpu
2024-12-06 14:28:15,795 [ERROR] ConditionMgr:805 - Attr not supported : Dmpu
2024-12-06 14:28:15,795 [ERROR] ConditionMgr:805 - Attr not supported : Dmpu
2024-12-06 14:28:15,795 [ERROR] ConditionMgr:805 - Attr not supported : Dmpu
2024-12-06 14:28:15,795 [ERROR] ConditionMgr:805 - Attr not supported : Dmpu
2024-12-06 14:28:15,795 [ERROR] ConditionMgr:805 - Attr not supported : Dmpu
2024-12-06 14:28:15,795 [ERROR] ConditionMgr:805 - Attr not supported : Dmpu
2024-12-06 14:28:15,795 [ERROR] ConditionMgr:805 - Attr not supported : Dmpu
2024-12-06 14:28:15,795 [ERROR] ConditionMgr:805 - Attr not supported : Dmpu
2024-12-06 14:28:15,795 [ERROR] ConditionMgr:805 - Attr not supported : Dmpu
2024-12-06 14:28:15,795 [ERROR] ConditionMgr:805 - Attr not supported : Dmpu
2024-12-06 14:28:15,795 [ERROR] ConditionMgr:805 - Attr not supported : Dmpu
2024-12-06 14:28:15,796 [ERROR] ConditionMgr:805 - Attr not supported : Dmpu
2024-12-06 14:28:15,796 [ERROR] ConditionMgr:805 - Attr not supported : Dmpu
2024-12-06 14:28:15,796 [ERROR] ConditionMgr:805 - Attr not supported : Dmpu
2024-12-06 14:28:15,801 [WARN] PackLoader:240 - Cannot read IP mode file for STMicroelectronics.X-CUBE-BLEMGR.3.0.0
2024-12-06 14:28:15,809 [WARN] PackLoader:240 - Cannot read IP mode file for STMicroelectronics.X-CUBE-BLEMGR.1.3.0
2024-12-06 14:28:15,816 [WARN] PackLoader:240 - Cannot read IP mode file for RealThread.X-CUBE-RT-Thread_Nano.4.1.1
2024-12-06 14:28:15,820 [WARN] PackLoader:240 - Cannot read IP mode file for STMicroelectronics.FP-ATR-SIGFOX1.3.2.0
2024-12-06 14:28:15,826 [WARN] ConditionMgr:438 - getConditionDescription Invalid condition id : Cortex-A Device cause : null
2024-12-06 14:28:15,837 [WARN] ConditionMgr:1039 - genDependencies : Invalid condition id : Cortex-A Device cause : null
2024-12-06 14:28:15,837 [WARN] ConditionMgr:1039 - genDependencies : Invalid condition id : Cortex-A Device cause : null
2024-12-06 14:28:15,837 [WARN] ConditionMgr:1039 - genDependencies : Invalid condition id : Cortex-A Device cause : null
2024-12-06 14:28:15,842 [WARN] PackLoader:240 - Cannot read IP mode file for STMicroelectronics.X-CUBE-EEPRMA1.5.1.0
2024-12-06 14:28:15,861 [WARN] PackLoader:240 - Cannot read IP mode file for STMicroelectronics.X-CUBE-MEMS1.9.5.0
2024-12-06 14:28:15,956 [WARN] PackLoader:240 - Cannot read IP mode file for SEGGER.I-CUBE-embOS.1.3.1
2024-12-06 14:28:15,983 [WARN] PackLoader:240 - Cannot read IP mode file for STMicroelectronics.X-CUBE-ALGOBUILD.1.4.0
2024-12-06 14:28:15,986 [WARN] PackLoader:240 - Cannot read IP mode file for STMicroelectronics.X-CUBE-AI.9.1.0
2024-12-06 14:28:15,991 [WARN] PackLoader:240 - Cannot read IP mode file for STMicroelectronics.X-CUBE-GNSS1.6.0.0
2024-12-06 14:28:16,006 [WARN] PackLoader:240 - Cannot read IP mode file for STMicroelectronics.X-CUBE-AZRTOS-F4.1.1.0
2024-12-06 14:28:16,014 [WARN] PackLoader:240 - Cannot read IP mode file for STMicroelectronics.X-CUBE-ISPU.2.1.0
2024-12-06 14:28:16,026 [WARN] PackLoader:240 - Cannot read IP mode file for STMicroelectronics.X-CUBE-FREERTOS.1.2.0
2024-12-06 14:28:16,041 [WARN] PackLoader:240 - Cannot read IP mode file for STMicroelectronics.X-CUBE-AZRTOS-L5.2.0.0
2024-12-06 14:28:16,062 [WARN] PackLoader:240 - Cannot read IP mode file for STMicroelectronics.X-CUBE-MEMS1.9.6.0
2024-12-06 14:28:16,131 [WARN] PackLoader:240 - Cannot read IP mode file for STMicroelectronics.X-CUBE-EEPRMA1.4.2.0
2024-12-06 14:28:16,138 [WARN] PackLoader:240 - Cannot read IP mode file for STMicroelectronics.X-CUBE-NFC6.3.1.0
2024-12-06 14:28:16,144 [WARN] PackLoader:240 - Cannot read IP mode file for ITTIA_DB.I-CUBE-ITTIADB.8.8.0
2024-12-06 14:28:16,151 [WARN] PackLoader:240 - Cannot read IP mode file for emotas.I-CUBE-CANOPEN.1.1.3
2024-12-06 14:28:16,157 [WARN] PackLoader:240 - Cannot read IP mode file for STMicroelectronics.X-CUBE-BLEMGR.2.0.0
2024-12-06 14:28:16,163 [WARN] PackLoader:240 - Cannot read IP mode file for STMicroelectronics.X-CUBE-DPower.1.2.0
2024-12-06 14:28:16,169 [WARN] PackLoader:240 - Cannot read IP mode file for STMicroelectronics.X-CUBE-AI.9.0.0
2024-12-06 14:28:16,180 [WARN] ConditionMgr:438 - getConditionDescription Invalid condition id : UX DEVICE CLASS RTOS Condition cause : null
2024-12-06 14:28:16,180 [WARN] ConditionMgr:438 - getConditionDescription Invalid condition id : UX DEVICE CLASS RTOS Condition cause : null
2024-12-06 14:28:16,182 [WARN] PackLoader:240 - Cannot read IP mode file for STMicroelectronics.X-CUBE-AZRTOS-H7.3.1.0
2024-12-06 14:28:16,182 [WARN] ConditionMgr:1039 - genDependencies : Invalid condition id : UX DEVICE CLASS RTOS Condition cause : null
2024-12-06 14:28:16,183 [WARN] ConditionMgr:1039 - genDependencies : Invalid condition id : UX DEVICE CLASS RTOS Condition cause : null
2024-12-06 14:28:16,183 [WARN] ConditionMgr:1039 - genDependencies : Invalid condition id : UX DEVICE CLASS RTOS Condition cause : null
2024-12-06 14:28:16,183 [WARN] ConditionMgr:1039 - genDependencies : Invalid condition id : UX DEVICE CLASS RTOS Condition cause : null
2024-12-06 14:28:16,183 [WARN] ConditionMgr:1039 - genDependencies : Invalid condition id : UX DEVICE CLASS RTOS Condition cause : null
2024-12-06 14:28:16,189 [WARN] PackLoader:240 - Cannot read IP mode file for wolfSSL.I-CUBE-wolfSSL.5.5.4
2024-12-06 14:28:16,195 [WARN] PackLoader:240 - Cannot read IP mode file for STMicroelectronics.X-CUBE-NFC7.1.0.1
2024-12-06 14:28:16,198 [WARN] PackLoader:240 - Cannot read IP mode file for STMicroelectronics.X-CUBE-NFC7.1.0.0
2024-12-06 14:28:16,203 [WARN] PackLoader:240 - Cannot read IP mode file for wolfSSL.I-CUBE-wolfTPM.3.2.0
2024-12-06 14:28:16,208 [WARN] PackLoader:240 - Cannot read IP mode file for STMicroelectronics.X-CUBE-NFC6.3.0.0
2024-12-06 14:28:16,214 [WARN] PackLoader:240 - Cannot read IP mode file for STMicroelectronics.X-CUBE-EEPRMA1.4.1.0
2024-12-06 14:28:16,218 [WARN] PackLoader:240 - Cannot read IP mode file for STMicroelectronics.X-CUBE-AI.8.1.0
2024-12-06 14:28:16,229 [WARN] ConditionMgr:438 - getConditionDescription Invalid condition id : LAN8742 Phy interface Condition cause : null
2024-12-06 14:28:16,229 [WARN] PackLoader:240 - Cannot read IP mode file for STMicroelectronics.X-CUBE-AZRTOS-L4.2.0.0
2024-12-06 14:28:16,230 [WARN] ConditionMgr:1039 - genDependencies : Invalid condition id : LAN8742 Phy interface Condition cause : null
2024-12-06 14:28:16,230 [WARN] ConditionMgr:1039 - genDependencies : Invalid condition id : LAN8742 Phy interface Condition cause : null
2024-12-06 14:28:16,230 [WARN] ConditionMgr:1039 - genDependencies : Invalid condition id : LAN8742 Phy interface Condition cause : null
2024-12-06 14:28:16,239 [WARN] PackLoader:240 - Cannot read IP mode file for STMicroelectronics.X-CUBE-SFXS2LP1.4.0.0
2024-12-06 14:28:16,252 [WARN] PackLoader:240 - Cannot read IP mode file for STMicroelectronics.X-CUBE-AZRTOS-H7.3.0.0
2024-12-06 14:28:16,257 [WARN] PackLoader:240 - Cannot read IP mode file for STMicroelectronics.X-CUBE-ISPU.1.1.0
2024-12-06 14:28:16,270 [WARN] PackLoader:240 - Cannot read IP mode file for STMicroelectronics.X-CUBE-AZRTOS-H7.3.3.0
2024-12-06 14:28:16,280 [WARN] PackLoader:240 - Cannot read IP mode file for RoweBots.I-CUBE-UNISONRTOS.5.5.0-4
2024-12-06 14:28:16,289 [WARN] PackLoader:240 - Cannot read IP mode file for STMicroelectronics.X-CUBE-IPS.3.0.0
2024-12-06 14:28:16,304 [WARN] ConditionMgr:438 - getConditionDescription Invalid condition id : UX DEVICE CLASS RTOS Condition cause : null
2024-12-06 14:28:16,304 [WARN] ConditionMgr:438 - getConditionDescription Invalid condition id : UX DEVICE CLASS RTOS Condition cause : null
2024-12-06 14:28:16,306 [WARN] PackLoader:240 - Cannot read IP mode file for STMicroelectronics.X-CUBE-AZRTOS-WB.2.0.0
2024-12-06 14:28:16,307 [WARN] ConditionMgr:1039 - genDependencies : Invalid condition id : UX DEVICE CLASS RTOS Condition cause : null
2024-12-06 14:28:16,307 [WARN] ConditionMgr:1039 - genDependencies : Invalid condition id : UX DEVICE CLASS RTOS Condition cause : null
2024-12-06 14:28:16,308 [WARN] ConditionMgr:1039 - genDependencies : Invalid condition id : UX DEVICE CLASS RTOS Condition cause : null
2024-12-06 14:28:16,308 [WARN] ConditionMgr:1039 - genDependencies : Invalid condition id : UX DEVICE CLASS RTOS Condition cause : null
2024-12-06 14:28:16,308 [WARN] ConditionMgr:1039 - genDependencies : Invalid condition id : UX DEVICE CLASS RTOS Condition cause : null
2024-12-06 14:28:16,313 [WARN] PackLoader:240 - Cannot read IP mode file for STMicroelectronics.X-CUBE-FREERTOS.1.0.1
2024-12-06 14:28:16,318 [WARN] PackLoader:240 - Cannot read IP mode file for STMicroelectronics.X-CUBE-GNSS1.7.0.0
2024-12-06 14:28:16,324 [WARN] PackLoader:240 - Cannot read IP mode file for STMicroelectronics.FP-SNS-STBOX1.2.0.0
2024-12-06 14:28:16,334 [WARN] PackLoader:240 - Cannot read IP mode file for STMicroelectronics.X-CUBE-AZRTOS-L5.1.1.0
2024-12-06 14:28:16,339 [WARN] PackLoader:240 - Cannot read IP mode file for STMicroelectronics.X-CUBE-AI.8.0.1
2024-12-06 14:28:16,346 [WARN] PackLoader:240 - Cannot read IP mode file for STMicroelectronics.X-CUBE-SUBG2.5.0.0
2024-12-06 14:28:16,354 [WARN] PackLoader:240 - Cannot read IP mode file for Cesanta.I-CUBE-Mongoose.7.13.0
2024-12-06 14:28:16,359 [WARN] PackLoader:240 - Cannot read IP mode file for STMicroelectronics.X-CUBE-TOF1.3.3.1
2024-12-06 14:28:16,374 [WARN] PackLoader:240 - Cannot read IP mode file for STMicroelectronics.X-CUBE-AZRTOS-G4.2.0.0
2024-12-06 14:28:16,378 [WARN] PackLoader:240 - Cannot read IP mode file for STMicroelectronics.FP-ATR-ASTRA1.1.1.1
2024-12-06 14:28:16,388 [WARN] PackLoader:240 - Cannot read IP mode file for Infineon.AIROC-Wi-Fi-Bluetooth-STM32.1.5.1
2024-12-06 14:28:16,392 [WARN] PackLoader:240 - Cannot read IP mode file for STMicroelectronics.FP-SNS-MOTENVWB1.1.3.0
2024-12-06 14:28:16,396 [WARN] PackLoader:240 - Cannot read IP mode file for STMicroelectronics.FP-SNS-MOTENVWB1.1.3.1
2024-12-06 14:28:16,405 [WARN] PackLoader:240 - Cannot read IP mode file for STMicroelectronics.X-CUBE-AZRTOS-G4.1.0.0
2024-12-06 14:28:16,418 [WARN] PackLoader:240 - Cannot read IP mode file for STMicroelectronics.X-CUBE-AZRTOS-L4.1.0.0
2024-12-06 14:28:16,423 [WARN] PackLoader:240 - Cannot read IP mode file for STMicroelectronics.X-CUBE-ISPU.2.0.0
2024-12-06 14:28:16,428 [WARN] PackLoader:240 - Cannot read IP mode file for STMicroelectronics.X-CUBE-ALS.1.0.2
2024-12-06 14:28:16,455 [WARN] PackLoader:240 - Cannot read IP mode file for STMicroelectronics.X-CUBE-MEMS1.10.0.0
2024-12-06 14:28:16,521 [WARN] PackLoader:240 - Cannot read IP mode file for STMicroelectronics.X-CUBE-FREERTOS.1.1.0
2024-12-06 14:28:16,524 [WARN] PackLoader:240 - Cannot read IP mode file for STMicroelectronics.X-CUBE-TOUCHGFX.4.24.0
2024-12-06 14:28:16,530 [WARN] PackLoader:240 - Cannot read IP mode file for STMicroelectronics.X-CUBE-AZRTOS-WL.1.0.0
2024-12-06 14:28:16,533 [WARN] PackLoader:240 - Cannot read IP mode file for STMicroelectronics.X-CUBE-TOUCHGFX.4.24.1
2024-12-06 14:28:16,539 [WARN] PackLoader:240 - Cannot read IP mode file for portGmbH.I-Cube-SoM-uGOAL.1.1.0
2024-12-06 14:28:16,542 [WARN] PackLoader:240 - Cannot read IP mode file for STMicroelectronics.X-CUBE-ALS.1.0.1
2024-12-06 14:28:16,548 [WARN] PackLoader:240 - Cannot read IP mode file for STMicroelectronics.X-CUBE-AZRTOS-WB.1.1.0
2024-12-06 14:28:16,558 [WARN] PackLoader:240 - Cannot read IP mode file for STMicroelectronics.X-CUBE-AZRTOS-H7RS.1.0.0
2024-12-06 14:28:16,562 [WARN] PackLoader:240 - Cannot read IP mode file for STMicroelectronics.FP-ATR-ASTRA1.2.0.0
2024-12-06 14:28:16,568 [WARN] PackLoader:240 - Cannot read IP mode file for STMicroelectronics.X-CUBE-TOF1.3.4.2
2024-12-06 14:28:16,578 [WARN] PackLoader:240 - Cannot read IP mode file for STMicroelectronics.X-CUBE-TOF1.3.4.0
2024-12-06 14:28:16,586 [WARN] PackLoader:240 - Cannot read IP mode file for wolfSSL.I-CUBE-wolfSSH.1.4.17
2024-12-06 14:28:16,587 [INFO] ThirdParty:978 - Integrity check success = true
2024-12-06 14:28:16,587 [INFO] IntegrityCheckThread:100 - exiting critical section [integrity check]
2024-12-06 14:28:16,587 [INFO] IntegrityCheckThread:103 - End integrity checks thread
2024-12-06 14:37:53,898 [INFO] McuFinderGlobals:63 - Set McuFinder mode to 2 (CubeIDE integrated)
2024-12-06 14:37:55,794 [INFO] MainUpdater:2873 - connection check result : 10
2024-12-06 14:37:55,810 [INFO] MainUpdater:2873 - connection check result : 10
2024-12-06 14:37:56,767 [INFO] RulesReader:64 - Compatibility file has been processed (297 Rules)
2024-12-06 14:37:56,777 [INFO] RulesReader:64 - Compatibility file has been processed (297 Rules)
2024-12-06 14:37:56,790 [INFO] MicroXplorer:468 - Change Database Path : 
2024-12-06 14:37:56,790 [INFO] MicroXplorer:498 - Change Database Version : DB.6.0.121
2024-12-06 14:37:56,813 [WARN] ThirdParty:871 - waiting for thirdparty lock release [close project]
2024-12-06 14:37:56,813 [INFO] ThirdParty:873 - entering critical section [close project]
2024-12-06 14:37:56,814 [INFO] ThirdParty:883 - exiting critical section [close project]
2024-12-06 14:37:56,816 [INFO] PinOutPanel:1561 - setPackage(No Configuration,No Configuration)
2024-12-06 14:37:56,820 [INFO] UtilMem:75 - Begin LoadConfig() Used Memory: 693980104 Bytes (1073741824)
2024-12-06 14:37:56,822 [INFO] MicroXplorer:468 - Change Database Path : 
2024-12-06 14:37:56,822 [INFO] MicroXplorer:498 - Change Database Version : DB.6.0.121
2024-12-06 14:37:56,822 [INFO] OpenFileManager:332 - Change cursor
2024-12-06 14:37:56,902 [INFO] Mcu:2032 - Initializing MCU STM32F103C(8-B)Tx STM32F103CBTx STM32F103CBT6
2024-12-06 14:37:57,777 [INFO] Context:742 - Trying to add GPIOservice into a context  which must be forbidden
2024-12-06 14:37:58,091 [INFO] RtosManager:555 - Registered RTOS mode: class=CMSIS, group=RTOS, mode=CMSIS_V1, owner=FREERTOS
2024-12-06 14:37:58,091 [INFO] RtosManager:555 - Registered RTOS mode: class=CMSIS, group=RTOS2, mode=CMSIS_V2, owner=FREERTOS
2024-12-06 14:37:58,091 [INFO] RtosManager:555 - Registered RTOS mode: class=RTOS, group=Core, mode=CMSIS_V1, owner=FREERTOS
2024-12-06 14:37:58,091 [INFO] RtosManager:555 - Registered RTOS mode: class=RTOS, group=Core, mode=CMSIS_V2, owner=FREERTOS
2024-12-06 14:37:58,091 [WARN] ModelIntegratedComponent:184 - Missing modes for component STMicroelectronics:FreeRTOS:0.0.1:STMicroelectronics:RTOS:FreeRTOS:Core:::10.2.0:
2024-12-06 14:37:58,095 [WARN] ModelIntegratedComponent:63 - No mode defined for component null
2024-12-06 14:37:58,095 [WARN] ModelIntegratedComponent:63 - No mode defined for component null
2024-12-06 14:37:58,095 [WARN] ModelIntegratedComponent:63 - No mode defined for component null
2024-12-06 14:37:58,095 [WARN] ModelIntegratedComponent:63 - No mode defined for component null
2024-12-06 14:37:58,095 [WARN] ModelIntegratedComponent:63 - No mode defined for component null
2024-12-06 14:37:58,095 [WARN] ModelIntegratedComponent:63 - No mode defined for component null
2024-12-06 14:37:58,095 [WARN] ModelIntegratedComponent:63 - No mode defined for component null
2024-12-06 14:37:58,095 [WARN] ModelIntegratedComponent:63 - No mode defined for component null
2024-12-06 14:37:58,095 [WARN] ModelIntegratedComponent:63 - No mode defined for component null
2024-12-06 14:37:58,096 [WARN] ModelIntegratedComponent:63 - No mode defined for component null
2024-12-06 14:37:58,096 [WARN] ModelIntegratedComponent:63 - No mode defined for component null
2024-12-06 14:37:58,096 [WARN] ModelIntegratedComponent:63 - No mode defined for component null
2024-12-06 14:37:58,096 [WARN] ModelIntegratedComponent:63 - No mode defined for component null
2024-12-06 14:37:58,096 [WARN] ModelIntegratedComponent:63 - No mode defined for component null
2024-12-06 14:37:58,096 [WARN] ModelIntegratedComponent:63 - No mode defined for component null
2024-12-06 14:37:58,096 [WARN] ModelIntegratedComponent:63 - No mode defined for component null
2024-12-06 14:37:58,096 [WARN] ModelIntegratedComponent:63 - No mode defined for component null
2024-12-06 14:37:58,096 [WARN] ModelIntegratedComponent:63 - No mode defined for component null
2024-12-06 14:37:58,096 [WARN] ModelIntegratedComponent:63 - No mode defined for component null
2024-12-06 14:37:58,096 [WARN] ModelIntegratedComponent:63 - No mode defined for component null
2024-12-06 14:37:58,096 [WARN] ModelIntegratedComponent:63 - No mode defined for component null
2024-12-06 14:37:58,096 [WARN] ModelIntegratedComponent:63 - No mode defined for component null
2024-12-06 14:37:58,096 [WARN] ModelIntegratedComponent:63 - No mode defined for component null
2024-12-06 14:37:58,096 [WARN] ModelIntegratedComponent:63 - No mode defined for component null
2024-12-06 14:37:58,096 [WARN] ModelIntegratedComponent:63 - No mode defined for component null
2024-12-06 14:37:58,096 [WARN] ModelIntegratedComponent:63 - No mode defined for component null
2024-12-06 14:37:58,096 [WARN] ModelIntegratedComponent:63 - No mode defined for component null
2024-12-06 14:37:58,096 [WARN] ModelIntegratedComponent:63 - No mode defined for component null
2024-12-06 14:37:58,096 [WARN] ModelIntegratedComponent:63 - No mode defined for component null
2024-12-06 14:37:58,096 [WARN] ModelIntegratedComponent:63 - No mode defined for component null
2024-12-06 14:37:58,096 [WARN] ModelIntegratedComponent:63 - No mode defined for component null
2024-12-06 14:37:58,096 [WARN] ModelIntegratedComponent:63 - No mode defined for component null
2024-12-06 14:37:58,096 [WARN] ModelIntegratedComponent:63 - No mode defined for component null
2024-12-06 14:37:58,096 [WARN] ModelIntegratedComponent:63 - No mode defined for component null
2024-12-06 14:37:58,096 [WARN] ModelIntegratedComponent:63 - No mode defined for component null
2024-12-06 14:37:58,096 [WARN] ModelPack:524 - Component already loaded: STMicroelectronics:HAL Drivers:0.0.0:STMicroelectronics:Device:STMicro_Driver:XSPI:HAL::0.0.1:HAL_XSPI
2024-12-06 14:37:58,219 [INFO] ThirdPartyModel:298 - Start build external matchings
2024-12-06 14:37:59,241 [INFO] ThirdPartyModel:316 - End build external matchings
2024-12-06 14:37:59,264 [INFO] RtosManager:919 - Current active RTOS is FREERTOS [Cortex-M3NS]
2024-12-06 14:37:59,271 [INFO] ImportTextPane:205 - (OptionalMessage_ERROR) IP (RCC) : Parameter (ADCFreqValue) has invalid value (36000000)
2024-12-06 14:37:59,271 [INFO] ImportTextPane:205 - (OptionalMessage_ERROR) IP (RCC) : Invalid parameter (FamilyName)
2024-12-06 14:37:59,271 [INFO] ImportTextPane:205 - (OptionalMessage_ERROR) IP (RCC) : Parameter (MCOFreq_Value) has invalid value (72000000)
2024-12-06 14:37:59,271 [INFO] ImportTextPane:205 - (OptionalMessage_ERROR) IP (RCC) : Parameter (USBFreq_Value) has invalid value (72000000)
2024-12-06 14:37:59,947 [INFO] ApiDb:581 - Connected to CubeFinder SQLite database (C:\Users\19948\.stmcufinder\plugins\mcufinder\mcu\cube-finder-db.db)
2024-12-06 14:38:00,067 [INFO] ApiDb:668 - CubeFinder database Data Model version=2.1
2024-12-06 14:38:00,067 [INFO] ApiDb:669 - CubeFinder database Configuration version=3.0.39
2024-12-06 14:38:00,068 [INFO] ApiDb:670 - CubeFinder database generation date=2024-10-15 (1729006872)
2024-12-06 14:38:00,068 [INFO] ApiDb:671 - CubeFinder database FW Pack versions=[FP-ATR-ASTRA1_V2.0.0, FP-SNS-FLIGHT1_V5.0.2, FP-SNS-MOTENV1_V5.0.0, FP-SNS-MOTENVWB1_V1.4.0, FP-SNS-SMARTAG2_V1.2.0, FP-SNS-STBOX1_V2.0.0, STM32Cube_FW_C0_V1.2.0, STM32Cube_FW_F4_V1.28.1, STM32Cube_FW_F7_V1.17.2, STM32Cube_FW_G0_V1.6.2, STM32Cube_FW_G4_V1.6.0, STM32Cube_FW_H5_V1.3.0, STM32Cube_FW_H7RS_V1.1.0, STM32Cube_FW_H7_V1.11.2, STM32Cube_FW_L0_V1.12.2, STM32Cube_FW_L5_V1.5.1, STM32Cube_FW_U0_V1.1.0, STM32Cube_FW_U5_V1.6.0, STM32Cube_FW_WB0_V1.0.0, STM32Cube_FW_WBA_V1.4.1, STM32Cube_FW_WB_V1.20.0, STM32Cube_FW_WL_V1.3.0, X-CUBE-ALGOBUILD_V1.4.0, X-CUBE-ALS_V1.0.2, X-CUBE-AZRTOS-F4_V1.1.0, X-CUBE-AZRTOS-F7_V1.1.0, X-CUBE-AZRTOS-G0_V1.1.0, X-CUBE-AZRTOS-G4_V2.0.0, X-CUBE-AZRTOS-H7RS_V1.0.0, X-CUBE-AZRTOS-H7_V3.3.0, X-CUBE-AZRTOS-L4_V2.0.0, X-CUBE-AZRTOS-L5_V2.0.0, X-CUBE-AZRTOS-WB_V2.0.0, X-CUBE-AZRTOS-WL_V2.0.0, X-CUBE-BLE1_V7.0.0, X-CUBE-BLE2_V3.3.0, X-CUBE-BLEMGR_V3.1.0, X-CUBE-EEPRMA1_V5.1.0, X-CUBE-FREERTOS_V1.2.0, X-CUBE-GNSS1_V6.0.0, X-CUBE-MEMS1_V11.0.0, X-CUBE-NFC4_V3.0.0, X-CUBE-NFC7_V1.0.1, X-CUBE-SFXS2LP1_V4.0.0, X-CUBE-SUBG2_V5.0.0, X-CUBE-TOF1_V3.4.2]
2024-12-06 14:38:00,181 [INFO] DbBoardsSqlite:226 - include board P-NUCLEO-WB55-NUCLEO as a kit item of type 'Nucleo-64'
2024-12-06 14:38:00,181 [INFO] DbBoardsSqlite:226 - include board P-NUCLEO-WB55-USBDONGLE as a kit item of type 'Nucleo USB Dongle'
2024-12-06 14:38:00,182 [INFO] DbBoardsSqlite:226 - include board STEVAL-IDP005V1 as a kit item of type 'Evaluation Board'
2024-12-06 14:38:00,182 [INFO] DbBoardsSqlite:226 - include board STEVAL-IDP005V2 as a kit item of type 'Evaluation Board'
2024-12-06 14:38:00,519 [INFO] ApiDb:240 - Found 646 in-development CPN: [B-G473E-ZEST1S, B-WB1M-WPAN1, B-WL5M-SUBG1, NUCLEO-C031C6, NUCLEO-C071RB, NUCLEO-H503RB, NUCLEO-H533RE, NUCLEO-H563ZI, NUCLEO-H7S3L8, NUCLEO-U031R8, NUCLEO-U083RC, NUCLEO-U545RE-Q, NUCLEO-U5A5ZJ-Q, NUCLEO-WB05KZ, NUCLEO-WB07CC, NUCLEO-WB09KE, NUCLEO-WBA52CG, NUCLEO-WBA55CG, STEVAL-PROTEUS1, STEVAL-SMARTAG2, STEVAL-STWINBX1, STM320518-EVAL, STM32C0116-DK, STM32C011D6Y3TR, STM32C011D6Y6TR, STM32C011F4P3, STM32C011F4P6, STM32C011F4U3, STM32C011F4U6TR, STM32C011F6P3, STM32C011F6P6, STM32C011F6U3, STM32C011F6U6TR, STM32C011J4M3, STM32C011J4M6, STM32C011J6M3, STM32C011J6M6, STM32C0316-DK, STM32C031C4T3, STM32C031C4T6, STM32C031C4U3, STM32C031C4U6, STM32C031C6T3, STM32C031C6T6, STM32C031C6U3, STM32C031C6U6, STM32C031F4P3, STM32C031F4P6, STM32C031F6P3, STM32C031F6P6, STM32C031G4U3, STM32C031G4U6, STM32C031G6U3, STM32C031G6U6, STM32C031K4T3, STM32C031K4T6, STM32C031K4U3, STM32C031K4U6, STM32C031K6T3, STM32C031K6T6, STM32C031K6U3, STM32C031K6U6, STM32C071C8T6, STM32C071C8T6N, STM32C071C8U6, STM32C071C8U6N, STM32C071CBT6, STM32C071CBT6N, STM32C071CBU6, STM32C071CBU6N, STM32C071F8P6, STM32C071F8P6N, STM32C071FBP6, STM32C071FBP6N, STM32C071FBY6TR, STM32C071G8U6, STM32C071G8U6N, STM32C071GBU6, STM32C071GBU6N, STM32C071K8T6, STM32C071K8T6N, STM32C071K8U6, STM32C071K8U6N, STM32C071KBT6, STM32C071KBT6N, STM32C071KBU6, STM32C071KBU6N, STM32C071R8T6, STM32C071R8T6N, STM32C071RBI6N, STM32C071RBT6, STM32C071RBT6N, STM32G071K8TXN, STM32G071K8UXN, STM32G081GBU6N, STM32G081KBT6N, STM32G081KBUXN, STM32G0B1CCT6N, STM32G0B1KCT6, STM32G0B1NEY6TR, STM32G0B1RCT6N, STM32G0C1CCT6, STM32G0C1CCT6N, STM32G0C1CCU6N, STM32G0C1CET6N, STM32G0C1CEU6N, STM32G0C1KCT6, STM32G0C1NEY6TR, STM32G0C1RCI6N, STM32G0C1RCT6N, STM32G0C1REI6N, STM32G0C1RET6N, STM32G0C1VCI6, STM32G0C1VEI6, STM32G411C6T3, STM32G411C6T6, STM32G411C6U3, STM32G411C6U6, STM32G411C8T3, STM32G411C8T6, STM32G411C8U3, STM32G411C8U6, STM32G411CBT3, STM32G411CBT6, STM32G411CBU3, STM32G411CBU6, STM32G411K6T3, STM32G411K6T6, STM32G411K6U3, STM32G411K6U6, STM32G411K8T3, STM32G411K8T6, STM32G411K8U3, STM32G411K8U6, STM32G411KBT3, STM32G411KBT6, STM32G411KBU3, STM32G411KBU6, STM32G411M6T3, STM32G411M6T6, STM32G411M8T3, STM32G411M8T6, STM32G411MBT3, STM32G411MBT6, STM32G411R6T3, STM32G411R6T6, STM32G411R8T3, STM32G411R8T6, STM32G411RBT3, STM32G411RBT6, STM32G414CBT3, STM32G414CBT6, STM32G414CBU3, STM32G414CBU6, STM32G414CCT3, STM32G414CCT6, STM32G414CCU3, STM32G414CCU6, STM32G414MBT3, STM32G414MBT6, STM32G414MCT3, STM32G414MCT6, STM32G414RBT3, STM32G414RBT6, STM32G414RCT3, STM32G414RCT6, STM32G414VBT3, STM32G414VBT6, STM32G414VCT3, STM32G414VCT6, STM32G431CBT3Z, STM32G431RBT3Z, STM32G471CCT6, STM32G471CCU6, STM32G471CET3, STM32G471CET6, STM32G471CEU3, STM32G471CEU6, STM32G471MCT6, STM32G471MET3, STM32G471MET6, STM32G471MEY6TR, STM32G471QCT6, STM32G471QET3, STM32G471RCT6, STM32G471RET3, STM32G471RET6, STM32G471VCH6, STM32G471VCI6, STM32G471VCT6, STM32G471VEH3, STM32G471VEH6, STM32G471VEI3, STM32G471VEI6, STM32G471VET3, STM32G471VET6, STM32G473QET3Z, STM32G473RET3Z, STM32G474CCT6, STM32G491RET3Z, STM32H503CBT6, STM32H503CBU6, STM32H503EBY6TR, STM32H503KBU6, STM32H503RBT6, STM32H523CCT6, STM32H523CCU6, STM32H523CET6, STM32H523CEU6, STM32H523HEY6TR, STM32H523RCT6, STM32H523RET6, STM32H523VCI6, STM32H523VCT6, STM32H523VEI6, STM32H523VET6, STM32H523ZCJ6, STM32H523ZCT6, STM32H523ZEJ6, STM32H523ZET6, STM32H533CET6, STM32H533CEU6, STM32H533HEY6TR, STM32H533RET6, STM32H533VEI6, STM32H533VET6, STM32H533ZEJ6, STM32H533ZET6, STM32H562AGI6, STM32H562AII6, STM32H562IGK6, STM32H562IGT6, STM32H562IIK6, STM32H562IIT6, STM32H562RGT6, STM32H562RGV6, STM32H562RIT6, STM32H562RIV6, STM32H562VGT6, STM32H562VIT6, STM32H562ZGT6, STM32H562ZIT6, STM32H563AGI6, STM32H563AII3Q, STM32H563AII6, STM32H563IGK6, STM32H563IGT6, STM32H563IIK3Q, STM32H563IIK6, STM32H563IIT3Q, STM32H563IIT6, STM32H563MIY3QTR, STM32H563RGT6, STM32H563RGV6, STM32H563RIT6, STM32H563RIV6, STM32H563VGT6, STM32H563VIT3Q, STM32H563VIT6, STM32H563ZGT6, STM32H563ZIT3Q, STM32H563ZIT6, STM32H573AII3Q, STM32H573AII6, STM32H573I-DK, STM32H573IIK3Q, STM32H573IIK6, STM32H573IIT3Q, STM32H573IIT6, STM32H573MIY3QTR, STM32H573RIT6, STM32H573RIV6, STM32H573VIT3Q, STM32H573VIT6, STM32H573ZIT3Q, STM32H573ZIT6, STM32H7R3A8I6, STM32H7R3I8K6, STM32H7R3I8T6, STM32H7R3L8H6, STM32H7R3L8H6H, STM32H7R3R8V6, STM32H7R3V8H6, STM32H7R3V8T6, STM32H7R3V8Y6TR, STM32H7R3Z8J6, STM32H7R3Z8T6, STM32H7R7A8I6, STM32H7R7I8K6, STM32H7R7I8T6, STM32H7R7L8H6, STM32H7R7L8H6H, STM32H7R7Z8J6, STM32H7S3A8I6, STM32H7S3I8K6, STM32H7S3I8T6, STM32H7S3L8H6, STM32H7S3L8H6H, STM32H7S3R8V6, STM32H7S3V8H6, STM32H7S3V8T6, STM32H7S3V8Y6TR, STM32H7S3Z8J6, STM32H7S3Z8T6, STM32H7S78-DK, STM32H7S7A8I6, STM32H7S7I8K6, STM32H7S7I8T6, STM32H7S7L8H6, STM32H7S7L8H6H, STM32H7S7Z8J6, STM32L4R5QGI6STR, STM32MP131AAE3, STM32MP131AAF3, STM32MP131AAG3, STM32MP131CAE3, STM32MP131CAF3, STM32MP131CAG3, STM32MP131DAE7, STM32MP131DAF7, STM32MP131DAG7, STM32MP131FAE7, STM32MP131FAF7, STM32MP131FAG7, STM32MP133AAE3, STM32MP133AAF3, STM32MP133AAG3, STM32MP133CAE3, STM32MP133CAF3, STM32MP133CAG3, STM32MP133DAE7, STM32MP133DAF7, STM32MP133DAG7, STM32MP133FAE7, STM32MP133FAF7, STM32MP133FAG7, STM32MP135AAE3, STM32MP135AAF3, STM32MP135AAG3, STM32MP135CAE3, STM32MP135CAF3, STM32MP135CAG3, STM32MP135DAE7, STM32MP135DAF7, STM32MP135DAG7, STM32MP135F-DK, STM32MP135FAE7, STM32MP135FAF7, STM32MP135FAF7T, STM32MP135FAF7U, STM32MP135FAG7, STM32MP251AAI3, STM32MP251AAK3, STM32MP251AAL3, STM32MP251CAI3, STM32MP251CAK3, STM32MP251CAL3, STM32MP251DAI3, STM32MP251DAK3, STM32MP251DAL3, STM32MP251FAI3, STM32MP251FAK3, STM32MP251FAL3, STM32MP253AAI3, STM32MP253AAK3, STM32MP253AAL3, STM32MP253CAI3, STM32MP253CAK3, STM32MP253CAL3, STM32MP253DAI3, STM32MP253DAK3, STM32MP253DAL3, STM32MP253FAI3, STM32MP253FAK3, STM32MP253FAL3, STM32MP255AAI3, STM32MP255AAK3, STM32MP255AAL3, STM32MP255CAI3, STM32MP255CAK3, STM32MP255CAL3, STM32MP255DAI3, STM32MP255DAK3, STM32MP255DAL3, STM32MP255FAI3, STM32MP255FAK3, STM32MP255FAL3, STM32MP257AAI3, STM32MP257AAK3, STM32MP257AAL3, STM32MP257CAI3, STM32MP257CAK3, STM32MP257CAL3, STM32MP257DAI3, STM32MP257DAK3, STM32MP257DAL3, STM32MP257F-DK, STM32MP257F-EV1, STM32MP257FAI3, STM32MP257FAK3, STM32MP257FAL3, STM32U031C6T6, STM32U031C6U6, STM32U031C8T6, STM32U031C8U6, STM32U031F4P6, STM32U031F6P6, STM32U031F8P6, STM32U031G6Y6TR, STM32U031G8Y6TR, STM32U031K4U6, STM32U031K6U6, STM32U031K8U6, STM32U031R6I6, STM32U031R6T6, STM32U031R8I6, STM32U031R8T6, STM32U073C8T6, STM32U073C8U6, STM32U073CBT6, STM32U073CBU6, STM32U073CCT6, STM32U073CCU6, STM32U073H8Y6TR, STM32U073HBY6TR, STM32U073HCY6TR, STM32U073K8U6, STM32U073KBU6, STM32U073KCU6, STM32U073M8I6, STM32U073M8T6, STM32U073MBI6, STM32U073MBT6, STM32U073MCI6, STM32U073MCT6, STM32U073R8I6, STM32U073R8T6, STM32U073RBI6, STM32U073RBT6, STM32U073RCI6, STM32U073RCT6, STM32U083C-DK, STM32U083CCT6, STM32U083CCU6, STM32U083HCY6TR, STM32U083KCU6, STM32U083MCI6, STM32U083MCT6, STM32U083RCI6, STM32U083RCT6, STM32U535CBT6, STM32U535CBT6Q, STM32U535CBU6, STM32U535CBU6Q, STM32U535CCT6, STM32U535CCT6Q, STM32U535CCU6, STM32U535CCU6Q, STM32U535CET6, STM32U535CET6Q, STM32U535CEU6, STM32U535CEU6Q, STM32U535JEY6QTR, STM32U535NCY6QTR, STM32U535NEY6QTR, STM32U535RBI6, STM32U535RBI6Q, STM32U535RBT6, STM32U535RBT6Q, STM32U535RCI6, STM32U535RCI6Q, STM32U535RCT6, STM32U535RCT6Q, STM32U535REI6, STM32U535REI6Q, STM32U535RET6, STM32U535RET6Q, STM32U535VCI6, STM32U535VCI6Q, STM32U535VCT6, STM32U535VCT6Q, STM32U535VEI6, STM32U535VEI6Q, STM32U535VET6, STM32U535VET6Q, STM32U545CET6, STM32U545CET6Q, STM32U545CEU6, STM32U545CEU6Q, STM32U545JEY6QTR, STM32U545NEY6QTR, STM32U545REI6, STM32U545REI6Q, STM32U545RET6, STM32U545RET6Q, STM32U545VEI6, STM32U545VEI6Q, STM32U545VET6, STM32U545VET6Q, STM32U595AIH6, STM32U595AIH6Q, STM32U595AJH6, STM32U595AJH6Q, STM32U595QII6, STM32U595QII6Q, STM32U595QJI6, STM32U595QJI6Q, STM32U595RIT6, STM32U595RIT6Q, STM32U595RJT6, STM32U595RJT6Q, STM32U595VIT6, STM32U595VIT6Q, STM32U595VJT6, STM32U595VJT6Q, STM32U595ZIT6, STM32U595ZIT6Q, STM32U595ZIY6QTR, STM32U595ZJT6, STM32U595ZJT6Q, STM32U595ZJY6QTR, STM32U599BJY6QTR, STM32U599NIH6Q, STM32U599NJH6Q, STM32U599VIT6Q, STM32U599VJT6, STM32U599VJT6Q, STM32U599ZIT6Q, STM32U599ZIY6QTR, STM32U599ZJT6Q, STM32U599ZJY6QTR, STM32U5A5AJH6, STM32U5A5AJH6Q, STM32U5A5QII3Q , STM32U5A5QJI6, STM32U5A5QJI6Q, STM32U5A5RJT6, STM32U5A5RJT6Q, STM32U5A5VJT6, STM32U5A5VJT6Q, STM32U5A5ZJT6, STM32U5A5ZJT6Q, STM32U5A5ZJY6QTR, STM32U5A9BJY6QTR, STM32U5A9J-DK, STM32U5A9NJH6Q, STM32U5A9VJT6Q, STM32U5A9ZJT6Q, STM32U5A9ZJY6QTR, STM32U5F7VIT6, STM32U5F7VIT6Q, STM32U5F7VJT6, STM32U5F7VJT6Q, STM32U5F9BJY6QTR, STM32U5F9NJH6Q, STM32U5F9VIT6Q, STM32U5F9VJT6Q, STM32U5F9ZIJ6QTR, STM32U5F9ZIT6Q, STM32U5F9ZJJ6QTR, STM32U5F9ZJT6Q, STM32U5G7VJT6, STM32U5G7VJT6Q, STM32U5G9BJY6QTR, STM32U5G9J-DK1, STM32U5G9J-DK2, STM32U5G9NJH6Q, STM32U5G9VJT6Q, STM32U5G9ZJJ6QTR, STM32U5G9ZJT6Q, STM32WB05KZV6TR, STM32WB05KZV7TR, STM32WB05TZF6TR, STM32WB05TZF7TR, STM32WB06CCF6TR, STM32WB06CCF7TR, STM32WB06CCV6TR, STM32WB06CCV7TR, STM32WB06KCV6TR, STM32WB06KCV7TR, STM32WB07CCF6TR, STM32WB07CCF7TR, STM32WB07CCV6TR, STM32WB07CCV7TR, STM32WB07KCV6TR, STM32WB07KCV7TR, STM32WB09KEV6TR, STM32WB09KEV7TR, STM32WB09TEF6TR, STM32WB09TEF7TR, STM32WB1MMCH6, STM32WBA50KGU6, STM32WBA50KGU6TR, STM32WBA52CEU6, STM32WBA52CEU6TR, STM32WBA52CEU7, STM32WBA52CEU7TR, STM32WBA52CGU6, STM32WBA52CGU6TR, STM32WBA52CGU6U, STM32WBA52CGU7, STM32WBA52CGU7TR, STM32WBA52KEU6, STM32WBA52KEU6TR, STM32WBA52KGU6, STM32WBA52KGU6TR, STM32WBA54CEU6, STM32WBA54CEU6TR, STM32WBA54CEU7, STM32WBA54CEU7TR, STM32WBA54CGU6, STM32WBA54CGU6TR, STM32WBA54CGU7, STM32WBA54CGU7TR, STM32WBA54KEU6, STM32WBA54KEU6TR, STM32WBA54KEU7, STM32WBA54KEU7TR, STM32WBA54KGU6, STM32WBA54KGU6TR, STM32WBA54KGU7, STM32WBA54KGU7TR, STM32WBA55CEU6, STM32WBA55CEU6TR, STM32WBA55CEU7, STM32WBA55CEU7TR, STM32WBA55CGU6, STM32WBA55CGU6TR, STM32WBA55CGU6U, STM32WBA55CGU7, STM32WBA55CGU7TR, STM32WBA55G-DK1, STM32WBA55HEF6, STM32WBA55HEF7, STM32WBA55HGF6, STM32WBA55HGF7, STM32WBA55UEI6, STM32WBA55UEI6TR, STM32WBA55UEI7, STM32WBA55UEI7TR, STM32WBA55UGI6, STM32WBA55UGI6TR, STM32WBA55UGI7, STM32WBA55UGI7TR, STM32WL5MOCH6, STM32WL5MOCH6TR]
2024-12-06 14:38:06,675 [INFO] BoardInfo:889 - No configuration file found for board P-NUCLEO-WB55
2024-12-06 14:38:06,678 [INFO] DbBoards:161 - Kit is not supported: P-NUCLEO-WB55
2024-12-06 14:38:06,795 [INFO] BoardInfo:889 - No configuration file found for board STEVAL-BFA001V1B
2024-12-06 14:38:06,798 [INFO] DbBoards:161 - Kit is not supported: STEVAL-BFA001V1B
2024-12-06 14:38:06,825 [INFO] BoardInfo:889 - No configuration file found for board STEVAL-BFA001V2B
2024-12-06 14:38:06,828 [INFO] DbBoards:161 - Kit is not supported: STEVAL-BFA001V2B
2024-12-06 14:38:09,946 [INFO] DbBoards:168 - Found 201 boards, 198 are supported
2024-12-06 14:38:09,946 [INFO] DbBoards:169 - Found 201 boards, 25 of them is supported for  Bsp
2024-12-06 14:38:09,948 [INFO] ApiDb:668 - CubeFinder database Data Model version=2.1
2024-12-06 14:38:09,949 [INFO] ApiDb:669 - CubeFinder database Configuration version=3.0.39
2024-12-06 14:38:09,949 [INFO] ApiDb:670 - CubeFinder database generation date=2024-10-15 (1729006872)
2024-12-06 14:38:09,949 [INFO] ApiDb:671 - CubeFinder database FW Pack versions=[FP-ATR-ASTRA1_V2.0.0, FP-SNS-FLIGHT1_V5.0.2, FP-SNS-MOTENV1_V5.0.0, FP-SNS-MOTENVWB1_V1.4.0, FP-SNS-SMARTAG2_V1.2.0, FP-SNS-STBOX1_V2.0.0, STM32Cube_FW_C0_V1.2.0, STM32Cube_FW_F4_V1.28.1, STM32Cube_FW_F7_V1.17.2, STM32Cube_FW_G0_V1.6.2, STM32Cube_FW_G4_V1.6.0, STM32Cube_FW_H5_V1.3.0, STM32Cube_FW_H7RS_V1.1.0, STM32Cube_FW_H7_V1.11.2, STM32Cube_FW_L0_V1.12.2, STM32Cube_FW_L5_V1.5.1, STM32Cube_FW_U0_V1.1.0, STM32Cube_FW_U5_V1.6.0, STM32Cube_FW_WB0_V1.0.0, STM32Cube_FW_WBA_V1.4.1, STM32Cube_FW_WB_V1.20.0, STM32Cube_FW_WL_V1.3.0, X-CUBE-ALGOBUILD_V1.4.0, X-CUBE-ALS_V1.0.2, X-CUBE-AZRTOS-F4_V1.1.0, X-CUBE-AZRTOS-F7_V1.1.0, X-CUBE-AZRTOS-G0_V1.1.0, X-CUBE-AZRTOS-G4_V2.0.0, X-CUBE-AZRTOS-H7RS_V1.0.0, X-CUBE-AZRTOS-H7_V3.3.0, X-CUBE-AZRTOS-L4_V2.0.0, X-CUBE-AZRTOS-L5_V2.0.0, X-CUBE-AZRTOS-WB_V2.0.0, X-CUBE-AZRTOS-WL_V2.0.0, X-CUBE-BLE1_V7.0.0, X-CUBE-BLE2_V3.3.0, X-CUBE-BLEMGR_V3.1.0, X-CUBE-EEPRMA1_V5.1.0, X-CUBE-FREERTOS_V1.2.0, X-CUBE-GNSS1_V6.0.0, X-CUBE-MEMS1_V11.0.0, X-CUBE-NFC4_V3.0.0, X-CUBE-NFC7_V1.0.1, X-CUBE-SFXS2LP1_V4.0.0, X-CUBE-SUBG2_V5.0.0, X-CUBE-TOF1_V3.4.2]
2024-12-06 14:38:11,283 [INFO] ApiDb:240 - Found 646 in-development CPN: [B-G473E-ZEST1S, B-WB1M-WPAN1, B-WL5M-SUBG1, NUCLEO-C031C6, NUCLEO-C071RB, NUCLEO-H503RB, NUCLEO-H533RE, NUCLEO-H563ZI, NUCLEO-H7S3L8, NUCLEO-U031R8, NUCLEO-U083RC, NUCLEO-U545RE-Q, NUCLEO-U5A5ZJ-Q, NUCLEO-WB05KZ, NUCLEO-WB07CC, NUCLEO-WB09KE, NUCLEO-WBA52CG, NUCLEO-WBA55CG, STEVAL-PROTEUS1, STEVAL-SMARTAG2, STEVAL-STWINBX1, STM320518-EVAL, STM32C0116-DK, STM32C011D6Y3TR, STM32C011D6Y6TR, STM32C011F4P3, STM32C011F4P6, STM32C011F4U3, STM32C011F4U6TR, STM32C011F6P3, STM32C011F6P6, STM32C011F6U3, STM32C011F6U6TR, STM32C011J4M3, STM32C011J4M6, STM32C011J6M3, STM32C011J6M6, STM32C0316-DK, STM32C031C4T3, STM32C031C4T6, STM32C031C4U3, STM32C031C4U6, STM32C031C6T3, STM32C031C6T6, STM32C031C6U3, STM32C031C6U6, STM32C031F4P3, STM32C031F4P6, STM32C031F6P3, STM32C031F6P6, STM32C031G4U3, STM32C031G4U6, STM32C031G6U3, STM32C031G6U6, STM32C031K4T3, STM32C031K4T6, STM32C031K4U3, STM32C031K4U6, STM32C031K6T3, STM32C031K6T6, STM32C031K6U3, STM32C031K6U6, STM32C071C8T6, STM32C071C8T6N, STM32C071C8U6, STM32C071C8U6N, STM32C071CBT6, STM32C071CBT6N, STM32C071CBU6, STM32C071CBU6N, STM32C071F8P6, STM32C071F8P6N, STM32C071FBP6, STM32C071FBP6N, STM32C071FBY6TR, STM32C071G8U6, STM32C071G8U6N, STM32C071GBU6, STM32C071GBU6N, STM32C071K8T6, STM32C071K8T6N, STM32C071K8U6, STM32C071K8U6N, STM32C071KBT6, STM32C071KBT6N, STM32C071KBU6, STM32C071KBU6N, STM32C071R8T6, STM32C071R8T6N, STM32C071RBI6N, STM32C071RBT6, STM32C071RBT6N, STM32G071K8TXN, STM32G071K8UXN, STM32G081GBU6N, STM32G081KBT6N, STM32G081KBUXN, STM32G0B1CCT6N, STM32G0B1KCT6, STM32G0B1NEY6TR, STM32G0B1RCT6N, STM32G0C1CCT6, STM32G0C1CCT6N, STM32G0C1CCU6N, STM32G0C1CET6N, STM32G0C1CEU6N, STM32G0C1KCT6, STM32G0C1NEY6TR, STM32G0C1RCI6N, STM32G0C1RCT6N, STM32G0C1REI6N, STM32G0C1RET6N, STM32G0C1VCI6, STM32G0C1VEI6, STM32G411C6T3, STM32G411C6T6, STM32G411C6U3, STM32G411C6U6, STM32G411C8T3, STM32G411C8T6, STM32G411C8U3, STM32G411C8U6, STM32G411CBT3, STM32G411CBT6, STM32G411CBU3, STM32G411CBU6, STM32G411K6T3, STM32G411K6T6, STM32G411K6U3, STM32G411K6U6, STM32G411K8T3, STM32G411K8T6, STM32G411K8U3, STM32G411K8U6, STM32G411KBT3, STM32G411KBT6, STM32G411KBU3, STM32G411KBU6, STM32G411M6T3, STM32G411M6T6, STM32G411M8T3, STM32G411M8T6, STM32G411MBT3, STM32G411MBT6, STM32G411R6T3, STM32G411R6T6, STM32G411R8T3, STM32G411R8T6, STM32G411RBT3, STM32G411RBT6, STM32G414CBT3, STM32G414CBT6, STM32G414CBU3, STM32G414CBU6, STM32G414CCT3, STM32G414CCT6, STM32G414CCU3, STM32G414CCU6, STM32G414MBT3, STM32G414MBT6, STM32G414MCT3, STM32G414MCT6, STM32G414RBT3, STM32G414RBT6, STM32G414RCT3, STM32G414RCT6, STM32G414VBT3, STM32G414VBT6, STM32G414VCT3, STM32G414VCT6, STM32G431CBT3Z, STM32G431RBT3Z, STM32G471CCT6, STM32G471CCU6, STM32G471CET3, STM32G471CET6, STM32G471CEU3, STM32G471CEU6, STM32G471MCT6, STM32G471MET3, STM32G471MET6, STM32G471MEY6TR, STM32G471QCT6, STM32G471QET3, STM32G471RCT6, STM32G471RET3, STM32G471RET6, STM32G471VCH6, STM32G471VCI6, STM32G471VCT6, STM32G471VEH3, STM32G471VEH6, STM32G471VEI3, STM32G471VEI6, STM32G471VET3, STM32G471VET6, STM32G473QET3Z, STM32G473RET3Z, STM32G474CCT6, STM32G491RET3Z, STM32H503CBT6, STM32H503CBU6, STM32H503EBY6TR, STM32H503KBU6, STM32H503RBT6, STM32H523CCT6, STM32H523CCU6, STM32H523CET6, STM32H523CEU6, STM32H523HEY6TR, STM32H523RCT6, STM32H523RET6, STM32H523VCI6, STM32H523VCT6, STM32H523VEI6, STM32H523VET6, STM32H523ZCJ6, STM32H523ZCT6, STM32H523ZEJ6, STM32H523ZET6, STM32H533CET6, STM32H533CEU6, STM32H533HEY6TR, STM32H533RET6, STM32H533VEI6, STM32H533VET6, STM32H533ZEJ6, STM32H533ZET6, STM32H562AGI6, STM32H562AII6, STM32H562IGK6, STM32H562IGT6, STM32H562IIK6, STM32H562IIT6, STM32H562RGT6, STM32H562RGV6, STM32H562RIT6, STM32H562RIV6, STM32H562VGT6, STM32H562VIT6, STM32H562ZGT6, STM32H562ZIT6, STM32H563AGI6, STM32H563AII3Q, STM32H563AII6, STM32H563IGK6, STM32H563IGT6, STM32H563IIK3Q, STM32H563IIK6, STM32H563IIT3Q, STM32H563IIT6, STM32H563MIY3QTR, STM32H563RGT6, STM32H563RGV6, STM32H563RIT6, STM32H563RIV6, STM32H563VGT6, STM32H563VIT3Q, STM32H563VIT6, STM32H563ZGT6, STM32H563ZIT3Q, STM32H563ZIT6, STM32H573AII3Q, STM32H573AII6, STM32H573I-DK, STM32H573IIK3Q, STM32H573IIK6, STM32H573IIT3Q, STM32H573IIT6, STM32H573MIY3QTR, STM32H573RIT6, STM32H573RIV6, STM32H573VIT3Q, STM32H573VIT6, STM32H573ZIT3Q, STM32H573ZIT6, STM32H7R3A8I6, STM32H7R3I8K6, STM32H7R3I8T6, STM32H7R3L8H6, STM32H7R3L8H6H, STM32H7R3R8V6, STM32H7R3V8H6, STM32H7R3V8T6, STM32H7R3V8Y6TR, STM32H7R3Z8J6, STM32H7R3Z8T6, STM32H7R7A8I6, STM32H7R7I8K6, STM32H7R7I8T6, STM32H7R7L8H6, STM32H7R7L8H6H, STM32H7R7Z8J6, STM32H7S3A8I6, STM32H7S3I8K6, STM32H7S3I8T6, STM32H7S3L8H6, STM32H7S3L8H6H, STM32H7S3R8V6, STM32H7S3V8H6, STM32H7S3V8T6, STM32H7S3V8Y6TR, STM32H7S3Z8J6, STM32H7S3Z8T6, STM32H7S78-DK, STM32H7S7A8I6, STM32H7S7I8K6, STM32H7S7I8T6, STM32H7S7L8H6, STM32H7S7L8H6H, STM32H7S7Z8J6, STM32L4R5QGI6STR, STM32MP131AAE3, STM32MP131AAF3, STM32MP131AAG3, STM32MP131CAE3, STM32MP131CAF3, STM32MP131CAG3, STM32MP131DAE7, STM32MP131DAF7, STM32MP131DAG7, STM32MP131FAE7, STM32MP131FAF7, STM32MP131FAG7, STM32MP133AAE3, STM32MP133AAF3, STM32MP133AAG3, STM32MP133CAE3, STM32MP133CAF3, STM32MP133CAG3, STM32MP133DAE7, STM32MP133DAF7, STM32MP133DAG7, STM32MP133FAE7, STM32MP133FAF7, STM32MP133FAG7, STM32MP135AAE3, STM32MP135AAF3, STM32MP135AAG3, STM32MP135CAE3, STM32MP135CAF3, STM32MP135CAG3, STM32MP135DAE7, STM32MP135DAF7, STM32MP135DAG7, STM32MP135F-DK, STM32MP135FAE7, STM32MP135FAF7, STM32MP135FAF7T, STM32MP135FAF7U, STM32MP135FAG7, STM32MP251AAI3, STM32MP251AAK3, STM32MP251AAL3, STM32MP251CAI3, STM32MP251CAK3, STM32MP251CAL3, STM32MP251DAI3, STM32MP251DAK3, STM32MP251DAL3, STM32MP251FAI3, STM32MP251FAK3, STM32MP251FAL3, STM32MP253AAI3, STM32MP253AAK3, STM32MP253AAL3, STM32MP253CAI3, STM32MP253CAK3, STM32MP253CAL3, STM32MP253DAI3, STM32MP253DAK3, STM32MP253DAL3, STM32MP253FAI3, STM32MP253FAK3, STM32MP253FAL3, STM32MP255AAI3, STM32MP255AAK3, STM32MP255AAL3, STM32MP255CAI3, STM32MP255CAK3, STM32MP255CAL3, STM32MP255DAI3, STM32MP255DAK3, STM32MP255DAL3, STM32MP255FAI3, STM32MP255FAK3, STM32MP255FAL3, STM32MP257AAI3, STM32MP257AAK3, STM32MP257AAL3, STM32MP257CAI3, STM32MP257CAK3, STM32MP257CAL3, STM32MP257DAI3, STM32MP257DAK3, STM32MP257DAL3, STM32MP257F-DK, STM32MP257F-EV1, STM32MP257FAI3, STM32MP257FAK3, STM32MP257FAL3, STM32U031C6T6, STM32U031C6U6, STM32U031C8T6, STM32U031C8U6, STM32U031F4P6, STM32U031F6P6, STM32U031F8P6, STM32U031G6Y6TR, STM32U031G8Y6TR, STM32U031K4U6, STM32U031K6U6, STM32U031K8U6, STM32U031R6I6, STM32U031R6T6, STM32U031R8I6, STM32U031R8T6, STM32U073C8T6, STM32U073C8U6, STM32U073CBT6, STM32U073CBU6, STM32U073CCT6, STM32U073CCU6, STM32U073H8Y6TR, STM32U073HBY6TR, STM32U073HCY6TR, STM32U073K8U6, STM32U073KBU6, STM32U073KCU6, STM32U073M8I6, STM32U073M8T6, STM32U073MBI6, STM32U073MBT6, STM32U073MCI6, STM32U073MCT6, STM32U073R8I6, STM32U073R8T6, STM32U073RBI6, STM32U073RBT6, STM32U073RCI6, STM32U073RCT6, STM32U083C-DK, STM32U083CCT6, STM32U083CCU6, STM32U083HCY6TR, STM32U083KCU6, STM32U083MCI6, STM32U083MCT6, STM32U083RCI6, STM32U083RCT6, STM32U535CBT6, STM32U535CBT6Q, STM32U535CBU6, STM32U535CBU6Q, STM32U535CCT6, STM32U535CCT6Q, STM32U535CCU6, STM32U535CCU6Q, STM32U535CET6, STM32U535CET6Q, STM32U535CEU6, STM32U535CEU6Q, STM32U535JEY6QTR, STM32U535NCY6QTR, STM32U535NEY6QTR, STM32U535RBI6, STM32U535RBI6Q, STM32U535RBT6, STM32U535RBT6Q, STM32U535RCI6, STM32U535RCI6Q, STM32U535RCT6, STM32U535RCT6Q, STM32U535REI6, STM32U535REI6Q, STM32U535RET6, STM32U535RET6Q, STM32U535VCI6, STM32U535VCI6Q, STM32U535VCT6, STM32U535VCT6Q, STM32U535VEI6, STM32U535VEI6Q, STM32U535VET6, STM32U535VET6Q, STM32U545CET6, STM32U545CET6Q, STM32U545CEU6, STM32U545CEU6Q, STM32U545JEY6QTR, STM32U545NEY6QTR, STM32U545REI6, STM32U545REI6Q, STM32U545RET6, STM32U545RET6Q, STM32U545VEI6, STM32U545VEI6Q, STM32U545VET6, STM32U545VET6Q, STM32U595AIH6, STM32U595AIH6Q, STM32U595AJH6, STM32U595AJH6Q, STM32U595QII6, STM32U595QII6Q, STM32U595QJI6, STM32U595QJI6Q, STM32U595RIT6, STM32U595RIT6Q, STM32U595RJT6, STM32U595RJT6Q, STM32U595VIT6, STM32U595VIT6Q, STM32U595VJT6, STM32U595VJT6Q, STM32U595ZIT6, STM32U595ZIT6Q, STM32U595ZIY6QTR, STM32U595ZJT6, STM32U595ZJT6Q, STM32U595ZJY6QTR, STM32U599BJY6QTR, STM32U599NIH6Q, STM32U599NJH6Q, STM32U599VIT6Q, STM32U599VJT6, STM32U599VJT6Q, STM32U599ZIT6Q, STM32U599ZIY6QTR, STM32U599ZJT6Q, STM32U599ZJY6QTR, STM32U5A5AJH6, STM32U5A5AJH6Q, STM32U5A5QII3Q , STM32U5A5QJI6, STM32U5A5QJI6Q, STM32U5A5RJT6, STM32U5A5RJT6Q, STM32U5A5VJT6, STM32U5A5VJT6Q, STM32U5A5ZJT6, STM32U5A5ZJT6Q, STM32U5A5ZJY6QTR, STM32U5A9BJY6QTR, STM32U5A9J-DK, STM32U5A9NJH6Q, STM32U5A9VJT6Q, STM32U5A9ZJT6Q, STM32U5A9ZJY6QTR, STM32U5F7VIT6, STM32U5F7VIT6Q, STM32U5F7VJT6, STM32U5F7VJT6Q, STM32U5F9BJY6QTR, STM32U5F9NJH6Q, STM32U5F9VIT6Q, STM32U5F9VJT6Q, STM32U5F9ZIJ6QTR, STM32U5F9ZIT6Q, STM32U5F9ZJJ6QTR, STM32U5F9ZJT6Q, STM32U5G7VJT6, STM32U5G7VJT6Q, STM32U5G9BJY6QTR, STM32U5G9J-DK1, STM32U5G9J-DK2, STM32U5G9NJH6Q, STM32U5G9VJT6Q, STM32U5G9ZJJ6QTR, STM32U5G9ZJT6Q, STM32WB05KZV6TR, STM32WB05KZV7TR, STM32WB05TZF6TR, STM32WB05TZF7TR, STM32WB06CCF6TR, STM32WB06CCF7TR, STM32WB06CCV6TR, STM32WB06CCV7TR, STM32WB06KCV6TR, STM32WB06KCV7TR, STM32WB07CCF6TR, STM32WB07CCF7TR, STM32WB07CCV6TR, STM32WB07CCV7TR, STM32WB07KCV6TR, STM32WB07KCV7TR, STM32WB09KEV6TR, STM32WB09KEV7TR, STM32WB09TEF6TR, STM32WB09TEF7TR, STM32WB1MMCH6, STM32WBA50KGU6, STM32WBA50KGU6TR, STM32WBA52CEU6, STM32WBA52CEU6TR, STM32WBA52CEU7, STM32WBA52CEU7TR, STM32WBA52CGU6, STM32WBA52CGU6TR, STM32WBA52CGU6U, STM32WBA52CGU7, STM32WBA52CGU7TR, STM32WBA52KEU6, STM32WBA52KEU6TR, STM32WBA52KGU6, STM32WBA52KGU6TR, STM32WBA54CEU6, STM32WBA54CEU6TR, STM32WBA54CEU7, STM32WBA54CEU7TR, STM32WBA54CGU6, STM32WBA54CGU6TR, STM32WBA54CGU7, STM32WBA54CGU7TR, STM32WBA54KEU6, STM32WBA54KEU6TR, STM32WBA54KEU7, STM32WBA54KEU7TR, STM32WBA54KGU6, STM32WBA54KGU6TR, STM32WBA54KGU7, STM32WBA54KGU7TR, STM32WBA55CEU6, STM32WBA55CEU6TR, STM32WBA55CEU7, STM32WBA55CEU7TR, STM32WBA55CGU6, STM32WBA55CGU6TR, STM32WBA55CGU6U, STM32WBA55CGU7, STM32WBA55CGU7TR, STM32WBA55G-DK1, STM32WBA55HEF6, STM32WBA55HEF7, STM32WBA55HGF6, STM32WBA55HGF7, STM32WBA55UEI6, STM32WBA55UEI6TR, STM32WBA55UEI7, STM32WBA55UEI7TR, STM32WBA55UGI6, STM32WBA55UGI6TR, STM32WBA55UGI7, STM32WBA55UGI7TR, STM32WL5MOCH6, STM32WL5MOCH6TR]
2024-12-06 14:38:11,285 [INFO] DbMcus:218 - Found 4252 MCUs, 4252 are supported
2024-12-06 14:38:11,286 [INFO] ApiDb:423 - Load user favorites file C:\Users\19948/.stm32cubeide/favorites.mcus.txt: 0 item(s)
2024-12-06 14:38:11,286 [INFO] ApiDb:427 - User favorites MCUs=[]
2024-12-06 14:38:11,286 [INFO] DbMcus:224 - Set 0 / 0 favorites MCUs
2024-12-06 14:38:11,465 [INFO] ApiDb:423 - Load user favorites file C:\Users\19948/.stm32cubeide/favorites.boards.txt: 0 item(s)
2024-12-06 14:38:11,465 [INFO] ApiDb:427 - User favorites Boards=[]
2024-12-06 14:38:11,465 [INFO] DbBoards:198 - Set 0 / 0 favorites Boards
2024-12-06 14:38:11,513 [INFO] UtilMem:75 - End LoadConfig() Used Memory: 805266984 Bytes (1073741824)
2024-12-06 14:38:11,706 [WARN] ThirdParty:833 - waiting for thirdparty lock release [change project]
2024-12-06 14:38:11,706 [INFO] ThirdParty:835 - entering critical section [change project]
2024-12-06 14:38:11,706 [INFO] ThirdParty:1030 - CMSIS Pack Vendor :STMicroelectronics USBPD 4.1
2024-12-06 14:38:11,706 [INFO] ThirdParty:1030 - CMSIS Pack Vendor :STMicroelectronics X-CUBE-GNSS1 6.0.0
2024-12-06 14:38:11,706 [INFO] ThirdParty:1030 - CMSIS Pack Vendor :STMicroelectronics USB_HOST 2.0.0
2024-12-06 14:38:11,706 [INFO] ThirdParty:1030 - CMSIS Pack Vendor :STMicroelectronics FP-SNS-MOTENVWB1 1.4.0
2024-12-06 14:38:11,706 [INFO] ThirdParty:1030 - CMSIS Pack Vendor :STMicroelectronics X-CUBE-AZRTOS-F4 1.1.0
2024-12-06 14:38:11,706 [INFO] ThirdParty:1030 - CMSIS Pack Vendor :STMicroelectronics LIBJPEG 8.0.0
2024-12-06 14:38:11,706 [INFO] ThirdParty:1030 - CMSIS Pack Vendor :STMicroelectronics FP-ATR-ASTRA1 2.0.1
2024-12-06 14:38:11,706 [INFO] ThirdParty:1030 - CMSIS Pack Vendor :STMicroelectronics X-CUBE-SMBUS 2.1.0
2024-12-06 14:38:11,706 [INFO] ThirdParty:1030 - CMSIS Pack Vendor :STMicroelectronics X-CUBE-WB05N 1.1.0
2024-12-06 14:38:11,707 [INFO] ThirdParty:1030 - CMSIS Pack Vendor :STMicroelectronics X-CUBE-ISPU 2.1.0
2024-12-06 14:38:11,707 [INFO] ThirdParty:1030 - CMSIS Pack Vendor :STMicroelectronics X-CUBE-FREERTOS 1.2.0
2024-12-06 14:38:11,707 [INFO] ThirdParty:1030 - CMSIS Pack Vendor :STMicroelectronics X-CUBE-AZRTOS-F7 1.1.0
2024-12-06 14:38:11,707 [INFO] ThirdParty:1030 - CMSIS Pack Vendor :STMicroelectronics X-CUBE-AZRTOS-L5 2.0.0
2024-12-06 14:38:11,707 [INFO] ThirdParty:1030 - CMSIS Pack Vendor :STMicroelectronics USB_DEVICE 2.0.0
2024-12-06 14:38:11,707 [INFO] ThirdParty:1030 - CMSIS Pack Vendor :STMicroelectronics X-CUBE-MEMS1 9.6.0
2024-12-06 14:38:11,707 [INFO] ThirdParty:1030 - CMSIS Pack Vendor :STMicroelectronics X-CUBE-EEPRMA1 4.2.0
2024-12-06 14:38:11,707 [INFO] ThirdParty:1030 - CMSIS Pack Vendor :STMicroelectronics X-CUBE-NFC6 3.1.0
2024-12-06 14:38:11,707 [INFO] ThirdParty:1030 - CMSIS Pack Vendor :ITTIA_DB I-CUBE-ITTIADB 8.8.0
2024-12-06 14:38:11,707 [INFO] ThirdParty:1030 - CMSIS Pack Vendor :STMicroelectronics FP-SNS-MOTENV1 4.3.2
2024-12-06 14:38:11,707 [INFO] ThirdParty:1030 - CMSIS Pack Vendor :STMicroelectronics X-CUBE-MEMS1 11.0.0
2024-12-06 14:38:11,707 [INFO] ThirdParty:1030 - CMSIS Pack Vendor :STMicroelectronics X-CUBE-BLE1 6.2.4
2024-12-06 14:38:11,707 [INFO] ThirdParty:1030 - CMSIS Pack Vendor :STMicroelectronics FreeRTOS 0.0.1
2024-12-06 14:38:11,707 [INFO] ThirdParty:1030 - CMSIS Pack Vendor :emotas I-CUBE-CANOPEN 1.1.3
2024-12-06 14:38:11,707 [INFO] ThirdParty:1030 - CMSIS Pack Vendor :STMicroelectronics X-CUBE-BLEMGR 2.0.0
2024-12-06 14:38:11,707 [INFO] ThirdParty:1030 - CMSIS Pack Vendor :STMicroelectronics X-CUBE-DPower 1.2.0
2024-12-06 14:38:11,707 [INFO] ThirdParty:1030 - CMSIS Pack Vendor :STMicroelectronics FP-SNS-FLIGHT1 5.0.2
2024-12-06 14:38:11,707 [INFO] ThirdParty:1030 - CMSIS Pack Vendor :STMicroelectronics X-CUBE-AI 9.0.0
2024-12-06 14:38:11,707 [INFO] ThirdParty:1030 - CMSIS Pack Vendor :STMicroelectronics X-CUBE-AZRTOS-H7 3.1.0
2024-12-06 14:38:11,707 [INFO] ThirdParty:1030 - CMSIS Pack Vendor :STMicroelectronics PDM2PCM 3.3.0
2024-12-06 14:38:11,707 [INFO] ThirdParty:1030 - CMSIS Pack Vendor :STMicroelectronics X-CUBE-DISPLAY 3.0.0
2024-12-06 14:38:11,707 [INFO] ThirdParty:1030 - CMSIS Pack Vendor :STMicroelectronics X-CUBE-BLE1 7.0.0
2024-12-06 14:38:11,707 [INFO] ThirdParty:1030 - CMSIS Pack Vendor :STMicroelectronics X-CUBE-NFC10 1.0.0
2024-12-06 14:38:11,708 [INFO] ThirdParty:1030 - CMSIS Pack Vendor :wolfSSL I-CUBE-wolfSSL 5.5.4
2024-12-06 14:38:11,708 [INFO] ThirdParty:1030 - CMSIS Pack Vendor :STMicroelectronics HAL Drivers 0.0.0
2024-12-06 14:38:11,708 [INFO] ThirdParty:1030 - CMSIS Pack Vendor :STMicroelectronics X-CUBE-TOUCHGFX 4.22.0
2024-12-06 14:38:11,708 [INFO] ThirdParty:1030 - CMSIS Pack Vendor :STMicroelectronics X-CUBE-NFC7 1.0.1
2024-12-06 14:38:11,708 [INFO] ThirdParty:1030 - CMSIS Pack Vendor :STMicroelectronics MBEDTLS 2.14.1
2024-12-06 14:38:11,708 [INFO] ThirdParty:1030 - CMSIS Pack Vendor :STMicroelectronics X-CUBE-NFC7 1.0.0
2024-12-06 14:38:11,708 [INFO] ThirdParty:1030 - CMSIS Pack Vendor :STMicroelectronics X-CUBE-TOUCHGFX 4.22.1
2024-12-06 14:38:11,708 [INFO] ThirdParty:1030 - CMSIS Pack Vendor :wolfSSL I-CUBE-wolfTPM 3.2.0
2024-12-06 14:38:11,708 [INFO] ThirdParty:1030 - CMSIS Pack Vendor :STMicroelectronics X-CUBE-NFC6 3.0.0
2024-12-06 14:38:11,708 [INFO] ThirdParty:1030 - CMSIS Pack Vendor :STMicroelectronics X-CUBE-EEPRMA1 4.1.0
2024-12-06 14:38:11,708 [INFO] ThirdParty:1030 - CMSIS Pack Vendor :STMicroelectronics X-CUBE-BLEMGR 3.1.0
2024-12-06 14:38:11,708 [INFO] ThirdParty:1030 - CMSIS Pack Vendor :STMicroelectronics FP-SNS-SMARTAG2 1.2.0
2024-12-06 14:38:11,708 [INFO] ThirdParty:1030 - CMSIS Pack Vendor :STMicroelectronics X-CUBE-AZRTOS-WL 2.0.0
2024-12-06 14:38:11,708 [INFO] ThirdParty:1030 - CMSIS Pack Vendor :STMicroelectronics FP-SNS-MOTENV1 5.0.0
2024-12-06 14:38:11,708 [INFO] ThirdParty:1030 - CMSIS Pack Vendor :STMicroelectronics USB_DEVICE 1.0.0
2024-12-06 14:38:11,708 [INFO] ThirdParty:1030 - CMSIS Pack Vendor :STMicroelectronics X-CUBE-AI 8.1.0
2024-12-06 14:38:11,708 [INFO] ThirdParty:1030 - CMSIS Pack Vendor :wolfSSL I-CUBE-wolfMQTT 1.19.0
2024-12-06 14:38:11,708 [INFO] ThirdParty:1030 - CMSIS Pack Vendor :STMicroelectronics X-CUBE-AZRTOS-L4 2.0.0
2024-12-06 14:38:11,708 [INFO] ThirdParty:1030 - CMSIS Pack Vendor :STMicroelectronics ThreadX 0.0.2
2024-12-06 14:38:11,708 [INFO] ThirdParty:1030 - CMSIS Pack Vendor :WES I-CUBE-Cesium 1.3.0
2024-12-06 14:38:11,708 [INFO] ThirdParty:1030 - CMSIS Pack Vendor :STMicroelectronics lwIP 2.1.2
2024-12-06 14:38:11,708 [INFO] ThirdParty:1030 - CMSIS Pack Vendor :STMicroelectronics X-CUBE-SFXS2LP1 4.0.0
2024-12-06 14:38:11,708 [INFO] ThirdParty:1030 - CMSIS Pack Vendor :STMicroelectronics X-CUBE-BLE2 3.3.0
2024-12-06 14:38:11,708 [INFO] ThirdParty:1030 - CMSIS Pack Vendor :STMicroelectronics X-CUBE-TOF1 3.2.0
2024-12-06 14:38:11,708 [INFO] ThirdParty:1030 - CMSIS Pack Vendor :STMicroelectronics PDM2PCM 3.2.0
2024-12-06 14:38:11,708 [INFO] ThirdParty:1030 - CMSIS Pack Vendor :STMicroelectronics X-CUBE-AZRTOS-H7 3.0.0
2024-12-06 14:38:11,708 [INFO] ThirdParty:1030 - CMSIS Pack Vendor :STMicroelectronics X-CUBE-ISPU 1.1.0
2024-12-06 14:38:11,708 [INFO] ThirdParty:1030 - CMSIS Pack Vendor :STMicroelectronics X-CUBE-AZRTOS-H7 3.3.0
2024-12-06 14:38:11,708 [INFO] ThirdParty:1030 - CMSIS Pack Vendor :RoweBots I-CUBE-UNISONRTOS 5.5.0-4
2024-12-06 14:38:11,708 [INFO] ThirdParty:1030 - CMSIS Pack Vendor :STMicroelectronics X-CUBE-NFC9 1.0.0
2024-12-06 14:38:11,708 [INFO] ThirdParty:1030 - CMSIS Pack Vendor :STMicroelectronics USB_DEVICE 3.0.0
2024-12-06 14:38:11,708 [INFO] ThirdParty:1030 - CMSIS Pack Vendor :STMicroelectronics X-CUBE-TCPP 4.1.0
2024-12-06 14:38:11,708 [INFO] ThirdParty:1030 - CMSIS Pack Vendor :STMicroelectronics X-CUBE-IPS 3.0.0
2024-12-06 14:38:11,708 [INFO] ThirdParty:1030 - CMSIS Pack Vendor :STMicroelectronics X-CUBE-AZRTOS-WB 2.0.0
2024-12-06 14:38:11,708 [INFO] ThirdParty:1030 - CMSIS Pack Vendor :STMicroelectronics X-CUBE-FREERTOS 1.0.1
2024-12-06 14:38:11,708 [INFO] ThirdParty:1030 - CMSIS Pack Vendor :STMicroelectronics X-CUBE-TOUCHGFX 4.21.1
2024-12-06 14:38:11,708 [INFO] ThirdParty:1030 - CMSIS Pack Vendor :STMicroelectronics X-CUBE-GNSS1 7.0.0
2024-12-06 14:38:11,708 [INFO] ThirdParty:1030 - CMSIS Pack Vendor :STMicroelectronics X-CUBE-MEMS1 9.4.0
2024-12-06 14:38:11,708 [INFO] ThirdParty:1030 - CMSIS Pack Vendor :STMicroelectronics X-CUBE-AI 7.3.0
2024-12-06 14:38:11,708 [INFO] ThirdParty:1030 - CMSIS Pack Vendor :STMicroelectronics FP-SNS-STBOX1 2.0.0
2024-12-06 14:38:11,708 [INFO] ThirdParty:1030 - CMSIS Pack Vendor :STMicroelectronics X-CUBE-ALGOBUILD 1.3.0
2024-12-06 14:38:11,708 [INFO] ThirdParty:1030 - CMSIS Pack Vendor :STMicroelectronics X-CUBE-AZRTOS-L5 1.1.0
2024-12-06 14:38:11,708 [INFO] ThirdParty:1030 - CMSIS Pack Vendor :STMicroelectronics X-CUBE-AZRTOS-G0 1.1.0
2024-12-06 14:38:11,708 [INFO] ThirdParty:1030 - CMSIS Pack Vendor :STMicroelectronics X-CUBE-AI 8.0.1
2024-12-06 14:38:11,709 [INFO] ThirdParty:1030 - CMSIS Pack Vendor :STMicroelectronics X-CUBE-SAFEA1 1.2.2
2024-12-06 14:38:11,709 [INFO] ThirdParty:1030 - CMSIS Pack Vendor :STMicroelectronics X-CUBE-NFC4 3.0.0
2024-12-06 14:38:11,709 [INFO] ThirdParty:1030 - CMSIS Pack Vendor :STMicroelectronics X-CUBE-SUBG2 5.0.0
2024-12-06 14:38:11,709 [INFO] ThirdParty:1030 - CMSIS Pack Vendor :STMicroelectronics STM32_WPAN 1.0.0
2024-12-06 14:38:11,709 [INFO] ThirdParty:1030 - CMSIS Pack Vendor :EmbeddedOffice I-CUBE-FS-RTOS 1.0.1
2024-12-06 14:38:11,709 [INFO] ThirdParty:1030 - CMSIS Pack Vendor :STMicroelectronics lwIP 2.0.3
2024-12-06 14:38:11,709 [INFO] ThirdParty:1030 - CMSIS Pack Vendor :Cesanta I-CUBE-Mongoose 7.13.0
2024-12-06 14:38:11,709 [INFO] ThirdParty:1030 - CMSIS Pack Vendor :STMicroelectronics USB_HOST 1.0.0
2024-12-06 14:38:11,709 [INFO] ThirdParty:1030 - CMSIS Pack Vendor :STMicroelectronics X-CUBE-TOF1 3.3.1
2024-12-06 14:38:11,709 [INFO] ThirdParty:1030 - CMSIS Pack Vendor :STMicroelectronics X-CUBE-AZRTOS-G4 2.0.0
2024-12-06 14:38:11,709 [INFO] ThirdParty:1030 - CMSIS Pack Vendor :STMicroelectronics PDM2PCM 3.1.0
2024-12-06 14:38:11,709 [INFO] ThirdParty:1030 - CMSIS Pack Vendor :STMicroelectronics FP-ATR-ASTRA1 1.1.1
2024-12-06 14:38:11,709 [INFO] ThirdParty:1030 - CMSIS Pack Vendor :Infineon AIROC-Wi-Fi-Bluetooth-STM32 1.5.1
2024-12-06 14:38:11,709 [INFO] ThirdParty:1030 - CMSIS Pack Vendor :STMicroelectronics X-CUBE-BLEMGR 3.0.0
2024-12-06 14:38:11,709 [INFO] ThirdParty:1030 - CMSIS Pack Vendor :STMicroelectronics X-CUBE-BLEMGR 1.3.0
2024-12-06 14:38:11,709 [INFO] ThirdParty:1030 - CMSIS Pack Vendor :STMicroelectronics FP-SNS-MOTENVWB1 1.3.0
2024-12-06 14:38:11,709 [INFO] ThirdParty:1030 - CMSIS Pack Vendor :RealThread X-CUBE-RT-Thread_Nano 4.1.1
2024-12-06 14:38:11,709 [INFO] ThirdParty:1030 - CMSIS Pack Vendor :STMicroelectronics FP-SNS-MOTENVWB1 1.3.1
2024-12-06 14:38:11,709 [INFO] ThirdParty:1030 - CMSIS Pack Vendor :STMicroelectronics FP-ATR-SIGFOX1 3.2.0
2024-12-06 14:38:11,709 [INFO] ThirdParty:1030 - CMSIS Pack Vendor :STMicroelectronics X-CUBE-AZRTOS-G4 1.0.0
2024-12-06 14:38:11,709 [INFO] ThirdParty:1030 - CMSIS Pack Vendor :STMicroelectronics X-CUBE-AZRTOS-L4 1.0.0
2024-12-06 14:38:11,709 [INFO] ThirdParty:1030 - CMSIS Pack Vendor :quantropi X-CUBE-qispace-sdk-base 1.9.3
2024-12-06 14:38:11,709 [INFO] ThirdParty:1030 - CMSIS Pack Vendor :STMicroelectronics X-CUBE-ISPU 2.0.0
2024-12-06 14:38:11,709 [INFO] ThirdParty:1030 - CMSIS Pack Vendor :STMicroelectronics X-CUBE-EEPRMA1 5.1.0
2024-12-06 14:38:11,709 [INFO] ThirdParty:1030 - CMSIS Pack Vendor :STMicroelectronics MBEDTLS 2.16.2
2024-12-06 14:38:11,709 [INFO] ThirdParty:1030 - CMSIS Pack Vendor :STMicroelectronics X-CUBE-ALS 1.0.2
2024-12-06 14:38:11,709 [INFO] ThirdParty:1030 - CMSIS Pack Vendor :STMicroelectronics X-CUBE-MEMS1 10.0.0
2024-12-06 14:38:11,709 [INFO] ThirdParty:1030 - CMSIS Pack Vendor :STMicroelectronics X-CUBE-FREERTOS 1.1.0
2024-12-06 14:38:11,709 [INFO] ThirdParty:1030 - CMSIS Pack Vendor :STMicroelectronics X-CUBE-TOUCHGFX 4.24.0
2024-12-06 14:38:11,709 [INFO] ThirdParty:1030 - CMSIS Pack Vendor :STMicroelectronics X-CUBE-AZRTOS-WL 1.0.0
2024-12-06 14:38:11,709 [INFO] ThirdParty:1030 - CMSIS Pack Vendor :STMicroelectronics X-CUBE-TOUCHGFX 4.24.1
2024-12-06 14:38:11,709 [INFO] ThirdParty:1030 - CMSIS Pack Vendor :portGmbH I-Cube-SoM-uGOAL 1.1.0
2024-12-06 14:38:11,709 [INFO] ThirdParty:1030 - CMSIS Pack Vendor :STMicroelectronics X-CUBE-ALS 1.0.1
2024-12-06 14:38:11,709 [INFO] ThirdParty:1030 - CMSIS Pack Vendor :STMicroelectronics X-CUBE-MEMS1 9.5.0
2024-12-06 14:38:11,709 [INFO] ThirdParty:1030 - CMSIS Pack Vendor :STMicroelectronics ThreadX 1.0.0
2024-12-06 14:38:11,709 [INFO] ThirdParty:1030 - CMSIS Pack Vendor :STMicroelectronics X-CUBE-AZRTOS-WB 1.1.0
2024-12-06 14:38:11,709 [INFO] ThirdParty:1030 - CMSIS Pack Vendor :SEGGER I-CUBE-embOS 1.3.1
2024-12-06 14:38:11,709 [INFO] ThirdParty:1030 - CMSIS Pack Vendor :STMicroelectronics X-CUBE-ALGOBUILD 1.4.0
2024-12-06 14:38:11,709 [INFO] ThirdParty:1030 - CMSIS Pack Vendor :STMicroelectronics X-CUBE-AZRTOS-H7RS 1.0.0
2024-12-06 14:38:11,709 [INFO] ThirdParty:1030 - CMSIS Pack Vendor :STMicroelectronics FP-ATR-ASTRA1 2.0.0
2024-12-06 14:38:11,709 [INFO] ThirdParty:1030 - CMSIS Pack Vendor :STMicroelectronics X-CUBE-TOF1 3.4.2
2024-12-06 14:38:11,709 [INFO] ThirdParty:1030 - CMSIS Pack Vendor :STMicroelectronics X-CUBE-AI 9.1.0
2024-12-06 14:38:11,709 [INFO] ThirdParty:1030 - CMSIS Pack Vendor :STMicroelectronics X-CUBE-TOF1 3.4.0
2024-12-06 14:38:11,709 [INFO] ThirdParty:1030 - CMSIS Pack Vendor :wolfSSL I-CUBE-wolfSSH 1.4.17
2024-12-06 14:38:11,709 [INFO] ThirdParty:841 - exiting critical section [change project]
2024-12-06 14:38:11,977 [INFO] PinOutPanel:1561 - setPackage(No Configuration,No Configuration)
2024-12-06 14:38:11,978 [INFO] PinOutPanel:1561 - setPackage(STM32F103CBTx,LQFP48)
2024-12-06 14:38:12,413 [INFO] UtilMem:75 - Before build in PCC Used Memory: 638382552 Bytes (1073741824)
2024-12-06 14:38:13,240 [INFO] UtilMem:75 - After build in PCC Used Memory: 696395280 Bytes (1073741824)
2024-12-06 14:38:13,388 [INFO] ApiDbMcu:508 - Load IP Config File for FREERTOS
2024-12-06 14:38:13,407 [INFO] IPUIPlugin:80 - create IPUIPlugin
2024-12-06 14:38:13,407 [INFO] IPUIPlugin:80 - create IPUIPlugin
2024-12-06 14:38:13,407 [INFO] IPUIPlugin:80 - create IPUIPlugin
2024-12-06 14:38:13,407 [INFO] IPUIPlugin:80 - create IPUIPlugin
2024-12-06 14:38:13,407 [INFO] IPUIPlugin:80 - create IPUIPlugin
2024-12-06 14:38:13,407 [INFO] IPUIPlugin:80 - create IPUIPlugin
2024-12-06 14:38:13,407 [INFO] IPUIPlugin:80 - create IPUIPlugin
2024-12-06 14:38:13,407 [INFO] IPUIPlugin:80 - create IPUIPlugin
2024-12-06 14:38:13,407 [INFO] IPUIPlugin:80 - create IPUIPlugin
2024-12-06 14:38:13,408 [INFO] IPUIPlugin:80 - create IPUIPlugin
2024-12-06 14:38:13,408 [INFO] IPUIPlugin:80 - create IPUIPlugin
2024-12-06 14:38:13,408 [INFO] IPUIPlugin:80 - create IPUIPlugin
2024-12-06 14:38:13,408 [INFO] IPUIPlugin:80 - create IPUIPlugin
2024-12-06 14:38:13,408 [INFO] IPUIPlugin:80 - create IPUIPlugin
2024-12-06 14:38:13,408 [INFO] IPUIPlugin:80 - create IPUIPlugin
2024-12-06 14:38:13,408 [INFO] IPUIPlugin:80 - create IPUIPlugin
2024-12-06 14:38:13,409 [INFO] IPUIPlugin:80 - create IPUIPlugin
2024-12-06 14:38:13,409 [INFO] IPUIPlugin:80 - create IPUIPlugin
2024-12-06 14:38:13,409 [INFO] IPUIPlugin:80 - create IPUIPlugin
2024-12-06 14:38:13,409 [INFO] IPUIPlugin:80 - create IPUIPlugin
2024-12-06 14:38:13,409 [INFO] IPUIPlugin:80 - create IPUIPlugin
2024-12-06 14:38:13,409 [INFO] IPUIPlugin:80 - create IPUIPlugin
2024-12-06 14:38:13,410 [INFO] IPUIPlugin:80 - create IPUIPlugin
2024-12-06 14:38:13,410 [INFO] IPUIPlugin:80 - create IPUIPlugin
2024-12-06 14:38:13,410 [INFO] IPUIPlugin:80 - create IPUIPlugin
2024-12-06 14:38:13,410 [INFO] IPUIPlugin:80 - create IPUIPlugin
2024-12-06 14:38:13,410 [INFO] IPUIPlugin:80 - create IPUIPlugin
2024-12-06 14:38:13,478 [WARN] FreeRTOS:1023 - Null or empty value: should not occur! (nothing added to the table)
2024-12-06 14:38:13,705 [INFO] CADModel:165 - CPN selected for project levelSTM32F103CBT6
2024-12-06 14:38:13,705 [INFO] CADModel:114 - Register for checkConnection events
2024-12-06 14:38:13,706 [INFO] RtosManager:697 - Active RTOS found at IOC load: FREERTOS [Cortex-M3NS]
2024-12-06 14:38:13,758 [INFO] OpenFileManager:363 - Restore cursor
2024-12-06 14:38:28,176 [INFO] NvicIntPanel:101 - NVIC parent = com.st.microxplorer.plugins.ip.nvic.MultiNvicIntPanel[,0,0,0x0,invalid,layout=javax.swing.BoxLayout,alignmentX=0.0,alignmentY=0.0,border=,flags=9,maximumSize=,minimumSize=,preferredSize=]
2024-12-06 14:38:29,319 [INFO] UtilMem:75 - End SaveConfig() Used Memory: 808857800 Bytes (1073741824)
2024-12-06 14:38:31,125 [INFO] UtilMem:75 - End SaveConfig() Used Memory: 826673720 Bytes (1073741824)
2024-12-06 14:38:33,445 [INFO] UtilMem:75 - End SaveConfig() Used Memory: 900271872 Bytes (1073741824)
2024-12-06 14:38:33,843 [INFO] BlockDiagram:2766 - set Specific Code input for plugin: NVIC
2024-12-06 14:38:33,844 [INFO] BlockDiagram:2766 - set Specific Code input for plugin: FREERTOS
2024-12-06 14:38:33,844 [INFO] BlockDiagram:2766 - set Specific Code input for plugin: USART
2024-12-06 14:38:33,844 [INFO] BlockDiagram:2766 - set Specific Code input for plugin: USART
2024-12-06 14:38:33,844 [INFO] BlockDiagram:2766 - set Specific Code input for plugin: TIM1_8F1
2024-12-06 14:38:33,844 [INFO] BlockDiagram:2766 - set Specific Code input for plugin: SYS
2024-12-06 14:38:33,844 [INFO] BlockDiagram:2766 - set Specific Code input for plugin: GPIO
2024-12-06 14:38:33,844 [INFO] BlockDiagram:2766 - set Specific Code input for plugin: RCC
2024-12-06 14:38:33,846 [INFO] CodeGenerator:807 - code generatio: config db path: D:\software\STM32CubeIDE_1.16.1\STM32CubeIDE\plugins\com.st.stm32cube.common.mx_6.12.1.202409122256\\db\
2024-12-06 14:38:34,113 [INFO] CodeEngine:255 - oldGeneratedFile, D:\thor_work\2024\MyDemo\day1\untitled\MXTmpFiles\license.tmp_save
2024-12-06 14:38:34,390 [INFO] CodeEngine:279 - Generated code: D:\thor_work\2024\MyDemo\day1\untitled\MXTmpFiles\license.tmp
2024-12-06 14:38:34,542 [INFO] CodeEngine:255 - oldGeneratedFile, D:\thor_work\2024\MyDemo\day1\untitled\MXTmpFiles\gpio.tmp_save
2024-12-06 14:38:34,625 [INFO] CodeEngine:279 - Generated code: D:\thor_work\2024\MyDemo\day1\untitled\MXTmpFiles\gpio.tmp
2024-12-06 14:38:34,898 [INFO] Middleware:1439 - No code input for Bsp Dependency
2024-12-06 14:38:34,908 [INFO] CodeEngine:255 - oldGeneratedFile, D:\thor_work\2024\MyDemo\day1\untitled\MXTmpFiles\rtos_inc.tmp_save
2024-12-06 14:38:34,968 [INFO] CodeEngine:279 - Generated code: D:\thor_work\2024\MyDemo\day1\untitled\MXTmpFiles\rtos_inc.tmp
2024-12-06 14:38:34,973 [INFO] CodeEngine:255 - oldGeneratedFile, D:\thor_work\2024\MyDemo\day1\untitled\MXTmpFiles\rtos_kernelInit.tmp_save
2024-12-06 14:38:35,014 [INFO] CodeEngine:279 - Generated code: D:\thor_work\2024\MyDemo\day1\untitled\MXTmpFiles\rtos_kernelInit.tmp
2024-12-06 14:38:35,019 [INFO] CodeEngine:255 - oldGeneratedFile, D:\thor_work\2024\MyDemo\day1\untitled\MXTmpFiles\rtos_kernelStart.tmp_save
2024-12-06 14:38:35,060 [INFO] CodeEngine:279 - Generated code: D:\thor_work\2024\MyDemo\day1\untitled\MXTmpFiles\rtos_kernelStart.tmp
2024-12-06 14:38:35,092 [INFO] CodeEngine:255 - oldGeneratedFile, D:\thor_work\2024\MyDemo\day1\untitled\MXTmpFiles\rtos_typedefs.tmp_save
2024-12-06 14:38:35,137 [INFO] CodeEngine:279 - Generated code: D:\thor_work\2024\MyDemo\day1\untitled\MXTmpFiles\rtos_typedefs.tmp
2024-12-06 14:38:35,151 [INFO] CodeEngine:255 - oldGeneratedFile, D:\thor_work\2024\MyDemo\day1\untitled\MXTmpFiles\rtos_vars.tmp_save
2024-12-06 14:38:35,193 [INFO] CodeEngine:279 - Generated code: D:\thor_work\2024\MyDemo\day1\untitled\MXTmpFiles\rtos_vars.tmp
2024-12-06 14:38:35,200 [INFO] CodeEngine:255 - oldGeneratedFile, D:\thor_work\2024\MyDemo\day1\untitled\MXTmpFiles\rtos_pfp.tmp_save
2024-12-06 14:38:35,240 [INFO] CodeEngine:279 - Generated code: D:\thor_work\2024\MyDemo\day1\untitled\MXTmpFiles\rtos_pfp.tmp
2024-12-06 14:38:35,254 [INFO] CodeEngine:255 - oldGeneratedFile, D:\thor_work\2024\MyDemo\day1\untitled\MXTmpFiles\rtos_obj_creat.tmp_save
2024-12-06 14:38:35,328 [INFO] CodeEngine:279 - Generated code: D:\thor_work\2024\MyDemo\day1\untitled\MXTmpFiles\rtos_obj_creat.tmp
2024-12-06 14:38:35,365 [INFO] CodeEngine:255 - oldGeneratedFile, D:\thor_work\2024\MyDemo\day1\untitled\MXTmpFiles\rtos_default_thread.tmp_save
2024-12-06 14:38:35,399 [INFO] CodeEngine:279 - Generated code: D:\thor_work\2024\MyDemo\day1\untitled\MXTmpFiles\rtos_default_thread.tmp
2024-12-06 14:38:35,405 [INFO] CodeEngine:255 - oldGeneratedFile, D:\thor_work\2024\MyDemo\day1\untitled\MXTmpFiles\rtos_threads.tmp_save
2024-12-06 14:38:35,444 [INFO] CodeEngine:279 - Generated code: D:\thor_work\2024\MyDemo\day1\untitled\MXTmpFiles\rtos_threads.tmp
2024-12-06 14:38:35,465 [INFO] Middleware:1439 - No code input for Bsp Dependency
2024-12-06 14:38:35,477 [INFO] CodeEngine:255 - oldGeneratedFile, D:\thor_work\2024\MyDemo\day1\untitled\MXTmpFiles\rtos_inc.tmp_save
2024-12-06 14:38:35,515 [INFO] CodeEngine:279 - Generated code: D:\thor_work\2024\MyDemo\day1\untitled\MXTmpFiles\rtos_inc.tmp
2024-12-06 14:38:35,522 [INFO] CodeEngine:255 - oldGeneratedFile, D:\thor_work\2024\MyDemo\day1\untitled\MXTmpFiles\rtos_kernelInit.tmp_save
2024-12-06 14:38:35,561 [INFO] CodeEngine:279 - Generated code: D:\thor_work\2024\MyDemo\day1\untitled\MXTmpFiles\rtos_kernelInit.tmp
2024-12-06 14:38:35,566 [INFO] CodeEngine:255 - oldGeneratedFile, D:\thor_work\2024\MyDemo\day1\untitled\MXTmpFiles\rtos_kernelStart.tmp_save
2024-12-06 14:38:35,608 [INFO] CodeEngine:279 - Generated code: D:\thor_work\2024\MyDemo\day1\untitled\MXTmpFiles\rtos_kernelStart.tmp
2024-12-06 14:38:35,614 [INFO] CodeEngine:255 - oldGeneratedFile, D:\thor_work\2024\MyDemo\day1\untitled\MXTmpFiles\rtos_typedefs.tmp_save
2024-12-06 14:38:35,650 [INFO] CodeEngine:279 - Generated code: D:\thor_work\2024\MyDemo\day1\untitled\MXTmpFiles\rtos_typedefs.tmp
2024-12-06 14:38:35,657 [INFO] CodeEngine:255 - oldGeneratedFile, D:\thor_work\2024\MyDemo\day1\untitled\MXTmpFiles\rtos_vars.tmp_save
2024-12-06 14:38:35,694 [INFO] CodeEngine:279 - Generated code: D:\thor_work\2024\MyDemo\day1\untitled\MXTmpFiles\rtos_vars.tmp
2024-12-06 14:38:35,700 [INFO] CodeEngine:255 - oldGeneratedFile, D:\thor_work\2024\MyDemo\day1\untitled\MXTmpFiles\rtos_pfp.tmp_save
2024-12-06 14:38:35,738 [INFO] CodeEngine:279 - Generated code: D:\thor_work\2024\MyDemo\day1\untitled\MXTmpFiles\rtos_pfp.tmp
2024-12-06 14:38:35,745 [INFO] CodeEngine:255 - oldGeneratedFile, D:\thor_work\2024\MyDemo\day1\untitled\MXTmpFiles\rtos_obj_creat.tmp_save
2024-12-06 14:38:35,784 [INFO] CodeEngine:279 - Generated code: D:\thor_work\2024\MyDemo\day1\untitled\MXTmpFiles\rtos_obj_creat.tmp
2024-12-06 14:38:35,791 [INFO] CodeEngine:255 - oldGeneratedFile, D:\thor_work\2024\MyDemo\day1\untitled\MXTmpFiles\rtos_default_thread.tmp_save
2024-12-06 14:38:35,834 [INFO] CodeEngine:279 - Generated code: D:\thor_work\2024\MyDemo\day1\untitled\MXTmpFiles\rtos_default_thread.tmp
2024-12-06 14:38:35,841 [INFO] CodeEngine:255 - oldGeneratedFile, D:\thor_work\2024\MyDemo\day1\untitled\MXTmpFiles\rtos_threads.tmp_save
2024-12-06 14:38:35,875 [INFO] CodeEngine:279 - Generated code: D:\thor_work\2024\MyDemo\day1\untitled\MXTmpFiles\rtos_threads.tmp
2024-12-06 14:38:35,909 [INFO] CodeEngine:255 - oldGeneratedFile, D:\thor_work\2024\MyDemo\day1\untitled\Core\Inc\FreeRTOSConfig.h_save
2024-12-06 14:38:35,957 [INFO] CodeEngine:279 - Generated code: D:\thor_work\2024\MyDemo\day1\untitled\Core\Inc\FreeRTOSConfig.h
2024-12-06 14:38:35,969 [INFO] CodeEngine:255 - oldGeneratedFile, D:\thor_work\2024\MyDemo\day1\untitled\Core\Src\freertos.c_save
2024-12-06 14:38:36,010 [INFO] CodeEngine:279 - Generated code: D:\thor_work\2024\MyDemo\day1\untitled\Core\Src\freertos.c
2024-12-06 14:38:36,029 [INFO] CodeEngine:255 - oldGeneratedFile, D:\thor_work\2024\MyDemo\day1\untitled\Core\Src\stm32f1xx_it.c_save
2024-12-06 14:38:36,106 [INFO] CodeEngine:279 - Generated code: D:\thor_work\2024\MyDemo\day1\untitled\Core\Src\stm32f1xx_it.c
2024-12-06 14:38:36,113 [INFO] CodeEngine:255 - oldGeneratedFile, D:\thor_work\2024\MyDemo\day1\untitled\Core\Inc\stm32f1xx_it.h_save
2024-12-06 14:38:36,161 [INFO] CodeEngine:279 - Generated code: D:\thor_work\2024\MyDemo\day1\untitled\Core\Inc\stm32f1xx_it.h
2024-12-06 14:38:36,237 [INFO] CodeEngine:255 - oldGeneratedFile, D:\thor_work\2024\MyDemo\day1\untitled\Core\Src\stm32f1xx_hal_msp.c_save
2024-12-06 14:38:36,309 [INFO] CodeEngine:279 - Generated code: D:\thor_work\2024\MyDemo\day1\untitled\Core\Src\stm32f1xx_hal_msp.c
2024-12-06 14:38:36,315 [INFO] CodeEngine:255 - oldGeneratedFile, D:\thor_work\2024\MyDemo\day1\untitled\MXTmpFiles\system.tmp_save
2024-12-06 14:38:36,350 [INFO] CodeEngine:279 - Generated code: D:\thor_work\2024\MyDemo\day1\untitled\MXTmpFiles\system.tmp
2024-12-06 14:38:36,358 [INFO] CodeEngine:255 - oldGeneratedFile, D:\thor_work\2024\MyDemo\day1\untitled\Core\Src\stm32f1xx_hal_timebase_tim.c_save
2024-12-06 14:38:36,402 [INFO] CodeEngine:279 - Generated code: D:\thor_work\2024\MyDemo\day1\untitled\Core\Src\stm32f1xx_hal_timebase_tim.c
2024-12-06 14:38:36,424 [INFO] CodeEngine:311 - oldGeneratedFile, D:\thor_work\2024\MyDemo\day1\untitled\Core\Inc\stm32f1xx_hal_conf.h_save
2024-12-06 14:38:36,466 [INFO] CodeEngine:335 - Generated code: D:\thor_work\2024\MyDemo\day1\untitled\Core\Inc\stm32f1xx_hal_conf.h
2024-12-06 14:38:36,490 [WARN] IPConfigManager:3554 - IP not found : TIM
2024-12-06 14:38:36,520 [WARN] CodeGenerator:4002 - IP not found : null
2024-12-06 14:38:36,531 [INFO] CodeEngine:255 - oldGeneratedFile, D:\thor_work\2024\MyDemo\day1\untitled\Core\Inc\main.h_save
2024-12-06 14:38:36,585 [INFO] CodeEngine:279 - Generated code: D:\thor_work\2024\MyDemo\day1\untitled\Core\Inc\main.h
2024-12-06 14:38:36,594 [INFO] CodeEngine:255 - oldGeneratedFile, D:\thor_work\2024\MyDemo\day1\untitled\Core\Src\main.c_save
2024-12-06 14:38:36,709 [INFO] CodeEngine:279 - Generated code: D:\thor_work\2024\MyDemo\day1\untitled\Core\Src\main.c
2024-12-06 14:38:37,776 [INFO] ProjectBuilder:3249 - Time for Copy HAL[1] : 847mS.
2024-12-06 14:38:37,788 [INFO] ProjectBuilder:4828 - Project Generator version: 4.5.0-B34
2024-12-06 14:38:37,889 [INFO] ConfigFileManager:1531 - The Die is : DIE410
2024-12-06 14:38:37,933 [INFO] ApiDbMcu:508 - Load IP Config File for FATFS
2024-12-06 14:38:37,961 [INFO] ApiDbMcu:508 - Load IP Config File for USB_DEVICE
2024-12-06 14:38:38,547 [INFO] LogOutputStream:77 - [STDOUT_REDIRECT] 
2024-12-06 14:38:40,420 [INFO] ProjectBuilder:5097 - Time for Generating toolchain IDE Files: 2632mS.
2024-12-06 14:38:40,422 [INFO] ProjectBuilder:3107 - Time for Copy CMSIS : 0mS.
2024-12-06 14:38:40,444 [INFO] ProjectBuilder:3107 - Time for Copy CMSIS : 0mS.
2024-12-06 14:57:39,629 [ERROR] LogOutputStream:75 - [STDERR_REDIRECT] 
2024-12-06 14:57:39,630 [ERROR] LogOutputStream:75 - [STDERR_REDIRECT] 
2024-12-06 15:02:20,730 [INFO] Activator:176 - 


2024-12-06 15:02:20,732 [INFO] Activator:177 - !SESSION log4j initialized
2024-12-06 15:02:24,915 [INFO] LogOutputStream:77 - [STDOUT_REDIRECT] 
2024-12-06 15:02:26,808 [INFO] ApplicationProperties:184 - Using Application install path: D:\software\STM32CubeIDE_1.16.1\STM32CubeIDE\plugins\com.st.stm32cube.common.mx_6.12.1.202409122256
2024-12-06 15:02:26,823 [INFO] DbMcusXml:78 - Set database path to: D:\software\STM32CubeIDE_1.16.1\STM32CubeIDE\plugins\com.st.stm32cube.common.mx_6.12.1.202409122256\\db\/mcu/
2024-12-06 15:02:26,823 [INFO] ApiDb:274 - Set plugin database path to: D:\software\STM32CubeIDE_1.16.1\STM32CubeIDE\plugins\com.st.stm32cube.common.mx_6.12.1.202409122256\\db\/plugins/boardmanager/
2024-12-06 15:02:26,823 [WARN] ApiDb:259 - Overriding images path with different value:  => D:\software\STM32CubeIDE_1.16.1\STM32CubeIDE\plugins\com.st.stm32cube.common.mx_6.12.1.202409122256\\db\/plugins/mcufinder/images/
2024-12-06 15:02:26,828 [INFO] ApiDb:250 - Set database path to: C:\Users\19948\.stmcufinder\plugins\mcufinder//mcu/
2024-12-06 15:02:26,829 [INFO] DbMcusAds:125 - Set database path to: C:\Users\19948\.stmcufinder\plugins\mcufinder//mcu/
2024-12-06 15:02:26,830 [INFO] CrossReferenceDbSqlite:203 - Set database path to: C:\Users\19948\.stmcufinder\plugins\mcufinder//mcu/cs/
2024-12-06 15:02:26,906 [INFO] RulesReader:64 - Compatibility file has been processed (297 Rules)
2024-12-06 15:02:26,965 [INFO] DbMcusXml:78 - Set database path to: D:\software\STM32CubeIDE_1.16.1\STM32CubeIDE\plugins\com.st.stm32cube.common.mx_6.12.1.202409122256\\db\/mcu/
2024-12-06 15:02:26,965 [INFO] ApiDb:274 - Set plugin database path to: D:\software\STM32CubeIDE_1.16.1\STM32CubeIDE\plugins\com.st.stm32cube.common.mx_6.12.1.202409122256\\db\/plugins/boardmanager/
2024-12-06 15:02:26,965 [INFO] ApiDb:261 - Set plugin images path to: D:\software\STM32CubeIDE_1.16.1\STM32CubeIDE\plugins\com.st.stm32cube.common.mx_6.12.1.202409122256\\db\/plugins/mcufinder/images/
2024-12-06 15:02:26,965 [WARN] DbFile:41 - Overriding database path with different value: C:\Users\19948\.stmcufinder\plugins\mcufinder/ => C:\Users\19948\.stmcufinder\plugins\mcufinder
2024-12-06 15:02:26,966 [INFO] ApiDb:250 - Set database path to: C:\Users\19948\.stmcufinder\plugins\mcufinder//mcu/
2024-12-06 15:02:26,966 [WARN] DbFile:41 - Overriding database path with different value: C:\Users\19948\.stmcufinder\plugins\mcufinder/ => C:\Users\19948\.stmcufinder\plugins\mcufinder
2024-12-06 15:02:26,966 [INFO] DbMcusAds:125 - Set database path to: C:\Users\19948\.stmcufinder\plugins\mcufinder//mcu/
2024-12-06 15:02:26,966 [WARN] DbFile:41 - Overriding database path with different value: C:\Users\19948\.stmcufinder\plugins\mcufinder/ => C:\Users\19948\.stmcufinder\plugins\mcufinder
2024-12-06 15:02:26,966 [WARN] DbFile:41 - Overriding database path with different value: C:\Users\19948\.stmcufinder\plugins\mcufinder/ => C:\Users\19948\.stmcufinder\plugins\mcufinder
2024-12-06 15:02:26,966 [INFO] CrossReferenceDbSqlite:203 - Set database path to: C:\Users\19948\.stmcufinder\plugins\mcufinder//mcu/cs/
2024-12-06 15:02:27,029 [INFO] MainPanel:268 - HeapMemory: 268435456
2024-12-06 15:02:27,092 [INFO] DbMcusXml:78 - Set database path to: D:\software\STM32CubeIDE_1.16.1\STM32CubeIDE\plugins\com.st.stm32cube.common.mx_6.12.1.202409122256\\db\/mcu/
2024-12-06 15:02:27,092 [INFO] ApiDb:274 - Set plugin database path to: D:\software\STM32CubeIDE_1.16.1\STM32CubeIDE\plugins\com.st.stm32cube.common.mx_6.12.1.202409122256\\db\/plugins/boardmanager/
2024-12-06 15:02:27,092 [INFO] ApiDb:261 - Set plugin images path to: D:\software\STM32CubeIDE_1.16.1\STM32CubeIDE\plugins\com.st.stm32cube.common.mx_6.12.1.202409122256\\db\/plugins/mcufinder/images/
2024-12-06 15:02:27,093 [WARN] DbFile:41 - Overriding database path with different value: C:\Users\19948\.stmcufinder\plugins\mcufinder/ => C:\Users\19948\.stmcufinder\plugins\mcufinder
2024-12-06 15:02:27,093 [INFO] ApiDb:250 - Set database path to: C:\Users\19948\.stmcufinder\plugins\mcufinder//mcu/
2024-12-06 15:02:27,093 [WARN] DbFile:41 - Overriding database path with different value: C:\Users\19948\.stmcufinder\plugins\mcufinder/ => C:\Users\19948\.stmcufinder\plugins\mcufinder
2024-12-06 15:02:27,093 [INFO] DbMcusAds:125 - Set database path to: C:\Users\19948\.stmcufinder\plugins\mcufinder//mcu/
2024-12-06 15:02:27,093 [WARN] DbFile:41 - Overriding database path with different value: C:\Users\19948\.stmcufinder\plugins\mcufinder/ => C:\Users\19948\.stmcufinder\plugins\mcufinder
2024-12-06 15:02:27,093 [WARN] DbFile:41 - Overriding database path with different value: C:\Users\19948\.stmcufinder\plugins\mcufinder/ => C:\Users\19948\.stmcufinder\plugins\mcufinder
2024-12-06 15:02:27,093 [INFO] CrossReferenceDbSqlite:203 - Set database path to: C:\Users\19948\.stmcufinder\plugins\mcufinder//mcu/cs/
2024-12-06 15:02:27,106 [INFO] ApplicationProperties:184 - Using Application install path: D:\software\STM32CubeIDE_1.16.1\STM32CubeIDE\plugins\com.st.stm32cube.common.mx_6.12.1.202409122256
2024-12-06 15:02:27,107 [INFO] PluginManage:196 - Search for loadable plugins [exclusion list=, ]
2024-12-06 15:02:27,109 [INFO] PluginManage:310 - Check plugin analytics
2024-12-06 15:02:27,240 [INFO] AnalyticsPlugin:253 - Accepted Software Licenses: 
2024-12-06 15:02:27,240 [INFO] AnalyticsPlugin:255 - Accepted CMSIS Pack Licenses: 
2024-12-06 15:02:27,240 [INFO] AnalyticsPlugin:257 - Accepted Firmware Licenses: FW.F4.1.28.0
2024-12-06 15:02:27,243 [INFO] PluginManage:359 - Loaded plugin analytics (category:tool,tabindex:-1)
2024-12-06 15:02:27,243 [INFO] PluginManage:310 - Check plugin cadmodel
2024-12-06 15:02:27,246 [INFO] CADModel:105 - Init CAD model plugin
2024-12-06 15:02:27,246 [INFO] PluginManage:359 - Loaded plugin cadmodel (category:power,tabindex:5)
2024-12-06 15:02:27,247 [INFO] PluginManage:310 - Check plugin clock
2024-12-06 15:02:27,254 [INFO] PluginManage:359 - Loaded plugin clock (category:base,tabindex:2)
2024-12-06 15:02:27,254 [INFO] PluginManage:310 - Check plugin ddr
2024-12-06 15:02:27,256 [INFO] PluginManage:359 - Loaded plugin ddr (category:tool,tabindex:6)
2024-12-06 15:02:27,256 [INFO] PluginManage:310 - Check plugin filemanager
2024-12-06 15:02:27,361 [INFO] PluginManage:359 - Loaded plugin filemanager (category:base,tabindex:10)
2024-12-06 15:02:27,361 [INFO] PluginManage:310 - Check plugin ipmanager
2024-12-06 15:02:27,369 [INFO] PluginManage:359 - Loaded plugin ipmanager (category:base,tabindex:5)
2024-12-06 15:02:27,369 [INFO] PluginManage:310 - Check plugin lpbam
2024-12-06 15:02:27,376 [INFO] PluginManage:359 - Loaded plugin lpbam (category:base,tabindex:0)
2024-12-06 15:02:27,376 [INFO] PluginManage:310 - Check plugin memorymap
2024-12-06 15:02:27,386 [INFO] PluginManage:359 - Loaded plugin memorymap (category:base,tabindex:4)
2024-12-06 15:02:27,386 [INFO] PluginManage:310 - Check plugin pinoutandconfiguration
2024-12-06 15:02:27,392 [INFO] PluginManage:359 - Loaded plugin pinoutandconfiguration (category:base,tabindex:1)
2024-12-06 15:02:27,392 [INFO] PluginManage:310 - Check plugin pinoutconfig
2024-12-06 15:02:27,456 [WARN] SupportedApi:132 - Cannot load RTOS API schema: s4s-elt-must-match.1: The content of 'definitions' must match (annotation?, (simpleType | complexType)?, (unique | key | keyref)*)). A problem was found starting at: attribute.
2024-12-06 15:02:27,583 [INFO] PluginManage:359 - Loaded plugin pinoutconfig (category:base,tabindex:0)
2024-12-06 15:02:27,583 [INFO] PluginManage:310 - Check plugin power
2024-12-06 15:02:27,590 [INFO] PluginManage:359 - Loaded plugin power (category:power,tabindex:4)
2024-12-06 15:02:27,590 [INFO] PluginManage:310 - Check plugin projectmanager
2024-12-06 15:02:27,610 [INFO] PluginManage:359 - Loaded plugin projectmanager (category:projectmanager,tabindex:4)
2024-12-06 15:02:27,610 [INFO] PluginManage:310 - Check plugin rif
2024-12-06 15:02:27,614 [INFO] PluginManage:359 - Loaded plugin rif (category:base,tabindex:3)
2024-12-06 15:02:27,615 [INFO] PluginManage:310 - Check plugin thirdparty
2024-12-06 15:02:27,703 [INFO] PluginManage:359 - Loaded plugin thirdparty (category:base,tabindex:-1)
2024-12-06 15:02:27,703 [WARN] IntegrityCheckThread:84 - waiting for thirdparty lock release [integrity check]
2024-12-06 15:02:27,703 [INFO] PluginManage:310 - Check plugin tools
2024-12-06 15:02:27,703 [INFO] IntegrityCheckThread:86 - entering critical section [integrity check]
2024-12-06 15:02:27,703 [INFO] ThirdPartyUpdaterWithRetryManager:70 - Updater plugin not ready yet. [1/15]
2024-12-06 15:02:27,705 [INFO] PluginManage:359 - Loaded plugin tools (category:base,tabindex:7)
2024-12-06 15:02:27,705 [INFO] PluginManage:310 - Check plugin tutovideos
2024-12-06 15:02:27,846 [INFO] PluginManage:359 - Loaded plugin tutovideos (category:base,tabindex:-1)
2024-12-06 15:02:27,846 [INFO] PluginManage:310 - Check plugin updater
2024-12-06 15:02:27,857 [INFO] PluginManage:359 - Loaded plugin updater (category:base,tabindex:12)
2024-12-06 15:02:27,857 [INFO] PluginManage:310 - Check plugin userauth
2024-12-06 15:02:27,861 [INFO] UserAuth:113 - Init User Auth plugin
2024-12-06 15:02:27,861 [INFO] PluginManage:359 - Loaded plugin userauth (category:base,tabindex:14)
2024-12-06 15:02:27,861 [INFO] PluginManage:283 - PluginManage : Loaded plugins [18]
2024-12-06 15:02:28,017 [INFO] PinOutPanel:1561 - setPackage(No Configuration,No Configuration)
2024-12-06 15:02:28,096 [INFO] CADModel:165 - CPN selected for project level
2024-12-06 15:02:28,096 [INFO] CADModel:114 - Register for checkConnection events
2024-12-06 15:02:28,113 [INFO] IPUIPlugin:80 - create IPUIPlugin
2024-12-06 15:02:28,113 [INFO] PluginManager:220 - loadIPPluginJar : add adc
2024-12-06 15:02:28,116 [INFO] IPUIPlugin:80 - create IPUIPlugin
2024-12-06 15:02:28,116 [INFO] PluginManager:220 - loadIPPluginJar : add aes
2024-12-06 15:02:28,118 [INFO] IPUIPlugin:80 - create IPUIPlugin
2024-12-06 15:02:28,118 [INFO] PluginManager:220 - loadIPPluginJar : add can
2024-12-06 15:02:28,119 [INFO] IPUIPlugin:80 - create IPUIPlugin
2024-12-06 15:02:28,120 [INFO] PluginManager:220 - loadIPPluginJar : add comp
2024-12-06 15:02:28,121 [INFO] IPUIPlugin:80 - create IPUIPlugin
2024-12-06 15:02:28,121 [INFO] PluginManager:220 - loadIPPluginJar : add cryp
2024-12-06 15:02:28,123 [INFO] IPUIPlugin:80 - create IPUIPlugin
2024-12-06 15:02:28,123 [INFO] PluginManager:220 - loadIPPluginJar : add ddr_ctrl_phy
2024-12-06 15:02:28,126 [INFO] IPUIPlugin:80 - create IPUIPlugin
2024-12-06 15:02:28,126 [INFO] PluginManager:220 - loadIPPluginJar : add dfsdm
2024-12-06 15:02:28,131 [INFO] IPUIPlugin:80 - create IPUIPlugin
2024-12-06 15:02:28,131 [INFO] PluginManager:220 - loadIPPluginJar : add dma
2024-12-06 15:02:28,133 [INFO] IPUIPlugin:80 - create IPUIPlugin
2024-12-06 15:02:28,133 [INFO] PluginManager:220 - loadIPPluginJar : add dma3
2024-12-06 15:02:28,135 [INFO] IPUIPlugin:80 - create IPUIPlugin
2024-12-06 15:02:28,135 [INFO] PluginManager:220 - loadIPPluginJar : add extmemmanager
2024-12-06 15:02:28,136 [INFO] IPUIPlugin:80 - create IPUIPlugin
2024-12-06 15:02:28,136 [INFO] PluginManager:220 - loadIPPluginJar : add fatfs
2024-12-06 15:02:28,139 [INFO] IPUIPlugin:80 - create IPUIPlugin
2024-12-06 15:02:28,140 [INFO] PluginManager:220 - loadIPPluginJar : add fmc
2024-12-06 15:02:28,144 [INFO] IPUIPlugin:80 - create IPUIPlugin
2024-12-06 15:02:28,144 [INFO] PluginManager:220 - loadIPPluginJar : add freertos
2024-12-06 15:02:28,145 [INFO] IPUIPlugin:80 - create IPUIPlugin
2024-12-06 15:02:28,146 [INFO] PluginManager:220 - loadIPPluginJar : add genericplugin
2024-12-06 15:02:28,147 [INFO] IPUIPlugin:80 - create IPUIPlugin
2024-12-06 15:02:28,147 [INFO] PluginManager:220 - loadIPPluginJar : add gfxmmu
2024-12-06 15:02:28,151 [INFO] IPUIPlugin:80 - create IPUIPlugin
2024-12-06 15:02:28,151 [INFO] PluginManager:220 - loadIPPluginJar : add gic
2024-12-06 15:02:28,153 [INFO] IPUIPlugin:80 - create IPUIPlugin
2024-12-06 15:02:28,154 [INFO] PluginManager:220 - loadIPPluginJar : add gpio
2024-12-06 15:02:28,156 [INFO] IPUIPlugin:80 - create IPUIPlugin
2024-12-06 15:02:28,156 [INFO] PluginManager:220 - loadIPPluginJar : add gtzc
2024-12-06 15:02:28,158 [INFO] IPUIPlugin:80 - create IPUIPlugin
2024-12-06 15:02:28,158 [INFO] PluginManager:220 - loadIPPluginJar : add hash
2024-12-06 15:02:28,160 [INFO] IPUIPlugin:80 - create IPUIPlugin
2024-12-06 15:02:28,160 [INFO] PluginManager:220 - loadIPPluginJar : add i2c
2024-12-06 15:02:28,163 [INFO] IPUIPlugin:80 - create IPUIPlugin
2024-12-06 15:02:28,163 [INFO] PluginManager:220 - loadIPPluginJar : add i2s
2024-12-06 15:02:28,165 [INFO] IPUIPlugin:80 - create IPUIPlugin
2024-12-06 15:02:28,165 [INFO] PluginManager:220 - loadIPPluginJar : add i3c
2024-12-06 15:02:28,168 [INFO] IPUIPlugin:80 - create IPUIPlugin
2024-12-06 15:02:28,169 [INFO] PluginManager:220 - loadIPPluginJar : add ipddr
2024-12-06 15:02:28,176 [INFO] IPUIPlugin:80 - create IPUIPlugin
2024-12-06 15:02:28,176 [INFO] PluginManager:220 - loadIPPluginJar : add linkedlist
2024-12-06 15:02:28,179 [INFO] IPUIPlugin:80 - create IPUIPlugin
2024-12-06 15:02:28,179 [INFO] PluginManager:220 - loadIPPluginJar : add lorawan
2024-12-06 15:02:28,181 [INFO] IPUIPlugin:80 - create IPUIPlugin
2024-12-06 15:02:28,181 [INFO] PluginManager:220 - loadIPPluginJar : add ltdc
2024-12-06 15:02:28,187 [INFO] IPUIPlugin:80 - create IPUIPlugin
2024-12-06 15:02:28,188 [INFO] PluginManager:220 - loadIPPluginJar : add mdma
2024-12-06 15:02:28,191 [INFO] IPUIPlugin:80 - create IPUIPlugin
2024-12-06 15:02:28,191 [INFO] PluginManager:220 - loadIPPluginJar : add nvic
2024-12-06 15:02:28,194 [INFO] IPUIPlugin:80 - create IPUIPlugin
2024-12-06 15:02:28,194 [INFO] PluginManager:220 - loadIPPluginJar : add opamp
2024-12-06 15:02:28,197 [INFO] IPUIPlugin:80 - create IPUIPlugin
2024-12-06 15:02:28,197 [INFO] PluginManager:220 - loadIPPluginJar : add openamp
2024-12-06 15:02:28,200 [INFO] IPUIPlugin:80 - create IPUIPlugin
2024-12-06 15:02:28,200 [INFO] PluginManager:220 - loadIPPluginJar : add pdm2pcm
2024-12-06 15:02:28,206 [INFO] IPUIPlugin:80 - create IPUIPlugin
2024-12-06 15:02:28,208 [INFO] PluginManager:220 - loadIPPluginJar : add plateformsettings
2024-12-06 15:02:28,210 [INFO] IPUIPlugin:80 - create IPUIPlugin
2024-12-06 15:02:28,211 [INFO] PluginManager:220 - loadIPPluginJar : add quadspi
2024-12-06 15:02:28,212 [INFO] IPUIPlugin:80 - create IPUIPlugin
2024-12-06 15:02:28,213 [INFO] PluginManager:220 - loadIPPluginJar : add radio
2024-12-06 15:02:28,216 [INFO] IPUIPlugin:80 - create IPUIPlugin
2024-12-06 15:02:28,216 [INFO] PluginManager:220 - loadIPPluginJar : add resmgrutility
2024-12-06 15:02:28,219 [INFO] IPUIPlugin:80 - create IPUIPlugin
2024-12-06 15:02:28,219 [INFO] PluginManager:220 - loadIPPluginJar : add sai
2024-12-06 15:02:28,222 [INFO] IPUIPlugin:80 - create IPUIPlugin
2024-12-06 15:02:28,223 [INFO] PluginManager:220 - loadIPPluginJar : add spi
2024-12-06 15:02:28,228 [INFO] IPUIPlugin:80 - create IPUIPlugin
2024-12-06 15:02:28,228 [INFO] PluginManager:220 - loadIPPluginJar : add stm32_wpan
2024-12-06 15:02:28,231 [INFO] IPUIPlugin:80 - create IPUIPlugin
2024-12-06 15:02:28,231 [INFO] PluginManager:220 - loadIPPluginJar : add tim
2024-12-06 15:02:28,234 [INFO] IPUIPlugin:80 - create IPUIPlugin
2024-12-06 15:02:28,234 [INFO] PluginManager:220 - loadIPPluginJar : add touchsensing
2024-12-06 15:02:28,237 [INFO] IPUIPlugin:80 - create IPUIPlugin
2024-12-06 15:02:28,237 [INFO] PluginManager:220 - loadIPPluginJar : add tracer_emb
2024-12-06 15:02:28,239 [INFO] IPUIPlugin:80 - create IPUIPlugin
2024-12-06 15:02:28,240 [INFO] PluginManager:220 - loadIPPluginJar : add ts
2024-12-06 15:02:28,242 [INFO] IPUIPlugin:80 - create IPUIPlugin
2024-12-06 15:02:28,242 [INFO] PluginManager:220 - loadIPPluginJar : add tsc
2024-12-06 15:02:28,244 [INFO] IPUIPlugin:80 - create IPUIPlugin
2024-12-06 15:02:28,244 [INFO] PluginManager:220 - loadIPPluginJar : add ucpd
2024-12-06 15:02:28,247 [INFO] IPUIPlugin:80 - create IPUIPlugin
2024-12-06 15:02:28,247 [INFO] PluginManager:220 - loadIPPluginJar : add usart
2024-12-06 15:02:28,250 [INFO] IPUIPlugin:80 - create IPUIPlugin
2024-12-06 15:02:28,250 [INFO] PluginManager:220 - loadIPPluginJar : add usbx
2024-12-06 15:02:28,369 [INFO] CADModel:165 - CPN selected for project level
2024-12-06 15:02:28,370 [INFO] CADModel:114 - Register for checkConnection events
2024-12-06 15:02:28,370 [FATAL] Updater:334 - Updater called before beeing initialized
2024-12-06 15:02:28,370 [ERROR] CADModel:125 - Updater not yet initialized, retry later 
2024-12-06 15:02:28,476 [INFO] CADModel:165 - CPN selected for project level
2024-12-06 15:02:28,476 [INFO] CADModel:114 - Register for checkConnection events
2024-12-06 15:02:28,476 [FATAL] Updater:334 - Updater called before beeing initialized
2024-12-06 15:02:28,476 [ERROR] CADModel:125 - Updater not yet initialized, retry later 
2024-12-06 15:02:28,478 [FATAL] Updater:334 - Updater called before beeing initialized
2024-12-06 15:02:28,564 [FATAL] Updater:334 - Updater called before beeing initialized
2024-12-06 15:02:28,566 [INFO] DbMcusAds:53 - JSON generation date=Fri Sep 20 21:04:38 CST 2024 (1726837478367)
2024-12-06 15:02:28,567 [FATAL] Updater:334 - Updater called before beeing initialized
2024-12-06 15:02:28,594 [WARN] DetailPanel:346 - Failed to get advertising image, set to default
2024-12-06 15:02:28,686 [FATAL] Updater:334 - Updater called before beeing initialized
2024-12-06 15:02:28,687 [FATAL] Updater:334 - Updater called before beeing initialized
2024-12-06 15:02:28,688 [FATAL] Updater:334 - Updater called before beeing initialized
2024-12-06 15:02:28,688 [WARN] DetailPanel:346 - Failed to get advertising image, set to default
2024-12-06 15:02:28,688 [FATAL] Updater:334 - Updater called before beeing initialized
2024-12-06 15:02:28,722 [ERROR] Updater:1164 - MainUpdater not yet initialized. External WinMGr cannot be set.
2024-12-06 15:02:28,723 [INFO] Updater:1100 - Updater Version found : 6.12.1
2024-12-06 15:02:28,741 [INFO] ApplicationProperties:184 - Using Application install path: D:\software\STM32CubeIDE_1.16.1\STM32CubeIDE\plugins\com.st.stm32cube.common.mx_6.12.1.202409122256
2024-12-06 15:02:30,309 [ERROR] LogOutputStream:75 - [STDERR_REDIRECT] Dec 06, 2024 3:02:30 PM java.util.prefs.WindowsPreferences <init>
2024-12-06 15:02:30,310 [ERROR] LogOutputStream:75 - [STDERR_REDIRECT] WARNING: Could not open/create prefs root node Software\JavaSoft\Prefs at root 0xffffffff80000002. Windows RegCreateKeyEx(...) returned error code 5.
2024-12-06 15:02:30,310 [ERROR] LogOutputStream:75 - [STDERR_REDIRECT] 
2024-12-06 15:02:30,676 [INFO] MainUpdater:2873 - connection check result : 10
2024-12-06 15:02:30,677 [INFO] MainUpdater:290 - Updater Check For Update Now.
2024-12-06 15:02:30,677 [INFO] MicroXplorer:498 - Change Database Version : DB.6.0.121
2024-12-06 15:02:30,682 [INFO] McuFinderGlobals:63 - Set McuFinder mode to 2 (CubeIDE integrated)
2024-12-06 15:02:30,683 [INFO] UserAuth:417 - Internet connection configuration mode: 1
2024-12-06 15:02:30,699 [INFO] JxBrowserEngine:152 - Initiate JxBrowser Engine with user profile folder
2024-12-06 15:02:30,705 [WARN] MainUpdater:1194 - Updater busy. Cannot search thirdparties
2024-12-06 15:02:30,705 [INFO] ThirdPartyUpdaterWithRetryManager:96 - Updater plugin is busy. [1/15]
2024-12-06 15:02:30,844 [INFO] CheckServerUpdateThread:120 - End of CheckServer Thread
2024-12-06 15:02:31,372 [INFO] WebApp:167 - Instantiating new browser for Auth
2024-12-06 15:02:32,242 [INFO] WebApp:448 - Apply proxy settings
2024-12-06 15:02:32,242 [INFO] WebApp:533 - Chromium requires no authentication
2024-12-06 15:02:32,248 [INFO] WebApp:476 - Direct internet connection detected
2024-12-06 15:02:32,262 [INFO] WebApp:869 - Register for checkConnection events
2024-12-06 15:02:32,262 [INFO] WebApp:448 - Apply proxy settings
2024-12-06 15:02:32,262 [INFO] WebApp:533 - Chromium requires no authentication
2024-12-06 15:02:32,263 [INFO] WebApp:476 - Direct internet connection detected
2024-12-06 15:02:32,403 [INFO] WebApp:220 - Starting web application
2024-12-06 15:02:32,403 [INFO] WebApp:578 - Web application path used D:\software\STM32CubeIDE_1.16.1\STM32CubeIDE\plugins\com.st.stm32cube.common.mx_6.12.1.202409122256\db\plugins\mcufinder\reactClient1\index.html
2024-12-06 15:02:32,478 [INFO] UserAuth:417 - Internet connection configuration mode: 1
2024-12-06 15:02:34,022 [WARN] PackLoader:240 - Cannot read IP mode file for STMicroelectronics.FP-SNS-MOTENVWB1.1.4.0
2024-12-06 15:02:34,028 [WARN] PackLoader:240 - Cannot read IP mode file for STMicroelectronics.FP-ATR-ASTRA1.2.0.1
2024-12-06 15:02:34,035 [WARN] PackLoader:240 - Cannot read IP mode file for STMicroelectronics.X-CUBE-SMBUS.2.1.0
2024-12-06 15:02:34,044 [WARN] PackLoader:240 - Cannot read IP mode file for STMicroelectronics.X-CUBE-WB05N.1.1.0
2024-12-06 15:02:34,068 [WARN] PackLoader:240 - Cannot read IP mode file for STMicroelectronics.X-CUBE-AZRTOS-F7.1.1.0
2024-12-06 15:02:34,077 [WARN] PackLoader:240 - Cannot read IP mode file for STMicroelectronics.FP-SNS-MOTENV1.4.3.2
2024-12-06 15:02:34,116 [WARN] PackLoader:240 - Cannot read IP mode file for STMicroelectronics.X-CUBE-MEMS1.11.0.0
2024-12-06 15:02:34,198 [WARN] PackLoader:240 - Cannot read IP mode file for STMicroelectronics.X-CUBE-BLE1.6.2.4
2024-12-06 15:02:34,202 [WARN] PackLoader:240 - Cannot read IP mode file for STMicroelectronics.FP-SNS-FLIGHT1.5.0.2
2024-12-06 15:02:34,208 [WARN] PackLoader:240 - Cannot read IP mode file for STMicroelectronics.X-CUBE-DISPLAY.3.0.0
2024-12-06 15:02:34,214 [WARN] PackLoader:240 - Cannot read IP mode file for STMicroelectronics.X-CUBE-BLE1.7.0.0
2024-12-06 15:02:34,250 [WARN] PackLoader:240 - Cannot read IP mode file for STMicroelectronics.X-CUBE-NFC10.1.0.0
2024-12-06 15:02:34,256 [WARN] PackLoader:240 - Cannot read IP mode file for STMicroelectronics.X-CUBE-TOUCHGFX.4.22.0
2024-12-06 15:02:34,259 [WARN] PackLoader:240 - Cannot read IP mode file for STMicroelectronics.X-CUBE-TOUCHGFX.4.22.1
2024-12-06 15:02:34,266 [WARN] PackLoader:240 - Cannot read IP mode file for STMicroelectronics.X-CUBE-BLEMGR.3.1.0
2024-12-06 15:02:34,272 [WARN] PackLoader:240 - Cannot read IP mode file for STMicroelectronics.FP-SNS-SMARTAG2.1.2.0
2024-12-06 15:02:34,278 [INFO] LogOutputStream:77 - [STDOUT_REDIRECT] 1 : Invalid condition id : UX_CORESTACK_Condition cause : null
2024-12-06 15:02:34,279 [INFO] LogOutputStream:77 - [STDOUT_REDIRECT] 1 : Invalid condition id : UX_CORESTACK_Condition cause : null
2024-12-06 15:02:34,279 [INFO] LogOutputStream:77 - [STDOUT_REDIRECT] 1 : Invalid condition id : UX_CORESTACK_Condition cause : null
2024-12-06 15:02:34,280 [INFO] LogOutputStream:77 - [STDOUT_REDIRECT] 1 : Invalid condition id : UX_CORESTACK_Condition cause : null
2024-12-06 15:02:34,281 [INFO] LogOutputStream:77 - [STDOUT_REDIRECT] 1 : Invalid condition id : UX_CORESTACK_Condition cause : null
2024-12-06 15:02:34,283 [WARN] PackLoader:240 - Cannot read IP mode file for STMicroelectronics.X-CUBE-AZRTOS-WL.2.0.0
2024-12-06 15:02:34,288 [WARN] PackLoader:240 - Cannot read IP mode file for STMicroelectronics.FP-SNS-MOTENV1.5.0.0
2024-12-06 15:02:34,292 [WARN] PackLoader:240 - Cannot read IP mode file for wolfSSL.I-CUBE-wolfMQTT.1.19.0
2024-12-06 15:02:34,298 [WARN] PackLoader:240 - Cannot read IP mode file for WES.I-CUBE-Cesium.1.3.0
2024-12-06 15:02:34,303 [WARN] PackLoader:240 - Cannot read IP mode file for STMicroelectronics.X-CUBE-BLE2.3.3.0
2024-12-06 15:02:34,310 [WARN] PackLoader:240 - Cannot read IP mode file for STMicroelectronics.X-CUBE-TOF1.3.2.0
2024-12-06 15:02:34,317 [WARN] PackLoader:240 - Cannot read IP mode file for STMicroelectronics.X-CUBE-NFC9.1.0.0
2024-12-06 15:02:34,322 [WARN] PackLoader:240 - Cannot read IP mode file for STMicroelectronics.X-CUBE-TCPP.4.1.0
2024-12-06 15:02:34,325 [WARN] PackLoader:240 - Cannot read IP mode file for STMicroelectronics.X-CUBE-TOUCHGFX.4.21.1
2024-12-06 15:02:34,356 [WARN] PackLoader:240 - Cannot read IP mode file for STMicroelectronics.X-CUBE-MEMS1.9.4.0
2024-12-06 15:02:34,490 [WARN] PackLoader:240 - Cannot read IP mode file for STMicroelectronics.X-CUBE-AI.7.3.0
2024-12-06 15:02:34,496 [WARN] PackLoader:240 - Cannot read IP mode file for STMicroelectronics.X-CUBE-ALGOBUILD.1.3.0
2024-12-06 15:02:34,507 [WARN] PackLoader:240 - Cannot read IP mode file for STMicroelectronics.X-CUBE-AZRTOS-G0.1.1.0
2024-12-06 15:02:34,514 [WARN] PackLoader:240 - Cannot read IP mode file for STMicroelectronics.X-CUBE-SAFEA1.1.2.2
2024-12-06 15:02:34,521 [WARN] PackLoader:240 - Cannot read IP mode file for STMicroelectronics.X-CUBE-NFC4.3.0.0
2024-12-06 15:02:34,531 [WARN] PackLoader:240 - Cannot read IP mode file for EmbeddedOffice.I-CUBE-FS-RTOS.1.0.1
2024-12-06 15:02:34,531 [ERROR] ConditionMgr:805 - Attr not supported : Dmpu
2024-12-06 15:02:34,531 [ERROR] ConditionMgr:805 - Attr not supported : Dmpu
2024-12-06 15:02:34,531 [ERROR] ConditionMgr:805 - Attr not supported : Dmpu
2024-12-06 15:02:34,531 [ERROR] ConditionMgr:805 - Attr not supported : Dmpu
2024-12-06 15:02:34,531 [ERROR] ConditionMgr:805 - Attr not supported : Dmpu
2024-12-06 15:02:34,531 [ERROR] ConditionMgr:805 - Attr not supported : Dmpu
2024-12-06 15:02:34,531 [ERROR] ConditionMgr:805 - Attr not supported : Dmpu
2024-12-06 15:02:34,531 [ERROR] ConditionMgr:805 - Attr not supported : Dmpu
2024-12-06 15:02:34,531 [ERROR] ConditionMgr:805 - Attr not supported : Dmpu
2024-12-06 15:02:34,531 [ERROR] ConditionMgr:805 - Attr not supported : Dmpu
2024-12-06 15:02:34,531 [ERROR] ConditionMgr:805 - Attr not supported : Dmpu
2024-12-06 15:02:34,531 [ERROR] ConditionMgr:805 - Attr not supported : Dmpu
2024-12-06 15:02:34,531 [ERROR] ConditionMgr:805 - Attr not supported : Dmpu
2024-12-06 15:02:34,531 [ERROR] ConditionMgr:805 - Attr not supported : Dmpu
2024-12-06 15:02:34,532 [ERROR] ConditionMgr:805 - Attr not supported : Dmpu
2024-12-06 15:02:34,532 [ERROR] ConditionMgr:805 - Attr not supported : Dmpu
2024-12-06 15:02:34,532 [ERROR] ConditionMgr:805 - Attr not supported : Dmpu
2024-12-06 15:02:34,532 [ERROR] ConditionMgr:805 - Attr not supported : Dmpu
2024-12-06 15:02:34,532 [ERROR] ConditionMgr:805 - Attr not supported : Dmpu
2024-12-06 15:02:34,532 [ERROR] ConditionMgr:805 - Attr not supported : Dmpu
2024-12-06 15:02:34,532 [ERROR] ConditionMgr:805 - Attr not supported : Dmpu
2024-12-06 15:02:34,532 [ERROR] ConditionMgr:805 - Attr not supported : Dmpu
2024-12-06 15:02:34,532 [ERROR] ConditionMgr:805 - Attr not supported : Dmpu
2024-12-06 15:02:34,532 [ERROR] ConditionMgr:805 - Attr not supported : Dmpu
2024-12-06 15:02:34,532 [ERROR] ConditionMgr:805 - Attr not supported : Dmpu
2024-12-06 15:02:34,532 [ERROR] ConditionMgr:805 - Attr not supported : Dmpu
2024-12-06 15:02:34,532 [ERROR] ConditionMgr:805 - Attr not supported : Dmpu
2024-12-06 15:02:34,532 [ERROR] ConditionMgr:805 - Attr not supported : Dmpu
2024-12-06 15:02:34,532 [ERROR] ConditionMgr:805 - Attr not supported : Dmpu
2024-12-06 15:02:34,532 [ERROR] ConditionMgr:805 - Attr not supported : Dmpu
2024-12-06 15:02:34,532 [ERROR] ConditionMgr:805 - Attr not supported : Dmpu
2024-12-06 15:02:34,532 [ERROR] ConditionMgr:805 - Attr not supported : Dmpu
2024-12-06 15:02:34,532 [ERROR] ConditionMgr:805 - Attr not supported : Dmpu
2024-12-06 15:02:34,532 [ERROR] ConditionMgr:805 - Attr not supported : Dmpu
2024-12-06 15:02:34,532 [ERROR] ConditionMgr:805 - Attr not supported : Dmpu
2024-12-06 15:02:34,532 [ERROR] ConditionMgr:805 - Attr not supported : Dmpu
2024-12-06 15:02:34,532 [ERROR] ConditionMgr:805 - Attr not supported : Dmpu
2024-12-06 15:02:34,532 [ERROR] ConditionMgr:805 - Attr not supported : Dmpu
2024-12-06 15:02:34,532 [ERROR] ConditionMgr:805 - Attr not supported : Dmpu
2024-12-06 15:02:34,532 [ERROR] ConditionMgr:805 - Attr not supported : Dmpu
2024-12-06 15:02:34,532 [ERROR] ConditionMgr:805 - Attr not supported : Dmpu
2024-12-06 15:02:34,532 [ERROR] ConditionMgr:805 - Attr not supported : Dmpu
2024-12-06 15:02:34,532 [ERROR] ConditionMgr:805 - Attr not supported : Dmpu
2024-12-06 15:02:34,533 [ERROR] ConditionMgr:805 - Attr not supported : Dmpu
2024-12-06 15:02:34,533 [ERROR] ConditionMgr:805 - Attr not supported : Dmpu
2024-12-06 15:02:34,533 [ERROR] ConditionMgr:805 - Attr not supported : Dmpu
2024-12-06 15:02:34,533 [ERROR] ConditionMgr:805 - Attr not supported : Dmpu
2024-12-06 15:02:34,533 [ERROR] ConditionMgr:805 - Attr not supported : Dmpu
2024-12-06 15:02:34,533 [ERROR] ConditionMgr:805 - Attr not supported : Dmpu
2024-12-06 15:02:34,533 [ERROR] ConditionMgr:805 - Attr not supported : Dmpu
2024-12-06 15:02:34,533 [ERROR] ConditionMgr:805 - Attr not supported : Dmpu
2024-12-06 15:02:34,533 [ERROR] ConditionMgr:805 - Attr not supported : Dmpu
2024-12-06 15:02:34,533 [ERROR] ConditionMgr:805 - Attr not supported : Dmpu
2024-12-06 15:02:34,533 [ERROR] ConditionMgr:805 - Attr not supported : Dmpu
2024-12-06 15:02:34,533 [ERROR] ConditionMgr:805 - Attr not supported : Dmpu
2024-12-06 15:02:34,533 [ERROR] ConditionMgr:805 - Attr not supported : Dmpu
2024-12-06 15:02:34,533 [ERROR] ConditionMgr:805 - Attr not supported : Dmpu
2024-12-06 15:02:34,533 [ERROR] ConditionMgr:805 - Attr not supported : Dmpu
2024-12-06 15:02:34,533 [ERROR] ConditionMgr:805 - Attr not supported : Dmpu
2024-12-06 15:02:34,533 [ERROR] ConditionMgr:805 - Attr not supported : Dmpu
2024-12-06 15:02:34,533 [ERROR] ConditionMgr:805 - Attr not supported : Dmpu
2024-12-06 15:02:34,534 [ERROR] ConditionMgr:805 - Attr not supported : Dmpu
2024-12-06 15:02:34,534 [ERROR] ConditionMgr:805 - Attr not supported : Dmpu
2024-12-06 15:02:34,534 [ERROR] ConditionMgr:805 - Attr not supported : Dmpu
2024-12-06 15:02:34,539 [WARN] PackLoader:240 - Cannot read IP mode file for STMicroelectronics.X-CUBE-BLEMGR.3.0.0
2024-12-06 15:02:34,546 [WARN] PackLoader:240 - Cannot read IP mode file for STMicroelectronics.X-CUBE-BLEMGR.1.3.0
2024-12-06 15:02:34,552 [WARN] PackLoader:240 - Cannot read IP mode file for RealThread.X-CUBE-RT-Thread_Nano.4.1.1
2024-12-06 15:02:34,557 [WARN] PackLoader:240 - Cannot read IP mode file for STMicroelectronics.FP-ATR-SIGFOX1.3.2.0
2024-12-06 15:02:34,563 [WARN] ConditionMgr:438 - getConditionDescription Invalid condition id : Cortex-A Device cause : null
2024-12-06 15:02:34,573 [WARN] ConditionMgr:1039 - genDependencies : Invalid condition id : Cortex-A Device cause : null
2024-12-06 15:02:34,574 [WARN] ConditionMgr:1039 - genDependencies : Invalid condition id : Cortex-A Device cause : null
2024-12-06 15:02:34,574 [WARN] ConditionMgr:1039 - genDependencies : Invalid condition id : Cortex-A Device cause : null
2024-12-06 15:02:34,579 [WARN] PackLoader:240 - Cannot read IP mode file for STMicroelectronics.X-CUBE-EEPRMA1.5.1.0
2024-12-06 15:02:34,614 [WARN] PackLoader:240 - Cannot read IP mode file for STMicroelectronics.X-CUBE-MEMS1.9.5.0
2024-12-06 15:02:34,760 [WARN] PackLoader:240 - Cannot read IP mode file for SEGGER.I-CUBE-embOS.1.3.1
2024-12-06 15:02:34,805 [WARN] PackLoader:240 - Cannot read IP mode file for STMicroelectronics.X-CUBE-ALGOBUILD.1.4.0
2024-12-06 15:02:34,808 [WARN] PackLoader:240 - Cannot read IP mode file for STMicroelectronics.X-CUBE-AI.9.1.0
2024-12-06 15:02:34,814 [WARN] PackLoader:240 - Cannot read IP mode file for STMicroelectronics.X-CUBE-GNSS1.6.0.0
2024-12-06 15:02:34,829 [WARN] PackLoader:240 - Cannot read IP mode file for STMicroelectronics.X-CUBE-AZRTOS-F4.1.1.0
2024-12-06 15:02:34,837 [WARN] PackLoader:240 - Cannot read IP mode file for STMicroelectronics.X-CUBE-ISPU.2.1.0
2024-12-06 15:02:34,843 [WARN] PackLoader:240 - Cannot read IP mode file for STMicroelectronics.X-CUBE-FREERTOS.1.2.0
2024-12-06 15:02:34,862 [WARN] PackLoader:240 - Cannot read IP mode file for STMicroelectronics.X-CUBE-AZRTOS-L5.2.0.0
2024-12-06 15:02:34,913 [WARN] PackLoader:240 - Cannot read IP mode file for STMicroelectronics.X-CUBE-MEMS1.9.6.0
2024-12-06 15:02:35,025 [WARN] PackLoader:240 - Cannot read IP mode file for STMicroelectronics.X-CUBE-EEPRMA1.4.2.0
2024-12-06 15:02:35,032 [WARN] PackLoader:240 - Cannot read IP mode file for STMicroelectronics.X-CUBE-NFC6.3.1.0
2024-12-06 15:02:35,038 [WARN] PackLoader:240 - Cannot read IP mode file for ITTIA_DB.I-CUBE-ITTIADB.8.8.0
2024-12-06 15:02:35,043 [WARN] PackLoader:240 - Cannot read IP mode file for emotas.I-CUBE-CANOPEN.1.1.3
2024-12-06 15:02:35,052 [WARN] PackLoader:240 - Cannot read IP mode file for STMicroelectronics.X-CUBE-BLEMGR.2.0.0
2024-12-06 15:02:35,060 [WARN] PackLoader:240 - Cannot read IP mode file for STMicroelectronics.X-CUBE-DPower.1.2.0
2024-12-06 15:02:35,065 [WARN] PackLoader:240 - Cannot read IP mode file for STMicroelectronics.X-CUBE-AI.9.0.0
2024-12-06 15:02:35,084 [WARN] ConditionMgr:438 - getConditionDescription Invalid condition id : UX DEVICE CLASS RTOS Condition cause : null
2024-12-06 15:02:35,084 [WARN] ConditionMgr:438 - getConditionDescription Invalid condition id : UX DEVICE CLASS RTOS Condition cause : null
2024-12-06 15:02:35,088 [WARN] PackLoader:240 - Cannot read IP mode file for STMicroelectronics.X-CUBE-AZRTOS-H7.3.1.0
2024-12-06 15:02:35,089 [WARN] ConditionMgr:1039 - genDependencies : Invalid condition id : UX DEVICE CLASS RTOS Condition cause : null
2024-12-06 15:02:35,089 [WARN] ConditionMgr:1039 - genDependencies : Invalid condition id : UX DEVICE CLASS RTOS Condition cause : null
2024-12-06 15:02:35,090 [WARN] ConditionMgr:1039 - genDependencies : Invalid condition id : UX DEVICE CLASS RTOS Condition cause : null
2024-12-06 15:02:35,090 [WARN] ConditionMgr:1039 - genDependencies : Invalid condition id : UX DEVICE CLASS RTOS Condition cause : null
2024-12-06 15:02:35,090 [WARN] ConditionMgr:1039 - genDependencies : Invalid condition id : UX DEVICE CLASS RTOS Condition cause : null
2024-12-06 15:02:35,096 [WARN] PackLoader:240 - Cannot read IP mode file for wolfSSL.I-CUBE-wolfSSL.5.5.4
2024-12-06 15:02:35,100 [WARN] PackLoader:240 - Cannot read IP mode file for STMicroelectronics.X-CUBE-NFC7.1.0.1
2024-12-06 15:02:35,106 [WARN] PackLoader:240 - Cannot read IP mode file for STMicroelectronics.X-CUBE-NFC7.1.0.0
2024-12-06 15:02:35,111 [WARN] PackLoader:240 - Cannot read IP mode file for wolfSSL.I-CUBE-wolfTPM.3.2.0
2024-12-06 15:02:35,118 [WARN] PackLoader:240 - Cannot read IP mode file for STMicroelectronics.X-CUBE-NFC6.3.0.0
2024-12-06 15:02:35,125 [WARN] PackLoader:240 - Cannot read IP mode file for STMicroelectronics.X-CUBE-EEPRMA1.4.1.0
2024-12-06 15:02:35,130 [WARN] PackLoader:240 - Cannot read IP mode file for STMicroelectronics.X-CUBE-AI.8.1.0
2024-12-06 15:02:35,148 [WARN] ConditionMgr:438 - getConditionDescription Invalid condition id : LAN8742 Phy interface Condition cause : null
2024-12-06 15:02:35,148 [WARN] PackLoader:240 - Cannot read IP mode file for STMicroelectronics.X-CUBE-AZRTOS-L4.2.0.0
2024-12-06 15:02:35,149 [WARN] ConditionMgr:1039 - genDependencies : Invalid condition id : LAN8742 Phy interface Condition cause : null
2024-12-06 15:02:35,149 [WARN] ConditionMgr:1039 - genDependencies : Invalid condition id : LAN8742 Phy interface Condition cause : null
2024-12-06 15:02:35,149 [WARN] ConditionMgr:1039 - genDependencies : Invalid condition id : LAN8742 Phy interface Condition cause : null
2024-12-06 15:02:35,156 [WARN] PackLoader:240 - Cannot read IP mode file for STMicroelectronics.X-CUBE-SFXS2LP1.4.0.0
2024-12-06 15:02:35,175 [WARN] PackLoader:240 - Cannot read IP mode file for STMicroelectronics.X-CUBE-AZRTOS-H7.3.0.0
2024-12-06 15:02:35,184 [WARN] PackLoader:240 - Cannot read IP mode file for STMicroelectronics.X-CUBE-ISPU.1.1.0
2024-12-06 15:02:35,208 [WARN] PackLoader:240 - Cannot read IP mode file for STMicroelectronics.X-CUBE-AZRTOS-H7.3.3.0
2024-12-06 15:02:35,221 [WARN] PackLoader:240 - Cannot read IP mode file for RoweBots.I-CUBE-UNISONRTOS.5.5.0-4
2024-12-06 15:02:35,237 [WARN] PackLoader:240 - Cannot read IP mode file for STMicroelectronics.X-CUBE-IPS.3.0.0
2024-12-06 15:02:35,256 [WARN] ConditionMgr:438 - getConditionDescription Invalid condition id : UX DEVICE CLASS RTOS Condition cause : null
2024-12-06 15:02:35,257 [WARN] ConditionMgr:438 - getConditionDescription Invalid condition id : UX DEVICE CLASS RTOS Condition cause : null
2024-12-06 15:02:35,259 [WARN] PackLoader:240 - Cannot read IP mode file for STMicroelectronics.X-CUBE-AZRTOS-WB.2.0.0
2024-12-06 15:02:35,260 [WARN] ConditionMgr:1039 - genDependencies : Invalid condition id : UX DEVICE CLASS RTOS Condition cause : null
2024-12-06 15:02:35,260 [WARN] ConditionMgr:1039 - genDependencies : Invalid condition id : UX DEVICE CLASS RTOS Condition cause : null
2024-12-06 15:02:35,260 [WARN] ConditionMgr:1039 - genDependencies : Invalid condition id : UX DEVICE CLASS RTOS Condition cause : null
2024-12-06 15:02:35,260 [WARN] ConditionMgr:1039 - genDependencies : Invalid condition id : UX DEVICE CLASS RTOS Condition cause : null
2024-12-06 15:02:35,260 [WARN] ConditionMgr:1039 - genDependencies : Invalid condition id : UX DEVICE CLASS RTOS Condition cause : null
2024-12-06 15:02:35,266 [WARN] PackLoader:240 - Cannot read IP mode file for STMicroelectronics.X-CUBE-FREERTOS.1.0.1
2024-12-06 15:02:35,272 [WARN] PackLoader:240 - Cannot read IP mode file for STMicroelectronics.X-CUBE-GNSS1.7.0.0
2024-12-06 15:02:35,279 [WARN] PackLoader:240 - Cannot read IP mode file for STMicroelectronics.FP-SNS-STBOX1.2.0.0
2024-12-06 15:02:35,298 [WARN] PackLoader:240 - Cannot read IP mode file for STMicroelectronics.X-CUBE-AZRTOS-L5.1.1.0
2024-12-06 15:02:35,305 [WARN] PackLoader:240 - Cannot read IP mode file for STMicroelectronics.X-CUBE-AI.8.0.1
2024-12-06 15:02:35,318 [WARN] PackLoader:240 - Cannot read IP mode file for STMicroelectronics.X-CUBE-SUBG2.5.0.0
2024-12-06 15:02:35,326 [WARN] PackLoader:240 - Cannot read IP mode file for Cesanta.I-CUBE-Mongoose.7.13.0
2024-12-06 15:02:35,334 [WARN] PackLoader:240 - Cannot read IP mode file for STMicroelectronics.X-CUBE-TOF1.3.3.1
2024-12-06 15:02:35,357 [WARN] PackLoader:240 - Cannot read IP mode file for STMicroelectronics.X-CUBE-AZRTOS-G4.2.0.0
2024-12-06 15:02:35,361 [WARN] PackLoader:240 - Cannot read IP mode file for STMicroelectronics.FP-ATR-ASTRA1.1.1.1
2024-12-06 15:02:35,379 [WARN] PackLoader:240 - Cannot read IP mode file for Infineon.AIROC-Wi-Fi-Bluetooth-STM32.1.5.1
2024-12-06 15:02:35,383 [WARN] PackLoader:240 - Cannot read IP mode file for STMicroelectronics.FP-SNS-MOTENVWB1.1.3.0
2024-12-06 15:02:35,385 [WARN] PackLoader:240 - Cannot read IP mode file for STMicroelectronics.FP-SNS-MOTENVWB1.1.3.1
2024-12-06 15:02:35,391 [WARN] PackLoader:240 - Cannot read IP mode file for STMicroelectronics.X-CUBE-AZRTOS-G4.1.0.0
2024-12-06 15:02:35,398 [WARN] PackLoader:240 - Cannot read IP mode file for STMicroelectronics.X-CUBE-AZRTOS-L4.1.0.0
2024-12-06 15:02:35,402 [WARN] PackLoader:240 - Cannot read IP mode file for STMicroelectronics.X-CUBE-ISPU.2.0.0
2024-12-06 15:02:35,406 [WARN] PackLoader:240 - Cannot read IP mode file for STMicroelectronics.X-CUBE-ALS.1.0.2
2024-12-06 15:02:35,425 [WARN] PackLoader:240 - Cannot read IP mode file for STMicroelectronics.X-CUBE-MEMS1.10.0.0
2024-12-06 15:02:35,464 [WARN] PackLoader:240 - Cannot read IP mode file for STMicroelectronics.X-CUBE-FREERTOS.1.1.0
2024-12-06 15:02:35,467 [WARN] PackLoader:240 - Cannot read IP mode file for STMicroelectronics.X-CUBE-TOUCHGFX.4.24.0
2024-12-06 15:02:35,473 [WARN] PackLoader:240 - Cannot read IP mode file for STMicroelectronics.X-CUBE-AZRTOS-WL.1.0.0
2024-12-06 15:02:35,475 [WARN] PackLoader:240 - Cannot read IP mode file for STMicroelectronics.X-CUBE-TOUCHGFX.4.24.1
2024-12-06 15:02:35,480 [WARN] PackLoader:240 - Cannot read IP mode file for portGmbH.I-Cube-SoM-uGOAL.1.1.0
2024-12-06 15:02:35,482 [WARN] PackLoader:240 - Cannot read IP mode file for STMicroelectronics.X-CUBE-ALS.1.0.1
2024-12-06 15:02:35,488 [WARN] PackLoader:240 - Cannot read IP mode file for STMicroelectronics.X-CUBE-AZRTOS-WB.1.1.0
2024-12-06 15:02:35,497 [WARN] PackLoader:240 - Cannot read IP mode file for STMicroelectronics.X-CUBE-AZRTOS-H7RS.1.0.0
2024-12-06 15:02:35,501 [WARN] PackLoader:240 - Cannot read IP mode file for STMicroelectronics.FP-ATR-ASTRA1.2.0.0
2024-12-06 15:02:35,507 [WARN] PackLoader:240 - Cannot read IP mode file for STMicroelectronics.X-CUBE-TOF1.3.4.2
2024-12-06 15:02:35,515 [WARN] PackLoader:240 - Cannot read IP mode file for STMicroelectronics.X-CUBE-TOF1.3.4.0
2024-12-06 15:02:35,524 [WARN] PackLoader:240 - Cannot read IP mode file for wolfSSL.I-CUBE-wolfSSH.1.4.17
2024-12-06 15:02:35,524 [INFO] ThirdParty:978 - Integrity check success = true
2024-12-06 15:02:35,524 [INFO] IntegrityCheckThread:100 - exiting critical section [integrity check]
2024-12-06 15:02:35,524 [INFO] IntegrityCheckThread:103 - End integrity checks thread
2024-12-06 15:34:33,162 [ERROR] LogOutputStream:75 - [STDERR_REDIRECT] 
