:020000040800F2
:100000000000012071190008F1160008F916000817
:100010000117000809170008111700080000000068
:10002000000000000000000000000000119C00081B
:100030001917000800000000F19D0008399E000813
:10004000B9190008B9190008B9190008B919000848
:10005000B9190008B9190008B9190008B919000838
:10006000B9190008B9190008B9190008B919000828
:10007000B9190008B9190008B9190008B919000818
:10008000B9190008B9190008B9190008B919000808
:1000900025170008B9190008B9190008B91900088E
:1000A000B9190008B9190008B9190008B9190008E8
:1000B00039170008B9190008B9190008B91900085A
:1000C000B9190008B9190008B9190008B9190008C8
:1000D000B9190008B9190008A1170008B9190008D2
:1000E000B9190008B9190008B9190008B9190008A8
:1000F000B9190008B9190008B9190008B919000898
:10010000B9190008B9190008B9190008B919000887
:10011000B9190008B9190008B9190008B51700087D
:10012000B9190008B9190008B9190008B919000867
:1001300000000000000000000000000000000000BF
:1001400000000000000000000000000000000000AF
:10015000000000000000000000000000000000009F
:10016000000000000000000000000000000000008F
:10017000000000000000000000000000000000007F
:10018000000000000000000000000000000000006F
:10019000000000000000000000000000000000005F
:1001A000000000000000000000000000000000004F
:1001B000000000000000000000000000000000003F
:1001C000000000000000000000000000000000002F
:1001D000000000000000000000000000000000001F
:0401E0005FF8E0F1F3
:1001F00010B5054C237833B9044B13B10448AFF361
:1002000000800123237010BDDC01002000000000ED
:1002100070D4000808B5034B1BB103490348AFF382
:10022000008008BD00000000E001002070D400083C
:100230004FF0FF0C1CEAD0521EBF1CEAD15392EAC9
:100240000C0F93EA0C0F6FD01A4480EA010C4002A5
:1002500018BF5FEA41211ED04FF0006343EA5010FF
:1002600043EA5111A0FB01310CF00040B1F5000F41
:100270003EBF490041EAD3715B0040EA010062F1F0
:100280007F02FD2A1DD8B3F1004F40EBC25008BFDA
:1002900020F00100704790F0000F0CF0004C08BFF8
:1002A00049024CEA502040EA51207F3AC2BFD2F1C5
:1002B000FF0340EAC250704740F400004FF00003D3
:1002C000013A5DDC12F1190FDCBF00F0004070470D
:1002D000C2F10002410021FA02F1C2F1200200FA4B
:1002E00002FC5FEA310040F1000053EA4C0308BF12
:1002F00020EADC70704792F0000F00F0004C02BF63
:10030000400010F4000F013AF9D040EA0C0093F0DD
:10031000000F01F0004C02BF490011F4000F013B37
:10032000F9D041EA0C018FE70CEAD15392EA0C0FA5
:1003300018BF93EA0C0F0AD030F0004C18BF31F010
:10034000004CD8D180EA010000F00040704790F0E6
:10035000000F17BF90F0004F084691F0000F91F08A
:10036000004F14D092EA0C0F01D142020FD193EA50
:100370000C0F03D14B0218BF084608D180EA0100D8
:1003800000F0004040F0FE4040F40000704740F0B4
:10039000FE4040F44000704781F0004102E000BFA1
:1003A00083F0004330B54FEA41044FEA430594EA35
:1003B000050F08BF90EA020F1FBF54EA000C55EA70
:1003C000020C7FEA645C7FEA655C00F0E2804FEA41
:1003D0005454D4EB5555B8BF6D420CDD2C4480EA23
:1003E000020281EA030382EA000083EA010180EA53
:1003F000020281EA0303362D88BF30BD11F0004FA1
:100400004FEA01314FF4801C4CEA113102D04042D6
:1004100061EB410113F0004F4FEA03334CEA133311
:1004200002D0524263EB430394EA050F00F0A78029
:10043000A4F10104D5F1200E0DDB02FA0EFC22FA24
:1004400005F2801841F1000103FA0EF2801843FA18
:1004500005F359410EE0A5F120050EF1200E012A09
:1004600003FA0EFC28BF4CF0020C43FA05F3C01847
:1004700051EBE37101F0004507D54FF0000EDCF1C0
:10048000000C7EEB00006EEB0101B1F5801F1BD369
:10049000B1F5001F0CD349085FEA30004FEA3C0C6D
:1004A00004F101044FEA445212F5800F80F09A8063
:1004B000BCF1004F08BF5FEA500C50F1000041EB67
:1004C000045141EA050130BD5FEA4C0C404141EB6B
:1004D0000101013C28BFB1F5801FE9D291F0000F66
:1004E00004BF01460020B1FA81F308BF2033A3F115
:1004F0000B03B3F120020CDA0C3208DD02F1140C0C
:10050000C2F10C0201FA0CF021FA02F10CE002F146
:100510001402D8BFC2F1200C01FA02F120FA0CFC3F
:10052000DCBF41EA0C019040E41AA2BF01EB045188
:10053000294330BD6FEA04041F3C1CDA0C340EDC86
:1005400004F11404C4F1200220FA04F001FA02F3C9
:1005500040EA030021FA04F345EA030130BDC4F187
:100560000C04C4F1200220FA02F001FA04F340EA7C
:100570000300294630BD21FA04F0294630BD94F02D
:10058000000F83F4801306BF81F480110134013D14
:100590004EE77FEA645C18BF7FEA655C29D094EA85
:1005A000050F08BF90EA020F05D054EA000C04BF03
:1005B0001946104630BD91EA030F1EBF00210020EE
:1005C00030BD5FEA545C05D14000494128BF41F08D
:1005D000004130BD14F580043CBF01F5801130BDF1
:1005E00001F0004545F0FE4141F470014FF000007C
:1005F00030BD7FEA645C1ABF194610467FEA655C2D
:100600001CBF0B46024650EA013406BF52EA0335CE
:1006100091EA030F41F4002130BD00BF90F0000FBC
:1006200004BF0021704730B54FF4806404F13204F8
:100630004FF000054FF0000150E700BF90F0000FB1
:1006400004BF0021704730B54FF4806404F13204D8
:1006500010F0004548BF40424FF000013EE700BFA8
:1006600042004FEAE2014FEA31014FEA02701FBF38
:1006700012F07F4393F07F4F81F06051704732F06A
:100680007F4208BF704793F07F4F04BF41F40021C1
:10069000704730B54FF4607401F0004521F000411F
:1006A0001CE700BF50EA010208BF704730B54FF0A9
:1006B00000050AE050EA010208BF704730B511F0AA
:1006C000004502D5404261EB41014FF4806404F1E2
:1006D00032045FEA915C3FF4D8AE4FF003025FEA68
:1006E000DC0C18BF03325FEADC0C18BF033202EBEC
:1006F000DC02C2F1200300FA03FC20FA02F001FA46
:1007000003FE40EA0E0021FA02F11444BDE600BFE8
:1007100070B54FF0FF0C4CF4E06C1CEA11541DBF97
:100720001CEA135594EA0C0F95EA0C0F00F0DEF862
:100730002C4481EA030621EA4C5123EA4C5350EA47
:10074000013518BF52EA033541F4801143F4801398
:1007500038D0A0FB02CE4FF00005E1FB02E506F029
:100760000042E0FB03E54FF00006E1FB03569CF07E
:10077000000F18BF4EF0010EA4F1FF04B6F5007F84
:1007800064F5407404D25FEA4E0E6D4146EB0606F6
:1007900042EAC62141EA55514FEAC52040EA5E507F
:1007A0004FEACE2EB4F1FD0C88BFBCF5E06F1ED829
:1007B000BEF1004F08BF5FEA500E50F1000041EB60
:1007C000045170BD06F0004646EA010140EA02000D
:1007D00081EA0301B4EB5C04C2BFD4EB0C0541EA2F
:1007E000045170BD41F480114FF0000E013C00F344
:1007F000AB8014F1360FDEBF002001F0004170BD68
:10080000C4F10004203C35DA0C341BDC04F1140480
:10081000C4F1200500FA05F320FA04F001FA05F20C
:1008200040EA020001F0004221F0004110EBD370D9
:1008300021FA04F642EB06015EEA430E08BF20EA05
:10084000D37070BDC4F10C04C4F1200500FA04F3A8
:1008500020FA05F001FA04F240EA020001F000413A
:1008600010EBD37041F100015EEA430E08BF20EAAD
:10087000D37070BDC4F1200500FA05F24EEA020EF5
:1008800020FA04F301FA05F243EA020321FA04F024
:1008900001F0004121FA04F220EA020000EBD370DB
:1008A0005EEA430E08BF20EAD37070BD94F0000FDB
:1008B0000FD101F00046400041EB010111F4801F0F
:1008C00008BF013CF7D041EA060195F0000F18BFC0
:1008D000704703F00046520043EB030313F4801FFC
:1008E00008BF013DF7D043EA0603704794EA0C0FB6
:1008F0000CEA135518BF95EA0C0F0CD050EA4106CC
:1009000018BF52EA4306D1D181EA030101F0004148
:100910004FF0000070BD50EA410606BF1046194670
:1009200052EA430619D094EA0C0F02D150EA01367C
:1009300013D195EA0C0F05D152EA03361CBF1046BD
:1009400019460AD181EA030101F0004141F0FE415C
:1009500041F470014FF0000070BD41F0FE4141F4E0
:10096000780170BD70B54FF0FF0C4CF4E06C1CEAE0
:1009700011541DBF1CEA135594EA0C0F95EA0C0F95
:1009800000F0A7F8A4EB050481EA030E52EA033550
:100990004FEA013100F088804FEA03334FF0805571
:1009A00045EA131343EA12634FEA022245EA11159E
:1009B00045EA10654FEA00260EF000419D4208BF4F
:1009C000964244F1FD0404F5407402D25B084FEAFC
:1009D0003202B61A65EB03055B084FEA32024FF4A8
:1009E00080104FF4002CB6EB020E75EB030E22BF05
:1009F000B61A754640EA0C005B084FEA3202B6EBC5
:100A0000020E75EB030E22BFB61A754640EA5C0073
:100A10005B084FEA3202B6EB020E75EB030E22BF03
:100A2000B61A754640EA9C005B084FEA3202B6EB04
:100A3000020E75EB030E22BFB61A754640EADC00C3
:100A400055EA060E18D04FEA051545EA16754FEA25
:100A500006164FEAC30343EA52734FEAC2025FEA43
:100A60001C1CC0D111F4801F0BD141EA00014FF0D2
:100A700000004FF0004CB6E711F4801F04BF0143A3
:100A80000020B4F1FD0C88BFBCF5E06F3FF6AFAEBF
:100A9000B5EB030C04BFB6EB020C5FEA500C50F14F
:100AA000000041EB045170BD0EF0004E4EEA1131D2
:100AB00014EB5C04C2BFD4EB0C0541EA045170BDD9
:100AC00041F480114FF0000E013C90E645EA060E1D
:100AD0008DE60CEA135594EA0C0F08BF95EA0C0F4B
:100AE0003FF43BAF94EA0C0F0AD150EA01347FF493
:100AF00034AF95EA0C0F7FF425AF104619462CE76A
:100B000095EA0C0F06D152EA03353FF4FDAE1046CC
:100B1000194622E750EA410618BF52EA43067FF41D
:100B2000C5AE50EA41047FF40DAF52EA43057FF4AD
:100B3000EBAE12E74A0011D212F5001211D20DD518
:100B40006FF47873B3EB62520ED44FEAC12343F0D3
:100B5000004343EA505323FA02F070474FF000007D
:100B6000704750EA013002D14FF0FF3070474FF02C
:100B7000000070474FEA4102B2F1E04324BFB3F5F1
:100B8000001CDCF1FE5C0DD901F0004C4FEAC00204
:100B90004CEA5070B2F1004F40EB830008BF20F0E8
:100BA0000100704711F0804F21D113F13872BCBFA2
:100BB00001F00040704741F480114FEA5252C2F1F7
:100BC0001802C2F1200C10FA0CF320FA02F018BF40
:100BD00040F001004FEAC1234FEAD32303FA0CFC93
:100BE00040EA0C0023FA02F34FEA4303CCE77FEA22
:100BF000625307D150EA01331EBF4FF0FE4040F46C
:100C00004000704701F0004040F0FE4040F400001A
:100C1000704700BF80F0004002E000BF81F000415B
:100C200042001FBF5FEA410392EA030F7FEA226C92
:100C30007FEA236C6AD04FEA1262D2EB1363C1BF22
:100C4000D218414048404140B8BF5B42192B88BF91
:100C5000704710F0004F40F4000020F07F4018BFB4
:100C6000404211F0004F41F4000121F07F4118BFD4
:100C7000494292EA030F3FD0A2F1010241FA03FC7C
:100C800010EB0C00C3F1200301FA03F100F0004364
:100C900002D5494260EB4000B0F5000F13D3B0F12C
:100CA000807F06D340084FEA310102F10102FE2A9B
:100CB00051D2B1F1004F40EBC25008BF20F001000B
:100CC00040EA03007047490040EB0000013A28BFAA
:100CD000B0F5000FEDD2B0FA80FCACF1080CB2EB2D
:100CE0000C0200FA0CF0AABF00EBC25052421843AB
:100CF000BCBFD0401843704792F0000F81F4000150
:100D000006BF80F400000132013BB5E74FEA410322
:100D10007FEA226C18BF7FEA236C21D092EA030F8E
:100D200004D092F0000F08BF0846704790EA010F08
:100D30001CBF0020704712F07F4F04D1400028BF35
:100D400040F00040704712F100723CBF00F5000017
:100D5000704700F0004343F0FE4040F4000070474D
:100D60007FEA226216BF08467FEA236301464202F9
:100D700006BF5FEA412390EA010F40F4800070470C
:100D80004FF0000304E000BF10F0004348BF4042B2
:100D90005FEA000C08BF704743F0964301464FF0EE
:100DA00000001CE050EA010208BF70474FF000034A
:100DB0000AE000BF50EA010208BF704711F000438B
:100DC00002D5404261EB41015FEA010C02BF84465B
:100DD0000146002043F0B64308BFA3F18053A3F5BA
:100DE0000003BCFA8CF2083AA3EBC25310DB01FA01
:100DF00002FC634400FA02FCC2F12002BCF1004F85
:100E000020FA02F243EB020008BF20F00100704715
:100E100002F1200201FA02FCC2F1200250EA4C0069
:100E200021FA02F243EB020008BF20EADC707047AF
:100E30004FF0FF3C06E000BF4FF0010C02E000BFA6
:100E40004FF0010C4DF804CD4FEA40024FEA410348
:100E50007FEA226C18BF7FEA236C11D001B052EAFE
:100E6000530C18BF90EA010F58BFB2EB030088BFC4
:100E7000C81738BF6FEAE17018BF40F00100704733
:100E80007FEA226C02D15FEA402C05D17FEA236C15
:100E9000E4D15FEA412CE1D05DF8040B704700BF5C
:100EA000844608466146FFE70FB5FFF7C9FF0028F3
:100EB00048BF10F1000F0FBD4DF808EDFFF7F4FF2C
:100EC0000CBF012000205DF808FB00BF4DF808EDC5
:100ED000FFF7EAFF34BF012000205DF808FB00BFE8
:100EE0004DF808EDFFF7E0FF94BF012000205DF80A
:100EF00008FB00BF4DF808EDFFF7D2FF94BF0120BB
:100F000000205DF808FB00BF4DF808EDFFF7C8FFB3
:100F100034BF012000205DF808FB00BF4FEA40020B
:100F2000B2F1FE4F0FD34FF09E03B3EB12620DD917
:100F30004FEA002343F0004310F0004F23FA02F081
:100F400018BF404270474FF00000704712F1610F28
:100F500001D1420205D110F0004008BF6FF00040FF
:100F600070474FF00000704780B500AF00F026FDDD
:100F7000012006F069FD03461E4A136000F05AF88E
:100F800000F054F900F0FEF800F026F900F0AEF899
:100F900009F0B4F9184802F012FD01221749184867
:100FA00003F06CF909F09CFE06F0CCF9154A00211B
:100FB000154806F02DFA0346144A1360144A00211E
:100FC000144806F025FA0346134A1360134A002119
:100FD000134806F01DFA0346124A1360124A002114
:100FE000124806F015FA0346114A136006F0DCF9C0
:100FF00000BFFDE7C8020020F8010020BC3F002030
:1010000078020020C0D6000845130008B80200206E
:10101000E4D600085F130008BC02002008D70008CF
:1010200085130008C00200202CD70008C113000857
:10103000C402002080B596B000AF07F1300328222B
:10104000002118460AF05AFE07F11C0300221A601C
:101050005A609A60DA601A613B1D00221A605A6079
:101060009A60DA601A615A6101233B634FF480335E
:101070007B630023BB6301233B640223FB644FF4C7
:1010800080333B654FF4E0137B6507F1300318466E
:1010900001F06AFF0346002B01D000F0BDF90F23D9
:1010A000FB6102233B6200237B624FF48063BB62DF
:1010B0000023FB6207F11C030221184602F0D6F957
:1010C0000346002B01D000F0A7F910237B6000231A
:1010D000BB613B1D184602F091FB0346002B01D07B
:1010E00000F09AF900BF5837BD4680BD80B586B084
:1010F00000AF07F1080300221A605A609A60DA60B4
:101100003B4600221A605A601D4B4FF080421A6025
:101110001B4B47225A601A4B00229A60184B4FF41F
:10112000FA72DA60164B00221A61154B00229A619E
:10113000134802F019FC0346002B01D000F06CF9B3
:101140004FF48053BB6007F1080319460C4802F0C6
:1011500061FD0346002B01D000F05EF900233B60E7
:1011600000237B603B461946054802F04BFF0346CF
:10117000002B01D000F050F900BF1837BD4680BDEC
:10118000F801002080B500AF114B124A1A60104BD5
:101190004FF4E1325A600E4B00229A600C4B002251
:1011A000DA600B4B00221A61094B0C225A61084B82
:1011B00000229A61064B0022DA61054802F078FFAE
:1011C0000346002B01D000F027F900BF80BD00BF0F
:1011D000380200200038014080B500AF114B124AA0
:1011E0001A60104B4FF4E1325A600E4B00229A60A5
:1011F0000C4B0022DA600B4B00221A61094B0C22C7
:101200005A61084B00229A61064B0022DA610548B8
:1012100002F04EFF0346002B01D000F0FDF800BFA6
:1012200080BD00BF780200200044004080B588B037
:1012300000AF07F1100300221A605A609A60DA606A
:101240003C4B9B693B4A43F040039361394B9B699C
:1012500003F04003FB60FB68364B9B69354A43F063
:1012600004039361334B9B6903F00403BB60BB68C9
:10127000304B9B692F4A43F0200393612D4B9B69B0
:1012800003F020037B607B682A4B9B69294A43F06B
:1012900008039361274B9B6903F008033B603B689D
:1012A00000222021244800F04EFF00228021234804
:1012B00000F049FF00222021214800F044FF1C23B8
:1012C0003B6100237B610023BB6107F110031946DA
:1012D000194800F08DFD20233B6101237B61002331
:1012E000BB610223FB6107F110031946124800F0AD
:1012F0007FFD80233B6101237B610023BB610223CF
:10130000FB6107F1100319460C4800F071FD202322
:101310003B6101237B610023BB610223FB6107F179
:1013200010031946064800F063FD00BF2037BD4694
:1013300080BD00BF001002400018014000140140B1
:10134000000C014080B582B000AF786008F0D6FF95
:1013500009F0C4FD012006F005F900BFF8E780B5EB
:1013600082B000AF786009F06FFD4FF4FA7006F0BC
:10137000F9F809F075FD4FF4FA7006F0F3F800BFC4
:10138000F1E7000080B582B000AF78600A4B1A78B0
:101390000A4B1B789A4208D0084B1A78064B1A70F1
:1013A000054B1B7818460AF015F809F0EFFE0120EE
:1013B00006F0D8F8EAE700BFEC3E0020ED3E002042
:1013C00080B582B000AF7860084B1B78012B09D143
:1013D0000AF06AF84022002105480AF08FFC034B0E
:1013E00000221A70012006F0BDF8EDE7A0400020B1
:1013F0006040002080B582B000AF78607B681B68D9
:10140000044A934201D100F0EFFA00BF0837BD460D
:1014100080BD00BF0014004080B400AF72B600BFB2
:1014200000BFFDE780B584B000AF184B9B69174A39
:1014300043F001039361154B9B6903F00103BB600B
:10144000BB68124BDB69114A43F08053D3610F4BE9
:10145000DB6903F080537B607B6800220F216FF013
:10146000010000F092FB0A4B5B68FB60FB6823F015
:10147000E063FB60FB6843F00073FB60044AFB68B9
:10148000536000BF1037BD4680BD00BF0010024052
:101490000000014080B584B000AF78607B681B68B5
:1014A000B3F1804F13D10C4BDB690B4A43F00103BE
:1014B000D361094BDB6903F00103FB60FB68002289
:1014C00005211C2000F061FB1C2000F07AFB00BF0E
:1014D0001037BD4680BD00BF0010024080B58AB005
:1014E00000AF786007F1180300221A605A609A6012
:1014F000DA607B681B683B4A934232D13A4B9B6966
:10150000394A43F480439361374B9B6903F480432A
:101510007B617B69344B9B69334A43F004039361DD
:10152000314B9B6903F004033B613B694FF400734B
:10153000BB610223FB6103237B6207F11803194699
:101540002A4800F055FC4FF48063BB610023FB6127
:1015500000233B6207F118031946244800F048FCB9
:101560003CE07B681B68224A934237D11E4BDB6903
:101570001D4A43F40033D3611B4BDB6903F4003392
:10158000FB60FB68184B9B69174A43F004039361A7
:10159000154B9B6903F00403BB60BB680423BB616C
:1015A0000223FB6103237B6207F1180319460F48EE
:1015B00000F01EFC0823BB610023FB6100233B629B
:1015C00007F118031946094800F012FC0022052112
:1015D000262000F0DAFA262000F0F3FA00BF2837C0
:1015E000BD4680BD003801400010024000080140A7
:1015F0000044004080B58EB000AF78600023FB62ED
:101600000023BB62002387F83330344BDB69334A55
:1016100043F02003D361314BDB6903F02003FB600F
:10162000FB6807F1100207F114031146184602F097
:1016300097F83B6AFB62FB6A002B03D102F068F863
:10164000786304E002F064F803465B007B637B6B25
:10165000234AA2FB03239B0C013BBB62214B224A82
:101660001A60204B40F2E732DA601E4ABB6A5360D0
:101670001C4B00221A611B4B00229A60194B00225E
:101680009A61184802F070F9034687F8333097F8EA
:101690003330002B1BD1134802F091F9034687F831
:1016A000333097F83330002B11D1372000F089FA0E
:1016B0007B680F2B08D800227968372000F065FA84
:1016C0000A4A7B68136002E0012387F8333097F8F9
:1016D000333018463837BD4680BD00BF0010024089
:1016E00083DE1B43CC0200200014004004000020D5
:1016F00080B400AF00BFFDE780B400AF00BFFDE7DE
:1017000080B400AF00BFFDE780B400AF00BFFDE7CD
:1017100080B400AF00BFFDE780B400AF00BFBD469E
:1017200080BC704780B500AF024800F043FE00BFA8
:1017300080BD00BFC02A002080B500AF144B1B78CD
:10174000012B0FD1134B1B8801339AB2114B1A8016
:10175000104B1B88B3F5FA6F07D90E4B4FF4FA62A2
:101760001A8002E00A4B00221A70094B1B78012BE9
:1017700009D1084B1B88282B05D9074B01221A7069
:10178000044B00221A80054802F03CF900BF80BDDE
:10179000F13E0020F23E0020EF3E0020F801002044
:1017A00080B500AF024802F0BDFD00BF80BD00BFA4
:1017B0007802002080B500AF024802F023F900BF94
:1017C00080BD00BFCC02002080B586B000AFF860BD
:1017D000B9607A6000237B610AE0AFF300800146C4
:1017E000BB685A1CBA60CAB21A707B6901337B614C
:1017F0007A697B689A42F0DB7B6818461837BD46E9
:1018000080BD80B586B000AFF860B9607A60002313
:101810007B6109E0BB685A1CBA601B78184609F066
:1018200001FB7B6901337B617A697B689A42F1DB5A
:101830007B6818461837BD4680BD80B483B000AFC2
:1018400078604FF0FF3318460C37BD4680BC7047B8
:1018500080B483B000AF786039603B684FF40052C9
:101860005A60002318460C37BD4680BC704780B4D0
:1018700083B000AF7860012318460C37BD4680BCAA
:10188000704780B485B000AFF860B9607A6000231B
:1018900018461437BD4680BC7047000080B586B03E
:1018A00000AF7860144A154BD31A7B617B693B61AA
:1018B000134B1B68002B02D1114B124A1A60104BBC
:1018C0001A687B6813443A699A4207D20AF0BAFA56
:1018D00003460C221A604FF0FF3309E0084B1B68E7
:1018E000FB60074B1A687B681344054A1360FB686A
:1018F00018461837BD4680BD0000012000040000D6
:101900000C030020F041002080B400AF154B1B6891
:10191000144A43F001031360124B5A681149124BE9
:1019200013404B600F4B1B680E4A23F0847323F463
:10193000803313600B4B1B680A4A23F48023136027
:10194000084B5B68074A23F4FE035360054B4FF4D2
:101950001F029A60054B4FF000629A6000BFBD46BF
:1019600080BC7047001002400000FFF800ED00E06E
:10197000002103E00B4B5B58435004310A480B4BEA
:1019800042189A42F6D30A4A02E0002342F8043B86
:10199000084B9A42F9D3FFF7B7FF0AF059FAFFF75D
:1019A000E3FA704774DB000800000020DC0100202F
:1019B000DC010020F0410020FEE7000080B500AF10
:1019C000084B1B68074A43F010031360032000F024
:1019D000D1F80F20FFF70EFEFFF724FD0023184675
:1019E00080BD00BF0020024080B400AF054B1B78D3
:1019F0001A46054B1B681344034A136000BFBD46DB
:101A000080BC7047080000201003002080B400AFA5
:101A1000024B1B681846BD4680BC7047100300206F
:101A200080B485B000AF78607B6803F00703FB608B
:101A30000C4BDB68BB60BA684FF6FF031340BB601A
:101A4000FB681A02BB68134343F0BF6343F40033DF
:101A5000BB60044ABB68D36000BF1437BD4680BC7E
:101A6000704700BF00ED00E080B400AF044BDB68BE
:101A70001B0A03F007031846BD4680BC704700BF31
:101A800000ED00E080B483B000AF0346FB7197F92E
:101A90000730002B0BDBFB7903F01F02064997F997
:101AA00007305B09012000FA02F241F8232000BF51
:101AB0000C37BD4680BC704700E100E080B483B0C5
:101AC00000AF03463960FB7197F90730002B0ADB42
:101AD0003B68DAB20C4997F907301201D2B20B44D5
:101AE00083F800230AE03B68DAB20849FB7903F087
:101AF0000F03043B1201D2B20B441A7600BF0C371D
:101B0000BD4680BC704700BF00E100E000ED00E092
:101B100080B489B000AFF860B9607A60FB6803F008
:101B20000703FB61FB69C3F10703042B28BF0423F0
:101B3000BB61FB690433062B02D9FB69033B00E060
:101B400000237B614FF0FF32BB6902FA03F3DA43F3
:101B5000BB681A407B699A404FF0FF317B6901FAFC
:101B600003F3D9437B680B40134318462437BD4623
:101B700080BC704780B582B000AF78607868FFF7AE
:101B80004FFF00BF0837BD4680BD80B586B000AFAF
:101B90000346B9607A60FB7300237B61FFF764FF43
:101BA00078617A68B9687869FFF7B2FF024697F9F9
:101BB0000F3011461846FFF781FF00BF1837BD46AA
:101BC00080BD80B582B000AF0346FB7197F9073046
:101BD0001846FFF757FF00BF0837BD4680BD00001D
:101BE00080B584B000AF78600023FB737B6893F806
:101BF0002130022B05D07B6804229A630123FB73FA
:101C0000D6E07B681B681A687B681B6822F00E02AE
:101C10001A607B681B681A687B681B6822F00102E7
:101C20001A607B681B681A46644B9A4258D97B68D5
:101C30001B68634A93424FD07B681B68614A93429A
:101C400048D07B681B68604A934240D07B681B6821
:101C50005E4A934238D07B681B685D4A934230D01D
:101C60007B681B685B4A934228D07B681B68534A99
:101C7000934220D07B681B68574A934219D07B68F7
:101C80001B68564A934212D07B681B68544A9342A1
:101C90000AD07B681B68534A934202D14FF48053A9
:101CA0001BE04FF4803318E04FF4807315E01023ED
:101CB00013E0012311E04FF080730EE04FF4801326
:101CC0000BE04FF4803308E04FF4805305E04FF40D
:101CD000807302E0102300E00123434A536057E081
:101CE0007B681B68364A93424FD07B681B68354A35
:101CF000934248D07B681B68334A934240D07B684C
:101D00001B68324A934238D07B681B68304A934242
:101D100030D07B681B682F4A934228D07B681B68B1
:101D2000264A934220D07B681B682B4A934219D0E5
:101D30007B681B68294A934212D07B681B68284A3B
:101D400093420AD07B681B68264A934202D14FF423
:101D500080531BE04FF4803318E04FF4807315E09C
:101D6000102313E0012311E04FF080730EE04FF4D5
:101D700080130BE04FF4803308E04FF4805305E00C
:101D80004FF4807302E0102300E00123174A5360F0
:101D90007B68012283F821207B68002283F82020C1
:101DA0007B685B6B002B03D07B685B6B7868984724
:101DB000FB7B18461037BD4680BD00BF8000024047
:101DC000080002401C000240300002404400024073
:101DD000580002406C000240080402401C0402400B
:101DE000300402404404024000040240000002406B
:101DF00080B48BB000AF7860396000237B62002331
:101E00003B6279E101227B6A02FA03F3FB613B68E2
:101E10001B68FA691340BB61BA69FB699A4240F0DA
:101E200068813B685B68964A93425ED0944A9342CD
:101E300075D8944A934258D0924A93426FD8924AA6
:101E4000934252D0904A934269D8904A93424CD0E0
:101E50008E4A934263D88E4A934246D08C4A93422C
:101E60005DD8122B2AD8122B59D801A252F823F090
:101E7000EB1E0008C51E0008D71E0008191F000829
:101E80001F1F00081F1F00081F1F00081F1F00083A
:101E90001F1F00081F1F00081F1F00081F1F00082A
:101EA0001F1F00081F1F00081F1F00081F1F00081A
:101EB0001F1F0008CD1E0008E11E0008754A93424E
:101EC00013D02CE03B68DB683B6229E03B68DB68B1
:101ED00004333B6224E03B68DB6808333B621FE06D
:101EE0003B68DB680C333B621AE03B689B68002B65
:101EF00002D104233B6213E03B689B68012B05D1B0
:101F000008233B627B68FA691A6109E008233B6297
:101F10007B68FA695A6103E000233B6200E000BF7E
:101F2000BB69FF2B01D87B6801E07B6804337B61D0
:101F3000BB69FF2B02D87B6A9B0002E07B6A083BEF
:101F40009B003B617B691A680F213B6901FA03F32F
:101F5000DB431A40396A3B6901FA03F31A437B6990
:101F60001A603B685B6803F08053002B00F0C1806F
:101F7000494B9B69484A43F001039361464B9B6977
:101F800003F00103BB60BB68444A7B6A9B080233D1
:101F900052F82330FB607B6A03F003039B000F229F
:101FA00002FA03F3DB43FA681340FB607B683C4AA8
:101FB00093421FD07B683B4A934219D07B683A4AD0
:101FC000934213D07B68394A93420DD07B68384ADC
:101FD000934207D07B68374A934201D105230AE038
:101FE000062308E0042306E0032304E0022302E0C2
:101FF000012300E000237A6A02F00302920093407A
:10200000FA681343FB6025497B6A9B080233FA6830
:1020100041F823203B685B6803F48033002B06D033
:10202000254B1A682449BB6913430B6006E0224B19
:102030001A68BB69DB43204913400B603B685B684F
:1020400003F40033002B06D01B4B5A681A49BB69B6
:1020500013434B6006E0184B5A68BB69DB431649D3
:1020600013404B603B685B6803F48013002B25D062
:10207000114B9A681049BB6913438B6025E000BF80
:10208000000032100000311000002210000021106A
:10209000000012100000111000100240000001406A
:1020A00000080140000C01400010014000140140F4
:1020B00000180140001C014000040140154B9A68C3
:1020C000BB69DB43134913408B603B685B6803F4D7
:1020D0000013002B06D00F4BDA680E49BB6913437F
:1020E000CB6006E00B4BDA68BB69DB430949134060
:1020F000CB607B6A01337B623B681A687B6A22FA99
:1021000003F3002B7FF47EAE00BF00BF2C37BD462B
:1021100080BC70470004014080B485B000AF786097
:102120000B467B807B689A687B881340002B02D02B
:102130000123FB7301E00023FB73FB7B184614377C
:10214000BD4680BC704780B483B000AF78600B465A
:102150007B8013467B707B78002B03D07A887B686A
:102160001A6103E07B881A047B681A6100BF0C3790
:10217000BD4680BC704780B483B000AF78600B462A
:102180007B807B68DA687B881340002B03D07A88D9
:102190007B685A6102E07A887B681A6100BF0C375D
:1021A000BD4680BC7047F0B58BB006AF78607B68E9
:1021B000002B01D10123D3E07B6893F82932DBB2F5
:1021C000002B06D17B68002283F82822786808F06B
:1021D000E7FA7B68032283F829227B681B6818468C
:1021E00002F017FC7B681B683B607E686D4606F159
:1021F00010040FCC0FC523682B60331D0ECB38683D
:1022000002F0E0FB0346002B05D07B68022283F836
:1022100029220123A4E07B681B680021184602F0F4
:1022200014FC0023FB7335E0FB7B7A685B011344ED
:10223000293301221A70FB7B7A685B01134428332F
:10224000FA7B1A70FB7BFA7B91B27A685B011344CC
:1022500036330A461A80FB7B7A685B0113442B33C2
:1022600000221A70FB7B7A685B011344383300222A
:102270001A60FB7B7A685B0113443C3300221A60CE
:10228000FB7B7A6802335B01134400221A60FB7BFC
:102290000133FB73FA7B7B685B689A42C4D30023EB
:1022A000FB7331E0FB7B7A685B01134403F2291373
:1022B00000221A70FB7B7A685B01134403F5947368
:1022C000FA7B1A70FB7B7A685B01134403F22B13D1
:1022D00000221A70FB7B7A685B01134403F59C7340
:1022E00000221A60FB7B7A685B01134403F59E733E
:1022F00000221A60FB7B7A680A335B0113440022D8
:102300001A60FB7B0133FB73FA7B7B685B689A4244
:10231000C8D37B681B683B607E686D4606F110047D
:102320000FCC0FC523682B60331D0ECB386802F02D
:1023300098FB0346002B05D07B68022283F82922F4
:1023400001230DE07B68002283F824207B680122B2
:1023500083F829227B681B68184603F0D4FB00230E
:1023600018461437BD46F0BD80B582B000AF786026
:102370007B6893F82832012B01D1022316E07B6899
:10238000012283F828220121786808F070FC7B681C
:102390001B68184603F0ADFB7B681B68184602F00B
:1023A00021FB7B68002283F8282200231846083787
:1023B000BD4680BD80B582B000AF78607B681B6889
:1023C000184603F0AAFB034603F40043B3F5004F9D
:1023D00002D1786800F0F2FA7B681B68184603F0B7
:1023E0009CFB034603F48063B3F5806F12D17B68D6
:1023F0001B68B3F844309AB27B681B6822F4806291
:1024000092B2A3F84420786808F03FFA0021786877
:1024100000F0DEF87B681B68184603F07EFB03467D
:1024200003F48043B3F5804F0BD17B681B68B3F88E
:1024300044309AB27B681B6822F4804292B2A3F8BF
:1024400044207B681B68184603F067FB034603F4CF
:102450000053B3F5005F0BD17B681B68B3F84430C1
:102460009AB27B681B6822F4005292B2A3F844200F
:102470007B681B68184603F050FB034603F4805347
:10248000B3F5805F26D17B681B68B3F840309AB201
:102490007B681B6822F0040292B2A3F840207B689C
:1024A0001B68B3F840309AB27B681B6822F00802C0
:1024B00092B2A3F84020786808F020FA7B681B6885
:1024C000B3F844309AB27B681B6822F4805292B20F
:1024D000A3F844207B681B68184603F01EFB0346E4
:1024E00003F40063B3F5006F3DD17B681B68B3F85C
:1024F00040309AB27B681B6842F0080292B2A3F89F
:1025000040207B681B68B3F844309AB27B681B6834
:1025100022F4006292B2A3F844207B681B68B3F8EF
:1025200040309AB27B681B6842F0040292B2A3F872
:1025300040207B681B68184603F0EFFA034603F45B
:102540008053B3F5805F0BD17B681B68B3F84430D0
:102550009AB27B681B6822F4805292B2A3F844209E
:10256000786808F0B1F97B681B68184603F0D5FA63
:10257000034603F40073B3F5007F0ED17B681B683C
:10258000B3F844309AB27B681B6822F4007292B2AE
:10259000A3F84420786808F06AF97B681B6818463D
:1025A00003F0BBFA034603F48073B3F5807F0BD1CD
:1025B0007B681B68B3F844309AB27B681B6822F4CE
:1025C000807292B2A3F8442000BF0837BD4680BD98
:1025D00080B582B000AF78600B46FB707B6893F8E3
:1025E0002832012B01D1022313E07B68012283F8FA
:1025F00028227B68FA7883F824207B681B68FA78A5
:102600001146184603F062FA7B68002283F82822FC
:10261000002318460837BD4680BD80B584B000AFA2
:102620007860084611461A460346FB700B463B800D
:102630001346BB700023FB7297F90330002B0BDAB3
:10264000FB7803F007035B0128337A681344FB60CF
:10265000FB6801225A700BE0FB7803F007035B0173
:1026600003F594737A681344FB60FB6800225A7088
:10267000FB7803F00703DAB2FB681A703A88FB684C
:102680001A61FB68BA78DA70FB685B78002B04D0BB
:10269000FB681B781A46FB68DA81BB78022B02D1F3
:1026A000FB6800221A717B6893F82832012B01D154
:1026B00002230EE07B68012283F828227B681B68D6
:1026C000F968184602F0F2F97B68002283F82822A4
:1026D000FB7A18461037BD4680BD80B584B000AF88
:1026E00078600B46FB7097F90330002B0BDAFB7810
:1026F00003F007035B0128337A681344FB60FB682F
:1027000001225A700BE0FB7803F007035B0103F52D
:1027100094737A681344FB60FB6800225A70FB785C
:1027200003F00703DAB2FB681A707B6893F828326B
:10273000012B01D102230EE07B68012283F82822BD
:102740007B681B68F968184602F09CFC7B680022D5
:1027500083F82822002318461037BD4680BD80B577
:1027600086B000AFF8607A603B600B46FB72FB7A84
:1027700003F007035B0103F59473FA6813447B616C
:102780007B697A685A617B693A689A617B69002241
:10279000DA617B6900225A70FB7A03F00703DAB230
:1027A0007B691A70FB7A03F00703002B06D1FB68E4
:1027B0001B687969184602F0FBFD05E0FB681B68A1
:1027C0007969184602F0F4FD002318461837BD4613
:1027D00080BD80B483B000AF78600B46FB70FB789F
:1027E00003F007037A680A335B01134404331B6860
:1027F00018460C37BD4680BC704780B586B000AF28
:10280000F8607A603B600B46FB72FB7A03F00703CB
:102810005B012833FA6813447B617B697A685A61EB
:102820007B693A689A617B690022DA617B690122DF
:102830005A70FB7A03F00703DAB27B691A70FB7AED
:1028400003F00703002B06D1FB681B687969184663
:1028500002F0AEFD05E0FB681B687969184602F0DE
:10286000A7FD002318461837BD4680BD80B584B04B
:1028700000AF78600B46FB70FB7803F007027B68C3
:102880005B689A4201D9012346E097F90330002B97
:102890000BDAFB7803F007035B0128337A681344F3
:1028A000FB60FB6801225A7009E0FB785B0103F5CD
:1028B00094737A681344FB60FB6800225A70FB68CB
:1028C00001229A70FB7803F00703DAB2FB681A70F2
:1028D0007B6893F82832012B01D102231CE07B682E
:1028E000012283F828227B681B68F968184603F0E8
:1028F00017F8FB7803F00703002B08D17B681A68F0
:102900007B6803F50C731946104603F015F97B68D4
:10291000002283F82822002318461037BD4680BDC8
:1029200080B584B000AF78600B46FB70FB7803F095
:102930000F027B685B689A4201D901233AE097F95C
:102940000330002B0BDAFB7803F007035B0128331D
:102950007A681344FB60FB6801225A700BE0FB7835
:1029600003F007035B0103F594737A681344FB607B
:10297000FB6800225A70FB6800229A70FB7803F013
:102980000703DAB2FB681A707B6893F82832012BD0
:1029900001D102230EE07B68012283F828227B68A4
:1029A0001B68F968184602F0FDFF7B68002283F877
:1029B0002822002318461037BD4680BD90B589B047
:1029C00000AF786085E27B681B68B3F84430FB8217
:1029D000FB8ADBB203F00F037B757B7D002B40F09D
:1029E0004181FB8A03F01003002B50D17B681B68E8
:1029F0001B889BB223F4E14323F070039CB27B68F5
:102A00001A686FEA44436FEA53439BB213807B68B2
:102A10002833FB607B681B68B3F850309BB21A46C2
:102A2000FB681B78DB00134402335B007A68126892
:102A3000134403F580631B88C3F30902FB68DA6162
:102A4000FB685A69FB68DB691A44FB685A6100211C
:102A5000786807F0F5FE7B6893F82430DBB2002B32
:102A600000F03782FB689B69002B40F032827B6864
:102A700093F82430DBB263F07F03DAB27B681B6823
:102A8000A3F84C207B68002283F8242021E27B6895
:102A900003F59473FB607B681B681B887B827B8AD1
:102AA00003F40063002B33D07B681B68B3F850300D
:102AB0009BB21A46FB681B78DB00134406335B00AD
:102AC0007A681268134403F580631B88C3F3090214
:102AD000FB68DA617B6818687B6803F50C71FB683A
:102AE000DA88FB68DB699BB203F075F87B681B68CA
:102AF0001B889AB240F68F7313409CB27B681B68A8
:102B000044F0800292B21A80786807F06FFEE0E12C
:102B1000B7F91230002B80F2DC817B681B681B88C0
:102B20009AB240F68F7313409CB27B681B6844F0E6
:102B3000800292B21A807B681B68B3F850309BB257
:102B40001A46FB681B78DB00134406335B007A6887
:102B50001268134403F580631B88C3F30902FB6802
:102B6000DA61FB68DB69002B19D0FB685B69002B1D
:102B700015D07B681868FB685969FB68DA88FB68C0
:102B8000DB699BB203F027F8FB685A69FB68DB69D5
:102B90001A44FB685A610021786807F039FE7B68A7
:102BA0001B681C467B681B68B3F850309BB21C4402
:102BB00004F20C431C46FB681B69002B0ED12388D2
:102BC0009BB223F4F8439BB2238023889BB26FEA25
:102BD00043436FEA53439BB223802DE0FB681B699C
:102BE0003E2B12D8FB681B695B08BB61FB681B6945
:102BF00003F00103002B02D0BB690133BB61BB6949
:102C00009BB29B029BB2238016E0FB681B695B09A9
:102C1000BB61FB681B6903F01F03002B02D1BB697A
:102C2000013BBB61BB699BB29B029BB26FEA434312
:102C30006FEA53439BB223807B681B681B889BB25F
:102C400023F4804323F070039CB284F480539CB23D
:102C500084F400539CB27B681A68974B23439BB261
:102C6000138036E17B681B681A467B7D9B0013440A
:102C70001B887B82B7F91230002B80F2D1807B68F1
:102C80001B681A467B7D9B0013441B889AB240F652
:102C90008F7313409CB27B681B681A467B7D9B0038
:102CA000134444F0800292B21A807B7D5B0103F5ED
:102CB00094737A681344FB60FB681B7B002B21D163
:102CC0007B681B68B3F850309BB21A46FB681B78D0
:102CD000DB00134406335B007A681268134403F583
:102CE00080631B88C3F30903FB83FB8B002B72D02B
:102CF0007B681868FB685969FB68DA88FB8B02F00F
:102D00006AFF68E07B681B681A46FB681B789B00BB
:102D100013441B889BB203F48043002B21D07B68B3
:102D20001B68B3F850309BB21A46FB681B78DB0077
:102D3000134402335B007A681268134403F580631E
:102D40001B88C3F30903FB83FB8B002B2AD07B6812
:102D50001868FB685969FB681A89FB8B02F03BFF16
:102D600020E07B681B68B3F850309BB21A46FB68C2
:102D70001B78DB00134406335B007A681268134447
:102D800003F580631B88C3F30903FB83FB8B002BD4
:102D900008D07B681868FB685969FB685A89FB8B07
:102DA00002F019FF7B681B681A46FB681B789B00C2
:102DB00013441B889BB223F4E04323F070039CB2BE
:102DC0007B681B681A46FB681B789B001A443B4BC8
:102DD00023439BB21380FB68DA69FB8B1A44FB68C0
:102DE000DA61FB685A69FB8B1A44FB685A61FB681D
:102DF0009B69002B04D0FA8BFB681B699A4206D2B0
:102E0000FB681B781946786807F002FD08E0FB684C
:102E10001978FB685A69FB689B697868FFF79FFC23
:102E20007B8A03F08003002B53D07B7D5B0128332A
:102E30007A681344FB607B681B681A467B7D9B00A5
:102E400013441B889BB223F4E14323F070039CB22C
:102E50007B681B681A467B7D9B001A446FEA4443DB
:102E60006FEA53439BB213807B681B68B3F8503002
:102E70009BB21A46FB681B78DB00134402335B00ED
:102E80007A681268134403F580631B88C3F3090250
:102E9000FB68DA61FB685A69FB68DB691A44FB6806
:102EA0005A61FB689B69002B0AD1FB681B781946A5
:102EB000786807F0C5FC0CE08080FFFFC080FFFF52
:102EC000FB681978FB685A69FB689B697868FFF7AB
:102ED00094FC7B681B68B3F844309BB21BB2002B98
:102EE000FFF671AD002318462437BD4690BD00BFE4
:102EF00080B487B000AFF8607B600B467B811346DF
:102F00003B817B8903F080039BB2002B08D07B8937
:102F100003F007035B012833FA6813447B6106E082
:102F20007B895B0103F59473FA6813447B613B89E9
:102F3000002B07D17B6900221A737B689AB27B69E8
:102F4000DA800BE07B6901221A737B689AB27B6995
:102F50001A817B681B0C9AB27B695A810023184640
:102F60001C37BD4680BC704780B586B000AF786026
:102F70007B68002B01D1012372E27B681B6803F0A0
:102F80000103002B00F08780924B5B6803F00C0379
:102F9000042B0CD08F4B5B6803F00C03082B12D171
:102FA0008C4B5B6803F48033B3F5803F0BD1894BC6
:102FB0001B6803F40033002B6CD07B685B68002B2C
:102FC00068D101234CE27B685B68B3F5803F06D192
:102FD000804B1B687F4A43F4803313602EE07B688C
:102FE0005B68002B0CD17B4B1B687A4A23F480333F
:102FF0001360784B1B68774A23F4802313601DE02D
:103000007B685B68B3F5A02F0CD1724B1B68714ACB
:1030100043F4802313606F4B1B686E4A43F4803384
:1030200013600BE06B4B1B686A4A23F48033136018
:10303000684B1B68674A23F4802313607B685B68D6
:10304000002B13D0FEF7E2FC386108E0FEF7DEFC4F
:1030500002463B69D31A642B01D9032300E25D4B7E
:103060001B6803F40033002BF0D014E0FEF7CEFC15
:10307000386108E0FEF7CAFC02463B69D31A642BAC
:1030800001D90323ECE1534B1B6803F40033002BFD
:10309000F0D100E000BF7B681B6803F00203002B47
:1030A00063D04C4B5B6803F00C03002B0BD0494BF7
:1030B0005B6803F00C03082B1CD1464B5B6803F4E0
:1030C0008033002B16D1434B1B6803F00203002B07
:1030D00005D07B681B69012B01D00123C0E13D4B6A
:1030E0001B6823F0F8027B685B69DB0039491343F6
:1030F0000B603AE07B681B69002B20D0364B012225
:103100001A60FEF783FC386108E0FEF77FFC024698
:103110003B69D31A022B01D90323A1E12D4B1B6874
:1031200003F00203002BF0D02A4B1B6823F0F802B7
:103130007B685B69DB00274913430B6015E0264B76
:1031400000221A60FEF762FC386108E0FEF75EFCC0
:1031500002463B69D31A022B01D9032380E11D4BA0
:103160001B6803F00203002BF0D17B681B6803F09F
:103170000803002B3AD07B689B69002B19D0174BB2
:1031800001221A60FEF742FC386108E0FEF73EFCBF
:1031900002463B69D31A022B01D9032360E10D4B90
:1031A0005B6A03F00203002BF0D0012000F008FB63
:1031B0001CE00A4B00221A60FEF728FC38610FE081
:1031C000FEF724FC02463B69D31A022B08D90323DD
:1031D00046E100BF0010024000004242800442422B
:1031E000924B5B6A03F00203002BE9D17B681B68FA
:1031F00003F00403002B00F0A6800023FB758B4B2B
:10320000DB6903F08053002B0DD1884BDB69874AC3
:1032100043F08053D361854BDB6903F08053BB607F
:10322000BB680123FB75824B1B6803F48073002B82
:1032300018D17F4B1B687E4A43F480731360FEF7FE
:10324000E5FB386108E0FEF7E1FB02463B69D31A73
:10325000642B01D9032303E1754B1B6803F48073CE
:10326000002BF0D07B68DB68012B06D16F4B1B6A0B
:103270006E4A43F0010313622DE07B68DB68002B8C
:103280000CD16A4B1B6A694A23F001031362674B36
:103290001B6A664A23F0040313621CE07B68DB6848
:1032A000052B0CD1614B1B6A604A43F00403136287
:1032B0005E4B1B6A5D4A43F0010313620BE05B4BFC
:1032C0001B6A5A4A23F001031362584B1B6A574A80
:1032D00023F0040313627B68DB68002B15D0FEF734
:1032E00095FB38610AE0FEF791FB02463B69D31A71
:1032F00041F28832934201D90323B1E04B4B1B6A60
:1033000003F00203002BEED014E0FEF77FFB3861E0
:103310000AE0FEF77BFB02463B69D31A41F2883292
:10332000934201D903239BE0404B1B6A03F0020345
:10333000002BEED1FB7D012B05D13C4BDB693B4AD9
:1033400023F08053D3617B68DB69002B00F087801A
:10335000364B5B6803F00C03082B61D07B68DB699C
:10336000022B46D1334B00221A60FEF74FFB386127
:1033700008E0FEF74BFB02463B69D31A022B01D94A
:1033800003236DE0294B1B6803F00073002BF0D181
:103390007B681B6AB3F5803F08D1244B5B6823F43C
:1033A00000327B689B68214913434B601F4B5B686D
:1033B00023F474127B68196A7B685B6A0B431B49B0
:1033C00013434B601B4B01221A60FEF71FFB386151
:1033D00008E0FEF71BFB02463B69D31A022B01D91A
:1033E00003233DE0114B1B6803F00073002BF0D06A
:1033F00035E0104B00221A60FEF708FB386108E048
:10340000FEF704FB02463B69D31A022B01D90323C2
:1034100026E0064B1B6803F00073002BF0D11EE082
:103420007B68DB69012B07D1012319E00010024002
:1034300000700040600042420B4B5B68FB60FB6821
:1034400003F480327B681B6A9A4206D1FB6803F45E
:1034500070127B685B6A9A4201D0012300E000236E
:1034600018461837BD4680BD0010024080B584B0B4
:1034700000AF786039607B68002B01D10123D0E078
:103480006A4B1B6803F007033A689A4210D9674BEE
:103490001B6823F0070265493B6813430B60634BCD
:1034A0001B6803F007033A689A4201D00123B8E091
:1034B0007B681B6803F00203002B20D07B681B682D
:1034C00003F00403002B05D0594B5B68584A43F4C2
:1034D000E06353607B681B6803F00803002B05D092
:1034E000534B5B68524A43F460535360504B5B68E4
:1034F00023F0F0027B689B684D4913434B607B6867
:103500001B6803F00103002B40D07B685B68012B34
:1035100007D1474B1B6803F40033002B15D101235F
:103520007FE07B685B68022B07D1414B1B6803F08F
:103530000073002B09D1012373E03D4B1B6803F09E
:103540000203002B01D101236BE0394B5B6823F0B0
:1035500003027B685B68364913434B60FEF756FAFB
:10356000F8600AE0FEF752FA0246FB68D31A41F20D
:103570008832934201D9032353E02D4B5B6803F05B
:103580000C027B685B689B009A42EBD1274B1B685F
:1035900003F007033A689A4210D2244B1B6823F0C9
:1035A000070222493B6813430B60204B1B6803F062
:1035B00007033A689A4201D0012332E07B681B6816
:1035C00003F00403002B08D0194B5B6823F4E0627E
:1035D0007B68DB68164913434B607B681B6803F00C
:1035E0000803002B09D0124B5B6823F460527B6800
:1035F0001B69DB000E4913434B6000F021F80246C3
:103600000B4B5B681B0903F00F030A49CB5C22FAE2
:1036100003F3094A1360094B1B681846FDF7EAFFDC
:10362000002318461037BD4680BD00BF0020024071
:103630000010024050D700080000002004000020C5
:1036400090B48AB000AF294B3C1D0FCB84E80F002B
:1036500040F201233B800023FB610023BB61002378
:103660007B6200237B6100233B62214B5B68FB6133
:10367000FB6903F00C03042B02D0082B03D02BE0D2
:103680001C4B3B622BE0FB699B0C03F00F032833C0
:103690003B4413F8243C7B61FB6903F48033002B2B
:1036A00012D0134B5B685B0C03F0010328333B44DF
:1036B00013F8283CBB617B690E4A03FB02F2BB692D
:1036C000B2FBF3F37B6204E07B690B4A02FB03F37A
:1036D0007B627B6A3B6202E0064B3B6200BF3B6A57
:1036E00018462837BD4690BC704700BFBCD40008C0
:1036F0000010024000127A0000093D0080B400AFC3
:10370000024B1B681846BD4680BC70470000002075
:1037100080B500AFFFF7F2FF0246054B5B681B0A5E
:1037200003F007030349CB5C22FA03F3184680BD7C
:103730000010024060D7000880B500AFFFF7DEFF41
:103740000246054B5B68DB0A03F007030349CB5CC9
:1037500022FA03F3184680BD0010024060D700082B
:1037600080B483B000AF786039607B680F221A6044
:10377000114B5B6803F003027B685A600E4B5B6879
:1037800003F0F0027B689A600B4B5B6803F4E06225
:103790007B68DA60084B5B68DB0803F4E0627B68F7
:1037A0001A61064B1B6803F007023B681A6000BFF2
:1037B0000C37BD4680BC704700100240002002401C
:1037C00080B485B000AF78600A4B1B680A4AA2FB40
:1037D00003235B0A7A6802FB03F3FB6000BFFB680C
:1037E0005A1EFA60002BF9D100BF00BF1437BD4646
:1037F00080BC704700000020D34D621080B586B0B9
:1038000000AF786000233B610023FB607B681B688E
:1038100003F00103002B7DD00023FB754F4BDB69C8
:1038200003F08053002B0DD14C4BDB694B4A43F026
:103830008053D361494BDB6903F08053BB60BB68A5
:103840000123FB75464B1B6803F48073002B18D1D2
:10385000434B1B68424A43F480731360FEF7D6F86B
:10386000386108E0FEF7D2F802463B69D31A642BB0
:1038700001D903236DE03A4B1B6803F48073002BDE
:10388000F0D0364B1B6A03F44073FB60FB68002BDF
:103890002ED07B685B6803F44073FA689A4227D0A5
:1038A0002E4B1B6A23F44073FB602E4B01221A60DF
:1038B0002C4B00221A60294AFB681362FB6803F054
:1038C0000103002B14D0FEF7A1F838610AE0FEF7DF
:1038D0009DF802463B69D31A41F28832934201D9DE
:1038E000032336E01D4B1B6A03F00203002BEED0CE
:1038F0001A4B1B6A23F440727B685B6817491343B9
:103900000B62FB7D012B05D1144BDB69134A23F0BD
:103910008053D3617B681B6803F00203002B08D03F
:103920000E4B5B6823F440427B689B680B49134352
:103930004B607B681B6803F01003002B08D0074B1B
:103940005B6823F480027B685B69044913434B6026
:10395000002318461837BD4680BD00BF0010024046
:10396000007000404004424280B582B000AF7860F1
:103970007B68002B01D101231DE07B6893F83D306B
:10398000DBB2002B06D17B68002283F83C207868EC
:10399000FDF780FD7B68022283F83D207B681A6872
:1039A0007B6804331946104600F01CFA7B6801223C
:1039B00083F83D20002318460837BD4680BD80B4FB
:1039C00085B000AF78607B681B68DA687B681B682D
:1039D00042F00102DA607B681B689B6803F0070312
:1039E000FB60FB68062B07D07B681B681A687B6846
:1039F0001B6842F001021A60002318461437BD46C6
:103A000080BC704780B582B000AF78607B681B686F
:103A10001B6903F00203022B22D17B681B68DB6861
:103A200003F00203022B1BD17B681B686FF00202BC
:103A30001A617B6801221A777B681B689B6903F017
:103A40000303002B03D0786800F0B1F905E0786833
:103A500000F0A4F9786800F0B3F97B6800221A77C7
:103A60007B681B681B6903F00403042B22D17B686D
:103A70001B68DB6803F00403042B1BD17B681B6805
:103A80006FF004021A617B6802221A777B681B6858
:103A90009B6903F44073002B03D0786800F087F92A
:103AA00005E0786800F07AF9786800F089F97B68B9
:103AB00000221A777B681B681B6903F00803082B38
:103AC00022D17B681B68DB6803F00803082B1BD13D
:103AD0007B681B686FF008021A617B6804221A7702
:103AE0007B681B68DB6903F00303002B03D0786855
:103AF00000F05DF905E0786800F050F9786800F0B2
:103B00005FF97B6800221A777B681B681B6903F0EA
:103B10001003102B22D17B681B68DB6803F01003B5
:103B2000102B1BD17B681B686FF010021A617B6839
:103B300008221A777B681B68DB6903F44073002B4B
:103B400003D0786800F033F905E0786800F026F9D2
:103B5000786800F035F97B6800221A777B681B686B
:103B60001B6903F00103012B0ED17B681B68DB6826
:103B700003F00103012B07D17B681B686FF0010282
:103B80001A617868FDF736FC7B681B681B6903F0D7
:103B90008003802B0ED17B681B68DB6803F08003F9
:103BA000802B07D17B681B686FF080021A617868F0
:103BB00000F075FA7B681B681B6903F04003402B1B
:103BC0000ED17B681B68DB6803F04003402B07D1F4
:103BD0007B681B686FF040021A61786800F0F9F8A2
:103BE0007B681B681B6903F02003202B0ED17B68C8
:103BF0001B68DB6803F02003202B07D17B681B6860
:103C00006FF020021A61786800F040FA00BF0837B0
:103C1000BD4680BD80B584B000AF786039607B68F8
:103C200093F83C30012B01D10223B3E07B680122E1
:103C300083F83C207B68022283F83D207B681B6868
:103C40009B68FB60FB6823F07703FB60FB6823F451
:103C50007F43FB607B681B68FA689A603B681B685F
:103C6000B3F5005F3ED0B3F5005F00F28780B3F597
:103C7000805F00F08580B3F5805F7FD8702B1AD00D
:103C8000702B7BD8602B50D0602B77D8502B3CD03A
:103C9000502B73D8402B58D0402B6FD8302B64D08A
:103CA000302B6BD8202B60D0202B67D8002B5CD01A
:103CB000102B5AD062E07B6818683B6899683B68B3
:103CC0005A683B68DB6800F07EF97B681B689B687C
:103CD000FB60FB6843F07703FB607B681B68FA6856
:103CE0009A604EE07B6818683B6899683B685A6840
:103CF0003B68DB6800F067F97B681B689A687B6843
:103D00001B6842F480429A603BE07B6818683B681D
:103D100059683B68DB681A4600F0DEF87B681B6870
:103D20005021184600F035F92BE07B6818683B6895
:103D300059683B68DB681A4600F0FCF87B681B6832
:103D40006021184600F025F91BE07B6818683B6885
:103D500059683B68DB681A4600F0BEF87B681B6850
:103D60004021184600F015F90BE07B681A683B68A3
:103D70001B681946104600F00CF902E000BF00E095
:103D800000BF7B68012283F83D207B68002283F816
:103D90003C20002318461037BD4680BD80B483B058
:103DA00000AF786000BF0C37BD4680BC704780B460
:103DB00083B000AF786000BF0C37BD4680BC704751
:103DC00080B483B000AF786000BF0C37BD4680BCC4
:103DD000704780B483B000AF786000BF0C37BD4639
:103DE00080BC704780B485B000AF786039607B6874
:103DF0001B68FB607B68334A934213D07B68324A6E
:103E000093420FD07B68B3F1804F0BD07B682F4A71
:103E1000934207D07B682E4A934203D07B682D4A99
:103E2000934208D1FB6823F07003FB603B685B683A
:103E3000FA681343FB607B68224A934213D07B6885
:103E4000214A93420FD07B68B3F1804F0BD07B683F
:103E50001E4A934207D07B681D4A934203D07B6879
:103E60001C4A934208D1FB6823F44073FB603B6813
:103E7000DB68FA681343FB60FB6823F080023B6851
:103E80005B691343FB607B68FA681A603B689A6859
:103E90007B68DA623B681A687B689A627B68094AC9
:103EA000934203D07B68084A934203D13B681A6966
:103EB0007B681A637B6801225A6100BF1437BD46D4
:103EC00080BC7047002C01400034014000040040D9
:103ED00000080040000C004080B487B000AFF860DC
:103EE000B9607A60FB681B6A7B61FB681B6A23F020
:103EF0000102FB681A62FB689B693B613B6923F026
:103F0000F0033B617B681B013A6913433B617B69AA
:103F100023F00A037B617A69BB6813437B61FB680A
:103F20003A699A61FB687A691A6200BF1C37BD461C
:103F300080BC704780B487B000AFF860B9607A6029
:103F4000FB681B6A23F01002FB681A62FB689B691E
:103F50007B61FB681B6A3B617B6923F470437B6177
:103F60007B681B037A6913437B613B6923F0A003E1
:103F70003B61BB681B013A6913433B61FB687A698B
:103F80009A61FB683A691A6200BF1C37BD4680BC63
:103F9000704780B485B000AF786039607B689B68FB
:103FA000FB60FB6823F07003FB603A68FB68134317
:103FB00043F00703FB607B68FA689A6000BF143720
:103FC000BD4680BC704780B487B000AFF860B96070
:103FD0007A603B60FB689B687B617B6923F47F436D
:103FE0007B613B681A027B681A43BB6813437A699A
:103FF00013437B61FB687A699A6000BF1C37BD463A
:1040000080BC704780B485B000AF786039607B6851
:1040100093F83C30012B01D1022332E07B6801226E
:1040200083F83C207B68022283F83D207B681B6874
:104030005B68FB607B681B689B68BB60FB6823F068
:104040007003FB603B681B68FA681343FB60BB6846
:1040500023F08003BB603B685B68BA681343BB60B6
:104060007B681B68FA685A607B681B68BA689A604C
:104070007B68012283F83D207B68002283F83C2086
:10408000002318461437BD4680BC704780B483B007
:1040900000AF786000BF0C37BD4680BC704780B46D
:1040A00083B000AF786000BF0C37BD4680BC70475E
:1040B00080B582B000AF78607B68002B01D101230E
:1040C0003FE07B6893F83930DBB2002B06D17B6888
:1040D000002283F838207868FDF700FA7B682422F4
:1040E00083F839207B681B68DA687B681B6822F4D8
:1040F0000052DA60786800F08BFB7B681B681A69F5
:104100007B681B6822F490421A617B681B685A69BD
:104110007B681B6822F02A025A617B681B68DA6898
:104120007B681B6842F40052DA607B680022DA6325
:104130007B68202283F839207B68202283F83A208C
:10414000002318460837BD4680BD80B588B002AF51
:10415000F860B9603B601346FB8000237B61FB681D
:1041600093F83930DBB2202B40F08380BB68002B02
:1041700002D0FB88002B01D101237BE0FB6893F880
:104180003830012B01D1022374E0FB68012283F84F
:104190003820FB680022DA63FB68212283F839208B
:1041A000FDF734FC7861FB68FA889A84FB68FA882A
:1041B000DA8442E0FB68DB8C9BB2013B9AB2FB687D
:1041C000DA84FB689B68B3F5805F22D13B6800937B
:1041D0007B6900228021F86800F0B0F90346002BCB
:1041E00001D0032346E0BB683B613B691B881A464C
:1041F000FB681B68C2F308025A60FB681B69002B4E
:1042000003D1BB680233BB6017E0BB680133BB60FE
:1042100013E03B6800937B6900228021F86800F07E
:104220008DF90346002B01D0032323E0BB685A1C01
:10423000BA601A78FB681B685A60FB68DB8C9BB21B
:10424000002BB7D13B6800937B6900224021F868BE
:1042500000F074F90346002B01D003230AE0FB6849
:10426000202283F83920FB68002283F838200023BD
:1042700000E0022318461837BD4680BD80B485B0E3
:1042800000AFF860B9601346FB80FB6893F83A30E2
:10429000DBB2202B40D1BB68002B02D0FB88002B67
:1042A00001D1012339E0FB6893F83830012B01D1AB
:1042B000022332E0FB68012283F83820FB68BA68E9
:1042C0009A62FB68FA889A85FB68FA88DA85FB6847
:1042D0000022DA63FB68222283F83A20FB6800227E
:1042E00083F83820FB681B68DA68FB681B6842F4B7
:1042F0008072DA60FB681B685A69FB681B6842F0D1
:1043000001025A61FB681B68DA68FB681B6842F0AF
:104310002002DA60002300E0022318461437BD466D
:1043200080BC704780B588B000AF78607B681B6840
:104330001B68FB617B681B68DB68BB617B681B6873
:104340005B697B6100233B610023FB60FB6903F039
:104350000F033B613B69002B0DD1FB6903F0200388
:10436000002B08D0BB6903F02003002B03D0786832
:1043700000F0CCF9CBE03B69002B00F0AB807B690F
:1043800003F00103002B05D1BB6903F49073002BEC
:1043900000F0A080FB6903F00103002B0AD0BB6989
:1043A00003F48073002B05D07B68DB6B43F00102C4
:1043B0007B68DA63FB6903F00403002B0AD07B6996
:1043C00003F00103002B05D07B68DB6B43F0020296
:1043D0007B68DA63FB6903F00203002B0AD07B6978
:1043E00003F00103002B05D07B68DB6B43F0040274
:1043F0007B68DA63FB6903F00803002B0AD07B6952
:1044000003F00103002B05D07B68DB6B43F008024F
:104410007B68DA637B68DB6B002B77D0FB6903F08A
:104420002003002B07D0BB6903F02003002B02D030
:10443000786800F06BF97B681B685B6903F04003E8
:10444000002B14BF01230023DBB2FB607B68DB6B16
:1044500003F00803002B02D1FB68002B31D07868F1
:1044600000F0B6F87B681B685B6903F04003002B23
:1044700023D07B681B685A697B681B6822F0400266
:104480005A617B685B6B002B13D07B685B6B214AA6
:104490005A637B685B6B1846FDF7A2FB0346002B53
:1044A00016D07B685B6B5B6B7A68526B10469847E3
:1044B0000EE0786800F039F80AE0786800F035F826
:1044C00006E0786800F031F87B680022DA631DE0CE
:1044D00000BF1BE0FB6903F08003002B08D0BB6921
:1044E00003F08003002B03D0786800F0A2F80EE000
:1044F000FB6903F04003002B09D0BB6903F04003C4
:10450000002B04D0786800F0E9F800E000BF203705
:10451000BD4680BD0B46000880B483B000AF786014
:1045200000BF0C37BD4680BC704780B483B000AF7D
:10453000786000BF0C37BD4680BC704780B584B042
:1045400000AFF860B9603B601346FB712CE0BB69BB
:10455000B3F1FF3F28D0BB69002B07D0FDF756FA17
:1045600002463B68D31ABA699A421DD2FB681B689F
:10457000DA68FB681B6822F4D072DA60FB681B689B
:104580005A69FB681B6822F001025A61FB6820220D
:1045900083F83920FB68202283F83A20FB68002248
:1045A00083F8382003230FE0FB681B681A68BB6898
:1045B0001340BA689A420CBF01230023DBB21A46AB
:1045C000FB799A42C3D0002318461037BD4680BD00
:1045D00080B483B000AF78607B681B68DA687B6862
:1045E0001B6822F49072DA607B681B685A697B68EA
:1045F0001B6822F001025A617B68202283F83A206E
:1046000000BF0C37BD4680BC704780B584B000AF9A
:1046100078607B685B6AFB60FB680022DA85FB6878
:104620000022DA84F868FFF780FF00BF1037BD462C
:1046300080BD80B485B000AF78607B6893F8393076
:10464000DBB2212B44D17B689B68B3F5805F1AD124
:104650007B681B6AFB60FB681B881A467B681B68CB
:10466000C2F308025A607B681B69002B05D17B6886
:104670001B6A9A1C7B681A620EE07B681B6A5A1CD4
:104680007B681A6208E07B681B6A591C7A681162B1
:104690001A787B681B685A607B68DB8C9BB2013B95
:1046A0009BB27A681946D184002B0FD17B681B68B6
:1046B000DA687B681B6822F08002DA607B681B681E
:1046C000DA687B681B6842F04002DA60002300E091
:1046D000022318461437BD4680BC704780B582B0AF
:1046E00000AF78607B681B68DA687B681B6822F023
:1046F0004002DA607B68202283F839207868FFF76F
:104700000BFF002318460837BD4680BD80B584B036
:1047100000AF78607B6893F83A30DBB2222B71D11E
:104720007B689B68B3F5805F23D17B689B6AFB60E5
:104730007B681B69002B0ED17B681B685B689BB292
:10474000C3F308039AB2FB681A807B689B6A9A1CC1
:104750007B689A6229E07B681B685B689BB2DBB26E
:104760009AB2FB681A807B689B6A5A1C7B689A62C3
:104770001BE07B681B69002B0AD17B681B685868AB
:104780007B689B6A591C7A689162C2B21A700CE00D
:104790007B681B685B68DAB27B689B6A581C796827
:1047A000886202F07F02D2B21A707B68DB8D9BB206
:1047B000013B9BB27A681946D185002B20D17B68DA
:1047C0001B68DA687B681B6822F02002DA607B686D
:1047D0001B68DA687B681B6822F48072DA607B6889
:1047E0001B685A697B681B6822F001025A617B686A
:1047F000202283F83A20786806F072FC002302E059
:10480000002300E0022318461037BD4680BD00009B
:1048100080B584B000AF78607B681B681B6923F4A7
:1048200040517B68DA687B681B680A431A617B68C1
:104830009A687B681B691A437B685B691343FB605A
:104840007B681B68DB6823F4B05323F00C037A68A1
:104850001268F9680B43D3607B681B685B6923F4BB
:1048600040717B689A697B681B680A435A617B6860
:104870001B68524A93424ED1FEF75EFFB860BA6899
:1048800013469B0013449A001A447B685B689B00A4
:10489000B2FBF3F34A4AA2FB03235B091901BA688E
:1048A00013469B0013449A001A447B685B689B0084
:1048B000B2FBF3F2424BA3FB02035B09642000FB53
:1048C00003F3D31A1B0132333D4AA2FB03235B09D6
:1048D00003F0F0031944BA6813469B0013449A008E
:1048E0001A447B685B689B00B2FBF3F2344BA3FB7A
:1048F00002035B09642000FB03F3D31A1B0132336C
:104900002F4AA2FB03235B0903F00F027B681B689D
:104910000A449A604DE0FEF7FBFEB860BA681346A1
:104920009B0013449A001A447B685B689B00B2FBAF
:10493000F3F3234AA2FB03235B091901BA68134668
:104940009B0013449A001A447B685B689B00B2FB8F
:10495000F3F21B4BA3FB02035B09642000FB03F390
:10496000D31A1B013233164AA2FB03235B0903F05F
:10497000F0031944BA6813469B0013449A001A4482
:104980007B685B689B00B2FBF3F20D4BA3FB020359
:104990005B09642000FB03F3D31A1B013233084A7E
:1049A000A2FB03235B0903F00F027B681B680A4428
:1049B0009A6000BF1037BD4680BD00BF003801407F
:1049C0001F85EB5184B080B483B000AF786007F1ED
:1049D000140080E80E00002318460C37BD4680BC4A
:1049E00004B0704780B485B000AF78604FF43F43A7
:1049F000FB817B68B3F840309AB2FB8913439AB2CB
:104A00007B68A3F84020002318461437BD4680BCBD
:104A1000704780B485B000AF78604FF43F43FB81AE
:104A20007B68B3F840309BB21AB2B7F90E30DB4363
:104A30001BB213401BB29AB27B68A3F8402000233C
:104A400018461437BD4680BC704780B483B000AFB1
:104A500078600B46FB70002318460C37BD4680BCBF
:104A6000704784B080B582B000AF786007F1140061
:104A700080E80E007B680122A3F840207B680022BA
:104A8000A3F840207B680022A3F844207B68002222
:104A9000A3F850207868FFF7A5FF002318460837D1
:104AA000BD46BDE8804004B07047000090B484B0BB
:104AB00000AF786039600023FB737A683B681B782D
:104AC0009B0013441B889BB223F4EC4323F0700338
:104AD000BB813B68DB78032B19D801A252F823F085
:104AE000F14A0008054B0008154B0008FB4A000876
:104AF000BB8943F40073BB810DE0BB8943F4C06301
:104B0000BB8108E0BB8943F48063BB8103E00123E0
:104B1000FB7300E000BF7A683B681B789B001A4477
:104B2000BB8943F07F4343F47F0343F4004343F0E6
:104B300080039BB213807A683B681B789B00134408
:104B40001B889BB223F4E04323F070039BB23A68C6
:104B5000127813439CB27A683B681B789B001A4416
:104B6000894B23439BB213803B681B7B002B40F097
:104B700011813B685B78002B67D07C687B68B3F859
:104B800050309BB21C443B681B781B01234403F547
:104B900080631C463B68DB885B089BB25B009BB272
:104BA00023807A683B681B789B0013441B889CB267
:104BB000234603F04003002B14D07A683B681B782F
:104BC0009B0013441B889BB223F4E04323F0700343
:104BD0009CB27A683B681B789B001A446B4B23435A
:104BE0009BB213803B68DB78012B18D07A683B6856
:104BF0001B789B0013441B889BB223F4E04323F0F3
:104C000040039CB284F020039CB27A683B681B7816
:104C10009B001A445C4B23439BB213802AE27A68C0
:104C20003B681B789B0013441B889BB223F4E04332
:104C300023F040039CB27A683B681B789B001A44BF
:104C4000514B23439BB2138014E27C687B68B3F81A
:104C500050309BB21C443B681B781B01234403F576
:104C600081631C463B68DB885B089BB25B009BB2A0
:104C700023807C687B68B3F850309BB21C443B684F
:104C80001B781B01234403F20C431C463B681B6941
:104C9000002B0ED123889BB223F4F8439BB22380D0
:104CA00023889BB26FEA43436FEA53439BB223804E
:104CB0002DE03B681B693E2B12D83B681B695B08E3
:104CC000BB603B681B6903F00103002B02D0BB688B
:104CD0000133BB60BB689BB29B029BB2238016E092
:104CE0003B681B695B09BB603B681B6903F01F03E2
:104CF000002B02D1BB68013BBB60BB689BB29B022F
:104D00009BB26FEA43436FEA53439BB223807A68B6
:104D10003B681B789B0013441B889CB2234603F41A
:104D20008043002B14D07A683B681B789B001344A7
:104D30001B889BB223F4E04323F070039CB27A6893
:104D40003B681B789B001A44114B23439BB2138092
:104D50007A683B681B789B0013441B889BB223F442
:104D6000804323F070039CB284F480539CB284F49B
:104D700000539CB27A683B681B789B001A44024B34
:104D800023439BB2138075E18080FFFFC080FFFF4B
:104D900080C0FFFF7A683B681B789B0013441B8828
:104DA0009BB223F4E04323F070039CB27A683B6823
:104DB0001B789B001A44964B23439BB213807C685C
:104DC0007B68B3F850309BB21C443B681B781B01D6
:104DD000234403F580631C463B681B895B089BB238
:104DE0005B009BB223807C687B68B3F850309BB239
:104DF0001C443B681B781B01234403F581631C465C
:104E00003B685B895B089BB25B009BB223803B687D
:104E10005B78002B40F088807A683B681B789B00A9
:104E200013441B889CB2234603F48043002B14D008
:104E30007A683B681B789B0013441B889BB223F461
:104E4000E04323F070039CB27A683B681B789B00B8
:104E50001A44704B23439BB213807A683B681B78DB
:104E60009B0013441B889CB2234603F04003002B95
:104E700014D07A683B681B789B0013441B889BB254
:104E800023F4E04323F070039CB27A683B681B78FC
:104E90009B001A44604B23439BB213807A683B68A3
:104EA0001B789B0013441B889BB223F4E04323F040
:104EB00070039CB27A683B681B789B001A44564B7F
:104EC00023439BB213807A683B681B789B00134492
:104ED0001B889BB223F4804323F070039CB284F4BC
:104EE00080539CB284F400539CB27A683B681B7870
:104EF0009B001A44494B23439BB213807A683B685A
:104F00001B789B0013441B889BB223F4E04323F0DF
:104F100040039CB27A683B681B789B001A443F4B65
:104F200023439BB21380A5E07A683B681B789B0003
:104F300013441B889CB2234603F48043002B14D0F7
:104F40007A683B681B789B0013441B889BB223F450
:104F5000E04323F070039CB27A683B681B789B00A7
:104F60001A442C4B23439BB213807A683B681B780E
:104F70009B0013441B889CB2234603F04003002B84
:104F800014D07A683B681B789B0013441B889BB243
:104F900023F4E04323F070039CB27A683B681B78EB
:104FA0009B001A441C4B23439BB213807A683B68D6
:104FB0001B789B0013441B889BB223F4E04323F02F
:104FC00070039CB27A683B681B789B001A44114BB3
:104FD00023439BB213803B68DB78012B20D07A6897
:104FE0003B681B789B0013441B889BB223F4E0436F
:104FF00023F040039CB284F020039CB27A683B68A3
:105000001B789B001A44054B23439BB213801CE082
:105010008081FFFF80C0FFFFC080FFFF8080FFFF17
:105020007A683B681B789B0013441B889BB223F46F
:10503000E04323F040039CB27A683B681B789B00F6
:105040001A440F4B23439BB213807A683B681B784A
:105050009B0013441B889BB223F4804323F070030E
:105060009CB27A683B681B789B001A44044B23432C
:105070009BB21380FB7B18461037BD4690BC70472F
:105080008080FFFF90B482B000AF786039603B68E9
:105090001B7B002B71D13B685B78002B36D07A6884
:1050A0003B681B789B0013441B889CB2234603F08B
:1050B0004003002B14D07A683B681B789B00134494
:1050C0001B889BB223F4E04323F070039CB27A6800
:1050D0003B681B789B001A446B4B23439BB21380A5
:1050E0007A683B681B789B0013441B889BB223F4AF
:1050F000E04323F040039CB27A683B681B789B0036
:105100001A44624B23439BB2138044E17A683B68A4
:105110001B789B0013441B889CB2234603F48043F6
:10512000002B14D07A683B681B789B0013441B88C3
:105130009BB223F4E04323F070039CB27A683B688F
:105140001B789B001A44524B23439BB213807A680E
:105150003B681B789B0013441B889BB223F480435D
:1051600023F070039CB27A683B681B789B001A445A
:10517000464B23439BB213800DE13B685B78002BC9
:1051800040F088807A683B681B789B0013441B883A
:105190009CB2234603F48043002B14D07A683B680A
:1051A0001B789B0013441B889BB223F4E04323F03D
:1051B00070039CB27A683B681B789B001A44344B9E
:1051C00023439BB213807A683B681B789B0013448F
:1051D0001B889CB2234603F04003002B14D07A684E
:1051E0003B681B789B0013441B889BB223F4E0436D
:1051F00023F070039CB27A683B681B789B001A44CA
:10520000214B23439BB213807A683B681B789B0039
:1052100013441B889BB223F4E04323F070039CB239
:105220007A683B681B789B001A44174B23439BB258
:1052300013807A683B681B789B0013441B889BB2E1
:1052400023F4804323F070039CB27A683B681B7898
:105250009B001A440D4B23439BB213807A683B6832
:105260001B789B0013441B889BB223F4E04323F07C
:1052700040039CB27A683B681B789B001A44034B3E
:1052800023439BB2138086E0C080FFFF8080FFFF36
:1052900080C0FFFF7A683B681B789B0013441B8823
:1052A0009CB2234603F48043002B14D07A683B68F9
:1052B0001B789B0013441B889BB223F4E04323F02C
:1052C00070039CB27A683B681B789B001A44354B8C
:1052D00023439BB213807A683B681B789B0013447E
:1052E0001B889CB2234603F04003002B14D07A683D
:1052F0003B681B789B0013441B889BB223F4E0435C
:1053000023F070039CB27A683B681B789B001A44B8
:10531000254B23439BB213807A683B681B789B0024
:1053200013441B889BB223F4E04323F070039CB228
:105330007A683B681B789B001A441A4B23439BB244
:1053400013807A683B681B789B0013441B889BB2D0
:1053500023F4E04323F040039CB27A683B681B7857
:105360009B001A44114B23439BB213807A683B681D
:105370001B789B0013441B889BB223F4804323F0CB
:1053800070039CB27A683B681B789B001A44074BF9
:1053900023439BB21380002318460837BD4690BCB8
:1053A000704700BF80C0FFFFC080FFFF8080FFFF0D
:1053B00090B58DB000AF786039603B685B78012BA9
:1053C00040F060813B689A693B681B699A4209D941
:1053D0003B681B69BB623B689A69BB6AD21A3B682F
:1053E0009A6105E03B689B69BB623B6800229A6159
:1053F0003B681B7B002B19D13B6859693B68DA88F5
:10540000BB6A9BB2786800F0A2FB7C687B68B3F84B
:1054100050309BB21C443B681B781B01234403F2B1
:1054200004431C46BB6A9BB223800FE17A683B6849
:105430001B789B0013441B889BB203F04003002B96
:1054400065D07C683B685B78002B48D17C687B68C2
:10545000B3F850309BB21C443B681B781B012344BB
:1054600003F20C431C46BB6A002B0ED123889BB26F
:1054700023F4F8439BB2238023889BB26FEA434313
:105480006FEA53439BB223803DE0BB6A3E2B10D8AA
:10549000BB6A5B087B62BB6A03F00103002B02D08E
:1054A0007B6A01337B627B6A9BB29B029BB2238047
:1054B00029E0BB6A5B097B62BB6A03F01F03002B18
:1054C00002D17B6A013B7B627B6A9BB29B029BB2EF
:1054D0006FEA43436FEA53439BB2238013E03B6878
:1054E0005B78012B0FD17B68B3F850309BB21C4422
:1054F0003B681B781B01234403F20C43FB60BB6A2F
:105500009AB2FB681A803B685B89FB8563E03B6865
:105510005B78002B48D17C687B68B3F850309BB235
:105520001C443B681B781B01234403F204431C46C4
:10553000BB6A002B0ED123889BB223F4F8439BB2A5
:10554000238023889BB26FEA43436FEA53439BB2A5
:1055500023803DE0BB6A3E2B10D8BB6A5B083B62F0
:10556000BB6A03F00103002B02D03B6A01333B62AC
:105570003B6A9BB29B029BB2238029E0BB6A5B091A
:105580003B62BB6A03F01F03002B02D13B6A013B65
:105590003B623B6A9BB29B029BB26FEA43436FEA5A
:1055A00053439BB2238013E03B685B78012B0FD100
:1055B0007C687B68B3F850309BB21C443B681B7816
:1055C0001B01234403F204431C46BB6A9BB22380A5
:1055D0003B681B89FB853B685969BB6A9BB2FA8DA6
:1055E000786800F0B4FA3B685B78002B15D17A68D4
:1055F0003B681B789B0013441B889BB223F4E04359
:1056000023F070039CB27A683B681B789B001A44B5
:10561000904B23439BB2138018E03B685B78012BCF
:1056200014D17A683B681B789B0013441B889BB29B
:1056300023F4E04323F070039CB27A683B681B7844
:105640009B001A44844B23439BB213807A683B68C7
:105650001B789B0013441B889BB223F4E04323F088
:1056600040039CB284F010039CB284F020039CB2EF
:105670007A683B681B789B001A44784B23439BB2A3
:10568000138046E13B689A693B681B699A4209D9D5
:105690003B681B69BB623B689A69BB6AD21A3B686C
:1056A0009A6105E03B689B69BB623B6800229A6196
:1056B0003B681B7B002B48D17C687B68B3F850307B
:1056C0009BB21C443B681B781B01234403F20C4330
:1056D0001C46BB6A002B0ED123889BB223F4F843EF
:1056E0009BB2238023889BB26FEA43436FEA534304
:1056F0009BB22380F2E0BB6A3E2B10D8BB6A5B08EA
:10570000FB61BB6A03F00103002B02D0FB6901338C
:10571000FB61FB699BB29B029BB22380DEE0BB6A0C
:105720005B09FB61BB6A03F01F03002B02D1FB691D
:10573000013BFB61FB699BB29B029BB26FEA434357
:105740006FEA53439BB22380C8E03B685B78002B31
:1057500048D17C687B68B3F850309BB21C443B68EE
:105760001B781B01234403F204431C46BB6A002B35
:105770000ED123889BB223F4F8439BB22380238865
:105780009BB26FEA43436FEA53439BB223803DE0F1
:10579000BB6A3E2B10D8BB6A5B08BB61BB6A03F0D7
:1057A0000103002B02D0BB690133BB61BB699BB213
:1057B0009B029BB2238029E0BB6A5B09BB61BB6A89
:1057C00003F01F03002B02D1BB69013BBB61BB6926
:1057D0009BB29B029BB26FEA43436FEA53439BB277
:1057E000238013E03B685B78012B0FD17C687B68DA
:1057F000B3F850309BB21C443B681B781B01234418
:1058000003F204431C46BB6A9BB223807C683B685E
:105810005B78002B4ED17C687B68B3F850309BB22C
:105820001C443B681B781B01234403F20C431C46B9
:10583000BB6A002B14D123889BB223F4F8439BB29C
:10584000238023889BB26FEA43436FEA53439BB2A2
:10585000238043E0C080FFFF80C0FFFF8080FFFF08
:10586000BB6A3E2B10D8BB6A5B087B61BB6A03F046
:105870000103002B02D07B6901337B617B699BB202
:105880009B029BB2238029E0BB6A5B097B61BB6AF8
:1058900003F01F03002B02D17B69013B7B617B6915
:1058A0009BB29B029BB26FEA43436FEA53439BB2A6
:1058B000238013E03B685B78012B0FD17B68B3F842
:1058C00050309BB21C443B681B781B01234403F2FD
:1058D0000C433B61BB6A9AB23B691A807A683B68A9
:1058E0001B789B0013441B889BB223F4804323F056
:1058F00070039CB284F480539CB284F400539CB235
:105900007A683B681B789B001A44044B23439BB284
:105910001380002318463437BD4690BD8080FFFFBA
:1059200090B482B000AF786039603B685B78002B40
:1059300018D07A683B681B789B0013441B889BB285
:1059400023F4E04323F040039CB284F010039CB2A4
:105950007A683B681B789B001A44114B23439BB227
:10596000138017E07A683B681B789B0013441B8800
:105970009BB223F4804323F070039CB284F48053E1
:105980009CB27A683B681B789B001A44044B234303
:105990009BB21380002318460837BD4690BC704761
:1059A0008080FFFF90B482B000AF786039603B68C0
:1059B0001B7B002B7DD13B685B78002B3DD07A6848
:1059C0003B681B789B0013441B889CB2234603F062
:1059D0004003002B14D07A683B681B789B0013446B
:1059E0001B889BB223F4E04323F070039CB27A68D7
:1059F0003B681B789B001A44314B23439BB21380B6
:105A00003B68DB78012B54D07A683B681B789B009D
:105A100013441B889BB223F4E04323F040039CB261
:105A200084F020039CB27A683B681B789B001A4480
:105A3000244B23439BB213803BE07A683B681B787E
:105A40009B0013441B889CB2234603F48043002B25
:105A500014D07A683B681B789B0013441B889BB268
:105A600023F4E04323F070039CB27A683B681B7810
:105A70009B001A44144B23439BB213807A683B6803
:105A80001B789B0013441B889BB223F4804323F0B4
:105A900070039CB284F480539CB284F400539CB293
:105AA0007A683B681B789B001A44064B23439BB2E1
:105AB0001380002318460837BD4690BC704700BFCE
:105AC000C080FFFF8080FFFF80C0FFFF80B483B0F5
:105AD00000AF78600B46FB70FB78002B03D17B682E
:105AE0008022A3F84C20002318460C37BD4680BC0A
:105AF000704780B483B000AF7860002318460C373D
:105B0000BD4680BC704780B483B000AF786000238E
:105B100018460C37BD4680BC704780B485B000AFD6
:105B200078607B68B3F844309BB2FB60FB68184632
:105B30001437BD4680BC704780B483B000AF786036
:105B40003960002318460C37BD4680BC704780B4CE
:105B50008DB000AFF860B96011461A460B46FB8065
:105B60001346BB80BB8801335B083B62FB68FB616B
:105B7000BB687B62FB885A00FB69134403F58063B2
:105B8000BB623B6AFB621DE07B6A1B78BB617B6A80
:105B900001337B627B6A1B781B029BB21A46BB698E
:105BA00013437B617B699AB2BB6A1A80BB6A02337A
:105BB000BB62BB6A0233BB627B6A01337B62FB6AF6
:105BC000013BFB62FB6A002BDED100BF00BF343714
:105BD000BD4680BC704780B48BB000AFF860B96040
:105BE00011461A460B46FB801346BB80BB885B08F8
:105BF0009BB2BB61FB687B61BB68FB61FB885A00A1
:105C00007B69134403F580633B62BB697B621BE0E5
:105C10003B6A1B889BB23B613B6A02333B623B6938
:105C2000DAB2FB691A70FB690133FB613B691B0A3D
:105C3000DAB2FB691A70FB690133FB613B6A02331C
:105C40003B627B6A013B7B627B6A002BE0D1BB88B5
:105C500003F001039BB2002B07D03B6A1B889BB269
:105C60003B613B69DAB2FB691A7000BF2C37BD4655
:105C700080BC704780B584B000AF78600B46FB7085
:105C80000023FB737B681B7C002B15D14FF4007342
:105C900002228121786804F0B4FE7B680122DA6276
:105CA0004FF4007302220121786804F0AAFE7B6899
:105CB0000122C3F86C2112E040230222812178687E
:105CC00004F09FFE7B680122DA6240230222012158
:105CD000786804F096FE7B680122C3F86C210823E3
:105CE00003228221786804F08CFE7B6801221A640A
:105CF0004FF4077004F0A6FF02467B68C3F8B82291
:105D00007B68D3F8B832002B02D10123FB7326E065
:105D10007B68D3F8B832BB607B68D3F8BC321B68B1
:105D20009847BB680022C3F81422BB680022C3F85E
:105D300018227B681B7C002B09D1BB68D3F8042296
:105D40004FF400730121786804F045FF07E0BB6859
:105D5000D3F8042240230121786804F03CFFFB7B48
:105D600018461037BD4680BD80B584B000AF78605E
:105D70000B46FB700023FB738121786804F067FEFB
:105D80007B680022DA620121786804F060FE7B689B
:105D90000022C3F86C218221786804F058FE7B68E9
:105DA00000221A647B68D3F8B832002B0ED07B68CF
:105DB000D3F8BC325B6898477B68D3F8B832184692
:105DC00004F04CFF7B680022C3F8B822FB7B184626
:105DD0001037BD4680BD80B586B000AF78603960B1
:105DE0007B68D3F8B8323B610023FB730023BB818F
:105DF0000023FB753B681B7803F06003002B39D050
:105E0000202B7FD13B68DB88002B29D03B681B7897
:105E10005BB2002B11DA7B68D3F8BC329B683A681E
:105E2000507839693A68D288984739693B68DB8885
:105E30001A46786801F002FA6BE03B685A783B69D1
:105E400083F800223B68DB88DAB23B6983F80122E1
:105E500039693B68DB881A46786801F01DFA58E01A
:105E60007B68D3F8BC329B683A6850780022396866
:105E700098474EE03B685B780B2B2ED00B2B38DC21
:105E8000002B02D00A2B14D033E07B6893F89C32AD
:105E9000032B07D107F10C0302221946786801F0A1
:105EA000CDF92EE03968786801F05EF90223FB75C0
:105EB00027E07B6893F89C32032B07D107F10F038F
:105EC00001221946786801F0B9F91AE03968786852
:105ED00001F04AF90223FB7513E07B6893F89C32CA
:105EE000032B0DD03968786801F03EF90223FB7569
:105EF00006E03968786801F037F90223FB7500E0A5
:105F000000BF06E03968786801F02EF90223FB75BE
:105F100000BFFB7D18461837BD4680BD80B584B0F4
:105F200000AF78600B46FB707B68D3F8B832FB603B
:105F30007B68D3F8C032BB607B68D3F8B832002BE3
:105F400037D0FA78796813469B0013449B000B44C2
:105F50001C331B68002B26D0FA78796813469B0007
:105F600013449B000B441C331B68FA78B968520138
:105F70000A4438321268B3FBF2F101FB02F29B1AB9
:105F8000002B10D1FA78796813469B0013449B00CC
:105F90000B441C3300221A60F97800230022786831
:105FA00004F0F6FD03E0FB680022C3F8142200238E
:105FB00000E0022318461037BD4680BD80B584B08E
:105FC00000AF78600B46FB707B68D3F8B832FB609B
:105FD000FB781946786804F021FE0246FB68C3F896
:105FE0000C227B68D3F8B832002B0DD07B68D3F835
:105FF000BC32DB68FA68D2F80402FA6802F5037270
:1060000011469847002300E0022318461037BD468A
:1060100080BD80B584B000AF78607B68D3F8B832BB
:10602000FB607B68D3F8BC32002B14D0FB6893F87C
:106030000032FF2B0FD07B68D3F8BC329B68FA6824
:1060400092F80002F968FA6892F801229847FB6812
:10605000FF2283F80022002318461037BD4680BD7A
:1060600080B483B000AF78607B6843221A80034B12
:1060700018460C37BD4680BC704700BF9400002016
:1060800080B483B000AF78607B6843221A80034BF2
:1060900018460C37BD4680BC704700BF500000203A
:1060A00080B483B000AF78607B6843221A80034BD2
:1060B00018460C37BD4680BC704700BFD800002092
:1060C00080B483B000AF78607B680A221A80034BEB
:1060D00018460C37BD4680BC704700BF0C0000203E
:1060E00080B485B000AF786039600223FB733B68F1
:1060F000002B05D07B683A68C3F8BC220023FB73F1
:10610000FB7B18461437BD4680BC704780B487B00F
:1061100000AFF860B9601346FB80FB68D3F8B83273
:106120007B617B69BA68C3F80822FA887B69C3F887
:106130001022002318461C37BD4680BC704780B42F
:1061400085B000AF786039607B68D3F8B832FB6007
:10615000FB683A68C3F80422002318461437BD468A
:1061600080BC704780B584B000AF78607B68D3F89E
:10617000B832FB607B68D3F8B832002B1CD0FB68C8
:10618000D3F81432002B15D1FB680122C3F8142276
:10619000FB68D3F810227B681A63FB68D3F80822E7
:1061A000FB68D3F810329BB28121786804F0F0FCD0
:1061B000002302E0012300E0022318461037BD4609
:1061C00080BD80B584B000AF78607B68D3F8B8320A
:1061D000FB607B68D3F8B832002B17D07B681B7C40
:1061E000002B09D1FB68D3F804224FF4007301217E
:1061F000786804F0F0FC07E0FB68D3F80422402341
:106200000121786804F0E7FC002300E0022318462F
:106210001037BD4680BD80B584B000AFF860B9606E
:106220001346FB71FB68002B01D102231AE0FB68C7
:10623000D3F8B432002B03D0FB680022C3F8B42299
:10624000BB68002B03D0FB68BA68C3F8B022FB68B8
:10625000012283F89C22FB68FA791A70F86804F02E
:106260005BFB002318461037BD4680BD80B485B067
:1062700000AF786039600023FB733B68002B06D0C9
:106280007B683A68C3F8B4220023FB7301E0022361
:10629000FB73FB7B18461437BD4680BC704780B546
:1062A00082B000AF7860786804F090FB0023184655
:1062B0000837BD4680BD80B483B000AF786000234E
:1062C00018460C37BD4680BC704780B584B000AF1F
:1062D00078600B46FB700223FB737B68D3F8B43203
:1062E000002B0CD07B68D3F8B4321B68FA781146C7
:1062F000786898470346002B01D10023FB73FB7B92
:1063000018461037BD4680BD80B582B000AF7860BA
:106310000B46FB707B68D3F8B4325B68FA781146A1
:1063200078689847002318460837BD4680BD80B579
:1063300082B000AF786039607B6803F52A733968F2
:10634000184600F0D8FE7B680122C3F894227B68CF
:10635000B3F8AE321A467B68C3F898227B6893F88C
:10636000A83203F01F03022B16D0022B1CD8002BDF
:1063700002D0012B08D017E07B6803F52A73194679
:10638000786800F0CBF91AE07B6803F52A731946A8
:10639000786800F02DFA12E07B6803F52A7319463D
:1063A000786800F06DFA0AE07B6893F8A83223F071
:1063B0007F03DBB21946786804F068FB00BF002356
:1063C00018460837BD4680BD80B586B000AFF8607E
:1063D0000B467A60FB72FB7A002B4BD1FB6803F50E
:1063E000AA737B61FB68D3F89432032B34D17B69A9
:1063F000DA687B691B699A4219D97B69DA687B691B
:106400001B69D21A7B69DA607B69DA687B691B6970
:106410009A4203D27B69DB689BB202E07B691B690D
:106420009BB21A467968F86800F054FF38E0FB68C0
:10643000D3F8B4321B69002B0AD0FB6893F89C3266
:10644000032B05D1FB68D3F8B4321B69F868984771
:10645000F86800F051FF23E0FB68D3F89432052B75
:106460001ED1FB680022C3F894220021F86804F0D2
:106470000DFB15E0FB68D3F8B4329B69002B0DD0FF
:10648000FB6893F89C32032B08D1FB68D3F8B43235
:106490009B69FA7A1146F868984701E0022300E008
:1064A000002318461837BD4680BD80B586B000AFC2
:1064B000F8600B467A60FB72FB7A002B7FD1FB6899
:1064C00014337B61FB68D3F89432022B5CD17B6977
:1064D000DA687B691B699A4215D97B69DA687B693E
:1064E0001B69D21A7B69DA607B69DB689BB21A464A
:1064F0007968F86800F0BEFE002300220021F868E9
:1065000004F069FB4EE07B699B687A691269B3FB12
:10651000F2F101FB02F29B1A002B1CD17B699A68F5
:106520007B691B699A4216D37B699A68FB68D3F82A
:1065300098329A420FD200220021F86800F09AFEA9
:10654000FB680022C3F89822002300220021F8688B
:1065500004F041FB26E0FB68D3F8B432DB68002B83
:106560000AD0FB6893F89C32032B05D1FB68D3F863
:10657000B432DB68F86898478021F86804F086FA3E
:10658000F86800F0CCFE0DE0FB68D3F89432042BE1
:1065900004D0FB68D3F89432002B03D18021F86833
:1065A00004F074FAFB6893F8A032012B1DD1F8684F
:1065B000FFF781FEFB68002283F8A02215E0FB684C
:1065C000D3F8B4325B69002B0DD0FB6893F89C3292
:1065D000032B08D1FB68D3F8B4325B69FA7A114611
:1065E000F868984701E0022300E0002318461837B6
:1065F000BD4680BD80B582B000AF786040230022E8
:106600000021786804F0FDF97B680122C3F8582165
:106610007B684022C3F864214023002280217868EF
:1066200004F0EFF97B6801229A617B6840225A628C
:106630007B68012283F89C227B680022C3F89422A5
:106640007B6800225A607B680022C3F8A4227B6822
:10665000D3F8B832002B09D07B68D3F8B4325B682A
:106660007A685268D2B21146786898470023184673
:106670000837BD4680BD80B483B000AF78600B465C
:10668000FB707B68FA781A74002318460C37BD46F5
:1066900080BC704780B483B000AF78607B6893F8AB
:1066A0009C227B6883F89D227B68042283F89C22CD
:1066B000002318460C37BD4680BC704780B483B0B9
:1066C00000AF78607B6893F89C32042B05D17B681F
:1066D00093F89D227B6883F89C22002318460C3790
:1066E000BD4680BC704780B582B000AF78607B68E3
:1066F00093F89C32032B0BD17B68D3F8B432DB695F
:10670000002B05D07B68D3F8B432DB6978689847F2
:10671000002318460837BD4680BD000080B584B010
:1067200000AF786039600023FB733B681B7803F08F
:106730006003402B05D0402B4FD8002B09D0202BD5
:106740004BD17B68D3F8B4329B6839687868984736
:1067500048E03B685B78092B39D801A252F823F056
:10676000B1670008C5670008CF670008BB6700086D
:10677000CF6700089367000889670008CF670008A3
:10678000A76700089D6700083968786800F0DCF9A1
:1067900022E03968786800F03FFB1DE039687868CE
:1067A00000F07EFB18E03968786800F007FC13E021
:1067B0003968786800F037FC0EE03968786800F0D6
:1067C00065FC09E03968786800F074FC04E0396819
:1067D000786800F0C9FC00BF04E03968786800F010
:1067E000C3FC00BFFB7B18461037BD4680BD00BF11
:1067F00080B584B000AF786039600023FB733B68DC
:106800001B7803F06003402B05D0402B2ED8002BC3
:1068100001D0202B2AD17B6893F89C32013B022BBC
:106820001DD83B689B88DBB2012B13D87B68D3F85B
:10683000B4329B683968786898470346FB733B68B5
:10684000DB88002B10D1FB7B002B0DD1786800F08A
:1068500053FD09E03968786800F086FC04E0396887
:10686000786800F081FC00E000BF04E039687868D7
:1068700000F07AFC00BF002318461037BD4680BDEB
:1068800080B584B000AF786039600023FB733B684B
:106890009B88BB733B681B7803F06003402B07D0D9
:1068A000402B00F24681002B0AD0202B40F0418182
:1068B0007B68D3F8B4329B683968786898473DE1C3
:1068C0003B681B7803F06003202B0AD17B68D3F868
:1068D000B4329B683968786898470346FB73FB7B42
:1068E0002DE13B685B78032B07D0032B00F31B8162
:1068F000002B72D0012B3AD015E17B6893F89C32C3
:10690000022B02D0032B15D02BE0BB7B002B0CD02D
:10691000BB7B802B09D0BB7B1946786804F0B6F8A6
:106920008021786804F0B2F820E03968786800F0D7
:106930001BFC1BE03B685B88002B0ED1BB7B002B54
:106940000BD0BB7B802B08D03B68DB88002B04D1AD
:10695000BB7B1946786804F099F8786800F0CCFCA5
:1069600004E03968786800F0FFFB00BFE0E07B6876
:1069700093F89C32022B02D0032B15D026E0BB7B70
:10698000002B0CD0BB7B802B09D0BB7B19467868D1
:1069900004F07CF88021786804F078F81CE039680D
:1069A000786800F0E1FB17E03B685B88002B12D1B0
:1069B000BB7B03F07F03002B04D0BB7B19467868B8
:1069C00004F083F8786800F097FC04E03968786890
:1069D00000F0CAFB00E000BFAAE07B6893F89C329D
:1069E000022B02D0032B32D097E0BB7B002B07D0C9
:1069F000BB7B802B04D03968786800F0B5FB91E050
:106A000097F90E30002B0BDABB7B03F07F021346A5
:106A10009B0013449B0010337A68134404330BE04B
:106A2000BB7B03F07F0213469B0013449B0003F5DE
:106A3000A8737A6813440433BB60BB6800221A60F1
:106A4000BB6802221946786800F0F8FB6AE097F903
:106A50000E30002B11DABB7B03F00F02796813466E
:106A60009B0013449B000B4418331B68002B17D169
:106A70003968786800F078FB54E0BB7B03F00F02C4
:106A8000796813469B0013449B000B4403F5AC73D9
:106A90001B68002B04D13968786800F065FB41E081
:106AA00097F90E30002B0BDABB7B03F07F02134605
:106AB0009B0013449B0010337A68134404330BE0AB
:106AC000BB7B03F07F0213469B0013449B0003F53E
:106AD000A8737A6813440433BB60BB7B002B02D0DD
:106AE000BB7B802B03D1BB6800221A600EE0BB7B0E
:106AF0001946786804F008F80346002B03D0BB68F9
:106B000001221A6002E0BB6800221A60BB68022200
:106B10001946786800F092FB04E03968786800F064
:106B200023FB00BF04E03968786800F01DFB00BF5C
:106B300004E03968786800F017FB00BFFB7B18465B
:106B40001037BD4680BD000080B584B000AF7860CE
:106B5000396000233B810023FB600023FB723B680C
:106B60005B881B0A9BB2013B062B00F2288101A225
:106B700052F823F0916B0008A96B0008E96B00083C
:106B8000BF6D0008BF6D00085F6D00088B6D0008C9
:106B90007B68D3F8B0321B687A68127C07F1080171
:106BA00010469847F86012E17B681B7C002B0DD1E2
:106BB0007B68D3F8B4329B6A07F108021046984705
:106BC000F860FB68013302221A7000E17B68D3F899
:106BD000B432DB6A07F1080210469847F860FB6898
:106BE000013302221A70F2E03B685B88DBB2052BAE
:106BF00000F2AC8001A252F823F000BF156C00082F
:106C0000496C00087D6C0008B16C0008E56C000858
:106C1000196D00087B68D3F8B0325B68002B0BD08D
:106C20007B68D3F8B0325B687A68127C07F10801A0
:106C300010469847F86091E03968786800F094FA57
:106C4000FB7A0133FB7289E07B68D3F8B0329B6832
:106C5000002B0BD07B68D3F8B0329B687A68127C2B
:106C600007F1080110469847F86077E039687868BE
:106C700000F07AFAFB7A0133FB726FE07B68D3F89D
:106C8000B032DB68002B0BD07B68D3F8B032DB6806
:106C90007A68127C07F1080110469847F8605DE0B9
:106CA0003968786800F060FAFB7A0133FB7255E0CE
:106CB0007B68D3F8B0321B69002B0BD07B68D3F80C
:106CC000B0321B697A68127C07F1080110469847B8
:106CD000F86043E03968786800F046FAFB7A0133DF
:106CE000FB723BE07B68D3F8B0325B69002B0BD0C2
:106CF0007B68D3F8B0325B697A68127C07F10801CF
:106D000010469847F86029E03968786800F02CFA56
:106D1000FB7A0133FB7221E07B68D3F8B0329B69C8
:106D2000002B0BD07B68D3F8B0329B697A68127C59
:106D300007F1080110469847F8600FE03968786855
:106D400000F012FAFB7A0133FB7207E039687868C9
:106D500000F00AFAFB7A0133FB7238E037E07B6817
:106D60001B7C002B09D17B68D3F8B4325B6B07F135
:106D7000080210469847F86029E03968786800F002
:106D8000F3F9FB7A0133FB7221E07B681B7C002B5B
:106D90000DD17B68D3F8B4321B6B07F108021046A3
:106DA0009847F860FB68013307221A700FE03968D2
:106DB000786800F0D9F9FB7A0133FB7207E0396893
:106DC000786800F0D1F9FB7A0133FB7200BFFB7ADF
:106DD000002B1CD13B89002B11D03B68DB88002B9A
:106DE0000DD03B68DA883B89934228BF13469BB29B
:106DF0003B813B891A46F968786800F01FFA3B68C6
:106E0000DB88002B04D1786800F076FA00E000BF40
:106E10001037BD4680BD00BF80B584B000AF78603C
:106E200039603B689B88002B30D13B68DB88002BA6
:106E30002CD13B685B887F2B28D83B685B88DBB212
:106E400003F07F03FB737B6893F89C32032B04D120
:106E50003968786800F088F91DE07B68FA7B83F870
:106E60009E22FB7B1946786803F073FE786800F079
:106E700043FAFB7B002B04D07B68022283F89C2220
:106E800009E07B68012283F89C2204E03968786875
:106E900000F06AF900BF00BF1037BD4680BD00009A
:106EA00080B582B000AF786039603B685B88DAB249
:106EB000414B1A70404B1B78012B04D93968786814
:106EC00000F052F975E07B6893F89C32022B02D0F7
:106ED000032B23D062E0384B1B78002B1AD0364BA3
:106EE0001B781A467B685A607B68032283F89C22D1
:106EF000314B1B7819467868FFF7E7F90346022BF8
:106F000004D13968786800F02FF952E0786800F011
:106F1000F3F94EE0786800F0EFF94AE0264B1B7871
:106F2000002B12D17B68022283F89C22224B1B7813
:106F30001A467B685A60204B1B7819467868FFF721
:106F4000E3F9786800F0D8F933E01B4B1B781A4658
:106F50007B685B689A421DD07B685B68DBB2194630
:106F60007868FFF7D1F9144B1B781A467B685A6092
:106F7000114B1B7819467868FFF7A7F90346022BD7
:106F800004D13968786800F0EFF812E0786800F012
:106F9000B3F90EE0786800F0AFF90AE03968786874
:106FA00000F0E2F8044B1B7819467868FFF7ACF95B
:106FB00000BF0837BD4680BD1403002080B582B0F5
:106FC00000AF786039603B68DB88012B04D03968FA
:106FD000786800F0C9F822E07B6893F89C32022BB5
:106FE00002DC002B03DC15E0032B0BD012E07B68E6
:106FF00000229A607B68083301221946786800F005
:107000001DF90CE07B68043301221946786800F012
:1070100015F904E03968786800F0A6F800BF00BFF1
:107020000837BD4680BD80B582B000AF786039605A
:107030007B6893F89C32013B022B1ED83B68DB88AF
:10704000022B04D03968786800F08EF81AE07B686B
:107050000122DA607B68D3F8A432002B05D07B686C
:10706000DB6843F002027B68DA607B680C33022243
:107070001946786800F0E2F804E03968786800F0B2
:1070800073F800BF00BF0837BD4680BD80B582B031
:1070900000AF786039603B685B88012B06D17B6864
:1070A0000122C3F8A422786800F026F900BF08374F
:1070B000BD4680BD80B582B000AF786039607B6826
:1070C00093F89C32013B022B0BD83B685B88012B69
:1070D0000CD17B680022C3F8A422786800F00CF978
:1070E00004E03968786800F03FF800E000BF00BFB6
:1070F0000837BD4680BD80B483B000AF786039608A
:107100003B681A787B681A703B685A787B685A70BB
:107110003B6802331B781A463B6803331B781B021B
:107120009BB213449AB27B685A803B6804331B7845
:107130001A463B6805331B781B029BB213449AB274
:107140007B689A803B6806331B781A463B68073396
:107150001B781B029BB213449AB27B68DA8000BF93
:107160000C37BD4680BC704780B582B000AF7860F8
:1071700039608021786803F089FC0021786803F089
:1071800085FC00BF0837BD4680BD80B586B000AF26
:10719000F860B9607A600023FB75FB68002B32D081
:1071A000F86800F034F8034601339BB25B009AB2F2
:1071B0007B681A80FB7D5A1CFA751A46BB6813441B
:1071C0007A6812781A70FB7D5A1CFA751A46BB68E9
:1071D000134403221A7012E0FB685A1CFA60FA7D0D
:1071E000511CF9751146BA680A441B781370FB7D6F
:1071F0005A1CFA751A46BB68134400221A70FB68C1
:107200001B78002BE8D100BF1837BD4680BD80B485
:1072100085B000AF78600023FB7305E0FB7B013392
:10722000FB737B6801337B607B681B78002BF5D197
:10723000FB7B18461437BD4680BC704780B584B0D0
:1072400000AFF860B9601346FB80FB680222C3F808
:107250009422FA88FB68DA61FA88FB681A62FB8874
:10726000BA680021F86803F093FC00231846103731
:10727000BD4680BD80B584B000AFF860B9601346EC
:10728000FB80FB88BA680021F86803F081FC0023CA
:1072900018461037BD4680BD80B584B000AFF86099
:1072A000B9601346FB80FB680322C3F89422FA8876
:1072B000FB68C3F85C21FA88FB68C3F86021FB888F
:1072C000BA680021F86803F086FC002318461037DE
:1072D000BD4680BD80B584B000AFF860B96013468C
:1072E000FB80FB88BA680021F86803F074FC002377
:1072F00018461037BD4680BD80B582B000AF7860BB
:107300007B680422C3F894220023002200217868BD
:1073100003F03EFC002318460837BD4680BD80B50B
:1073200082B000AF78607B680522C3F89422002306
:1073300000220021786803F04EFC0023184608372D
:10734000BD4680BD80B485B000AFEFF30583BB6060
:10735000BB68002B0FD1EFF310837B607B68002BA1
:1073600009D1104B1B68022B09D1EFF311833B604D
:107370003B68002B03D06FF00503FB600CE0094B6A
:107380001B68002B05D1074B01221A600023FB600C
:1073900002E04FF0FF33FB60FB6818461437BD4630
:1073A00080BC70471803002080B584B000AFEFF3B5
:1073B0000583BB60BB68002B0FD1EFF310837B60AC
:1073C0007B68002B09D1114B1B68022B09D1EFF30D
:1073D00011833B603B68002B03D06FF00503FB601B
:1073E0000EE00A4B1B68012B07D1084B02221A60E2
:1073F00001F040FA0023FB6002E04FF0FF33FB6036
:10740000FB6818461037BD4680BD00BF180300203A
:1074100080B592B004AFF860B9607A6000237B61F8
:10742000EFF305837B627B6A002B40F09480EFF3DF
:1074300010833B623B6A002B40F08D80484B1B68F9
:10744000022B06D1EFF31183FB61FB69002B40F0A7
:107450008280FB68002B7ED080233B631823FB6275
:107460000023FB7607F11B037B634FF0FF33BB6206
:107470007B68002B45D07B681B68002B02D07B68A3
:107480001B687B637B689B69002B02D07B689B69D0
:10749000FB62FB6A002B08D0FB6A382B05D87B689F
:1074A0005B6803F00103002B01D0002354E07B68EC
:1074B0005B69002B03D07B685B699B083B637B683F
:1074C0009B68002B0ED07B68DB68A72B0AD97B68F2
:1074D0001B69002B06D07B685B69002B02D001235F
:1074E000BB6210E07B689B68002B0CD17B68DB687B
:1074F000002B08D17B681B69002B04D10023BB62E1
:1075000001E00023BB62BB6A012B10D17B681B69C1
:107510007A68926802920193FB6A0093BB683A6BA7
:10752000796BF86800F0BCFF03467B6113E0BB6A2F
:10753000002B10D13B6B9AB207F114030193FB6A45
:107540000093BB68796BF86801F009F80346012BDA
:1075500001D000237B617B6918463837BD4680BD6A
:107560001803002080B586B000AF7860EFF3058384
:107570003B613B69002B0FD1EFF31083FB60FB688D
:10758000002B09D10D4B1B68022B09D1EFF311839E
:10759000BB60BB68002B03D06FF005037B6107E085
:1075A00000237B617B68002B02D0786801F02CF906
:1075B0007B6918461837BD4680BD00BF1803002000
:1075C00080B485B000AFF860B9607A60FB68064AA5
:1075D0001A60BB68054A1A607B6880221A6000BF87
:1075E0001437BD4680BC70471C030020C403002034
:1075F00080B485B000AFF860B9607A60FB68074A74
:107600001A60BB68064A1A607B684FF480721A6081
:1076100000BF1437BD4680BC704700BFC4050020C2
:107620006C06002080B483B000AF78607B6803F103
:1076300008027B685A607B684FF0FF329A607B6873
:1076400003F108027B68DA607B6803F108027B685B
:107650001A617B6800221A6000BF0C37BD4680BCEF
:10766000704780B483B000AF78607B6800221A61F5
:1076700000BF0C37BD4680BC704780B485B000AFFA
:10768000786039607B685B68FB603B68FA685A60C9
:10769000FB689A683B689A60FB689B683A685A6026
:1076A000FB683A689A603B687A681A617B681B6875
:1076B0005A1C7B681A6000BF1437BD4680BC7047F7
:1076C00080B485B000AF786039603B681B68BB60F0
:1076D000BB68B3F1FF3F03D17B681B69FB600CE023
:1076E0007B680833FB6002E0FB685B68FB60FB685B
:1076F0005B681B68BA689A42F6D2FB685A683B68B6
:107700005A603B685B683A689A603B68FA689A60BE
:10771000FB683A685A603B687A681A617B681B6844
:107720005A1C7B681A6000BF1437BD4680BC704786
:1077300080B485B000AF78607B681B69FB607B68B4
:107740005B687A6892689A607B689B687A6852681E
:107750005A60FB685B687A689A4203D17B689A68D2
:10776000FB685A607B6800221A61FB681B685A1E1E
:10777000FB681A60FB681B6818461437BD4680BC5E
:107780007047000080B584B000AF786039607B68D6
:10779000FB60FB68002B0BD14FF0500383F3118883
:1077A000BFF36F8FBFF34F8FBB6000BF00BFFDE71C
:1077B00002F0C4FAFB681A68FB68DB6BF968096CB5
:1077C00001FB03F31A44FB685A60FB6800229A63CA
:1077D000FB681A68FB689A60FB681A68FB68DB6BD9
:1077E000013BF968096C01FB03F31A44FB68DA609A
:1077F000FB68FF2283F84420FB68FF2283F84520C2
:107800003B68002B14D1FB681B69002B1AD0FB6866
:107810001033184601F0CEFA0346002B12D00D4B60
:107820004FF080521A60BFF34F8FBFF36F8F09E0A4
:10783000FB6810331846FFF7F5FEFB682433184643
:10784000FFF7F0FE02F0AAFA012318461037BD46F2
:1078500080BD00BF04ED00E080B58EB002AFF860DF
:10786000B9607A603B60FB68002B0BD14FF050038E
:1078700083F31188BFF36F8FBFF34F8FBB6200BFDD
:1078800000BFFDE73B68002B0BD14FF0500383F3A3
:107890001188BFF36F8FBFF34F8F7B6200BF00BFB4
:1078A000FDE77B68002B02D0BB68002B01D00123D1
:1078B00000E00023002B0BD14FF0500383F311881D
:1078C000BFF36F8FBFF34F8F3B6200BF00BFFDE779
:1078D0007B68002B02D1BB68002B01D1012300E0A3
:1078E0000023002B0BD14FF0500383F31188BFF31B
:1078F0006F8FBFF34F8FFB6100BF00BFFDE75023C9
:107900007B617B69502B0BD04FF0500383F31188C0
:10791000BFF36F8FBFF34F8FBB6100BF00BFFDE7A9
:107920003B68FB62FB6A002B0DD0FB6A012283F8E7
:10793000462097F83820FB6A009313467A68B968A6
:10794000F86800F044F8FB6A18463037BD4680BD41
:1079500080B58AB002AFF860B9601346FB71FB686E
:10796000002B0BD14FF0500383F31188BFF36F8FBF
:10797000BFF34F8F3B6100BF00BFFDE7BB68002B2B
:1079800002D10023FB6104E0FB68BA6802FB03F349
:10799000FB61FB695033184602F0D2FAB861BB694B
:1079A000002B0FD0BB6950337B61BB69002283F889
:1079B0004620FA79BB69009313467A69B968F8687A
:1079C00000F005F8BB6918462037BD4680BD80B57C
:1079D00084B000AFF860B9607A60FB70BB68002BC0
:1079E00003D1BB69BA691A6002E0BB697A681A60A0
:1079F000BB69FA68DA63BB69BA681A640121B869BD
:107A0000FFF7C0FEBB69FA7883F84C2000BF10373F
:107A1000BD4680BD80B582B000AF78607B68002B2A
:107A20000ED07B6800225A607B6800221A607B6857
:107A30000022DA60002300220021786800F01CF8A0
:107A400000BF0837BD4680BD80B586B000AF034695
:107A5000FB7101237B6100233B61FB791A46396985
:107A60007869FFF775FFF860F868FFF7D3FFFB68E8
:107A700018461837BD4680BD80B58EB000AFF8609F
:107A8000B9607A603B6000237B63FB683B633B6BC0
:107A9000002B0BD14FF0500383F31188BFF36F8F8E
:107AA000BFF34F8FBB6200BF00BFFDE7BB68002B79
:107AB00003D13B6B1B6C002B01D1012300E00023A1
:107AC000002B0BD14FF0500383F31188BFF36F8F5E
:107AD000BFF34F8F7B6200BF00BFFDE73B68022B07
:107AE00003D13B6BDB6B012B01D1012300E00023B1
:107AF000002B0BD14FF0500383F31188BFF36F8F2E
:107B0000BFF34F8F3B6200BF00BFFDE701F01CFBDE
:107B10000346002B02D17B68002B01D1012300E03A
:107B20000023002B0BD14FF0500383F31188BFF3D8
:107B30006F8FBFF34F8FFB6100BF00BFFDE702F007
:107B4000FDF83B6B9A6B3B6BDB6B9A4202D33B6855
:107B5000022B29D13A68B968386B00F034FBF8621F
:107B60003B6B5B6A002B10D03B6B2433184601F053
:107B700021F90346002B13D03F4B4FF080521A607F
:107B8000BFF34F8FBFF36F8F0AE0FB6A002B07D064
:107B9000394B4FF080521A60BFF34F8FBFF36F8F96
:107BA00002F0FCF8012363E07B68002B03D102F0B4
:107BB000F5F800235CE07B6B002B06D107F1140382
:107BC000184601F05BF901237B6302F0E7F800F04F
:107BD000C1FE02F0B3F83B6B93F844305BB2B3F1F3
:107BE000FF3F03D13B6B002283F844203B6B93F8AB
:107BF00045305BB2B3F1FF3F03D13B6B002283F80A
:107C0000452002F0CBF83A1D07F11403114618463F
:107C100001F04AF90346002B24D1386B00F0CBFB6E
:107C20000346002B18D03B6B10337A681146184678
:107C300001F06EF8386B00F056FB00F099FE034639
:107C4000002B7FF47CAF0C4B4FF080521A60BFF3D7
:107C50004F8FBFF36F8F72E7386B00F044FB00F07B
:107C600087FE6CE7386B00F03EFB00F081FE0023DE
:107C700018463837BD4680BD04ED00E080B58EB0B3
:107C800000AFF860B9607A603B60FB683B633B6BB8
:107C9000002B0BD14FF0500383F31188BFF36F8F8C
:107CA000BFF34F8F7B6200BF00BFFDE7BB68002BB7
:107CB00003D13B6B1B6C002B01D1012300E000239F
:107CC000002B0BD14FF0500383F31188BFF36F8F5C
:107CD000BFF34F8F3B6200BF00BFFDE73B68022B45
:107CE00003D13B6BDB6B012B01D1012300E00023AF
:107CF000002B0BD14FF0500383F31188BFF36F8F2C
:107D0000BFF34F8FFB6100BF00BFFDE702F0D8F863
:107D1000EFF311824FF0500383F31188BFF36F8F9D
:107D2000BFF34F8FBA617B61BB69FB623B6B9A6BA0
:107D30003B6BDB6B9A4202D33B68022B2CD13B6B33
:107D400093F8453087F82B303A68B968386B00F003
:107D50003AFA97F92B30B3F1FF3F12D13B6B5B6AD4
:107D6000002B16D03B6B2433184601F023F8034652
:107D7000002B0ED07B68002B0BD07B6801221A6091
:107D800007E097F82B300133DBB25AB23B6B83F834
:107D9000452001237B6301E000237B63FB6A3B6199
:107DA0003B6983F3118800BF7B6B18463837BD46AB
:107DB00080BD000080B58CB000AFF860B9607A601B
:107DC0000023FB62FB68BB62BB6A002B0BD14FF048
:107DD000500383F31188BFF36F8FBFF34F8F3B6264
:107DE00000BF00BFFDE7BB68002B03D1BB6A1B6C63
:107DF000002B01D1012300E00023002B0BD14FF019
:107E0000500383F31188BFF36F8FBFF34F8FFB6174
:107E100000BF00BFFDE701F097F90346002B02D138
:107E20007B68002B01D1012300E00023002B0BD144
:107E30004FF0500383F31188BFF36F8FBFF34F8F61
:107E4000BB6100BF00BFFDE701F078FFBB6A9B6B21
:107E50007B627B6A002B1FD0B968B86A00F01DFAFC
:107E60007B6A5A1EBB6A9A63BB6A1B69002B0FD0E0
:107E7000BB6A1033184600F09DFF0346002B07D065
:107E80003C4B4FF080521A60BFF34F8FBFF36F8FA0
:107E900001F084FF012369E07B68002B03D101F02E
:107EA0007DFF002362E0FB6A002B06D107F110037F
:107EB000184600F0E3FF0123FB6201F06FFF00F0C2
:107EC00049FD01F03BFFBB6A93F844305BB2B3F16C
:107ED000FF3F03D1BB6A002283F84420BB6A93F8BA
:107EE00045305BB2B3F1FF3F03D1BB6A002283F898
:107EF000452001F053FF3A1D07F1100311461846C3
:107F000000F0D2FF0346002B23D1B86A00F03DFAFF
:107F10000346002B17D0BB6A24337A6811461846F3
:107F200000F0F6FEB86A00F0DEF900F021FD03462D
:107F3000002B89D10F4B4FF080521A60BFF34F8F47
:107F4000BFF36F8F80E7B86A00F0CDF900F010FD45
:107F50007AE7B86A00F0C7F900F00AFDB86A00F0E5
:107F600014FA0346002B3FF46FAF00231846303756
:107F7000BD4680BD04ED00E080B58EB000AF7860F6
:107F8000396000237B637B68FB6200233B63FB6AF1
:107F9000002B0BD14FF0500383F31188BFF36F8F89
:107FA000BFF34F8F3B6200BF00BFFDE7FB6A1B6C56
:107FB000002B0BD04FF0500383F31188BFF36F8F6A
:107FC000BFF34F8FFB6100BF00BFFDE701F0BCF8BE
:107FD0000346002B02D13B68002B01D1012300E0B6
:107FE0000023002B0BD14FF0500383F31188BFF314
:107FF0006F8FBFF34F8FBB6100BF00BFFDE701F084
:108000009DFEFB6A9B6BBB62BB6A002B24D0BB6AE4
:108010005A1EFB6A9A63FB6A1B68002B04D101F0AD
:1080200017FA0246FB6A5A60FB6A1B69002B0FD0E5
:10803000FB6A1033184600F0BDFE0346002B07D044
:10804000544B4FF080521A60BFF34F8FBFF36F8FC6
:1080500001F0A4FE012398E03B68002B12D13B6B9A
:10806000002B0BD04FF0500383F31188BFF36F8FB9
:10807000BFF34F8F7B6100BF00BFFDE701F08EFEB5
:10808000002382E07B6B002B06D107F10C0318461E
:1080900000F0F4FE01237B6301F080FE00F05AFC47
:1080A00001F04CFEFB6A93F844305BB2B3F1FF3F42
:1080B00003D1FB6A002283F84420FB6A93F8453021
:1080C0005BB2B3F1FF3F03D1FB6A002283F8452086
:1080D00001F064FE3A4607F10C031146184600F021
:1080E000E3FE0346002B32D1F86A00F04EF9034656
:1080F000002B26D0FB6A1B68002B09D101F01EFE65
:10810000FB6A5B68184601F03DF8386301F046FEF3
:10811000FB6A24333A681146184600F0F9FDF86A04
:1081200000F0E1F800F024FC0346002B7FF467AF79
:10813000184B4FF080521A60BFF34F8FBFF36F8F11
:108140005DE7F86A00F0CFF800F012FC57E7F86A34
:1081500000F0C9F800F00CFCF86A00F016F90346CC
:10816000002B3FF44CAF3B6B002B0DD001F0E6FD34
:10817000F86A00F011F87862FB6A5B68796A184661
:1081800001F0DEF801F00AFE002318463837BD463C
:1081900080BD00BF04ED00E080B485B000AF786022
:1081A0007B685B6A002B06D07B681B6B1B68C3F186
:1081B0003803FB6001E00023FB60FB6818461437BE
:1081C000BD4680BC704780B586B000AFF860B9602E
:1081D0007A6000237B61FB689B6B3B61FB681B6CD7
:1081E000002B0DD1FB681B68002B4DD1FB685B6831
:1081F000184601F035F87861FB6800225A6043E0C8
:108200007B68002B19D1FB689868FB681B6C1A46C9
:10821000B96803F044FEFB689A68FB681B6C1A445B
:10822000FB689A60FB689A68FB685B689A422BD38C
:10823000FB681A68FB689A6026E0FB68D868FB68F0
:108240001B6C1A46B96803F02AFEFB68DA68FB6803
:108250001B6C5B421A44FB68DA60FB68DA68FB68F7
:108260001B689A4207D2FB685A68FB681B6C5B422A
:108270001A44FB68DA607B68022B05D13B69002B4E
:1082800002D03B69013B3B613B695A1CFB689A6326
:108290007B6918461837BD4680BD80B582B000AFF7
:1082A000786039607B681B6C002B18D07B68DA68BB
:1082B0007B681B6C1A447B68DA607B68DA687B68D1
:1082C0005B689A4203D37B681A687B68DA607B68D4
:1082D000D9687B681B6C1A46386803F0E0FD00BF64
:1082E0000837BD4680BD80B584B000AF786001F02E
:1082F00025FD7B6893F84530FB7311E07B685B6A72
:10830000002B12D07B682433184600F053FD03463F
:10831000002B01D000F02CFEFB7B013BDBB2FB739A
:1083200097F90F30002BE9DC00E000BF7B68FF22EB
:1083300083F8452001F032FD01F000FD7B6893F8E1
:108340004430BB7311E07B681B69002B12D07B6843
:108350001033184600F02EFD0346002B01D000F02C
:1083600007FEBB7B013BDBB2BB7397F90E30002BE2
:10837000E9DC00E000BF7B68FF2283F8442001F0C5
:108380000DFD00BF1037BD4680BD80B584B000AF85
:10839000786001F0D3FC7B689B6B002B02D101233A
:1083A000FB6001E00023FB6001F0F8FCFB6818466D
:1083B0001037BD4680BD80B584B000AF786001F055
:1083C000BDFC7B689A6B7B68DB6B9A4202D1012310
:1083D000FB6001E00023FB6001F0E0FCFB68184655
:1083E0001037BD4680BD000080B485B000AF786016
:1083F00039600023FB6014E00E4AFB6852F833300A
:10840000002B0BD10B49FB683A6841F83320094A2D
:10841000FB68DB0013447A685A6006E0FB680133AE
:10842000FB60FB68072BE7D900BF00BF1437BD46D0
:1084300080BC70476C0A002080B586B000AFF86041
:10844000B9607A60FB687B6101F078FC7B6993F826
:1084500044305BB2B3F1FF3F03D17B69002283F864
:1084600044207B6993F845305BB2B3F1FF3F03D101
:108470007B69002283F8452001F090FC7B699B6BAF
:10848000002B06D17B6924337A68B968184600F05E
:1084900065FC7869FFF727FF00BF1837BD4680BD30
:1084A00080B58EB004AFF860B9607A603B607B6BDA
:1084B000002B0BD14FF0500383F31188BFF36F8F64
:1084C000BFF34F8F3B6200BF00BFFDE7BB6B002BCC
:1084D0000BD14FF0500383F31188BFF36F8FBFF3BD
:1084E0004F8FFB6100BF00BFFDE7A8233B613B69E5
:1084F000A82B0BD04FF0500383F31188BFF36F8F7D
:10850000BFF34F8FBB6100BF00BFFDE7BB6B002B0C
:108510001ED07B6B002B1BD0BB6B7B627B6A7A6BA4
:108520001A637B6A022283F8A520002303937B6AE7
:10853000029307F1140301933B6B00933B687A6845
:10854000B968F86800F050F8786A00F0EDF801E0DA
:1085500000237B617B6918462837BD4680BD80B506
:108560008CB004AFF860B9603B601346FB80FB88B9
:108570009B00184601F0E4FC78617B69002B0ED06B
:10858000A82001F0DDFCF861FB69002B03D0FB693A
:108590007A691A6305E0786901F09AFD01E0002329
:1085A000FB61FB69002B17D0FB69002283F8A52033
:1085B000FA8800230393FB690293FB6A0193BB6A69
:1085C00000933B68B968F86800F00EF8F86900F0AD
:1085D000ABF80123BB6102E04FF0FF33BB61BB6925
:1085E00018462037BD4680BD80B588B000AFF86022
:1085F000B9607A603B603B6B186B7B689B001A46E6
:10860000A52103F07BFB3B6B1A6B7B6803F1804376
:10861000013B9B001344BB61BB6923F00703BB61B3
:10862000BB6903F00703002B0BD04FF0500383F31B
:108630001188BFF36F8FBFF34F8F7B6100BF00BF07
:10864000FDE70023FB6112E0BA68FB691344197867
:108650003A6BFB69134434330A461A70BA68FB69F3
:1086600013441B78002B06D0FB690133FB61FB69C7
:108670000F2BE9D900E000BF3B6B002283F84320B9
:10868000BB6A372B01D93723BB623B6BBA6ADA620C
:108690003B6BBA6ADA643B6B00221A653B6B0433AE
:1086A0001846FEF7DEFF3B6B18331846FEF7D9FF7E
:1086B0003B6B3A6B1A61BB6AC3F138023B6B9A6140
:1086C0003B6B3A6B5A623B6B0022C3F8A0203B6BBA
:1086D000002283F8A4203B6B54334C22002118461F
:1086E00003F00CFB3B6B0D4A9A653B6B0C4ADA6559
:1086F0003B6B0C4A1A663A68F968B86901F030FABF
:1087000002463B6B1A60FB6A002B02D0FB6A3A6B95
:108710001A6000BF2037BD4680BD00BFA4400020C6
:108720000C4100207441002080B582B000AF786019
:1087300001F004FB2D4B1B6801332C4A13602C4BBA
:108740001B68002B09D12A4A7B681360274B1B68E2
:10875000012B10D100F030FC0DE0264B1B68002BE4
:1087600009D1234B1B68DA6A7B68DB6A9A4202D81C
:108770001F4A7B681360204B1B6801331E4A13603D
:108780001D4B1A687B685A647B68DA6A1B4B1B684E
:108790009A4203D97B68DB6A184A13607B68DA6AFD
:1087A00013469B0013449B00154A1A447B6804330C
:1087B00019461046FEF761FF01F0F0FA0D4B1B68F9
:1087C000002B0ED00A4B1B68DA6A7B68DB6A9A4280
:1087D00007D20C4B4FF080521A60BFF34F8FBFF39C
:1087E0006F8F00BF0837BD4680BD00BF800F0020DF
:1087F000AC0A00208C0F00209C0F0020880F002066
:10880000B00A002004ED00E080B584B000AF7860CD
:108810000023FB607B68002B18D0144B1B68002BD7
:108820000BD04FF0500383F31188BFF36F8FBFF36A
:108830004F8FBB6000BF00BFFDE700F08BF8002149
:10884000786800F019FE00F093F8F860FB68002BE0
:1088500007D1074B4FF080521A60BFF34F8FBFF321
:108860006F8F00BF1037BD4680BD00BFA80F00202E
:1088700004ED00E080B58AB004AF0023BB600023A4
:108880007B603A46391D07F108031846FEF798FE4B
:1088900039687B68BA680292019300230093002331
:1088A0000A4624492448FFF7FBFD0346234A136088
:1088B000224B1B68002B02D001237B6101E00023C7
:1088C0007B617B69012B02D100F02AFE78617B6914
:1088D000012B1BD14FF0500383F31188BFF36F8F2F
:1088E000BFF34F8F3B6100BF154B1B685433154AD4
:1088F0001360154B4FF0FF321A60144B01221A60BF
:10890000134B00221A6001F0A7F90FE07B69B3F165
:10891000FF3F0BD14FF0500383F31188BFF36F8FEC
:10892000BFF34F8FFB6000BF00BFFDE700BF1837EC
:10893000BD4680BDCCD40008898F0008A40F00205C
:10894000AC0A00208C010020A00F00208C0F00201A
:10895000840F002080B400AF044B1B680133034A2E
:10896000136000BFBD4680BC704700BFA80F002049
:1089700080B584B000AF0023FB600023BB60424B96
:108980001B68002B0BD14FF0500383F31188BFF30A
:108990006F8FBFF34F8F3B6000BF00BFFDE701F05B
:1089A000CDF9394B1B68013B374A1360364B1B68C6
:1089B000002B62D1354B1B68002B5ED02FE0344B6F
:1089C000DB68DB68FB60FB6818331846FEF7B0FE17
:1089D000FB6804331846FEF7ABFEFB68DA6A2D4BE2
:1089E0001B689A4203D9FB68DB6A2A4A1360FB685A
:1089F000DA6A13469B0013449B00274A1A44FB681B
:108A0000043319461046FEF738FEFB68DA6A234B3A
:108A10001B68DB6A9A4202D3214B01221A601C4B6D
:108A20001B68002BCBD1FB68002B01D000F068FB4A
:108A30001C4B1B687B607B68002B10D000F044F857
:108A40000346002B02D0164B01221A607B68013BC3
:108A50007B607B68002BF1D1124B00221A60104B17
:108A60001B68002B09D00123BB600F4B4FF08052D5
:108A70001A60BFF34F8FBFF36F8F01F08FF9BB68A0
:108A800018461037BD4680BDA80F0020800F00207B
:108A9000400F0020880F0020B00A0020AC0A002000
:108AA000940F0020900F002004ED00E080B483B00C
:108AB00000AF044B1B687B607B6818460C37BD46D3
:108AC00080BC7047840F002080B586B000AF0023C3
:108AD0007B61524B1B68002B40F08F80504B1B6812
:108AE00001333B614E4A3B6913603B69002B21D146
:108AF0004C4B1B681B68002B0BD04FF0500383F3CB
:108B00001188BFF36F8FBFF34F8F3B6000BF00BF73
:108B1000FDE7444B1B68FB60434B1B68414A1360F5
:108B2000414AFB681360414B1B6801333F4A1360A5
:108B300000F0E6FA3E4B1B683A699A424ED3394B35
:108B40001B681B68002B01D1012300E00023002BD0
:108B500004D0374B4FF0FF321A603FE0314B1B68B7
:108B6000DB68DB68BB60BB685B687B603A697B681D
:108B70009A4203D22E4A7B6813602FE0BB6804330D
:108B80001846FEF7D5FDBB689B6A002B04D0BB6876
:108B900018331846FEF7CCFDBB68DA6A254B1B6814
:108BA0009A4203D9BB68DB6A224A1360BB68DA6A5F
:108BB00013469B0013449B001F4A1A44BB680433AE
:108BC00019461046FEF759FDBB68DA6A1B4B1B6855
:108BD000DB6A9A42B3D301237B61B0E7174B1B6872
:108BE000DA6A154913469B0013449B000B441B682B
:108BF000012B07D901237B6104E0114B1B68013372
:108C00000F4A13600F4B1B68002B01D001237B61BF
:108C10007B6918461837BD4680BD00BFA80F0020ED
:108C2000840F0020380F00203C0F0020980F0020F8
:108C3000A00F0020880F0020B00A0020AC0A0020FE
:108C4000900F0020940F002080B485B000AF2A4B15
:108C50001B68002B03D0294B01221A6047E0274BE9
:108C600000221A60264B1B68FB6011E0FB68002B9A
:108C70000BD14FF0500383F31188BFF36F8FBFF315
:108C80004F8F7B6000BF00BFFDE7FB68013BFB60CF
:108C90001C49FA6813469B0013449B000B441B6855
:108CA000002BE3D0FA6813469B0013449B00154A3F
:108CB0001344BB60BB685B685A68BB685A60BB689A
:108CC0005A68BB6808339A4204D1BB685B685A682B
:108CD000BB685A60BB685B68DB680B4A1360084A74
:108CE000FB681360084B1B685433084A136000BFCD
:108CF0001437BD4680BC7047A80F0020940F002099
:108D0000880F0020B00A0020AC0A00208C0100204F
:108D100080B584B000AF786039607B68002B0BD1E0
:108D20004FF0500383F31188BFF36F8FBFF34F8F62
:108D3000FB6000BF00BFFDE7074B1B6818331946F7
:108D40007868FEF7BDFC0121386800F095FB00BF94
:108D50001037BD4680BD00BFAC0A002080B586B08C
:108D600000AFF860B9607A60FB68002B0BD14FF060
:108D7000500383F31188BFF36F8FBFF34F8F7B6175
:108D800000BF00BFFDE70A4B1B6818331946F8689F
:108D9000FEF773FC7B68002B02D04FF0FF33BB6003
:108DA0007968B86800F068FB00BF1837BD4680BD21
:108DB000AC0A002080B586B000AF78607B68DB68C5
:108DC000DB683B613B69002B0BD14FF0500383F311
:108DD0001188BFF36F8FBFF34F8FFB6000BF00BFE1
:108DE000FDE73B6918331846FEF7A2FC1D4B1B68D4
:108DF000002B1DD13B6904331846FEF799FC3B69F3
:108E0000DA6A194B1B689A4203D93B69DB6A164A36
:108E100013603B69DA6A13469B0013449B00134AB4
:108E20001A443B69043319461046FEF726FC05E058
:108E30003B69183319460E48FEF71FFC3B69DA6A96
:108E40000C4B1B68DB6A9A4205D901237B610A4BF4
:108E500001221A6001E000237B617B691846183704
:108E6000BD4680BDA80F0020880F0020B00A00205A
:108E7000400F0020AC0A0020940F002080B483B083
:108E800000AF7860064B1A687B681A60054B1A6859
:108E90007B685A6000BF0C37BD4680BC704700BF7E
:108EA000980F0020840F002080B588B000AF786054
:108EB00039607B68002B0BD14FF0500383F311888E
:108EC000BFF36F8FBFF34F8F3B6100BF00BFFDE764
:108ED0003B68002B0BD14FF0500383F31188BFF395
:108EE0006F8FBFF34F8FFB6000BF00BFFDE700F047
:108EF00025FF1D4B1B68BB617B685B68BA69D31A91
:108F00007B613B681B68B3F1FF3F02D10023FB612B
:108F100023E07B681A68154B1B689A4207D07B6870
:108F20005B68BA699A4202D30123FB6115E03B6892
:108F30001B687A699A420BD23B681A687B69D21A1D
:108F40003B681A607868FFF799FF0023FB6104E033
:108F50003B6800221A600123FB6100F01FFFFB69E0
:108F600018462037BD4680BD840F0020980F002092
:108F700080B400AF034B01221A6000BFBD4680BC25
:108F8000704700BF940F002080B582B000AF7860BA
:108F900000F052F8064B1B68012BF9D9054B4FF036
:108FA00080521A60BFF34F8FBFF36F8FF0E700BF9F
:108FB000B00A002004ED00E080B582B000AF0023CD
:108FC0007B600CE07A6813469B0013449B00124AB6
:108FD00013441846FEF726FB7B6801337B607B68F1
:108FE000372BEFD90D48FEF71DFB0D48FEF71AFB96
:108FF0000C48FEF717FB0C48FEF714FB0B48FEF776
:1090000011FB0B4B054A1A600A4B054A1A6000BF58
:109010000837BD4680BD00BFB00A0020100F0020F9
:10902000240F0020400F0020540F00206C0F002060
:10903000380F00203C0F002080B582B000AF19E04F
:1090400000F07CFE104BDB68DB687B607B680433E0
:109050001846FEF76DFB0D4B1B68013B0B4A136076
:109060000B4B1B68013B0A4A136000F097FE7868BF
:1090700000F010F8064B1B68002BE1D100BF00BFC9
:109080000837BD4680BD00BF540F0020800F002070
:10909000680F002080B584B000AF78607B685433DF
:1090A000184602F043FE7B6893F8A530002B08D1E8
:1090B0007B681B6B184601F00BF8786801F008F824
:1090C00019E07B6893F8A530012B03D1786800F094
:1090D000FFFF10E07B6893F8A530022B0BD04FF018
:1090E000500383F31188BFF36F8FBFF34F8FFB6083
:1090F00000BF00BFFDE700BF1037BD4680BD0000C8
:1091000080B483B000AF0E4B1B681B68002B01D1ED
:10911000012300E00023002B04D00A4B4FF0FF3264
:109120001A6008E0064B1B68DB68DB687B607B68C5
:109130005B68044A136000BF0C37BD4680BC7047B3
:10914000380F0020A00F002080B483B000AF0B4B7D
:109150001B68002B02D101237B6008E0084B1B68D1
:10916000002B02D102237B6001E000237B607B683F
:1091700018460C37BD4680BC704700BF8C0F0020DE
:10918000A80F002080B584B000AF78607B68BB601A
:109190000023FB607B68002B56D0BB68DA6A2D4B3E
:1091A0001B68DB6A9A4246D2BB689B69002B06DBD0
:1091B000284B1B68DB6AC3F13802BB689A61BB6845
:1091C0005969BB68DA6A13469B0013449B00224A24
:1091D0001344994201D1012300E00023002B22D047
:1091E000BB6804331846FEF7A3FA1A4B1B68DA6A09
:1091F000BB68DA62BB68DA6A184B1B689A4203D90B
:10920000BB68DB6A154A1360BB68DA6A13469B00C9
:1092100013449B00104A1A44BB6804331946104695
:10922000FEF72BFA04E00B4B1B68DA6ABB68DA62C4
:109230000123FB6008E0BB68DA6C064B1B68DB6A45
:109240009A4201D20123FB60FB6818461037BD46E5
:1092500080BD00BFAC0A0020B00A0020880F0020AB
:1092600080B586B000AF78607B683B6100237B618E
:109270007B68002B58D02F4B1B683A699A420BD061
:109280004FF0500383F31188BFF36F8FBFF34F8FFD
:10929000FB6000BF00BFFDE73B691B6D002B0BD1DE
:1092A0004FF0500383F31188BFF36F8FBFF34F8FDD
:1092B000BB6000BF00BFFDE73B691B6D5A1E3B69E9
:1092C0001A653B69DA6A3B69DB6C9A422CD03B69D0
:1092D0001B6D002B28D13B6904331846FEF728FA92
:1092E0003B69DA6C3B69DA623B69DB6AC3F13802DD
:1092F0003B699A613B69DA6A0F4B1B689A4203D952
:109300003B69DB6A0C4A13603B69DA6A13469B00CF
:1093100013449B00094A1A443B690433194610461A
:10932000FEF7ABF901237B617B6918461837BD4610
:1093300080BD00BFAC0A0020880F0020B00A0020CA
:1093400080B588B000AF786039607B68BB6101236D
:109350007B617B68002B71D0BB691B6D002B0BD12F
:109360004FF0500383F31188BFF36F8FBFF34F8F1C
:10937000FB6000BF00BFFDE7BB69DB6C3A689A4247
:1093800002D93B68FB6102E0BB69DB6CFB61BB6936
:10939000DB6AFA699A4251D0BB691B6D7A699A42BD
:1093A0004CD1284B1B68BA699A420BD14FF050033D
:1093B00083F31188BFF36F8FBFF34F8FBB6000BF84
:1093C00000BFFDE7BB69DB6A3B61BB69FA69DA6232
:1093D000BB699B69002B04DBFB69C3F13802BB69E5
:1093E0009A61BB6959693A6913469B0013449B0013
:1093F000154A1344994201D1012300E00023002BB8
:109400001CD0BB6904331846FEF792F9BB69DA6ACF
:109410000E4B1B689A4203D9BB69DB6A0B4A136087
:10942000BB69DA6A13469B0013449B00064A1A4440
:10943000BB69043319461046FEF71FF900BF2037F9
:10944000BD4680BDAC0A0020B00A0020880F002075
:1094500080B400AF074B1B68002B04D0054B1B6882
:109460001A6D01321A65034B1B681846BD4680BC55
:10947000704700BFAC0A002080B584B000AF7860B0
:109480003960214B1B68FB60204B1B680433184676
:10949000FEF74EF97B68B3F1FF3F0AD13B68002B22
:1094A00007D01A4B1B68043319461948FEF7E5F834
:1094B00026E0FA687B681344BB60144B1B68BA68EB
:1094C0005A60BA68FB689A4209D2124B1A680F4B6D
:1094D0001B68043319461046FEF7F2F810E00E4BF5
:1094E0001A680A4B1B68043319461046FEF7E8F861
:1094F0000A4B1B68BA689A4202D2084ABB681360DA
:1095000000BF1037BD4680BD840F0020AC0A00208C
:109510006C0F00203C0F0020380F0020A00F00200F
:1095200080B58AB004AF00237B6100F0D9FA1D4BEF
:109530001B68002B21D00023FB600023BB603A1D79
:1095400007F1080107F10C031846FEF751F8796896
:10955000BB68FA68029201930223009300230A4633
:1095600011491248FEF79CFF0346114A1360104B45
:109570001B68002B01D001237B617B69002B0BD181
:109580004FF0500383F31188BFF36F8FBFF34F8FFA
:109590003B6100BF00BFFDE77B6918461837BD4639
:1095A00080BD00BFDC0F0020D4D40008D596000891
:1095B000E00F002080B58AB000AFF860B9607A6033
:1095C0003B6000237B62FB68002B0BD14FF0500304
:1095D00083F31188BFF36F8FBFF34F8F3B6200BFE0
:1095E00000BFFDE7194B1B68002B2AD0BB683B610D
:1095F0007B687B61FB68BB61BB68052B18DCFFF7F0
:10960000A3FD0346022B09D1104B186807F1100186
:1096100000233A6BFEF730FA786212E00B4B1868C1
:1096200007F1100100230022FEF726FA786208E015
:10963000064B186807F1100100233A68FEF71EFB7D
:1096400078627B6A18462837BD4680BDDC0F002053
:1096500080B588B002AF786039601D4B1B68DB684D
:10966000DB687B617B6904331846FEF761F87B6930
:10967000DB69012B23D17B699A697B68D1187B68F0
:109680003A68786900F0CCF80346002B17D0002325
:10969000009300237A6800217869FFF78BFF386117
:1096A0003B69002B0BD14FF0500383F31188BFF3BC
:1096B0006F8FBFF34F8FFB6000BF00BFFDE77B697B
:1096C0005B6A7869984700BF1837BD4680BD00BF08
:1096D000D40F002080B584B000AF786007F1080394
:1096E000184600F059F8F860BB681946F86800F0B1
:1096F00005F800F0D7F800BFF0E7000080B584B0AF
:1097000000AF78603960FFF725F907F108031846C4
:1097100000F066F8F860BB68002B30D13B68002B86
:109720000AD17A68FB689A4206D8FFF721F9F968EE
:109730007868FFF78DFF24E03B68002B08D0134BBF
:109740001B681B68002B0CBF01230023DBB23B60AE
:109750000F4B18687A68FB68D31A3A681946FEF707
:109760006BFEFFF705F90346002B0AD1094B4FF0BA
:1097700080521A60BFF34F8FBFF36F8F01E0FFF786
:10978000F7F800BF1037BD4680BD00BFD80F0020DE
:10979000DC0F002004ED00E080B485B000AF7860FD
:1097A0000E4B1B681B68002B0CBF01230023DBB290
:1097B0001A467B681A607B681B68002B05D1074B33
:1097C0001B68DB681B68FB6001E00023FB60FB6833
:1097D00018461437BD4680BC704700BFD40F002028
:1097E00080B584B000AF7860FFF760F9F8600B4B8C
:1097F0001B68FA689A4205D200F010F97B680122D2
:109800001A6002E07B6800221A60044AFB68136059
:10981000FB6818461037BD4680BD00BFE40F00202E
:1098200080B586B000AFF860B9607A603B60002315
:109830007B61FB68BA685A60FB68FA681A61BA68AB
:109840007B689A4212D87A683B68D21AFB689B6997
:109850009A4202D301237B611BE0104B1A68FB681C
:10986000043319461046FDF72BFF12E07A683B6877
:109870009A4206D2BA683B689A4202D301237B61BE
:1098800007E0074B1A68FB68043319461046FDF7DA
:1098900017FF7B6918461837BD4680BDD80F0020DA
:1098A000D40F002080B58EB002AFA5E07B68002BFE
:1098B00019DA3B1D0433FB62FB6A002B0BD14FF01E
:1098C000500383F31188BFF36F8FBFF34F8FFB619A
:1098D00000BF00BFFDE7FB6A1B68FA6A5068FA6ABE
:1098E0009268114698477B68002BC0F28580FB6820
:1098F000BB62BB6A5B69002B04D0BB6A04331846A9
:10990000FDF716FF3B461846FFF76AFF78627B6853
:10991000092B6CD801A252F823F000BF459900082A
:109920004599000845990008EF990008A399000897
:10993000DD9900084599000845990008EF9900084D
:10994000A3990008BA68BB6A9B69D118BB687A6A98
:10995000B86AFFF765FF0346002B4AD0BB6A5B6A13
:10996000B86A9847BB6ADB69012B42D1BA68BB6A07
:109970009B691A440023009300230021B86AFFF773
:1099800019FE38623B6A002B33D14FF0500383F34A
:109990001188BFF36F8FBFF34F8FBB6100BF00BF54
:1099A000FDE7BA68BB6A9A61BB6A9B69002B0BD161
:1099B0004FF0500383F31188BFF36F8FBFF34F8FC6
:1099C0007B6100BF00BFFDE7BB6A9A697B6AD11863
:1099D0007B6A7A6AB86AFFF723FF0DE0BB6A93F8E7
:1099E0002C30002B07D1B86A00F072FB03E000BFF7
:1099F00002E000BF00E000BF074B1B68391D0022DA
:109A00001846FEF7D7F90346002B7FF44FAF00BF8F
:109A100000BF3037BD4680BDDC0F002080B588B068
:109A200002AF46E02C4B1B68DB681B683B612A4B8E
:109A30001B68DB68DB68FB60FB6804331846FDF7D6
:109A400077FEFB685B6AF8689847FB68DB69012B67
:109A50002FD1FB689B693A691344BB60BA683B69C4
:109A60009A420ED9FB68BA685A60FB68FA681A61B4
:109A7000194B1A68FB68043319461046FDF720FE9F
:109A800017E00023009300233A690021F868FFF7EC
:109A900091FD78607B68002B0BD14FF0500383F36E
:109AA0001188BFF36F8FBFF34F8F3B6000BF00BFC4
:109AB000FDE7094B1B681B68002BB3D1064B1B68E5
:109AC0007B61064B1B68044A1360044A7B69136080
:109AD00000BF1837BD4680BDD40F0020D80F00202E
:109AE00080B582B002AF00F029F9154B1B68002B3E
:109AF00020D11448FDF796FD1348FDF793FD134B55
:109B0000104A1A60124B104A1A6000230093114B3E
:109B1000114A10210A20FDF79FFE0346084A1360F0
:109B2000074B1B68002B05D0054B1B680B491846DB
:109B3000FEF75AFC00F032F900BFBD4680BD00BF01
:109B4000DC0F0020AC0F0020C00F0020D40F00203D
:109B5000D80F002088100020E80F0020DCD4000877
:109B600080B485B000AFF860B9607A60FB68043BF0
:109B7000FB60FB684FF080721A60FB68043BFB607F
:109B8000BB6823F00102FB681A60FB68043BFB60C2
:109B9000084AFB681A60FB68143BFB607A68FB6844
:109BA0001A60FB68203BFB60FB6818461437BD4613
:109BB00080BC7047B99B000880B485B000AF00231B
:109BC0007B60124B1B68B3F1FF3F0BD04FF050038B
:109BD00083F31188BFF36F8FBFF34F8FFB6000BF1C
:109BE00000BFFDE74FF0500383F31188BFF36F8F81
:109BF000BFF34F8FBB6000BF00BF7B68002BFCD062
:109C000000BF00BF1437BD4680BC70471C01002058
:109C1000074B19680868B0E8F00F80F30988BFF3B4
:109C20006F8F4FF0000080F311884EF00D0E7047DB
:109C3000AC0A002000BF00BF06480068006880F33F
:109C4000088862B661B6BFF34F8FBFF36F8F00DF36
:109C500000BF00BF08ED00E080B584B000AF324B1C
:109C6000FB60FB681B78DBB27B60FB68FF221A702D
:109C7000FB681B78DBB2FB70FB78DBB203F05003B0
:109C8000DAB22A4B1A702A4B07221A6009E0284BD5
:109C90001B68013B264A1360FB78DBB25B00DBB23A
:109CA000FB70FB78DBB203F08003802BEFD0204BFE
:109CB0001B68C3F10703042B0BD04FF0500383F351
:109CC0001188BFF36F8FBFF34F8FBB6000BF00BF22
:109CD000FDE7174B1B681B02154A1360144B1B68EA
:109CE00003F4E063124A13607B68DAB2FB681A700F
:109CF000104B1B680F4A43F4700313600D4B1B6835
:109D00000C4A43F07043136000F0B8F80A4B00228D
:109D10001A60FFF791FFFEF797FFFFF74DFF002353
:109D200018461037BD4680BD00E400E0D810002082
:109D3000DC10002020ED00E01C01002080B483B086
:109D400000AF4FF0500383F31188BFF36F8FBFF361
:109D50004F8F7B6000BF0F4B1B6801330D4A1360B0
:109D60000C4B1B68012B10D10B4B1B68DBB2002B7B
:109D70000BD04FF0500383F31188BFF36F8FBFF305
:109D80004F8F3B6000BF00BFFDE700BF0C37BD46F3
:109D900080BC70471C01002004ED00E080B483B05B
:109DA00000AF124B1B68002B0BD14FF0500383F315
:109DB0001188BFF36F8FBFF34F8F7B6000BF00BF71
:109DC000FDE70A4B1B68013B084A1360074B1B6801
:109DD000002B05D100233B603B6883F3118800BF53
:109DE00000BF0C37BD4680BC704700BF1C0100207F
:109DF000EFF30980BFF36F8F0D4B1A6820E9F00F66
:109E000010602DE908404FF0500080F31188FEF7F4
:109E10001BFF4FF0000080F31188BDE8084019686F
:109E20000868B0E8F00F80F30988BFF36F8F7047C0
:109E3000AC0A002000BF00BF80B582B000AF4FF079
:109E4000500383F31188BFF36F8FBFF34F8F7B6095
:109E500000BFFEF739FE0346002B03D0064B4FF040
:109E600080521A6000233B603B6883F3118800BF77
:109E700000BF0837BD4680BD04ED00E080B400AFF0
:109E80000A4B00221A600A4B00221A60094B1B6819
:109E9000094AA2FB03239B09084A013B1360034BB9
:109EA00007221A6000BFBD4680BC704710E000E08A
:109EB00018E000E000000020D34D621014E000E044
:109EC00080B485B000AFEFF30583FB60FB680F2B18
:109ED00015D9174AFB6813441B78FB72154B1B7886
:109EE000FA7A9A420BD24FF0500383F31188BFF3F2
:109EF0006F8FBFF34F8F7B6000BF00BFFDE70E4B3E
:109F00001B6803F4E0620D4B1B689A420BD94FF0BB
:109F1000500383F31188BFF36F8FBFF34F8F3B6004
:109F200000BF00BFFDE700BF1437BD4680BC7047CF
:109F3000F0E300E0D81000200CED00E0DC10002081
:109F400080B58AB000AF78600023FB61FEF702FDA8
:109F50005A4B1B68002B01D100F016F9584B1A68B8
:109F60007B681340002B40F090807B68002B1ED054
:109F700008227B6813447B607B6803F00703002B97
:109F800015D07B6823F0070308337B607B6803F000
:109F90000703002B0BD04FF0500383F31188BFF35E
:109FA0006F8FBFF34F8F7B6100BF00BFFDE77B6802
:109FB000002B6AD0434B1B687A689A4265D8424BA3
:109FC0003B62414B1B687B6204E07B6A3B627B6ABD
:109FD0001B687B627B6A5B687A689A4203D97B6AFA
:109FE0001B68002BF1D1354B1B687A6A9A424CD022
:109FF0003B6A1B6808221344FB617B6A1A683B6A50
:10A000001A607B6A5A687B68D21A08235B009A42FE
:10A0100020D97A6A7B681344BB61BB6903F00703EC
:10A02000002B0BD04FF0500383F31188BFF36F8FD9
:10A03000BFF34F8F3B6100BF00BFFDE77B6A5A68EB
:10A040007B68D21ABB695A607B6A7A685A60B869C1
:10A0500000F0FCF81B4B1A687B6A5B68D31A194A3C
:10A060001360184B1A68194B1B689A4203D2154BA0
:10A070001B68164A13607B6A5A68114B1B681A43A7
:10A080007B6A5A607B6A00221A60FEF771FCFB69EA
:10A0900003F00703002B0BD04FF0500383F311881C
:10A0A000BFF36F8FBFF34F8FFB6000BF00BFFDE7B3
:10A0B000FB6918462837BD4680BD00BFE81C00205C
:10A0C000F41C0020EC1C0020E01C0020F01C0020F0
:10A0D00080B586B000AF78607B687B617B68002BC1
:10A0E0004AD008235B427A6913447B617B693B61F8
:10A0F0003B695A68224B1B681340002B0BD14FF071
:10A10000500383F31188BFF36F8FBFF34F8FFB6052
:10A1100000BF00BFFDE73B691B68002B0BD04FF071
:10A12000500383F31188BFF36F8FBFF34F8FBB6072
:10A1300000BF00BFFDE73B695A68114B1B68134025
:10A14000002B19D03B691B68002B15D13B695A685D
:10A150000B4B1B68DB431A403B695A60FEF7FAFB66
:10A160003B695A68074B1B681344064A13603869F9
:10A1700000F06CF8FEF7FCFB00BF1837BD4680BD51
:10A18000F41C0020EC1C002080B485B000AF4FF41C
:10A190004063BB60274BFB60FB6803F00703002BA9
:10A1A0000CD0FB680733FB60FB6823F00703FB6000
:10A1B000BA68FB68D31A1F4A1344BB60FB687B6014
:10A1C0001D4A7B6813601C4B00225A607B68BA688A
:10A1D0001344FB600822FB689B1AFB60FB6823F0BA
:10A1E0000703FB60FB68154A1360144B1B680022D1
:10A1F0005A60124B1B6800221A607B683B603B6808
:10A20000FA68D21A3B685A600C4B1A683B681A60AD
:10A210003B685B680A4A13603B685B68094A1360E5
:10A22000094B4FF000421A6000BF1437BD4680BC96
:10A23000704700BFE0100020E01C0020E81C002058
:10A24000F01C0020EC1C0020F41C002080B485B021
:10A2500000AF7860274BFB6002E0FB681B68FB6087
:10A26000FB681B687A689A42F7D8FB68BB60FB689A
:10A270005B68BA6813447A689A4208D1FB685A68E6
:10A280007B685B681A44FB685A60FB687B607B688C
:10A29000BB607B685B68BA681A44FB681B689A42BB
:10A2A00018D1FB681A68144B1B689A420DD07B6862
:10A2B0005A68FB681B685B681A447B685A60FB68D5
:10A2C0001B681A687B681A6008E00B4B1A687B6889
:10A2D0001A6003E0FB681A687B681A60FA687B689A
:10A2E0009A4202D0FB687A681A6000BF1437BD46F4
:10A2F00080BC7047E01C0020E81C002080B500AF47
:10A30000002212491248FBF786FF0346002B01D0BA
:10A31000F7F782F80F490E48FBF7A8FF0346002B1A
:10A3200001D0F7F779F80C490948FBF7D9FE034645
:10A33000002B01D0F7F770F80548FBF7B0FF034694
:10A34000002B01D0F7F768F800BF80BD3001002076
:10A35000F81C0020180000202001002080B500AF6C
:10A36000002205490548FBF7D1FE05490348FBF7E4
:10A37000E6FE0023184680BDC0240020F81C002003
:10A38000C020002080B400AF00231846BD4680BC2A
:10A390007047000080B483B000AF03463960FB71A2
:10A3A0001346BB80FB79232B4AD801A252F823F035
:10A3B00041A4000841A4000841A4000841A40008E9
:10A3C00041A4000841A4000841A4000841A40008D9
:10A3D00041A4000841A4000841A4000841A40008C9
:10A3E00041A4000841A4000841A4000841A40008B9
:10A3F00041A4000841A4000841A4000841A40008A9
:10A4000041A4000841A4000841A4000841A4000898
:10A4100041A4000841A4000841A4000841A4000888
:10A4200041A4000841A4000841A4000841A4000878
:10A4300041A4000841A4000841A4000841A4000868
:10A4400000BF002318460C37BD4680BC704700BFD4
:10A4500080B584B000AF786039603B681B68FF2B23
:10A4600030D83B681B689AB21C4B1A801C4B1B7877
:10A47000002B15D11A4B01221A700023FB8109E031
:10A48000FB897A681A44FB891178164AD154FB89F2
:10A490000133FB81FA893B681B689A42F0D311E0D3
:10A4A0000023FB8109E0FB897A681A44FB89117853
:10A4B0000D4AD154FB890133FB81FA893B681B6843
:10A4C0009A42F0D379680948FBF739FE0748FBF751
:10A4D00078FE002318461037BD4680BDBC20002002
:10A4E000A040002060400020BC1F0020F81C00207D
:10A4F00080B586B000AF78600B467B800023FB758B
:10A50000F7F784FA38611E4BD3F8B832FB60FB686A
:10A51000002B0AD102232EE0F7F778FA02463B69B6
:10A52000D31A0A2B08D9012325E000BFFB68D3F812
:10A530001432002BF0D100E000BF7B881A46796806
:10A540000F48FBF7E3FD0E48FBF70CFE0346FB75D7
:10A55000F7F75CFA386108E0F7F758FA02463B690A
:10A56000D31A0A2B01D9012305E0FB68D3F8143272
:10A57000002BF1D1FB7D18461837BD4680BD00BFCA
:10A58000F81C002080B483B000AF03463960FB7133
:10A590003B6812221A80034B18460C37BD4680BC1C
:10A5A000704700BF4C01002080B483B000AF034669
:10A5B0003960FB713B6804221A80034B18460C3744
:10A5C000BD4680BC704700BF6001002080B582B0EE
:10A5D00000AF03463960FB71FB79002B05D13A6867
:10A5E00007490848FCF7D1FD04E03A6804490548EA
:10A5F000FCF7CBFD024B18460837BD4680BD00BFB7
:10A60000C0280020E4D4000880B582B000AF034623
:10A610003960FB713A6804490448FCF7B6FD024B07
:10A6200018460837BD4680BDC0280020FCD400086D
:10A6300080B582B000AF03463960FB713B681A22D7
:10A640001A8000F043F8024B18460837BD4680BD1B
:10A650006401002080B582B000AF03463960FB7111
:10A66000FB79002B05D13A6807490848FCF78DFDB6
:10A6700004E03A6804490548FCF787FD024B184698
:10A680000837BD4680BD00BFC028002010D5000897
:10A6900080B582B000AF03463960FB71FB79002BB7
:10A6A00005D13A6807490848FCF76FFD04E03A68AD
:10A6B00004490548FCF769FD024B18460837BD46BA
:10A6C00080BD00BFC02800201CD5000880B584B024
:10A6D00000AF0F4B1B68FB600E4B1B68BB600E4B43
:10A6E0001B687B60FA687B681344FB60FB68002B87
:10A6F00009D008220949F86800F014F80422084932
:10A70000B86800F00FF800BF1037BD4680BD00BF2D
:10A71000E8F7FF1FECF7FF1FF0F7FF1F66010020AF
:10A720007601002080B487B000AFF860B9601346AE
:10A73000FB710023FB750023FB7527E0FB681B0FF3
:10A74000092B0BD8FB681B0FDAB2FB7D5B001946A7
:10A75000BB680B443032D2B21A700AE0FB681B0FA0
:10A76000DAB2FB7D5B001946BB680B443732D2B2CC
:10A770001A70FB681B01FB60FB7D5B000133BA684C
:10A78000134400221A70FB7D0133FB75FA7DFB79BF
:10A790009A42D3D300BF00BF1C37BD4680BC704770
:10A7A00080B584B000AF78607B681B680D4A934227
:10A7B00013D10D4BDB690C4A43F40003D3610A4B00
:10A7C000DB6903F40003FB60FB6800220521142011
:10A7D000F7F7DBF91420F7F7F4F900BF1037BD469F
:10A7E00080BD00BF005C00400010024080B582B018
:10A7F00000AF78607B68D3F868227B6803F50C7340
:10A8000019461046FBF793FD00BF0837BD4680BDD3
:10A8100080B582B000AF78600B46FB707B68D3F8E0
:10A820006802FB787A685B01134403F59E731A682B
:10A83000FB781946FBF7C8FD00BF0837BD4680BD51
:10A8400080B582B000AF78600B46FB707B68D3F8B0
:10A850006802FB787A685B0113443C331A68FB7822
:10A860001946FBF722FE00BF0837BD4680BD80B504
:10A8700082B000AF78607B68D3F868321846FBF787
:10A8800032FF00BF0837BD4680BD80B584B000AF41
:10A8900078600123FB737B689B68022B01D0F6F77D
:10A8A000BBFD7B68D3F86832FA7B11461846FBF78C
:10A8B000E2FE7B68D3F868321846FBF79BFE00BFC8
:10A8C0001037BD4680BD000080B582B000AF786013
:10A8D0007B68D3F868321846FBF7DCFE7B689B691F
:10A8E000002B05D0044B1B69034A43F00603136198
:10A8F00000BF0837BD4680BD00ED00E080B582B0E6
:10A9000000AF78607B68D3F868321846FBF7D6FE54
:10A9100000BF0837BD4680BD80B582B000AF78600B
:10A92000284A7B68C2F868327B68264AC3F8C0228E
:10A93000244B254A1A60234B08225A60214B0222DD
:10A940009A60204B00229A611E4B0022DA611D4B57
:10A9500000221A621B48F7F726FC0346002B01D0A1
:10A96000F6F75AFD7B68D3F8C002182300220021B5
:10A97000F8F7BEFA7B68D3F8C00258230022802182
:10A98000F8F7B6FA7B68D3F8C002C0230022812111
:10A99000F8F7AEFA7B68D3F8C0024FF48873002250
:10A9A0000121F8F7A5FA7B68D3F8C0024FF4807351
:10A9B00000228221F8F79CFA002318460837BD468A
:10A9C00080BD00BFC02A0020005C004080B584B07C
:10A9D00000AF78600023FB730023BB737B68D3F860
:10A9E000C0321846F7F7C0FC0346FB73FB7B1846E2
:10A9F00000F048F90346BB73BB7B18461037BD46D1
:10AA000080BD80B584B000AF7860084611461A4614
:10AA10000346FB700B46BB7013463B800023FB7361
:10AA20000023BB737B68D3F8C002BB783A88F978FF
:10AA3000F7F7F3FD0346FB73FB7B184600F022F9A2
:10AA40000346BB73BB7B18461037BD4680BD80B53F
:10AA500084B000AF78600B46FB700023FB730023CB
:10AA6000BB737B68D3F8C032FA7811461846F7F703
:10AA700034FE0346FB73FB7B184600F003F90346E4
:10AA8000BB73BB7B18461037BD4680BD80B584B014
:10AA900000AF78600B46FB700023FB730023BB7391
:10AAA0007B68D3F8C032FA7811461846F7F7DEFE15
:10AAB0000346FB73FB7B184600F0E4F80346BB73C8
:10AAC000BB7B18461037BD4680BD80B584B000AF53
:10AAD00078600B46FB700023FB730023BB737B681D
:10AAE000D3F8C032FA7811461846F7F719FF034633
:10AAF000FB73FB7B184600F0C5F80346BB73BB7BBA
:10AB000018461037BD4680BD80B485B000AF786070
:10AB10000B46FB707B68D3F8C032FB6097F90330BB
:10AB2000002B08DAFB7803F07F03FA685B0113441B
:10AB30002A331B7808E0FB7803F07F03FA685B0197
:10AB4000134403F595731B7818461437BD4680BC33
:10AB5000704780B584B000AF78600B46FB7000236F
:10AB6000FB730023BB737B68D3F8C032FA781146BD
:10AB70001846F7F72DFD0346FB73FB7B184600F0E4
:10AB800081F80346BB73BB7B18461037BD4680BDBA
:10AB900080B586B000AFF8607A601A460B46FB724B
:10ABA00013463B810023FB750023BB75FB68D3F87C
:10ABB000C0023B89F97A7A68F7F71FFE0346FB75F6
:10ABC000FB7D184600F05EF80346BB75BB7D18465A
:10ABD0001837BD4680BD80B586B000AFF8607A609A
:10ABE0001A460B46FB7213463B810023FB7500237C
:10ABF000BB75FB68D3F8C0023B89F97A7A68F7F72E
:10AC0000AEFD0346FB75FB7D184600F03BF803469E
:10AC1000BB75BB7D18461837BD4680BD80B582B078
:10AC200000AF78600B46FB707B68D3F8C032FA78CF
:10AC300011461846F7F7CDFD034618460837BD46BE
:10AC400080BD000080B483B000AF7860024B18462E
:10AC50000C37BD4680BC70472C2D002080B483B0DB
:10AC600000AF786000BF0C37BD4680BC704780B431
:10AC700083B000AF78600B46FB7000BF0C37BD4659
:10AC800080BC704780B485B000AF0346FB710023E1
:10AC9000FB73FB79032B17D801A252F823F000BFF6
:10ACA000B1AC0008B7AC0008BDAC0008C3AC0008EC
:10ACB0000023FB730BE00223FB7308E00123FB730B
:10ACC00005E00223FB7302E00223FB7300BFFB7B62
:10ACD00018461437BD4680BC704700BF0000000016
:10ACE00080B584B000AF4A4BBB600023FB607BE0C3
:10ACF000F868F5F7A3FC42A3D3E90023F5F708FDB4
:10AD000002460B4610461946F5F734FF03467B60B2
:10AD10007968B868F5F78CFA0346184601F0E0FD4B
:10AD200003464FF07E511846F5F77AFF0346184662
:10AD3000F5F796FC4FF00002364BF5F7E9FC0246BA
:10AD40000B46104619464FF000024FF08043F5F7CE
:10AD500009FE02460B4610461946F5F7EBFE034680
:10AD600099B22D4AFB6822F813107968B868F5F794
:10AD70005FFA03461846F5F773FC23A3D3E90023D3
:10AD8000F5F710FB02460B4610461946F5F7F2FEA2
:10AD90000346184601F0A4FD03464FF07E511846C5
:10ADA000F5F73EFF03461846F5F75AFC4FF0000250
:10ADB0001A4BF5F7ADFC02460B46104619464FF00C
:10ADC00000024FF08043F5F7CDFD02460B461046DA
:10ADD0001946F5F7AFFE034699B2114AFB6822F80F
:10ADE0001310FB680133FB60FB68B3F57A7FFFF655
:10ADF0007FAF00BF00BF1037BD4680BDAFF30080FE
:10AE0000FCA9F1D24D62503F182D4454FB21F93F6B
:10AE100063149D4300806B404C2F002000408F4006
:10AE20001C37002080B582B000AF7860391D052343
:10AE300001220448F9F789F97B6818460837BD46AE
:10AE400080BD00BF3802002080B500AF0022202165
:10AE50000248F7F778F900BF80BD00BF000C014041
:10AE600080B500AF012220210248F7F76CF900BF3E
:10AE700080BD00BF000C014080B500AF0022202142
:10AE80000248F7F760F900BF80BD00BF001801401D
:10AE900080B500AF012220210248F7F754F900BF26
:10AEA00080BD00BF0018014080B582B000AF102106
:10AEB0000448F7F731F90346FB71FB791846083768
:10AEC000BD4680BD0018014080B500AF202102487A
:10AED000F7F751F900BF80BD0018014080B500AF01
:10AEE000174B1B78052B21D801A252F823F000BF85
:10AEF00009AF00080FAF000815AF00081BAF00082E
:10AF000021AF000827AF000800F01CF811E000F0A6
:10AF10001FF80EE000F030F80BE000F04FF808E00A
:10AF200000F070F805E000F073F802E000F08AF835
:10AF300000BF4FF47A70FCF715FB00BF80BD00BF67
:10AF4000EC3E002080B500AFFFF7BEFF00BF80BD24
:10AF500080B500AF064B1B78012B05D1054B0222B3
:10AF60001A70034B00221A70FFF792FF00BF80BDDA
:10AF7000EE3E0020ED3E002080B500AF0C4B1B687C
:10AF80004FF0FF311846FCF7F7FF0A4800F0D6FDF6
:10AF9000074B1868002300220021FCF76DFD40F6E6
:10AFA000B830FCF7DFFA044B03221A7000BF80BDF3
:10AFB000C80200202CD50008ED3E002080B500AF6F
:10AFC0000D4B1B684FF0FF311846FCF7D5FF0B48BF
:10AFD00000F0B4FD084B1868002300220021FCF7A4
:10AFE0004BFDFFF761FF0346002B02D1044B042207
:10AFF0001A7000BF80BD00BFC802002040D5000805
:10B00000ED3E002080B500AFFFF736FF00BF80BDEA
:10B0100080B500AF094B1B684FF0FF311846FCF7B5
:10B02000ABFF074800F08AFD044B1868002300229C
:10B030000021FCF721FD00BF80BD00BFC802002039
:10B0400054D5000880B500AF094B1B684FF0FF31A5
:10B050001846FCF791FF074800F070FD044B186894
:10B06000002300220021FCF707FD00BF80BD00BFC8
:10B07000C802002068D5000880B584B000AF7860B1
:10B080000B46FB700023FB7309E0FB7B7A681A44D4
:10B09000FB7B11780F4AD154FB7B0133FB73FA7BA6
:10B0A000FB789A42F1D3012280210B48F7F74BF845
:10B0B000FB789AB24FF47A7306490848F9F745F8D5
:10B0C000002280210448F7F73EF800BF1037BD4644
:10B0D00080BD00BFF43E0020001401407802002033
:10B0E00080B582B000AF78607B681B68154A9342D8
:10B0F00023D1154B1B78012B05D10122134914488C
:10B10000F9F7BCF81AE0134B1B78632B15D8114BD9
:10B110001B781A460D4B19780F4B99540D4B1B7821
:10B120000133DAB20B4B1A700C4B01221A70012258
:10B1300006490748F9F7A2F800E000BF00BF08374A
:10B14000BD4680BD00440040EF3E0020BC3F0020D3
:10B1500078020020F03E0020583F0020F13E002001
:10B1600080B400AF064B00221A70064B00221A7002
:10B17000054B00221A7000BFBD4680BC704700BF5F
:10B18000F03E0020EF3E0020F13E002080B582B06E
:10B1900000AF4C4B1B78012B40F08F804A4B1B7843
:10B1A00019464A4800F0E2F80346012B54D1484BB7
:10B1B0001B684FF0FF311846FCF7DEFE424B1B7850
:10B1C0001946444800F052FC414B18680023002205
:10B1D0000021FCF751FC0023FB7109E0FB793B4A9D
:10B1E000D35C19463C4800F041FCFB790133FB710C
:10B1F000354B1B78FA799A42F0D3384800F09EFC20
:10B20000324B5B78B12B09D1304B9B78002B05D1A9
:10B210002E4B1B79184600F06DF84CE02B4B5B78F9
:10B22000B12B48D1294B9B78112B44D12C4800F0ED
:10B2300085FC264B1B79012B3DD1244B9B79032B9D
:10B2400039D1224B5B7A002B35D1264800F076FCB1
:10B25000254B01221A702EE01D4B1B684FF0FF3169
:10B260001846FCF789FE184B1B7819461F4800F05A
:10B27000FDFB174B1868002300220021FCF7FCFBA4
:10B280000023BB7109E0BB79104AD35C1946124810
:10B2900000F0ECFBBB790133BB710B4B1B78BA7927
:10B2A0009A42F0D3084B1B78013B084AD35C1946FD
:10B2B0000F4800F0DBFBFFF753FF00BF0837BD4628
:10B2C00080BD00BFEF3E0020F03E0020583F002030
:10B2D000C80200207CD50008ACD50008B0D5000815
:10B2E000B4D50008C0D50008EE3E0020D0D5000837
:10B2F00008D6000880B483B000AF0346FB71FB7929
:10B30000052B27D801A252F823F000BF25B300086F
:10B310002DB3000835B300083DB3000845B300085D
:10B320004DB30008104B00221A7017E00E4B01229B
:10B330001A7013E00C4B02221A700FE00A4B032222
:10B340001A700BE0084B04221A7007E0064B052226
:10B350001A7003E0044B05221A7000BF00BF0C37BF
:10B36000BD4680BC704700BFEC3E002080B483B077
:10B3700000AF78600B46FB70FB78052B01D80023EB
:10B3800022E07B681B78EE2B1BD1FB78013B7A68AF
:10B3900013441B78FF2B14D1FB78023B7A681344CB
:10B3A0001B78FF2B0DD1FB78033B7A6813441B7885
:10B3B000FC2B06D1FB78043B7A6813441B78FF2BE7
:10B3C00001D0002300E0012318460C37BD4680BCA5
:10B3D0007047000080B586B000AF0346FB711C4A81
:10B3E00007F10C0307CA03C31A70FB79052B21D898
:10B3F00001A252F823F000BF11B4000817B40008EE
:10B400001DB4000823B4000829B400082FB40008B4
:10B4100000233B7411E001233B740EE002233B74D4
:10B420000BE003233B7408E004233B7405E0052391
:10B430003B7402E0FF233B7400BF07F10C030921BA
:10B440001846FFF719FE00BF1837BD4680BD00BF84
:10B450001CD6000880B584B000AF78600B46FB7046
:10B460000023FB7309E0FB7B7A681A44FB7B1178AD
:10B470000C4AD154FB7B0133FB73FA7BFB789A4275
:10B48000F1D3FB789BB219460648FFF731F8034623
:10B49000002B01D1012300E0002318461037BD46E0
:10B4A00080BD00BF2040002090B597B000AF0023C2
:10B4B00087F857309C4BDB78002B09D09A4BDB7810
:10B4C0003F2B05D8984BDB78053387F8573010E0D1
:10B4D000964B1B684FF0FF311846FCF74DFD944822
:10B4E00000F02CFB914B1868002300220021FCF790
:10B4F000C3FA97F8573019468B4800F079F903469C
:10B50000002B18D1894B1B684FF0FF311846FCF710
:10B5100033FD884800F012FB844B1868002300229A
:10B520000021FCF7A9FA97F8573019467E4800F039
:10B530008DF9002355E197F8573019467A4800F005
:10B5400085F9794B1B785A2B03D1774B5B78A52B68
:10B5500012D0764B1B684FF0FF311846FCF70CFDFC
:10B56000754800F0EBFA714B1868002300220021A7
:10B57000FCF782FA002334E16B4B9B78202B16D129
:10B58000694B1B79002B40F02B816C4A07F150036B
:10B5900092E8030018600433198002330A0C1A7011
:10B5A00007F1500307211846FFF754FF18E15E4BDF
:10B5B0009B78302B31D15C4B1B79012B13D1604A26
:10B5C00007F1480392E8030018600433198002333E
:10B5D0000A0C1A7007F1480307211846FFF73AFFD3
:10B5E000584B04221A70504B1B79022B40F0F88004
:10B5F000554A07F1400392E80300186004331980AC
:10B6000002330A0C1A7007F1400307211846FFF7AE
:10B6100021FF4C4B01221A70E2E0434B9B78502BE8
:10B6200040F0DE80404B1B79102B40F09580474B5B
:10B630001B88B3F57A7F02D1444B00221A80002385
:10B640003B6207F1240300221A605A609A60DA60B4
:10B650001A615A611A765A2387F82030A52387F891
:10B660002130512387F822301C2387F823302E4BBA
:10B670001B7987F824302C4B5B7987F825302A4BCF
:10B680009B7987F82630284BDB7987F827302F4BBA
:10B690001B881A462E4B33F81230DBB287F828305D
:10B6A0002A4B1B881A462A4B33F812301B0A9BB2CE
:10B6B000DBB287F82930254B1B881A46254B33F817
:10B6C0001230DBB287F82A30204B1B881A46214BF8
:10B6D00033F812301B0A9BB2DBB287F82B3097F895
:10B6E00023300533DAB297F823301C1D07F120030D
:10B6F0001146184600F0D4F803461A4604F15803E0
:10B700003B4403F8382C97F823300533DAB207F1BD
:10B71000200311461846FFF79DFE0C4B1B88013392
:10B720009AB20A4B1A805BE060400020C8020020F9
:10B7300028D6000844D6000860D600087CD6000849
:10B7400084D60008ED3E00208CD60008A2400020E0
:10B750004C2F00201C370020244B1B79202B3FD17D
:10B7600000233B603B1D00221A605A609A60DA6039
:10B770001A615A611A765A233B70A5237B705123B4
:10B78000BB701C23FB70194B1B793B71174B5B790A
:10B790007B71164B9B79BB71144BDB79FB71C82312
:10B7A0003B7200237B728423BB720323FB72FB7802
:10B7B0000533DAB2FB781C1D3B461146184600F0F3
:10B7C0006FF803461A4604F158033B4403F8582C1B
:10B7D000FB780533DAB23B4611461846FFF73AFECE
:10B7E000012318465C37BD4690BD00BF6040002075
:10B7F00080B485B000AF78600B46FB700023FB601F
:10B800000023FB720AE0FB7A7A6813441B781A461D
:10B81000FB681344FB60FB7A0133FB72FA7AFB7816
:10B82000013B9A42EFDBFB68BB72FB78013B7A6815
:10B8300013441B78BA7A9A4201D1012300E0002315
:10B8400018461437BD4680BC7047000080B584B0F0
:10B8500000AF78600B46FB70FB7819460D4800F08E
:10B8600005F90023FB730AE0FB7B7A6813441B781D
:10B870001946094800F0FAF8FB7B0133FB73FA7BA9
:10B88000FB789A42F0D3054800F058F900BF103712
:10B89000BD4680BD94D60008B4D60008BCD60008CA
:10B8A00080B485B000AF78600B46FB700023FB606E
:10B8B0000023FB720AE0FB7A7A6813441B781A466D
:10B8C000FB681344FB60FB7A0133FB72FA7AFB7866
:10B8D000013B9A42EFDBFB68BB72BB7A1846143718
:10B8E000BD4680BC70470000002310B50446C0E987
:10B8F0000033C0E90433836081814366C281836180
:10B90000194608225C3000F0F9F90D4B246263629D
:10B910000C4BA3620C4BE3620C4B23630C4B9C421D
:10B9200006D003F16802944202D0D0339C4205D184
:10B9300004F15800BDE8104000F0AEBA10BD00BFE1
:10B940004DBB00086FBB0008A7BB0008CBBB0008BD
:10B95000A4400020024A0349034800F069B800BF30
:10B96000800100204DC700089001002041680C4B69
:10B9700010B59942044601D000F0E8FEA168094BD9
:10B98000994202D0204600F0E1FEE168064B994260
:10B9900004D02046BDE8104000F0D8BE10BD00BF66
:10B9A000A44000200C4100207441002010B50B4B36
:10B9B0000B4C0C4A20461A6004210022FFF794FF2A
:10B9C00004F1680001220921FFF78EFF04F1D00085
:10B9D0000222BDE810401221FFF786BFDC410020A3
:10B9E000A440002055B90008014800F056BA00BF35
:10B9F000E5410020014800F051BA00BFE5410020B8
:10BA000010B50446FFF7F0FF236A1BB1BDE81040F4
:10BA1000FFF7F0BF044B2362044B1B68002BF5D1EA
:10BA2000FFF7C4FFF2E700BF6DB90008DC4100205A
:10BA30002DE9F8430746884614460026D4E90195C7
:10BA4000B9F1010905D52468002CF7D13046BDE8CD
:10BA5000F883AB89012B07D9B5F90E30013303D038
:10BA600029463846C04706436835E9E70FB407B5AD
:10BA7000064904AB086853F8042B8168019300F071
:10BA80003BFB03B05DF804EB04B070478C01002071
:10BA9000036A70B505460E4684680BB9FFF7B0FF20
:10BAA000636EDB0705D4A389980502D4A06D00F06E
:10BAB000F4F9A389190702D52369002B35D1214652
:10BAC000284600F0C5F880B34FF0FF35636EDA0703
:10BAD00005D4A3899B0502D4A06D00F0DFF92846A8
:10BAE00070BD002B04DAA2699A4217DC0A2915D02E
:10BAF00023685A1C22601970A36816F8011F013BC5
:10BB0000A3600029EDD1002B11DA22460A21284634
:10BB100000F05FF80130D7D00A25D7E72246284643
:10BB200000F057F80130E7D1CEE7013EE4E72368A3
:10BB30005A1C22600A221A70EEE70000024B0146EE
:10BB40001868FFF7A5BF00BF8C01002010B50C4698
:10BB5000B1F90E1000F052F90028ABBF636DA38954
:10BB60001B1823F48053ACBF6365A38110BD2DE97E
:10BB7000F0411F468B890546DB050C46164605D568
:10BB800002230022B1F90E1000F026F9A3893246F3
:10BB900023F48053A38128463B46B4F90E10BDE838
:10BBA000F04100F03DB910B50C46B1F90E1000F0AF
:10BBB00013F9431CA38915BF606523F4805343F434
:10BBC0008053A38118BFA38110BDB1F90E1000F0FE
:10BBD0009DB8F8B50E461446054618B1036A0BB970
:10BBE000FFF70EFFA369A360A3891A0701D5236994
:10BBF00043B92146284600F02BF818B14FF0FF3723
:10BC00003846F8BD23682269F6B2981A6369374648
:10BC1000834205DC2146284600F098FD0028EDD13E
:10BC2000A368013BA36023685A1C22601E706269EE
:10BC3000431C9A4204D0A389DB07E1D50A2EDFD149
:10BC40002146284600F082FD0028D9D0D6E7000022
:10BC500038B5294B054618680C4618B1036A0BB96C
:10BC6000FFF7CEFEB4F90C30190722D4DA0607D458
:10BC700009222A6043F040034FF0FF30A38133E0F4
:10BC8000580712D5616B41B104F14403994202D0C7
:10BC9000284600F013F900236363A38923F02403EB
:10BCA000A3810023636023692360A38943F0080311
:10BCB000A38123694BB9A38903F42073B3F5007FF3
:10BCC00003D02146284600F08EFDB4F90C3013F065
:10BCD00001020AD00022A26062695242A261226976
:10BCE00042B913F08000C5D138BD990758BF6269C9
:10BCF000A260F4E70020F7E78C010020034602442D
:10BD0000934200D1704703F8011BF9E738B50023CF
:10BD1000054D044608462B60F5F78FFD431C02D104
:10BD20002B6803B1236038BDE0410020294B70B57A
:10BD30001B68044683424BD0C369ABB1DB686BB16F
:10BD40000025E369DB68595900293BD10435802D72
:10BD5000F7D1E3692046D96800F0B0F8E3691968C3
:10BD600011B1204600F0AAF8616911B1204600F037
:10BD7000A5F8E16911B1204600F0A0F8216B11B1DE
:10BD8000204600F09BF8616B11B1204600F096F858
:10BD9000A16B11B1204600F091F8A16C11B12046C1
:10BDA00000F08CF8616C11B1204600F087F8E16A70
:10BDB00011B1204600F082F8236A4BB12046BDE85D
:10BDC000704018470E68204600F078F83146BBE70F
:10BDD00070BD00BF8C01002038B5044608461146EE
:10BDE0000022054D2A601A46F5F74BFD431C02D18F
:10BDF0002B6803B1236038BDE041002038B504460C
:10BE0000084611460022054D2A601A46F5F7DCFC6B
:10BE1000431C02D12B6803B1236038BDE0410020F0
:10BE200038B50446084611460022054D2A601A46D8
:10BE3000F5F7E7FC431C02D12B6803B1236038BD42
:10BE4000E0410020014B1868704700BF8C010020C2
:10BE500070B500260C4D0D4C641BA410A64209D1F0
:10BE600001F006FB00260A4D0A4C641BA410A642F2
:10BE700005D170BD55F8043B98470136EEE755F8FB
:10BE8000043B98470136F2E76CDB00086CDB0008E6
:10BE90006CDB000870DB00087047704770470A448D
:10BEA000914200F1FF3300D1704710B511F8014BFA
:10BEB000914203F8014FF9D110BD000038B5054695
:10BEC000002940D051F8043C0C1F002BB8BFE418E7
:10BED00000F0DEF81C4A136833B96360146028462A
:10BEE000BDE8384000F0DAB8A34208D9206821182C
:10BEF0008B4201BF19685B6809182160EDE71A469B
:10BF00005B680BB1A342FAD911685018A0420BD15B
:10BF100020680144501883421160E0D118685B68C2
:10BF2000084410605360DAE702D90C232B60D6E78F
:10BF3000206821188B4201BF19685B6809182160CD
:10BF400063605460CBE738BDEC41002070B50F4E04
:10BF50000C463168054611B900F0A4FC306021465A
:10BF6000284600F09FFC431C03D14FF0FF342046CD
:10BF700070BDC41C24F00304A042F8D0211A284646
:10BF800000F090FC0130F2D1EFE700BFE841002063
:10BF90002DE9F843CD1C25F0030508350C2D38BFDD
:10BFA0000C25002D064601DBA94204D90C23336081
:10BFB0000020BDE8F883DFF8D48000F069F8D8F8F5
:10BFC00000301C4644BB29463046FFF7BFFF431CE8
:10BFD000044658D1D8F800402746002F43D1002C02
:10BFE0004BD023683946304604EB030900F05AFC75
:10BFF000814542D1216830466D1A2946FFF7A6FFD8
:10C0000001303AD023682B442360D8F800305A68B6
:10C0100062BBC8F800700FE02268521B20D40B2AC4
:10C0200017D96119A342256018BF5960636808BF1A
:10C03000C8F8001062514B60304600F02FF804F150
:10C040000B00231D20F00700C21A1CBF1B1AA350AF
:10C05000AFE76268A3420CBFC8F800205A60EBE764
:10C0600023466468AEE73C467F68B6E71A465B68DD
:10C07000A342FBD100235360DEE70C23304633603C
:10C0800000F00CF894E70560D6E700BFEC41002013
:10C090000148FFF702BF00BFE44100200148FFF75D
:10C0A000FDBE00BFE4410020936810B4013B002BAB
:10C0B000936007DA9469A34201DB0A2902D110BC1C
:10C0C000FFF787BD1368581C10601970084610BC34
:10C0D0007047F8B506460F461446D518AC4201D154
:10C0E000002007E03A46304614F8011BFFF7DCFF5A
:10C0F000431CF3D1F8BD00002DE9F04F0D46144666
:10C10000984606469DB018B1036A0BB9FFF778FC54
:10C110006B6ED90705D4AB899A0502D4A86DFFF7D9
:10C12000BCFEAB891B0701D52B699BB9294630465C
:10C13000FFF78EFD70B16B6EDC0704D54FF0FF305A
:10C140001DB0BDE8F08FAB899805F7D4A86DFFF757
:10C15000A5FEF3E70023099320238DF8293030232F
:10C160004FF00109CDF80C80DFF8A8818DF82A3056
:10C1700023469A4613F8012B0AB1252AF9D1BAEBC6
:10C18000040B0BD05B46224629463046FFF7A1FF41
:10C19000013000F0A780099A5A4409929AF80030B9
:10C1A000002B00F09F8000234FF0FF32CDE90523E4
:10C1B0000AF1010A049307938DF853301A935446F9
:10C1C000052214F8011B534800F07CFB049AD8B9EF
:10C1D000D10644BF20238DF85330130744BF2B23CF
:10C1E0008DF853309AF800302A2B15D05446002091
:10C1F0004FF00A0C079A214611F8013B303B092BFE
:10C200004BD9B0B1079214E0A0EB080309FA03F38D
:10C210001343A2460493D2E7039B191D1B680391A5
:10C22000002BBBBF5B4242F0020207930793B8BFEB
:10C23000049223782E2B0AD163782A2B32D1039BC8
:10C2400002341A1D1B68039243EAE3730593DFF877
:10C25000C8A003225046217800F034FB38B14022B8
:10C26000049BA0EB0A00824013430134049314F8AA
:10C27000011B062229488DF8281000F023FB002816
:10C280003FD0274B1BBB039B073323F00703083327
:10C290000393099B3B4409936AE70C4601200CFB7E
:10C2A0000232A8E700234FF00A0C19460134059327
:10C2B000204610F8012B303A092A03D9002BC6D0AA
:10C2C0000591C4E7044601230CFB0121F0E703AB11
:10C2D00000932A463046134B04A9AFF3008007466B
:10C2E000781CD6D16B6ED90705D4AB899A0502D4D8
:10C2F000A86DFFF7D3FDAB895B063FF51FAF09982B
:10C300001EE703AB00932A463046064B04A900F013
:10C310007DF8E4E768D700086ED7000872D70008F8
:10C3200000000000D3C000082DE9F04716469846EB
:10C330008A680B6907469342B8BF1346336091F889
:10C3400043200C46DDF820900AB1013333602368A6
:10C35000990642BF336802333360256815F006053D
:10C3600006D104F1190AE36832689B1AAB422BDC50
:10C3700094F843302268003B18BF0123920630D462
:10C380004146384604F14302C847013023D02368B0
:10C39000226903F00603042B14BF002533684FF015
:10C3A000000608BFE56804F11A0408BFED1A54F846
:10C3B000123C08BF25EAE5759342C4BF9B1AED18ED
:10C3C000B5421AD1002008E00123524641463846C2
:10C3D000C847013003D14FF0FF30BDE8F087013589
:10C3E000C1E73020E11881F843005A1C94F8451049
:10C3F0002244023382F84310C2E701232246414619
:10C400003846C8470130E6D00136D9E72DE9FF4765
:10C410000F7E9146782F80460C469A460C9E01F17D
:10C42000430207D8622F0AD8002F00F0D380582F7C
:10C4300000F0BA8004F1420684F842703AE0A7F1B5
:10C440006303152BF6D801A151F823F0A5C4000809
:10C45000B9C4000835C4000835C4000835C4000854
:10C4600035C40008B9C4000835C4000835C4000844
:10C4700035C4000835C40008BBC50008E3C4000883
:10C4800075C5000835C4000835C40008DDC50008BE
:10C4900035C40008E3C4000835C4000835C40008EA
:10C4A0007DC5000833681A1D1B68326004F142061E
:10C4B00084F8423001239EE033682068191D316002
:10C4C000060601D51D6803E04506FBD5B3F900500B
:10C4D000002D03DA2D236D4284F843300A23594896
:10C4E00011E021683368080653F8045B02D449065A
:10C4F00048BFADB26F2F336014BF0A2308235148E1
:10C50000002184F843106668002EA8BF2168A66049
:10C51000A4BF21F0040121600DB9002E4BD01646B6
:10C52000B5FBF3F103FB1157C75D06F8017D2F46FC
:10C53000BB420D46F4D9082B0BD12368DF0708D581
:10C54000236961689942DEBF302306F8013C06F199
:10C55000FF36921B22614B4621464046CDF800A093
:10C5600003AAFFF7E1FE01304AD14FF0FF3004B0DB
:10C57000BDE8F087236843F0200323607827324822
:10C5800084F84570236831681F0651F8045B02D4B3
:10C590005F0648BFADB23160D90744BF43F0200306
:10C5A00023601DB11023ABE72648E9E7236823F099
:10C5B00020032360F6E71646BDE733682568181D9B
:10C5C000616930602E061B6801D5196002E06806BB
:10C5D000FBD51980002316462361BCE73368002190
:10C5E0001A1D32601E686268304600F06BF908B1AF
:10C5F000801B606063682361002384F84330AAE7EE
:10C600003246494640462369D0470130ADD02368C1
:10C610009B0713D4E068039B9842B8BF1846A6E76F
:10C620000123324649464046D04701309DD001356E
:10C63000E36803995B1AAB42F2DCEBE7002504F1F7
:10C640001906F5E779D700088AD70008B1F90C2058
:10C65000F8B5160705460C4654D44B68002B02DC8F
:10C660000B6C002B48DDE66A002E45D0002312F447
:10C6700080522F68216A2B6030D0626DA3895907E0
:10C6800005D56368D21A636B0BB1236CD21A0023F1
:10C690002846E66A216AB047431CA38906D1296867
:10C6A0001D292BD8284A0A41D60727D400226260C8
:10C6B0002269D904226004D5421C01D12B6803B938
:10C6C0006065616B2F60B9B104F14403994202D0F7
:10C6D0002846FFF7F3FB002363630DE001232846A0
:10C6E000B0470246501CC9D12B68002BC6D01D2B69
:10C6F00001D0162B1DD12F60002021E043F0400314
:10C700001BB21AE00F69002FF6D0930718BF002361
:10C710000E6808BF4B69F61B0F608B60002EEBDDC7
:10C7200033463A462846216AD4F828C0E047002814
:10C7300007DCB4F90C3043F040034FF0FF30A38125
:10C74000F8BD0744361AE9E7FEFFBFDF38B50B69CD
:10C7500005460C4613B90025284638BD18B1036AB2
:10C760000BB9FFF74DF9B4F90C30002BF3D0626E22
:10C77000D00704D4990502D4A06DFFF78EFB28469C
:10C780002146FFF763FF636E0546DA07E4D4A38909
:10C790009B05E1D4A06DFFF781FBDDE770B50C468A
:10C7A000B1F90E10154600291E4696B00CDAA38981
:10C7B000002113F0800F14BF40234FF4806300204A
:10C7C00031602B6016B070BD6A4600F049F8002851
:10C7D000EDDB019901F47041A1F500535942594133
:10C7E0004FF48063EBE78B89F7B59D0706460C464F
:10C7F00007D504F14703236023610123636103B07C
:10C80000F0BD6A4601ABFFF7C9FF009F05463946F8
:10C810003046FFF7BDFB48B9B4F90C309A05EED4A9
:10C8200023F0030343F00203A381E2E7A389C4E9F1
:10C83000040743F08003A381019B20605BB1304675
:10C84000B4F90E1000F01EF828B1A38923F00303F9
:10C8500043F00103A381A3891D43A581CFE7000015
:10C8600038B50023064D0446084611462B60F4F700
:10C87000EFFF431C02D12B6803B1236038BD00BF1A
:10C88000E041002038B50023054D044608462B60E2
:10C89000F4F7EDFF431C02D12B6803B1236038BDD0
:10C8A000E041002038B50023054D044608462B60C2
:10C8B000F4F7F4FF431C02D12B6803B1236038BDA9
:10C8C000E0410020034610B5C9B202449342184625
:10C8D00001D1002003E0047801338C42F6D110BD71
:10C8E00007B51B4A20F000439342014606D80022B8
:10C8F000002103B05DF804EB00F0ACB8B3F1FF4FDA
:10C9000004D3F4F78BF903B05DF804FB694600F03B
:10C9100017F900F00300012808D002280BD090B9C5
:10C9200001220199009800F095F8ECE70199009830
:10C9300000F010F8E7E701220199009800F08AF86A
:10C9400000F10040DFE70199009800F003F8F7E7F5
:10C95000D80F493F2DE9F04120F00045B5F1485F7F
:10C960000646884603D2F4F7D9FA00285CD031464F
:10C970003046F3F75DFC4FF07C510446F3F758FC6A
:10C980002B4907462046F3F753FC2A49F4F748F9A8
:10C990002146F3F74DFC2849F4F740F92146F3F717
:10C9A00047FC2649F4F73CF92146F3F741FC2449BA
:10C9B000F4F734F92146F3F73BFC2249F4F730F958
:10C9C0002146F3F735FC2146F3F732FC4146044695
:10C9D0003046F3F72DFC01462046F4F71FF91A4BB9
:10C9E00004469D420AD801463846F4F717F9014635
:10C9F0004FF07E50F4F712F9BDE8F081134B4FF081
:10CA00007E509D428CBF124D05F17F452946F4F7BB
:10CA100005F9294606463846F4F700F92146F4F7A9
:10CA2000FDF801463046E5E74FF07E50E4E700BFF1
:10CA30004ED747ADF6740F317CF29334010DD037E9
:10CA4000610BB63AABAA2A3D9999993E0000483F3E
:10CA50000000903E2DE9F84320F00043B3F1485F19
:10CA600004460F46914603D2F4F758FA002835D011
:10CA700021462046F3F7DCFB054601462046F3F746
:10CA8000D7FB294906462846F3F7D2FB2749F4F796
:10CA9000C5F82946F3F7CCFB2549F4F7C1F8294638
:10CAA000F3F7C6FB2349F4F7B9F82946F3F7C0FBBF
:10CAB0002149F4F7B5F88046B9F1000F11D10146CC
:10CAC0002846F3F7B5FB1D49F4F7A8F83146F3F70C
:10CAD000AFFB01462046F4F7A3F804462046BDE824
:10CAE000F8834FF07C513846F3F7A2FB414681466C
:10CAF0003046F3F79DFB01464846F4F78FF8294688
:10CB0000F3F796FB3946F4F789F80C4905463046A9
:10CB1000F3F78EFB01462846F4F782F801462046DB
:10CB2000F4F77CF8D9E700BFD3C92E2F342FD732C2
:10CB30001BEF3836010D50398988083CABAA2A3ED4
:10CB40002DE9F04FA44A20F0004890450C4682465B
:10CB500087B004D8002308604B6000251DE09F4A81
:10CB600090454FD820F0004500289D499D4F25F065
:10CB70000F0524DDF4F752F8BD42064611D09A495C
:10CB8000F4F74CF8014605463046F4F747F8964965
:10CB9000F4F744F8256001256060284607B0BDE839
:10CBA000F08F9249F4F73AF891490646F4F736F8CF
:10CBB000014605463046F4F731F88D49E8E7F4F7C9
:10CBC0002FF8BD4206460FD08749F4F729F80146F1
:10CBD00005463046F4F722F88349F4F721F825603A
:10CBE00060604FF0FF35D8E78049F4F719F88049C5
:10CBF0000646F4F715F8014605463046F4F70EF8F8
:10CC00007B49EAE77B4A904500F2958000F0FEF808
:10CC100079490646F3F70CFB4FF07C51F4F700F826
:10CC2000F4F77CF90546F4F7AFF86D498146F3F760
:10CC3000FFFA01463046F3F7F1FF6B4907464846D5
:10CC4000F3F7F6FA1F2D06460EDC6C4A691E52F801
:10CC500021202AF0004323F0FF03934204D0314601
:10CC60003846F3F7DBFF0BE031463846F3F7D6FFE3
:10CC7000C0F3C753C3EBD853082B4FEAE85B01DC82
:10CC8000206026E059494846F3F7D2FA06460146A5
:10CC90003846F3F7C3FF014680463846F3F7BEFF38
:10CCA0003146F3F7BBFF064651494846F3F7C0FA51
:10CCB0003146F3F7B3FF014606464046F3F7AEFFB1
:10CCC000C0F3C753ABEB030BBBF1190F18DC47469E
:10CCD0002060D4F8008038464146F3F79FFF314684
:10CCE000F3F79CFFBAF1000F6060BFF656AF08F192
:10CCF000004800F10040C4F8008060606D424CE7DD
:10CD00003F494846F3F794FA064601464046F3F792
:10CD100085FF014607464046F3F780FF3146F3F7AB
:10CD20007DFF064637494846F3F782FA3146F3F766
:10CD300075FF064693E7B8F1FF4F05D30146F3F7B9
:10CD40006DFF6060206008E74FEAE856863EA8EB7A
:10CD5000C6584046F4F7E2F8F4F716F80146039097
:10CD60004046F3F75BFF4FF08741F3F761FA074660
:10CD7000F4F7D4F8F4F708F801460490054638466D
:10CD8000F3F74CFF4FF08741F3F752FA002105907B
:10CD9000F4F792F8F0B100212846F4F78DF8002856
:10CDA00014BF01230223184A21460192022203A83C
:10CDB0000092324600F02EF8BAF1000F0546BFF699
:10CDC000ECAE236803F100432360636803F1004382
:10CDD000636093E70323E6E7D80F493FE3CB1640B0
:10CDE000800FC93FD00FC93F434435370044353722
:10CDF00008A3852E800F494384F9223F9CD7000861
:10CE000000A3852E32318D241CD8000820F000406C
:10CE1000704700002DE9F04FDBB002920493649A52
:10CE2000AD4B059053F8223000910193049B013BD8
:10CE30000393029B1A1DC0F29980DC1E48BF1C1D83
:10CE4000E41000254FF0000B671CFB000693029BCB
:10CE5000039AA3EBC707019BA4EB020803EB0209AB
:10CE6000659B1EAE03EB880A4D4540F38180049A12
:10CE70001EAB03EB82054FF0000900230DF58C7B00
:10CE8000019A914540F39C8013460AAA02EB830362
:10CE90000893659B03EB8403019C07930DF128081D
:10CEA000464625464FF087495AAB03EB840353F8B7
:10CEB00050BC0DF58C7A002D00F38780394658461A
:10CEC00000F048FA4FF078510546F3F7B1F900F059
:10CED0008DFA4FF08241F3F7ABF901462846F3F79C
:10CEE0009DFE0546F4F71AF80646F3F74DFF014696
:10CEF0002846F3F793FE002F814640F38380621E9D
:10CF00000AAB53F82250C7F1080145FA01F31E4459
:10CF10008B40ED1A0AAB43F82250C7F107031D41BD
:10CF2000002D7CDD002292460136944200F3AC8055
:10CF3000002F05DD012F00F0B880022F00F0BF8028
:10CF4000022D6CD149464FF07E50F3F767FE8146C3
:10CF5000BAF1000F63D039464FF07E5000F0FAF975
:10CF600001464846F3F75AFE814658E0002468E738
:10CF700018EB050F07D45AF82500F3F705FF46F81C
:10CF8000040B013570E75846F9E70793059BDAF87B
:10CF9000001053F82800F3F74BF901463046F3F739
:10CFA0003FFE0646079B08F10108039AAAF1040A0E
:10CFB0009045EADD4BF8046B09F1010904355FE7A0
:10CFC000AA461E464FF00008EFE74FF06E51584654
:10CFD000F3F72EF9F3F7A2FFF3F7D6FE49460990CF
:10CFE000F3F726F901465846F3F718FEF3F796FFD4
:10CFF000013D46F8040B5AF825100998F3F710FE86
:10D00000834658E705D1631E0AAA52F82350ED1152
:10D0100086E74FF07C51F3F76DFF054690BB00218A
:10D020004846F3F749FF002800F090800022631E75
:10D0300001998B424ADA002A76D0013C0AAB53F8B8
:10D040002430083F002BF8D039464FF07E5000F0D6
:10D0500081F9A24607464FF06E590DF58C78BAF16A
:10D06000000F80F2A18027460022002FC0F2CB8063
:10D0700046A990464FF0000A184B01EB870BA4EB32
:10D080000709B4E002254DE758F8043BBAF1000F58
:10D0900008D123B1C3F5807348F8043C01239A46B4
:10D0A000013242E7C3F1FF03F6E7621E0AAB53F811
:10D0B000223003F07F030AA941F8223040E7621EC4
:10D0C0000AAB53F8223003F03F03F4E70AA951F802
:10D0D0002310013B0A43ABE760DB000834DB0008A8
:10D0E000013352F8041D0029FAD0049A1EA9A2188F
:10D0F000661C01EB82051C440DF58C79B442FFF6E9
:10D10000CDAE079BAB4653F82600F3F73DFE4FF03C
:10D11000000A4FF000082860039B9A4507DD49F894
:10D12000268004350136E9E70123089AD9E7059BF3
:10D130005BF8040953F82A10F3F77AF801464046E1
:10D14000F3F76EFD0AF1010A8046E5E7069B029AB5
:10D150004846991A00F0FEF84FF087418046F3F7F1
:10D16000C9FEF8B14FF06E514046F3F761F8F3F79E
:10D17000D5FEF3F709FE4FF087418146F3F758F8E3
:10D1800001464046F3F74AFDF3F7C8FE0AAB43F801
:10D190002400484601340837F3F7C0FE0AAB43F8D1
:10D1A000240051E74046F7E70AAB53F82A00F3F7AB
:10D1B000EBFD3946F3F73CF8494648F82A00384673
:10D1C000F3F736F80AF1FF3A074648E753F8040B3D
:10D1D0005BF8041B03920293F3F72AF801464046DA
:10D1E000F3F71EFDDDE9023280460AF1010A0199DA
:10D1F0008A4501DCD145E9DA5AAB03EB890949F8E4
:10D20000A08C013F31E7649B022B07DC002B4EDC36
:10D210002ED006F007005BB0BDE8F08F649B032BB7
:10D22000F7D10DF1C80B0BEB8407B846A246BAF153
:10D23000000F49DCA146B9F1010F60DC0020012C90
:10D2400076DC329A339B002D78D100990A600A4629
:10D250004B609060DDE757F82410F3F7E1FC013CE8
:10D26000002CF8DA0DB100F10040009B1860D0E707
:10D27000002032AFF4E757F82810F3F7D1FC08F19B
:10D28000FF38B8F1000FF6DAADB100F10043009AB3
:10D29000014613603298F3F7C1FC4FF00108444592
:10D2A0000BDA0DB100F10040009B5860B1E7A046D9
:10D2B000002032AFE5E70346E9E757F8041FF3F72C
:10D2C000AFFC08F10108EAE7D8F8003058F8042C60
:10D2D0001946104602930192F3F7A2FC019A014607
:10D2E00081461046F3F79AFC029B0AF1FF3A194671
:10D2F000F3F796FC48F80409C8F8009097E757F848
:10D30000043CD7F800A0184651460193F3F788FC77
:10D31000019B014680461846F3F780FC5146F3F71F
:10D320007FFC47F8040909F1FF39C7F8008082E75C
:10D330005BF82410F3F774FC013C80E7009902F1DC
:10D34000004203F100430A604B600A4600F10040CE
:10D350007FE700BF30F0004238B503460D46044673
:10D360002ED0B2F1FF4F04D30146F3F759FC034628
:10D3700026E010F0FF4F18D14FF09841F2F758FF18
:10D38000174A034695420CDB0446C0F3C752193ACC
:10D390004CF250318D420ADD1249184661F31E00ED
:10D3A00000E01149F2F744FFE1E7D20DF0E751192F
:10D3B000FE29F1DC002905DD24F0FF4444EAC153D5
:10D3C000184638BD11F1160F01DA0749E5E701F1FA
:10D3D000190024F0FF444FF04C5144EAC050E1E7FB
:10D3E000B03CFFFFCAF249716042A20D70B5C0F3B4
:10D3F000C7557F3D162D0146044620F0004626DC29
:10D40000002D0FDA1749F3F70BFC0021F3F77CFD31
:10D4100030B1002C23DA002E134C08BF4FF000442B
:10D4200021461AE0114E2E41304216D00D49F3F735
:10D43000F7FB0021F3F768FD0028F1D0002CBEBFF8
:10D440004FF400032B41E41824EA0604E8E7B6F1A0
:10D45000FF4F02D3F3F7E4FB0146084670BD0024FA
:10D46000DEE700BFCAF24971000080BFFFFF7F0006
:10D47000F8B500BFF8BC08BC9E467047F8B500BFC1
:08D48000F8BC08BC9E46704791
:10D4880064656661756C745461736B006D794C45A5
:10D49800445461736B0000006D7955736172743286
:10D4A8005461736B000000006D79555342546173E9
:10D4B8006B00000002030405060708090A0B0C0D9F
:10D4C8000E0F101049444C4500000000546D7220A6
:10D4D80053766300546D72510000000053544D336D
:10D4E80032205669727475616C20436F6D506F728B
:10D4F8007400000053544D6963726F656C65637402
:10D50800726F6E696373000043444320436F6E6615
:10D518006967000043444320496E7465726661631D
:10D52800650000005B7379735D73746174653A20FC
:10D538005245414459210D005B7379735D737461E1
:10D5480074653A205041555345210D005B7379733A
:10D558005D73746174653A204552524F52210D0033
:10D568005B7379735D7374617465206572726F7231
:10D57800210D00005B7379735D555341525432207D
:10D58800526563656976652064617461203A205B41
:10D598002072656365697665203D202564205D20DD
:10D5A8005B200000255820005D0D00006275747432
:10D5B8006F6E210D00000000627574746F6E206438
:10D5C8006F776E210D0000005B7379735D455252D1
:10D5D8004F523A205553415254322052656365697F
:10D5E80076652064617461203A205B20726563650A
:10D5F800697665203D202578205D205B20000000AD
:10D608005D2C20726563655F73756D203D20256410
:10D618000D0A0000EEB1000000FFFCFFFF00000053
:10D628005B7379735D44617461206C656E677468BF
:10D63800206572726F72210D000000005B737973B0
:10D648005D436865636B20646174612073756D2048
:10D658006572726F72210D005B7379735D4672613A
:10D668006D6520686561646572206572726F7221EC
:10D678000D0000005AA52102000022005AA531021F
:10D68800010033005AA531020200340055534220EC
:10D6980072656365697665203A205B206C656E204B
:10D6A8003D202564205D205B20000000307825782F
:10D6B800200000005D0D000088D400080000000074
:10D6C8000000000000000000000000000002000050
:10D6D80018000000000000000000000094D40008BA
:10D6E8000000000000000000000000000000000032
:10D6F8000002000008000000000000000000000018
:10D70800A0D4000800000000000000000000000095
:10D7180000000000000200000800000000000000F7
:10D7280000000000B0D40008000000000000000065
:10D7380000000000000000000002000008000000D7
:10D7480000000000000000000000000000000000D1
:10D75800010203040607080900000000010203048F
:10D76800232D302B2000686C4C00656667454647C2
:10D778000030313233343536373839414243444545
:10D7880046003031323334353637383961626364B4
:10D7980065660000000FC93F000F494000CB964066
:10D7A800000FC9400053FB4000CB164100ED2F414C
:10D7B800000F49410031624100537B41003A8A41E0
:10D7C80000CB9641005CA34100EDAF41007EBC4117
:10D7D800000FC94100A0D5410031E24100C2EE412D
:10D7E8000053FB4100F20342003A0A420083104210
:10D7F80000CB164200141D42005C234200A52942BA
:10D8080000ED2F4200363642007E3C4200C74242BD
:10D81800000F4942A2000000F90000008300000048
:10D828006E0000004E0000004400000015000000DB
:10D8380029000000FC00000027000000570000003D
:10D84800D1000000F500000034000000DD000000F9
:10D85800C0000000DB00000062000000950000002E
:10D86800990000003C000000430000009000000008
:10D8780041000000FE0000005100000063000000AD
:10D88800AB000000DE000000BB000000C500000087
:10D8980061000000B7000000240000006E000000D6
:10D8A8003A000000420000004D000000D2000000D5
:10D8B800E000000006000000490000002E00000003
:10D8C800EA00000009000000D100000092000000FA
:10D8D8001C000000FE0000001D000000EB0000001E
:10D8E8001C000000B100000029000000A700000093
:10D8F8003E000000E8000000820000003500000043
:10D90800F50000002E000000BB00000044000000ED
:10D9180084000000E90000009C0000007000000086
:10D9280026000000B40000005F0000007E00000038
:10D93800410000003900000091000000D6000000FE
:10D948003900000083000000530000003900000087
:10D95800F40000009C000000840000005F0000004C
:10D968008B000000BD000000F90000002800000046
:10D978003B0000001F000000F800000097000000B6
:10D98800FF000000DE000000050000009800000015
:10D998000F000000EF0000002F0000001100000041
:10D9A8008B0000005A0000000A0000006D00000013
:10D9B8001F0000006D000000360000007E0000001F
:10D9C800CF00000027000000CB0000000900000085
:10D9D800B70000004F000000460000003F000000B4
:10D9E800660000009E0000005F000000EA000000E2
:10D9F8002D0000007500000027000000BA0000009C
:10DA0800C7000000EB000000E5000000F100000086
:10DA18007B0000003D000000070000003900000006
:10DA2800F70000008A000000520000009200000089
:10DA3800EA0000006B000000FB0000005F0000002F
:10DA4800B10000001F0000008D0000005D00000014
:10DA5800080000005600000003000000300000002D
:10DA680046000000FC0000007B0000006B00000086
:10DA7800AB000000F0000000CF000000BC00000078
:10DA8800200000009A000000F400000036000000AA
:10DA98001D000000A9000000E30000009100000044
:10DAA800610000005E000000E60000001B000000AE
:10DAB80008000000650000009900000085000000D3
:10DAC8005F00000014000000A000000068000000D3
:10DAD800400000008D000000FF000000D80000009A
:10DAE800800000004D0000007300000027000000C7
:10DAF80031000000060000000600000015000000CC
:10DB080056000000CA00000073000000A8000000D2
:10DB1800C900000060000000E20000007B00000077
:10DB2800C00000008C0000006B0000000000C93F2E
:10DB38000000F0390000DA370000A2330000842E1C
:10DB48000000502B0000C2270000D0220000C41F94
:10DB58000000C61B00004417040000000700000076
:04DB680009000000B0
:04DB6C001502000896
:04DB7000F1010008B7
:10DB74000024F40010000000010000000A06000266
:10DB84000000004001000000755C0008695D0008A9
:10DB9400D75D000800000000136000081D5F000846
:10DBA400BD5F00080000000000000000000000004D
:10DBB4008160000861600008A1600008C16000087D
:10DBC40009024300020100C03209040000010202FC
:10DBD40001000524001001052401000104240202AF
:10DBE400052406000107058203080010090401004A
:10DBF400020A000000070501020002000705810275
:10DC04000002000009024300020100C032090400BE
:10DC14000001020201000524001001052401000195
:10DC240004240202052406000107058203080010EB
:10DC340009040100020A0000000705010240000077
:10DC4400070581024000000009074300020104C0E7
:10DC5400320904000001020201000524001001053C
:10DC640024010001042402020524060001070582A0
:10DC74000308001009040100020A0000000705015E
:10DC8400024000000705810240000000AAAAAAAAD7
:10DC94005DA3000885A3000895A3000851A400080B
:10DCA40085A50008A9A5000809A60008CDA50008B7
:10DCB40031A6000855A6000891A60008120100022A
:10DCC40002020040830440570002010203010000E5
:10DCD400040309041A03000000000000000000000F
:10DCE4000000000000000000000000000000000030
:10DCF4000000000003000000A44000209001002068
:10DD040000000000A44000200C41002074410020C9
:10DD140000000000000000000000000000000000FF
:10DD240000000000000000000000000000000000EF
:10DD340000000000000000000000000000000000DF
:0CDD4400000000000000000000000000D3
:040000050800197165
:00000001FF
