:020000040800F2
:1000000000000120ED0B00086D09000875090008CB
:100010007D090008850900088D090008000000001E
:10002000000000000000000000000000618D0008DA
:100030009509000800000000418F0008898F000822
:10004000350C0008350C0008350C0008350C00088C
:10005000350C0008350C0008350C0008350C00087C
:10006000350C0008350C0008350C0008350C00086C
:10007000350C0008350C0008350C0008350C00085C
:10008000350C0008350C0008350C0008350C00084C
:10009000A1090008350C0008350C0008350C0008D3
:1000A000350C0008350C0008350C0008350C00082C
:1000B000B5090008350C0008350C0008350C00089F
:1000C000350C0008350C0008350C0008350C00080C
:1000D000350C0008350C00081D0A0008350C000816
:1000E000350C0008350C0008350C0008350C0008EC
:1000F000350C0008350C0008350C0008350C0008DC
:10010000350C0008350C0008350C0008350C0008CB
:10011000350C0008350C0008350C0008310A0008C1
:10012000350C0008350C0008350C0008350C0008AB
:1001300000000000000000000000000000000000BF
:1001400000000000000000000000000000000000AF
:10015000000000000000000000000000000000009F
:10016000000000000000000000000000000000008F
:10017000000000000000000000000000000000007F
:10018000000000000000000000000000000000006F
:10019000000000000000000000000000000000005F
:1001A000000000000000000000000000000000004F
:1001B000000000000000000000000000000000003F
:1001C000000000000000000000000000000000002F
:1001D000000000000000000000000000000000001F
:0401E0005FF8E0F1F3
:1001F00010B5054C237833B9044B13B10448AFF361
:1002000000800123237010BDC40100200000000005
:10021000A8B7000808B5034B1BB103490348AFF367
:10022000008008BD00000000C8010020A8B7000839
:1002300080B500AF00F000FD012006F0A7FC0346EA
:10024000194A136000F04AF800F044F900F0EEF8A3
:1002500000F016F900F09EF809F0F8F8134802F0E3
:10026000D4FC01221249134803F02EF906F00CF9D0
:10027000114A0021114806F06DF90346104A136037
:10028000104A0021104806F065F903460F4A136032
:100290000F4A00210F4806F05DF903460E4A13602D
:1002A00006F024F900BFFDE7AC020020E0010020C9
:1002B0003425002060020020BCB90008ED050008CC
:1002C000A0020020E0B9000807060008A4020020F0
:1002D00004BA000835060008A802002080B596B0D0
:1002E00000AF07F130032822002118460AF0C2FAB5
:1002F00007F11C0300221A605A609A60DA601A61E2
:100300003B1D00221A605A609A60DA601A615A61D5
:1003100001233B634FF480337B630023BB630123E2
:100320003B640223FB644FF480333B654FF4E013DE
:100330007B6507F13003184601F03CFF0346002BB4
:1003400001D000F0A7F90F23FB6102233B620023D9
:100350007B624FF48063BB620023FB6207F11C03E6
:100360000221184602F0A8F90346002B01D000F044
:1003700091F910237B600023BB613B1D184602F0FE
:1003800063FB0346002B01D000F084F900BF58370F
:10039000BD4680BD80B586B000AF07F108030022DE
:1003A0001A605A609A60DA603B4600221A605A600E
:1003B0001D4B4FF080421A601B4B47225A601A4B6C
:1003C00000229A60184B4FF4FA72DA60164B002242
:1003D0001A61154B00229A61134802F0EBFB0346A9
:1003E000002B01D000F056F94FF48053BB6007F1A9
:1003F000080319460C4802F033FD0346002B01D0D8
:1004000000F048F900233B6000237B603B4619461F
:10041000054802F01DFF0346002B01D000F03AF919
:1004200000BF1837BD4680BDE001002080B500AF99
:10043000114B124A1A60104B4FF4E1325A600E4BC6
:1004400000229A600C4B0022DA600B4B00221A61EA
:10045000094B0C225A61084B00229A61064B00227C
:10046000DA61054802F04AFF0346002B01D000F094
:1004700011F900BF80BD00BF2002002000380140FC
:1004800080B500AF114B124A1A60104B4FF4E132A5
:100490005A600E4B00229A600C4B0022DA600B4B24
:1004A00000221A61094B0C225A61084B00229A6102
:1004B000064B0022DA61054802F020FF0346002BBC
:1004C00001D000F0E7F800BF80BD00BF600200204F
:1004D0000044004080B588B000AF07F1100300224F
:1004E0001A605A609A60DA603C4B9B693B4A43F061
:1004F00040039361394B9B6903F04003FB60FB6849
:10050000364B9B69354A43F004039361334B9B6937
:1005100003F00403BB60BB68304B9B692F4A43F078
:10052000200393612D4B9B6903F020037B607B6864
:100530002A4B9B69294A43F008039361274B9B6927
:1005400003F008033B603B6800222021244800F0B0
:1005500038FF00228021234800F033FF00222021B1
:10056000214800F02EFF1C233B6100237B61002308
:10057000BB6107F110031946194800F077FD2023ED
:100580003B6101237B610023BB610223FB6107F117
:1005900010031946124800F069FD80233B610123D6
:1005A0007B610023BB610223FB6107F11003194645
:1005B0000C4800F05BFD20233B6101237B6100239D
:1005C000BB610223FB6107F110031946064800F0E6
:1005D0004DFD00BF2037BD4680BD00BF001002406A
:1005E0000018014000140140000C014080B582B0A9
:1005F00000AF786008F02AFF09F0B6FB012006F092
:1006000053F800BFF8E780B582B000AF786009F01A
:100610006BFB09F081FB4FF47A7006F045F809F0A6
:100620006FFB09F085FB4FF47A7006F03DF800BFD0
:10063000EDE7000080B582B000AF78600A4B1A7811
:100640000A4B1B789A4208D0084B1A78064B1A704E
:10065000054B1B78184609F079FE09F053FD01207F
:1006600006F022F8EAE700BF642400206524002099
:1006700080B582B000AF78607B681B68044A934203
:1006800001D100F0EFFA00BF0837BD4680BD00BFC2
:100690000014004080B400AF72B600BF00BFFDE799
:1006A00080B584B000AF184B9B69174A43F0010333
:1006B0009361154B9B6903F00103BB60BB68124B50
:1006C000DB69114A43F08053D3610F4BDB6903F0C0
:1006D00080537B607B6800220F216FF0010000F0E7
:1006E00092FB0A4B5B68FB60FB6823F0E063FB60F6
:1006F000FB6843F00073FB60044AFB68536000BF73
:100700001037BD4680BD00BF001002400000014010
:1007100080B584B000AF78607B681B68B3F1804F10
:1007200013D10C4BDB690B4A43F00103D361094B36
:10073000DB6903F00103FB60FB68002205211C203C
:1007400000F061FB1C2000F07AFB00BF1037BD46B3
:1007500080BD00BF0010024080B58AB000AF786055
:1007600007F1180300221A605A609A60DA607B6809
:100770001B683B4A934232D13A4B9B69394A43F456
:1007800080439361374B9B6903F480437B617B69B2
:10079000344B9B69334A43F004039361314B9B69AB
:1007A00003F004033B613B694FF40073BB61022318
:1007B000FB6103237B6207F1180319462A4800F006
:1007C00055FC4FF48063BB610023FB6100233B6257
:1007D00007F118031946244800F048FC3CE07B6808
:1007E0001B68224A934237D11E4BDB691D4A43F4F2
:1007F0000033D3611B4BDB6903F40033FB60FB6800
:10080000184B9B69174A43F004039361154B9B698E
:1008100003F00403BB60BB680423BB610223FB61DC
:1008200003237B6207F1180319460F4800F01EFCF2
:100830000823BB610023FB6100233B6207F118031F
:100840001946094800F012FC00220521262000F07C
:10085000DAFA262000F0F3FA00BF2837BD4680BD43
:1008600000380140001002400008014000440040F0
:1008700080B58EB000AF78600023FB620023BB62BE
:10088000002387F83330344BDB69334A43F02003CD
:10089000D361314BDB6903F02003FB60FB6807F198
:1008A000100207F114031146184602F07FF83B6A64
:1008B000FB62FB6A002B03D102F050F8786304E07E
:1008C00002F04CF803465B007B637B6B234AA2FB80
:1008D00003239B0C013BBB62214B224A1A60204B35
:1008E00040F2E732DA601E4ABB6A53601C4B0022BA
:1008F0001A611B4B00229A60194B00229A6118481A
:1009000002F058F9034687F8333097F83330002B5C
:100910001BD1134802F079F9034687F8333097F872
:100920003330002B11D1372000F089FA7B680F2B70
:1009300008D800227968372000F065FA0A4A7B68F7
:10094000136002E0012387F8333097F833301846FC
:100950003837BD4680BD00BF0010024083DE1B4318
:10096000B0020020001400400400002080B400AF5A
:1009700000BFFDE780B400AF00BFFDE780B400AF6B
:1009800000BFFDE780B400AF00BFFDE780B400AF5B
:1009900000BFFDE780B400AF00BFBD4680BC70471C
:1009A00080B500AF024800F02BFE00BF80BD00BF45
:1009B000A021002080B500AF144B1B78012B0FD174
:1009C000134B1B8801339AB2114B1A80104B1B88B2
:1009D000B3F5FA6F07D90E4B4FF4FA621A8002E0B2
:1009E0000A4B00221A70094B1B78012B09D1084BC6
:1009F0001B88282B05D9074B01221A70044B0022B3
:100A00001A80054802F024F900BF80BD6924002047
:100A10006A24002067240020E001002080B500AF98
:100A2000024802F0A5FD00BF80BD00BF60020020AB
:100A300080B500AF024802F00BF900BF80BD00BFD7
:100A4000B002002080B586B000AFF860B9607A606F
:100A500000237B610AE0AFF300800146BB685A1CAB
:100A6000BA60CAB21A707B6901337B617A697B68AC
:100A70009A42F0DB7B6818461837BD4680BD80B5CA
:100A800086B000AFF860B9607A6000237B6109E04E
:100A9000BB685A1CBA601B78184609F013F97B69C9
:100AA00001337B617A697B689A42F1DB7B68184687
:100AB0001837BD4680BD80B483B000AF78604FF07A
:100AC000FF3318460C37BD4680BC704780B483B0F6
:100AD00000AF786039603B684FF400525A600023E1
:100AE00018460C37BD4680BC704780B483B000AF59
:100AF0007860012318460C37BD4680BC704780B42F
:100B000085B000AFF860B9607A60002318461437EA
:100B1000BD4680BC7047000080B586B000AF7860ED
:100B2000144A154BD31A7B617B693B61134B1B68DD
:100B3000002B02D1114B124A1A60104B1A687B68C5
:100B400013443A699A4207D209F038FF03460C224F
:100B50001A604FF0FF3309E0084B1B68FB60074B3E
:100B60001A687B681344054A1360FB6818461837F7
:100B7000BD4680BD0000012000040000F0020020FE
:100B80002827002080B400AF154B1B68144A43F09F
:100B900001031360124B5A681149124B13404B600A
:100BA0000F4B1B680E4A23F0847323F480331360C9
:100BB0000B4B1B680A4A23F480231360084B5B68C5
:100BC000074A23F4FE035360054B4FF41F029A605B
:100BD000054B4FF000629A6000BFBD4680BC704775
:100BE000001002400000FFF800ED00E0002103E0EB
:100BF0000B4B5B58435004310A480B4B42189A4246
:100C0000F6D30A4A02E0002342F8043B084B9A421A
:100C1000F9D3FFF7B7FF09F0D7FEFFF709FB7047DD
:100C20007CBA000800000020C4010020C40100209C
:100C300024270020FEE7000080B500AF084B1B68AA
:100C4000074A43F010031360032000F0D1F80F208F
:100C5000FFF70EFEFFF724FD0023184680BD00BFFE
:100C60000020024080B400AF054B1B781A46054BAC
:100C70001B681344034A136000BFBD4680BC704725
:100C800008000020F402002080B400AF024B1B6873
:100C90001846BD4680BC7047F402002080B485B081
:100CA00000AF78607B6803F00703FB600C4BDB68E8
:100CB000BB60BA684FF6FF031340BB60FB681A02C3
:100CC000BB68134343F0BF6343F40033BB60044A83
:100CD000BB68D36000BF1437BD4680BC704700BFFF
:100CE00000ED00E080B400AF044BDB681B0A03F0AA
:100CF00007031846BD4680BC704700BF00ED00E00A
:100D000080B483B000AF0346FB7197F90730002B26
:100D10000BDBFB7903F01F02064997F907305B09EB
:100D2000012000FA02F241F8232000BF0C37BD4633
:100D300080BC704700E100E080B483B000AF0346A0
:100D40003960FB7197F90730002B0ADB3B68DAB298
:100D50000C4997F907301201D2B20B4483F80023F3
:100D60000AE03B68DAB20849FB7903F00F03043B61
:100D70001201D2B20B441A7600BF0C37BD4680BCBC
:100D8000704700BF00E100E000ED00E080B489B0F2
:100D900000AFF860B9607A60FB6803F00703FB619D
:100DA000FB69C3F10703042B28BF0423BB61FB6964
:100DB0000433062B02D9FB69033B00E000237B616F
:100DC0004FF0FF32BB6902FA03F3DA43BB681A4003
:100DD0007B699A404FF0FF317B6901FA03F3D943F5
:100DE0007B680B40134318462437BD4680BC7047D0
:100DF00080B582B000AF78607868FFF74FFF00BF22
:100E00000837BD4680BD80B586B000AF0346B960E7
:100E10007A60FB7300237B61FFF764FF78617A6877
:100E2000B9687869FFF7B2FF024697F90F301146AB
:100E30001846FFF781FF00BF1837BD4680BD80B55B
:100E400082B000AF0346FB7197F907301846FFF7F1
:100E500057FF00BF0837BD4680BD000080B584B095
:100E600000AF78600023FB737B6893F82130022B7E
:100E700005D07B6804229A630123FB73D6E07B686C
:100E80001B681A687B681B6822F00E021A607B6878
:100E90001B681A687B681B6822F001021A607B6875
:100EA0001B681A46644B9A4258D97B681B68634A90
:100EB00093424FD07B681B68614A934248D07B685D
:100EC0001B68604A934240D07B681B685E4A93422D
:100ED00038D07B681B685D4A934230D07B681B68C2
:100EE0005B4A934228D07B681B68534A934220D0C8
:100EF0007B681B68574A934219D07B681B68564A27
:100F0000934212D07B681B68544A93420AD07B6894
:100F10001B68534A934202D14FF480531BE04FF4B5
:100F2000803318E04FF4807315E0102313E00123A1
:100F300011E04FF080730EE04FF480130BE04FF49C
:100F4000803308E04FF4805305E04FF4807302E0F3
:100F5000102300E00123434A536057E07B681B687D
:100F6000364A93424FD07B681B68354A934248D03B
:100F70007B681B68334A934240D07B681B68324AC7
:100F8000934238D07B681B68304A934230D07B68EC
:100F90001B682F4A934228D07B681B68264A9342DD
:100FA00020D07B681B682B4A934219D07B681B6852
:100FB000294A934212D07B681B68284A93420AD080
:100FC0007B681B68264A934202D14FF480531BE092
:100FD0004FF4803318E04FF4807315E0102313E0D2
:100FE000012311E04FF080730EE04FF480130BE00B
:100FF0004FF4803308E04FF4805305E04FF48073E2
:1010000002E0102300E00123174A53607B680122AD
:1010100083F821207B68002283F820207B685B6BAB
:10102000002B03D07B685B6B78689847FB7B184686
:101030001037BD4680BD00BF80000240080002405E
:101040001C000240300002404400024058000240B0
:101050006C000240080402401C04024030040240BC
:1010600044040240000402400000024080B48BB0FF
:1010700000AF7860396000237B6200233B6279E136
:1010800001227B6A02FA03F3FB613B681B68FA6981
:101090001340BB61BA69FB699A4240F068813B68C2
:1010A0005B68964A93425ED0944A934275D8944ABC
:1010B000934258D0924A93426FD8924A934252D068
:1010C000904A934269D8904A93424CD08E4A9342B8
:1010D00063D88E4A934246D08C4A93425DD8122BF5
:1010E0002AD8122B59D801A252F823F06711000810
:1010F0004111000853110008951100089B110008C8
:101100009B1100089B1100089B1100089B1100080F
:101110009B1100089B1100089B1100089B110008FF
:101120009B1100089B1100089B1100089B110008EF
:10113000491100085D110008754A934213D02CE054
:101140003B68DB683B6229E03B68DB6804333B6259
:1011500024E03B68DB6808333B621FE03B68DB68E8
:101160000C333B621AE03B689B68002B02D10423DE
:101170003B6213E03B689B68012B05D108233B626F
:101180007B68FA691A6109E008233B627B68FA69A7
:101190005A6103E000233B6200E000BFBB69FF2B04
:1011A00001D87B6801E07B6804337B61BB69FF2B5E
:1011B00002D87B6A9B0002E07B6A083B9B003B6194
:1011C0007B691A680F213B6901FA03F3DB431A407C
:1011D000396A3B6901FA03F31A437B691A603B6879
:1011E0005B6803F08053002B00F0C180494B9B6982
:1011F000484A43F001039361464B9B6903F00103A6
:10120000BB60BB68444A7B6A9B08023352F82330B8
:10121000FB607B6A03F003039B000F2202FA03F3D7
:10122000DB43FA681340FB607B683C4A93421FD063
:101230007B683B4A934219D07B683A4A934213D069
:101240007B68394A93420DD07B68384A934207D075
:101250007B68374A934201D105230AE0062308E060
:10126000042306E0032304E0022302E0012300E05C
:1012700000237A6A02F0030292009340FA68134353
:10128000FB6025497B6A9B080233FA6841F82320FA
:101290003B685B6803F48033002B06D0254B1A684B
:1012A0002449BB6913430B6006E0224B1A68BB69F3
:1012B000DB43204913400B603B685B6803F4003359
:1012C000002B06D01B4B5A681A49BB6913434B606D
:1012D00006E0184B5A68BB69DB43164913404B6064
:1012E0003B685B6803F48013002B25D0114B9A6890
:1012F0001049BB6913438B6025E000BF000032102A
:101300000000311000002210000021100000121017
:1013100000001110001002400000014000080140D0
:10132000000C014000100140001401400018014071
:10133000001C014000040140154B9A68BB69DB4367
:10134000134913408B603B685B6803F40013002B68
:1013500006D00F4BDA680E49BB691343CB6006E039
:101360000B4BDA68BB69DB4309491340CB607B6AEE
:1013700001337B623B681A687B6A22FA03F3002B15
:101380007FF47EAE00BF00BF2C37BD4680BC7047E7
:101390000004014080B485B000AF78600B467B80CC
:1013A0007B689A687B881340002B02D00123FB7373
:1013B00001E00023FB73FB7B18461437BD4680BC5D
:1013C000704780B483B000AF78600B467B801346D3
:1013D0007B707B78002B03D07A887B681A6103E0EE
:1013E0007B881A047B681A6100BF0C37BD4680BC3D
:1013F0007047F0B58BB006AF78607B68002B01D1E9
:101400000123D3E07B6893F82932DBB2002B06D1AD
:101410007B68002283F82822786808F0BFF97B688F
:10142000032283F829227B681B68184602F017FC08
:101430007B681B683B607E686D4606F110040FCC2C
:101440000FC523682B60331D0ECB386802F0E0FB1C
:101450000346002B05D07B68022283F82922012352
:10146000A4E07B681B680021184602F014FC0023EE
:10147000FB7335E0FB7B7A685B011344293301225F
:101480001A70FB7B7A685B0113442833FA7B1A706D
:10149000FB7BFA7B91B27A685B01134436330A46D0
:1014A0001A80FB7B7A685B0113442B3300221A708D
:1014B000FB7B7A685B011344383300221A60FB7BA4
:1014C0007A685B0113443C3300221A60FB7B7A6824
:1014D00002335B01134400221A60FB7B0133FB7370
:1014E000FA7B7B685B689A42C4D30023FB7331E0CC
:1014F000FB7B7A685B01134403F2291300221A7004
:10150000FB7B7A685B01134403F59473FA7B1A70D2
:10151000FB7B7A685B01134403F22B1300221A70E1
:10152000FB7B7A685B01134403F59C7300221A600D
:10153000FB7B7A685B01134403F59E7300221A60FB
:10154000FB7B7A680A335B01134400221A60FB7B41
:101550000133FB73FA7B7B685B689A42C8D37B6874
:101560001B683B607E686D4606F110040FCC0FC50A
:1015700023682B60331D0ECB386802F098FB0346BE
:10158000002B05D07B68022283F8292201230DE07D
:101590007B68002283F824207B68012283F82922BB
:1015A0007B681B68184603F0D4FB002318461437E9
:1015B000BD46F0BD80B582B000AF78607B6893F81F
:1015C0002832012B01D1022316E07B68012283F827
:1015D00028220121786808F03EFB7B681B681846CA
:1015E00003F0ADFB7B681B68184602F021FB7B68AB
:1015F000002283F82822002318460837BD4680BD04
:1016000080B582B000AF78607B681B68184603F035
:10161000AAFB034603F40043B3F5004F02D17868F8
:1016200000F0F2FA7B681B68184603F09CFB034647
:1016300003F48063B3F5806F12D17B681B68B3F845
:1016400044309AB27B681B6822F4806292B2A3F89D
:101650004420786808F017F90021786800F0DEF877
:101660007B681B68184603F07EFB034603F4804347
:10167000B3F5804F0BD17B681B68B3F844309AB246
:101680007B681B6822F4804292B2A3F844207B68F6
:101690001B68184603F067FB034603F40053B3F5D9
:1016A000005F0BD17B681B68B3F844309AB27B684B
:1016B0001B6822F4005292B2A3F844207B681B6896
:1016C000184603F050FB034603F48053B3F5805FE4
:1016D00026D17B681B68B3F840309AB27B681B68E0
:1016E00022F0040292B2A3F840207B681B68B3F892
:1016F00040309AB27B681B6822F0080292B2A3F8CD
:101700004020786808F0F8F87B681B68B3F844302C
:101710009AB27B681B6822F4805292B2A3F84420EC
:101720007B681B68184603F01EFB034603F4006346
:10173000B3F5006F3DD17B681B68B3F840309AB2B7
:101740007B681B6842F0080292B2A3F840207B68D5
:101750001B68B3F844309AB27B681B6822F40062BD
:1017600092B2A3F844207B681B68B3F840309AB269
:101770007B681B6842F0040292B2A3F840207B68A9
:101780001B68184603F0EFFA034603F48053B3F5E1
:10179000805F0BD17B681B68B3F844309AB27B68DA
:1017A0001B6822F4805292B2A3F84420786808F0B3
:1017B00089F87B681B68184603F0D5FA034603F4E2
:1017C0000073B3F5007F0ED17B681B68B3F844301B
:1017D0009AB27B681B6822F4007292B2A3F844208C
:1017E000786808F042F87B681B68184603F0BBFA7B
:1017F000034603F48073B3F5807F0BD17B681B68CD
:10180000B3F844309AB27B681B6822F4807292B2BB
:10181000A3F8442000BF0837BD4680BD80B582B024
:1018200000AF78600B46FB707B6893F82832012B81
:1018300001D1022313E07B68012283F828227B6810
:10184000FA7883F824207B681B68FA7811461846DA
:1018500003F062FA7B68002283F8282200231846EE
:101860000837BD4680BD80B584B000AF78600846BB
:1018700011461A460346FB700B463B801346BB706D
:101880000023FB7297F90330002B0BDAFB7803F08F
:1018900007035B0128337A681344FB60FB6801226D
:1018A0005A700BE0FB7803F007035B0103F59473B8
:1018B0007A681344FB60FB6800225A70FB7803F0DF
:1018C0000703DAB2FB681A703A88FB681A61FB6892
:1018D000BA78DA70FB685B78002B04D0FB681B7861
:1018E0001A46FB68DA81BB78022B02D1FB68002222
:1018F0001A717B6893F82832012B01D102230EE084
:101900007B68012283F828227B681B68F9681846E7
:1019100002F0F2F97B68002283F82822FB7A18464D
:101920001037BD4680BD80B584B000AF78600B46EF
:10193000FB7097F90330002B0BDAFB7803F00703F9
:101940005B0128337A681344FB60FB6801225A70FC
:101950000BE0FB7803F007035B0103F594737A68EF
:101960001344FB60FB6800225A70FB7803F0070306
:10197000DAB2FB681A707B6893F82832012B01D128
:1019800002230EE07B68012283F828227B681B6813
:10199000F968184602F09CFC7B68002283F8282234
:1019A000002318461037BD4680BD80B586B000AF15
:1019B000F8607A603B600B46FB72FB7A03F007032A
:1019C0005B0103F59473FA6813447B617B697A6861
:1019D0005A617B693A689A617B690022DA617B69A6
:1019E00000225A70FB7A03F00703DAB27B691A709F
:1019F000FB7A03F00703002B06D1FB681B687969AB
:101A0000184602F0FBFD05E0FB681B687969184683
:101A100002F0F4FD002318461837BD4680BD80B49F
:101A200083B000AF78600B46FB70FB7803F00703D0
:101A30007A680A335B01134404331B6818460C3779
:101A4000BD4680BC704780B586B000AFF8607A6054
:101A50003B600B46FB72FB7A03F007035B01283304
:101A6000FA6813447B617B697A685A617B693A68DA
:101A70009A617B690022DA617B6901225A70FB7AE4
:101A800003F00703DAB27B691A70FB7A03F00703ED
:101A9000002B06D1FB681B687969184602F0AEFD81
:101AA00005E0FB681B687969184602F0A7FD002372
:101AB00018461837BD4680BD80B584B000AF786049
:101AC0000B46FB70FB7803F007027B685B689A4269
:101AD00001D9012346E097F90330002B0BDAFB789C
:101AE00003F007035B0128337A681344FB60FB684B
:101AF00001225A7009E0FB785B0103F594737A6860
:101B00001344FB60FB6800225A70FB6801229A7044
:101B1000FB7803F00703DAB2FB681A707B6893F86E
:101B20002832012B01D102231CE07B68012283F8BB
:101B300028227B681B68F968184603F017F8FB78C1
:101B400003F00703002B08D17B681A687B6803F554
:101B50000C731946104603F015F97B68002283F8D0
:101B60002822002318461037BD4680BD80B584B0BA
:101B700000AF78600B46FB70FB7803F00F027B68C8
:101B80005B689A4201D901233AE097F90330002BB0
:101B90000BDAFB7803F007035B0128337A68134400
:101BA000FB60FB6801225A700BE0FB7803F007032F
:101BB0005B0103F594737A681344FB60FB680022B1
:101BC0005A70FB6800229A70FB7803F00703DAB2C0
:101BD000FB681A707B6893F82832012B01D102232D
:101BE0000EE07B68012283F828227B681B68F96875
:101BF000184602F0FDFF7B68002283F828220023AC
:101C000018461037BD4680BD90B589B000AF7860EA
:101C100085E27B681B68B3F84430FB82FB8ADBB249
:101C200003F00F037B757B7D002B40F04181FB8A25
:101C300003F01003002B50D17B681B681B889BB2FC
:101C400023F4E14323F070039CB27B681A686FEAC7
:101C500044436FEA53439BB213807B682833FB6095
:101C60007B681B68B3F850309BB21A46FB681B7840
:101C7000DB00134402335B007A681268134403F5F7
:101C800080631B88C3F30902FB68DA61FB685A6949
:101C9000FB68DB691A44FB685A610021786807F029
:101CA000CDFD7B6893F82430DBB2002B00F0378247
:101CB000FB689B69002B40F032827B6893F82430EC
:101CC000DBB263F07F03DAB27B681B68A3F84C20B9
:101CD0007B68002283F8242021E27B6803F594735B
:101CE000FB607B681B681B887B827B8A03F4006334
:101CF000002B33D07B681B68B3F850309BB21A4678
:101D0000FB681B78DB00134406335B007A681268BB
:101D1000134403F580631B88C3F30902FB68DA618F
:101D20007B6818687B6803F50C71FB68DA88FB68D0
:101D3000DB699BB203F075F87B681B681B889AB25D
:101D400040F68F7313409CB27B681B6844F080029E
:101D500092B21A80786807F047FDE0E1B7F91230D7
:101D6000002B80F2DC817B681B681B889AB240F6EE
:101D70008F7313409CB27B681B6844F0800292B260
:101D80001A807B681B68B3F850309BB21A46FB6818
:101D90001B78DB00134406335B007A681268134437
:101DA00003F580631B88C3F30902FB68DA61FB68F3
:101DB000DB69002B19D0FB685B69002B15D07B68B1
:101DC0001868FB685969FB68DA88FB68DB699BB2B5
:101DD00003F027F8FB685A69FB68DB691A44FB6863
:101DE0005A610021786807F011FD7B681B681C466A
:101DF0007B681B68B3F850309BB21C4404F20C4360
:101E00001C46FB681B69002B0ED123889BB223F470
:101E1000F8439BB2238023889BB26FEA43436FEA67
:101E200053439BB223802DE0FB681B693E2B12D8E5
:101E3000FB681B695B08BB61FB681B6903F001035E
:101E4000002B02D0BB690133BB61BB699BB29B0213
:101E50009BB2238016E0FB681B695B09BB61FB68D2
:101E60001B6903F01F03002B02D1BB69013BBB615F
:101E7000BB699BB29B029BB26FEA43436FEA534339
:101E80009BB223807B681B681B889BB223F4804332
:101E900023F070039CB284F480539CB284F400530A
:101EA0009CB27B681A68974B23439BB2138036E140
:101EB0007B681B681A467B7D9B0013441B887B82D2
:101EC000B7F91230002B80F2D1807B681B681A466C
:101ED0007B7D9B0013441B889AB240F68F7313409E
:101EE0009CB27B681B681A467B7D9B00134444F0C0
:101EF000800292B21A807B7D5B0103F594737A684D
:101F00001344FB60FB681B7B002B21D17B681B68A3
:101F1000B3F850309BB21A46FB681B78DB001344C1
:101F200006335B007A681268134403F580631B88EC
:101F3000C3F30903FB83FB8B002B72D07B6818680B
:101F4000FB685969FB68DA88FB8B02F06AFF68E07E
:101F50007B681B681A46FB681B789B0013441B8830
:101F60009BB203F48043002B21D07B681B68B3F83D
:101F700050309BB21A46FB681B78DB0013440233D7
:101F80005B007A681268134403F580631B88C3F30F
:101F90000903FB83FB8B002B2AD07B681868FB6846
:101FA0005969FB681A89FB8B02F03BFF20E07B68D4
:101FB0001B68B3F850309BB21A46FB681B78DB00F5
:101FC000134406335B007A681268134403F5806398
:101FD0001B88C3F30903FB83FB8B002B08D07B68B2
:101FE0001868FB685969FB685A89FB8B02F019FF76
:101FF0007B681B681A46FB681B789B0013441B8890
:102000009BB223F4E04323F070039CB27B681B680F
:102010001A46FB681B789B001A443B4B23439BB238
:102020001380FB68DA69FB8B1A44FB68DA61FB6892
:102030005A69FB8B1A44FB685A61FB689B69002B49
:1020400004D0FA8BFB681B699A4206D2FB681B78A6
:102050001946786807F0DAFB08E0FB681978FB6836
:102060005A69FB689B697868FFF79FFC7B8A03F0DD
:102070008003002B53D07B7D5B0128337A681344A7
:10208000FB607B681B681A467B7D9B0013441B88A2
:102090009BB223F4E14323F070039CB27B681B687E
:1020A0001A467B7D9B001A446FEA44436FEA534310
:1020B0009BB213807B681B68B3F850309BB21A4602
:1020C000FB681B78DB00134402335B007A681268FC
:1020D000134403F580631B88C3F30902FB68DA61CC
:1020E000FB685A69FB68DB691A44FB685A61FB6844
:1020F0009B69002B0AD1FB681B781946786807F0AA
:102100009DFB0CE08080FFFFC080FFFFFB6819781B
:10211000FB685A69FB689B697868FFF794FC7B68E9
:102120001B68B3F844309BB21BB2002BFFF671ADB5
:10213000002318462437BD4690BD00BF80B487B049
:1021400000AFF8607B600B467B8113463B817B8947
:1021500003F080039BB2002B08D07B8903F00703B8
:102160005B012833FA6813447B6106E07B895B01DD
:1021700003F59473FA6813447B613B89002B07D104
:102180007B6900221A737B689AB27B69DA800BE064
:102190007B6901221A737B689AB27B691A817B681A
:1021A0001B0C9AB27B695A81002318461C37BD4626
:1021B00080BC704780B586B000AF78607B68002B2C
:1021C00001D1012372E27B681B6803F00103002B3D
:1021D00000F08780924B5B6803F00C03042B0CD05B
:1021E0008F4B5B6803F00C03082B12D18C4B5B68A0
:1021F00003F48033B3F5803F0BD1894B1B6803F4A4
:102200000033002B6CD07B685B68002B68D1012306
:102210004CE27B685B68B3F5803F06D1804B1B685E
:102220007F4A43F4803313602EE07B685B68002BA9
:102230000CD17B4B1B687A4A23F480331360784BB4
:102240001B68774A23F4802313601DE07B685B687A
:10225000B3F5A02F0CD1724B1B68714A43F4802355
:1022600013606F4B1B686E4A43F4803313600BE0BE
:102270006B4B1B686A4A23F480331360684B1B68FE
:10228000674A23F4802313607B685B68002B13D0BC
:10229000FEF7FAFC386108E0FEF7F6FC02463B69FF
:1022A000D31A642B01D9032300E25D4B1B6803F4AE
:1022B0000033002BF0D014E0FEF7E6FC386108E0B4
:1022C000FEF7E2FC02463B69D31A642B01D90323D3
:1022D000ECE1534B1B6803F40033002BF0D100E01A
:1022E00000BF7B681B6803F00203002B63D04C4BDC
:1022F0005B6803F00C03002B0BD0494B5B6803F0C9
:102300000C03082B1CD1464B5B6803F48033002B75
:1023100016D1434B1B6803F00203002B05D07B68EA
:102320001B69012B01D00123C0E13D4B1B6823F049
:10233000F8027B685B69DB00394913430B603AE0C4
:102340007B681B69002B20D0364B01221A60FEF7F8
:102350009BFC386108E0FEF797FC02463B69D31A04
:10236000022B01D90323A1E12D4B1B6803F00203CB
:10237000002BF0D02A4B1B6823F0F8027B685B69C6
:10238000DB00274913430B6015E0264B00221A603F
:10239000FEF77AFC386108E0FEF776FC02463B69FE
:1023A000D31A022B01D9032380E11D4B1B6803F0D4
:1023B0000203002BF0D17B681B6803F00803002B9D
:1023C0003AD07B689B69002B19D0174B01221A6009
:1023D000FEF75AFC386108E0FEF756FC02463B69FE
:1023E000D31A022B01D9032360E10D4B5B6A03F082
:1023F0000203002BF0D0012000F008FB1CE00A4B88
:1024000000221A60FEF740FC38610FE0FEF73CFC4A
:1024100002463B69D31A022B08D9032346E100BFC9
:10242000001002400000424280044242924B5B6A2C
:1024300003F00203002BE9D17B681B6803F004035F
:10244000002B00F0A6800023FB758B4BDB6903F0AB
:102450008053002B0DD1884BDB69874A43F08053B2
:10246000D361854BDB6903F08053BB60BB680123FC
:10247000FB75824B1B6803F48073002B18D17F4BD4
:102480001B687E4A43F480731360FEF7FDFB3861DE
:1024900008E0FEF7F9FB02463B69D31A642B01D929
:1024A000032303E1754B1B6803F48073002BF0D00A
:1024B0007B68DB68012B06D16F4B1B6A6E4A43F0C9
:1024C000010313622DE07B68DB68002B0CD16A4BA3
:1024D0001B6A694A23F001031362674B1B6A664A51
:1024E00023F0040313621CE07B68DB68052B0CD12E
:1024F000614B1B6A604A43F0040313625E4B1B6A24
:102500005D4A43F0010313620BE05B4B1B6A5A4ABE
:1025100023F001031362584B1B6A574A23F004034C
:1025200013627B68DB68002B15D0FEF7ADFB3861CA
:102530000AE0FEF7A9FB02463B69D31A41F2883252
:10254000934201D90323B1E04B4B1B6A03F0020312
:10255000002BEED014E0FEF797FB38610AE0FEF79F
:1025600093FB02463B69D31A41F28832934201D968
:1025700003239BE0404B1B6A03F00203002BEED1C8
:10258000FB7D012B05D13C4BDB693B4A23F080539B
:10259000D3617B68DB69002B00F08780364B5B687A
:1025A00003F00C03082B61D07B68DB69022B46D15A
:1025B000334B00221A60FEF767FB386108E0FEF734
:1025C00063FB02463B69D31A022B01D903236DE05A
:1025D000294B1B6803F00073002BF0D17B681B6A4A
:1025E000B3F5803F08D1244B5B6823F400327B684D
:1025F0009B68214913434B601F4B5B6823F47412A3
:102600007B68196A7B685B6A0B431B4913434B6009
:102610001B4B01221A60FEF737FB386108E0FEF71A
:1026200033FB02463B69D31A022B01D903233DE059
:10263000114B1B6803F00073002BF0D035E0104BFA
:1026400000221A60FEF720FB386108E0FEF71CFB51
:1026500002463B69D31A022B01D9032326E0064B1D
:102660001B6803F00073002BF0D11EE07B68DB6970
:10267000012B07D1012319E0001002400070004037
:10268000600042420B4B5B68FB60FB6803F48032E6
:102690007B681B6A9A4206D1FB6803F470127B6860
:1026A0005B6A9A4201D0012300E0002318461837E4
:1026B000BD4680BD0010024080B584B000AF786098
:1026C00039607B68002B01D10123D0E06A4B1B6885
:1026D00003F007033A689A4210D9674B1B6823F04E
:1026E000070265493B6813430B60634B1B6803F0AB
:1026F00007033A689A4201D00123B8E07B681B685F
:1027000003F00203002B20D07B681B6803F0040356
:10271000002B05D0594B5B68584A43F4E063536083
:102720007B681B6803F00803002B05D0534B5B68E4
:10273000524A43F460535360504B5B6823F0F002FD
:102740007B689B684D4913434B607B681B6803F0B3
:102750000103002B40D07B685B68012B07D1474BFE
:102760001B6803F40033002B15D101237FE07B6845
:102770005B68022B07D1414B1B6803F00073002BF1
:1027800009D1012373E03D4B1B6803F00203002BCA
:1027900001D101236BE0394B5B6823F003027B68B6
:1027A0005B68364913434B60FEF76EFAF8600AE047
:1027B000FEF76AFA0246FB68D31A41F28832934266
:1027C00001D9032353E02D4B5B6803F00C027B68B7
:1027D0005B689B009A42EBD1274B1B6803F0070311
:1027E0003A689A4210D2244B1B6823F00702224910
:1027F0003B6813430B60204B1B6803F007033A68E8
:102800009A4201D0012332E07B681B6803F0040385
:10281000002B08D0194B5B6823F4E0627B68DB680F
:10282000164913434B607B681B6803F00803002BB9
:1028300009D0124B5B6823F460527B681B69DB0094
:102840000E4913434B6000F021F802460B4B5B68C6
:102850001B0903F00F030A49CB5C22FA03F3094A70
:102860001360094B1B681846FEF702F80023184650
:102870001037BD4680BD00BF00200240001002405E
:1028800028BA0008000000200400002090B48AB09C
:1028900000AF294B3C1D0FCB84E80F0040F2012311
:1028A0003B800023FB610023BB6100237B6200238C
:1028B0007B6100233B62214B5B68FB61FB6903F09A
:1028C0000C03042B02D0082B03D02BE01C4B3B62E3
:1028D0002BE0FB699B0C03F00F0328333B4413F8F8
:1028E000243C7B61FB6903F48033002B12D0134B33
:1028F0005B685B0C03F0010328333B4413F8283C6E
:10290000BB617B690E4A03FB02F2BB69B2FBF3F3C6
:102910007B6204E07B690B4A02FB03F37B627B6A08
:102920003B6202E0064B3B6200BF3B6A1846283719
:10293000BD4690BC704700BFE8B7000800100240D9
:1029400000127A0000093D0080B400AF024B1B6802
:102950001846BD4680BC70470000002080B500AF1F
:10296000FFF7F2FF0246054B5B681B0A03F0070303
:102970000349CB5C22FA03F3184680BD00100240E5
:1029800038BA000880B500AFFFF7DEFF0246054BFE
:102990005B68DB0A03F007030349CB5C22FA03F30D
:1029A000184680BD0010024038BA000880B483B0D9
:1029B00000AF786039607B680F221A60114B5B684A
:1029C00003F003027B685A600E4B5B6803F0F00271
:1029D0007B689A600B4B5B6803F4E0627B68DA60AB
:1029E000084B5B68DB0803F4E0627B681A61064B06
:1029F0001B6803F007023B681A6000BF0C37BD4636
:102A000080BC7047001002400020024080B485B0B6
:102A100000AF78600A4B1B680A4AA2FB03235B0ADB
:102A20007A6802FB03F3FB6000BFFB685A1EFA6082
:102A3000002BF9D100BF00BF1437BD4680BC7047E2
:102A400000000020D34D621080B586B000AF7860E2
:102A500000233B610023FB607B681B6803F00103DC
:102A6000002B7DD00023FB754F4BDB6903F08053B7
:102A7000002B0DD14C4BDB694B4A43F08053D361A3
:102A8000494BDB6903F08053BB60BB680123FB75D6
:102A9000464B1B6803F48073002B18D1434B1B6813
:102AA000424A43F480731360FEF7EEF8386108E0A1
:102AB000FEF7EAF802463B69D31A642B01D90323D7
:102AC0006DE03A4B1B6803F48073002BF0D0364B5B
:102AD0001B6A03F44073FB60FB68002B2ED07B68FD
:102AE0005B6803F44073FA689A4227D02E4B1B6A46
:102AF00023F44073FB602E4B01221A602C4B002202
:102B00001A60294AFB681362FB6803F00103002B7B
:102B100014D0FEF7B9F838610AE0FEF7B5F80246BE
:102B20003B69D31A41F28832934201D9032336E03C
:102B30001D4B1B6A03F00203002BEED01A4B1B6ADD
:102B400023F440727B685B68174913430B62FB7D7B
:102B5000012B05D1144BDB69134A23F08053D36159
:102B60007B681B6803F00203002B08D00E4B5B68E8
:102B700023F440427B689B680B4913434B607B689E
:102B80001B6803F01003002B08D0074B5B6823F48D
:102B900080027B685B69044913434B60002318463D
:102BA0001837BD4680BD00BF0010024000700040D5
:102BB0004004424280B582B000AF78607B68002B51
:102BC00001D101231DE07B6893F83D30DBB2002B7F
:102BD00006D17B68002283F83C207868FDF798FDD9
:102BE0007B68022283F83D207B681A687B68043387
:102BF0001946104600F01CFA7B68012283F83D203C
:102C0000002318460837BD4680BD80B485B000AFAC
:102C100078607B681B68DA687B681B6842F0010299
:102C2000DA607B681B689B6803F00703FB60FB6846
:102C3000062B07D07B681B681A687B681B6842F00C
:102C400001021A60002318461437BD4680BC704745
:102C500080B582B000AF78607B681B681B6903F0A9
:102C60000203022B22D17B681B68DB6803F002039E
:102C7000022B1BD17B681B686FF002021A617B6814
:102C800001221A777B681B689B6903F00303002B02
:102C900003D0786800F0B1F905E0786800F0A4F995
:102CA000786800F0B3F97B6800221A777B681B68AC
:102CB0001B6903F00403042B22D17B681B68DB68CB
:102CC00003F00403042B1BD17B681B686FF0040224
:102CD0001A617B6802221A777B681B689B6903F480
:102CE0004073002B03D0786800F087F905E078681E
:102CF00000F07AF9786800F089F97B6800221A7789
:102D00007B681B681B6903F00803082B22D17B68D2
:102D10001B68DB6803F00803082B1BD17B681B686A
:102D20006FF008021A617B6804221A777B681B68BF
:102D3000DB6903F00303002B03D0786800F05DF932
:102D400005E0786800F050F9786800F05FF97B687A
:102D500000221A777B681B681B6903F01003102B95
:102D600022D17B681B68DB6803F01003102B1BD19A
:102D70007B681B686FF010021A617B6808221A7763
:102D80007B681B68DB6903F44073002B03D0786811
:102D900000F033F905E0786800F026F9786800F073
:102DA00035F97B6800221A777B681B681B6903F082
:102DB0000103012B0ED17B681B68DB6803F0010364
:102DC000012B07D17B681B686FF001021A617868DC
:102DD000FDF74EFC7B681B681B6903F08003802BAA
:102DE0000ED17B681B68DB6803F08003802B07D162
:102DF0007B681B686FF080021A61786800F075FAD2
:102E00007B681B681B6903F04003402B0ED17B6875
:102E10001B68DB6803F04003402B07D17B681B680D
:102E20006FF040021A61786800F0F9F87B681B685F
:102E30001B6903F02003202B0ED17B681B68DB6825
:102E400003F02003202B07D17B681B686FF0200262
:102E50001A61786800F040FA00BF0837BD4680BDAF
:102E600080B584B000AF786039607B6893F83C30FF
:102E7000012B01D10223B3E07B68012283F83C20BF
:102E80007B68022283F83D207B681B689B68FB609F
:102E9000FB6823F07703FB60FB6823F47F43FB6050
:102EA0007B681B68FA689A603B681B68B3F5005F33
:102EB0003ED0B3F5005F00F28780B3F5805F00F08D
:102EC0008580B3F5805F7FD8702B1AD0702B7BD8AC
:102ED000602B50D0602B77D8502B3CD0502B73D820
:102EE000402B58D0402B6FD8302B64D0302B6BD870
:102EF000202B60D0202B67D8002B5CD0102B5AD011
:102F000062E07B6818683B6899683B685A683B6870
:102F1000DB6800F07EF97B681B689B68FB60FB68E0
:102F200043F07703FB607B681B68FA689A604EE0A9
:102F30007B6818683B6899683B685A683B68DB683F
:102F400000F067F97B681B689A687B681B6842F42D
:102F500080429A603BE07B6818683B6859683B6830
:102F6000DB681A4600F0DEF87B681B6850211846C3
:102F700000F035F92BE07B6818683B6859683B68BE
:102F8000DB681A4600F0FCF87B681B686021184675
:102F900000F025F91BE07B6818683B6859683B68BE
:102FA000DB681A4600F0BEF87B681B6840211846B3
:102FB00000F015F90BE07B681A683B681B6819463E
:102FC000104600F00CF902E000BF00E000BF7B6893
:102FD000012283F83D207B68002283F83C200023F7
:102FE00018461037BD4680BD80B483B000AF78600E
:102FF00000BF0C37BD4680BC704780B483B000AFC3
:10300000786000BF0C37BD4680BC704780B483B089
:1030100000AF786000BF0C37BD4680BC704780B4FD
:1030200083B000AF786000BF0C37BD4680BC7047EE
:1030300080B485B000AF786039607B681B68FB6046
:103040007B68334A934213D07B68324A93420FD055
:103050007B68B3F1804F0BD07B682F4A934207D037
:103060007B682E4A934203D07B682D4A934208D155
:10307000FB6823F07003FB603B685B68FA681343EE
:10308000FB607B68224A934213D07B68214A9342BB
:103090000FD07B68B3F1804F0BD07B681E4A934200
:1030A00007D07B681D4A934203D07B681C4A934239
:1030B00008D1FB6823F44073FB603B68DB68FA6867
:1030C0001343FB60FB6823F080023B685B6913439A
:1030D000FB607B68FA681A603B689A687B68DA6212
:1030E0003B681A687B689A627B68094A934203D0FE
:1030F0007B68084A934203D13B681A697B681A636C
:103100007B6801225A6100BF1437BD4680BC7047FE
:10311000002C014000340140000400400008004041
:10312000000C004080B487B000AFF860B9607A60EE
:10313000FB681B6A7B61FB681B6A23F00102FB686A
:103140001A62FB689B693B613B6923F0F0033B61BA
:103150007B681B013A6913433B617B6923F00A03D7
:103160007B617A69BB6813437B61FB683A699A614A
:10317000FB687A691A6200BF1C37BD4680BC704785
:1031800080B487B000AFF860B9607A60FB681B6AF2
:1031900023F01002FB681A62FB689B697B61FB6885
:1031A0001B6A3B617B6923F470437B617B681B0373
:1031B0007A6913437B613B6923F0A0033B61BB68E1
:1031C0001B013A6913433B61FB687A699A61FB68AA
:1031D0003A691A6200BF1C37BD4680BC704780B494
:1031E00085B000AF786039607B689B68FB60FB68E6
:1031F00023F07003FB603A68FB68134343F0070356
:10320000FB607B68FA689A6000BF1437BD4680BCDB
:10321000704780B487B000AFF860B9607A603B60F7
:10322000FB689B687B617B6923F47F437B613B6820
:103230001A027B681A43BB6813437A6913437B61A4
:10324000FB687A699A6000BF1C37BD4680BC704736
:1032500080B485B000AF786039607B6893F83C300B
:10326000012B01D1022332E07B68012283F83C204C
:103270007B68022283F83D207B681B685B68FB60EB
:103280007B681B689B68BB60FB6823F07003FB6076
:103290003B681B68FA681343FB60BB6823F080033C
:1032A000BB603B685B68BA681343BB607B681B68A4
:1032B000FA685A607B681B68BA689A607B6801226A
:1032C00083F83D207B68002283F83C2000231846C9
:1032D0001437BD4680BC704780B483B000AF7860BF
:1032E00000BF0C37BD4680BC704780B483B000AFD0
:1032F000786000BF0C37BD4680BC704780B582B097
:1033000000AF78607B68002B01D101233FE07B6830
:1033100093F83930DBB2002B06D17B68002283F8AA
:1033200038207868FDF718FA7B68242283F8392062
:103330007B681B68DA687B681B6822F40052DA60DD
:10334000786800F08BFB7B681B681A697B681B68D8
:1033500022F490421A617B681B685A697B681B687B
:1033600022F02A025A617B681B68DA687B681B6856
:1033700042F40052DA607B680022DA637B68202224
:1033800083F839207B68202283F83A2000231846EE
:103390000837BD4680BD80B588B002AFF860B9601F
:1033A0003B601346FB8000237B61FB6893F8393058
:1033B000DBB2202B40F08380BB68002B02D0FB885F
:1033C000002B01D101237BE0FB6893F83830012BFF
:1033D00001D1022374E0FB68012283F83820FB68E6
:1033E0000022DA63FB68212283F83920FDF74CFCC8
:1033F0007861FB68FA889A84FB68FA88DA8442E08C
:10340000FB68DB8C9BB2013B9AB2FB68DA84FB68F9
:103410009B68B3F5805F22D13B6800937B690022F3
:103420008021F86800F0B0F90346002B01D0032397
:1034300046E0BB683B613B691B881A46FB681B681A
:10344000C2F308025A60FB681B69002B03D1BB68FA
:103450000233BB6017E0BB680133BB6013E03B681D
:1034600000937B6900228021F86800F08DF9034603
:10347000002B01D0032323E0BB685A1CBA601A78E2
:10348000FB681B685A60FB68DB8C9BB2002BB7D1D2
:103490003B6800937B6900224021F86800F074F9D2
:1034A0000346002B01D003230AE0FB68202283F8A7
:1034B0003920FB68002283F83820002300E0022333
:1034C00018461837BD4680BD80B485B000AFF8609F
:1034D000B9601346FB80FB6893F83A30DBB2202BCF
:1034E00040D1BB68002B02D0FB88002B01D1012307
:1034F00039E0FB6893F83830012B01D1022332E028
:10350000FB68012283F83820FB68BA689A62FB687E
:10351000FA889A85FB68FA88DA85FB680022DA6304
:10352000FB68222283F83A20FB68002283F83820C7
:10353000FB681B68DA68FB681B6842F48072DA601B
:10354000FB681B685A69FB681B6842F001025A61FC
:10355000FB681B68DA68FB681B6842F02002DA60CF
:10356000002300E0022318461437BD4680BC704794
:1035700080B588B000AF78607B681B681B68FB6112
:103580007B681B68DB68BB617B681B685B697B6170
:1035900000233B610023FB60FB6903F00F033B61E9
:1035A0003B69002B0DD1FB6903F02003002B08D0F1
:1035B000BB6903F02003002B03D0786800F0CCF93E
:1035C000CBE03B69002B00F0AB807B6903F001038B
:1035D000002B05D1BB6903F49073002B00F0A08091
:1035E000FB6903F00103002B0AD0BB6903F480736D
:1035F000002B05D07B68DB6B43F001027B68DA634C
:10360000FB6903F00403002B0AD07B6903F001037C
:10361000002B05D07B68DB6B43F002027B68DA632A
:10362000FB6903F00203002B0AD07B6903F001035E
:10363000002B05D07B68DB6B43F004027B68DA6308
:10364000FB6903F00803002B0AD07B6903F0010338
:10365000002B05D07B68DB6B43F008027B68DA63E4
:103660007B68DB6B002B77D0FB6903F02003002B1A
:1036700007D0BB6903F02003002B02D0786800F06C
:103680006BF97B681B685B6903F04003002B14BF78
:1036900001230023DBB2FB607B68DB6B03F00803D4
:1036A000002B02D1FB68002B31D0786800F0B6F80F
:1036B0007B681B685B6903F04003002B23D07B68A9
:1036C0001B685A697B681B6822F040025A617B685C
:1036D0005B6B002B13D07B685B6B214A5A637B6862
:1036E0005B6B1846FDF7BAFB0346002B16D07B68D0
:1036F0005B6B5B6B7A68526B104698470EE078689C
:1037000000F039F80AE0786800F035F806E07868EB
:1037100000F031F87B680022DA631DE000BF1BE097
:10372000FB6903F08003002B08D0BB6903F0800322
:10373000002B03D0786800F0A2F80EE0FB6903F0DC
:103740004003002B09D0BB6903F04003002B04D0D9
:10375000786800F0E9F800E000BF2037BD4680BD82
:103760005738000880B483B000AF786000BF0C37D2
:10377000BD4680BC704780B483B000AF786000BFA6
:103780000C37BD4680BC704780B584B000AFF86090
:10379000B9603B601346FB712CE0BB69B3F1FF3F9E
:1037A00028D0BB69002B07D0FDF76EFA02463B68B4
:1037B000D31ABA699A421DD2FB681B68DA68FB68A3
:1037C0001B6822F4D072DA60FB681B685A69FB68D8
:1037D0001B6822F001025A61FB68202283F839201D
:1037E000FB68202283F83A20FB68002283F8382007
:1037F00003230FE0FB681B681A68BB681340BA68B4
:103800009A420CBF01230023DBB21A46FB799A428D
:10381000C3D0002318461037BD4680BD80B483B0A6
:1038200000AF78607B681B68DA687B681B6822F4ED
:103830009072DA607B681B685A697B681B6822F0AB
:1038400001025A617B68202283F83A2000BF0C37BE
:10385000BD4680BC704780B584B000AF78607B689F
:103860005B6AFB60FB680022DA85FB680022DA8471
:10387000F868FFF780FF00BF1037BD4680BD80B4F9
:1038800085B000AF78607B6893F83930DBB2212BCC
:1038900044D17B689B68B3F5805F1AD17B681B6A53
:1038A000FB60FB681B881A467B681B68C2F3080232
:1038B0005A607B681B69002B05D17B681B6A9A1CC8
:1038C0007B681A620EE07B681B6A5A1C7B681A626E
:1038D00008E07B681B6A591C7A6811621A787B6859
:1038E0001B685A607B68DB8C9BB2013B9BB27A6899
:1038F0001946D184002B0FD17B681B68DA687B687E
:103900001B6822F08002DA607B681B68DA687B68DB
:103910001B6842F04002DA60002300E002231846F0
:103920001437BD4680BC704780B582B000AF786068
:103930007B681B68DA687B681B6822F04002DA60EB
:103940007B68202283F839207868FFF70BFF00237B
:1039500018460837BD4680BD80B584B000AF78609A
:103960007B6893F83A30DBB2222B71D17B689B687D
:10397000B3F5805F23D17B689B6AFB607B681B6922
:10398000002B0ED17B681B685B689BB2C3F30803F6
:103990009AB2FB681A807B689B6A9A1C7B689A6261
:1039A00029E07B681B685B689BB2DBB29AB2FB685C
:1039B0001A807B689B6A5A1C7B689A621BE07B6852
:1039C0001B69002B0AD17B681B6858687B689B6A5F
:1039D000591C7A689162C2B21A700CE07B681B684D
:1039E0005B68DAB27B689B6A581C7968886202F06F
:1039F0007F02D2B21A707B68DB8D9BB2013B9BB217
:103A00007A681946D185002B20D17B681B68DA685B
:103A10007B681B6822F02002DA607B681B68DA682A
:103A20007B681B6822F48072DA607B681B685A69C5
:103A30007B681B6822F001025A617B68202283F8B0
:103A40003A20786806F008FB002302E0002300E03B
:103A5000022318461037BD4680BD000080B584B0F3
:103A600000AF78607B681B681B6923F440517B685A
:103A7000DA687B681B680A431A617B689A687B680E
:103A80001B691A437B685B691343FB607B681B6897
:103A9000DB6823F4B05323F00C037A681268F968EA
:103AA0000B43D3607B681B685B6923F440717B68C0
:103AB0009A697B681B680A435A617B681B68524A93
:103AC00093424ED1FEF75EFFB860BA6813469B0082
:103AD00013449A001A447B685B689B00B2FBF3F3C3
:103AE0004A4AA2FB03235B091901BA6813469B00EB
:103AF00013449A001A447B685B689B00B2FBF3F2A4
:103B0000424BA3FB02035B09642000FB03F3D31ABF
:103B10001B0132333D4AA2FB03235B0903F0F00390
:103B20001944BA6813469B0013449A001A447B68F0
:103B30005B689B00B2FBF3F2344BA3FB02035B090F
:103B4000642000FB03F3D31A1B0132332F4AA2FB7C
:103B500003235B0903F00F027B681B680A449A6029
:103B60004DE0FEF7FBFEB860BA6813469B001344B5
:103B70009A001A447B685B689B00B2FBF3F3234A0C
:103B8000A2FB03235B091901BA6813469B00134487
:103B90009A001A447B685B689B00B2FBF3F21B4BF4
:103BA000A3FB02035B09642000FB03F3D31A1B0190
:103BB0003233164AA2FB03235B0903F0F0031944D6
:103BC000BA6813469B0013449A001A447B685B68EA
:103BD0009B00B2FBF3F20D4BA3FB02035B096420D5
:103BE00000FB03F3D31A1B013233084AA2FB032361
:103BF0005B0903F00F027B681B680A449A6000BFF0
:103C00001037BD4680BD00BF003801401F85EB5115
:103C100084B080B483B000AF786007F1140080E80E
:103C20000E00002318460C37BD4680BC04B0704718
:103C300080B485B000AF78604FF43F43FB817B6870
:103C4000B3F840309AB2FB8913439AB27B68A3F869
:103C50004020002318461437BD4680BC704780B40E
:103C600085B000AF78604FF43F43FB817B68B3F8C9
:103C700040309BB21AB2B7F90E30DB431BB213408F
:103C80001BB29AB27B68A3F8402000231846143771
:103C9000BD4680BC704780B483B000AF78600B46EF
:103CA000FB70002318460C37BD4680BC704784B0BB
:103CB00080B582B000AF786007F1140080E80E0094
:103CC0007B680122A3F840207B680022A3F84020F3
:103CD0007B680022A3F844207B680022A3F85020D0
:103CE0007868FFF7A5FF002318460837BD46BDE8F2
:103CF000804004B07047000090B484B000AF78609A
:103D000039600023FB737A683B681B789B0013447F
:103D10001B889BB223F4EC4323F07003BB813B6808
:103D2000DB78032B19D801A252F823F03D3D00089F
:103D3000513D0008613D0008473D0008BB8943F440
:103D40000073BB810DE0BB8943F4C063BB8108E015
:103D5000BB8943F48063BB8103E00123FB7300E074
:103D600000BF7A683B681B789B001A44BB8943F00C
:103D70007F4343F47F0343F4004343F080039BB24B
:103D800013807A683B681B789B0013441B889BB2A6
:103D900023F4E04323F070039BB23A681278134394
:103DA0009CB27A683B681B789B001A44894B23437A
:103DB0009BB213803B681B7B002B40F011813B685A
:103DC0005B78002B67D07C687B68B3F850309BB27F
:103DD0001C443B681B781B01234403F580631C468D
:103DE0003B68DB885B089BB25B009BB223807A68F0
:103DF0003B681B789B0013441B889CB2234603F04E
:103E00004003002B14D07A683B681B789B00134456
:103E10001B889BB223F4E04323F070039CB27A68C2
:103E20003B681B789B001A446B4B23439BB2138067
:103E30003B68DB78012B18D07A683B681B789B00C5
:103E400013441B889BB223F4E04323F040039CB24D
:103E500084F020039CB27A683B681B789B001A446C
:103E60005C4B23439BB213802AE27A683B681B7841
:103E70009B0013441B889BB223F4E04323F04003D0
:103E80009CB27A683B681B789B001A44514B2343D1
:103E90009BB2138014E27C687B68B3F850309BB20D
:103EA0001C443B681B781B01234403F581631C46BB
:103EB0003B68DB885B089BB25B009BB223807C681D
:103EC0007B68B3F850309BB21C443B681B781B01E5
:103ED000234403F20C431C463B681B69002B0ED1A4
:103EE00023889BB223F4F8439BB2238023889BB2A0
:103EF0006FEA43436FEA53439BB223802DE03B6854
:103F00001B693E2B12D83B681B695B08BB603B6892
:103F10001B6903F00103002B02D0BB680133BB60B7
:103F2000BB689BB29B029BB2238016E03B681B6977
:103F30005B09BB603B681B6903F01F03002B02D1C8
:103F4000BB68013BBB60BB689BB29B029BB26FEA44
:103F500043436FEA53439BB223807A683B681B78E4
:103F60009B0013441B889CB2234603F48043002B20
:103F700014D07A683B681B789B0013441B889BB263
:103F800023F4E04323F070039CB27A683B681B780B
:103F90009B001A44114B23439BB213807A683B6801
:103FA0001B789B0013441B889BB223F4804323F0AF
:103FB00070039CB284F480539CB284F400539CB28E
:103FC0007A683B681B789B001A44024B23439BB2E0
:103FD000138075E18080FFFFC080FFFF80C0FFFF7E
:103FE0007A683B681B789B0013441B889BB223F4C0
:103FF000E04323F070039CB27A683B681B789B0017
:104000001A44964B23439BB213807C687B68B3F8B9
:1040100050309BB21C443B681B781B01234403F5C2
:1040200080631C463B681B895B089BB25B009BB2AC
:1040300023807C687B68B3F850309BB21C443B689B
:104040001B781B01234403F581631C463B685B8995
:104050005B089BB25B009BB223803B685B78002BC4
:1040600040F088807A683B681B789B0013441B886B
:104070009CB2234603F48043002B14D07A683B683B
:104080001B789B0013441B889BB223F4E04323F06E
:1040900070039CB27A683B681B789B001A44704B93
:1040A00023439BB213807A683B681B789B001344C0
:1040B0001B889CB2234603F04003002B14D07A687F
:1040C0003B681B789B0013441B889BB223F4E0439E
:1040D00023F070039CB27A683B681B789B001A44FB
:1040E000604B23439BB213807A683B681B789B002C
:1040F00013441B889BB223F4E04323F070039CB26B
:104100007A683B681B789B001A44564B23439BB24A
:1041100013807A683B681B789B0013441B889BB212
:1041200023F4804323F070039CB284F480539CB248
:1041300084F400539CB27A683B681B789B001A4455
:10414000494B23439BB213807A683B681B789B00E2
:1041500013441B889BB223F4E04323F040039CB23A
:104160007A683B681B789B001A443F4B23439BB201
:104170001380A5E07A683B681B789B0013441B887A
:104180009CB2234603F48043002B14D07A683B682A
:104190001B789B0013441B889BB223F4E04323F05D
:1041A00070039CB27A683B681B789B001A442C4BC6
:1041B00023439BB213807A683B681B789B001344AF
:1041C0001B889CB2234603F04003002B14D07A686E
:1041D0003B681B789B0013441B889BB223F4E0438D
:1041E00023F070039CB27A683B681B789B001A44EA
:1041F0001C4B23439BB213807A683B681B789B005F
:1042000013441B889BB223F4E04323F070039CB259
:104210007A683B681B789B001A44114B23439BB27E
:1042200013803B68DB78012B20D07A683B681B78D1
:104230009B0013441B889BB223F4E04323F040030C
:104240009CB284F020039CB27A683B681B789B0088
:104250001A44054B23439BB213801CE08081FFFF6F
:1042600080C0FFFFC080FFFF8080FFFF7A683B684F
:104270001B789B0013441B889BB223F4E04323F07C
:1042800040039CB27A683B681B789B001A440F4B32
:1042900023439BB213807A683B681B789B001344CE
:1042A0001B889BB223F4804323F070039CB27A688E
:1042B0003B681B789B001A44044B23439BB213803A
:1042C000FB7B18461037BD4690BC70478080FFFFCF
:1042D00090B482B000AF786039603B681B7B002BE4
:1042E00071D13B685B78002B36D07A683B681B78CD
:1042F0009B0013441B889CB2234603F04003002B11
:1043000014D07A683B681B789B0013441B889BB2CF
:1043100023F4E04323F070039CB27A683B681B7877
:104320009B001A446B4B23439BB213807A683B6813
:104330001B789B0013441B889BB223F4E04323F0BB
:1043400040039CB27A683B681B789B001A44624B1E
:1043500023439BB2138044E17A683B681B789B003F
:1043600013441B889CB2234603F48043002B14D0D3
:104370007A683B681B789B0013441B889BB223F42C
:10438000E04323F070039CB27A683B681B789B0083
:104390001A44524B23439BB213807A683B681B78C4
:1043A0009B0013441B889BB223F4804323F07003CB
:1043B0009CB27A683B681B789B001A44464B2343A7
:1043C0009BB213800DE13B685B78002B40F0888046
:1043D0007A683B681B789B0013441B889CB2234679
:1043E00003F48043002B14D07A683B681B789B0051
:1043F00013441B889BB223F4E04323F070039CB268
:104400007A683B681B789B001A44344B23439BB269
:1044100013807A683B681B789B0013441B889CB20E
:10442000234603F04003002B14D07A683B681B78C6
:104430009B0013441B889BB223F4E04323F07003DA
:104440009CB27A683B681B789B001A44214B23433B
:104450009BB213807A683B681B789B0013441B88CF
:104460009BB223F4E04323F070039CB27A683B686C
:104470001B789B001A44174B23439BB213807A6826
:104480003B681B789B0013441B889BB223F480433A
:1044900023F070039CB27A683B681B789B001A4437
:1044A0000D4B23439BB213807A683B681B789B00BB
:1044B00013441B889BB223F4E04323F040039CB2D7
:1044C0007A683B681B789B001A44034B23439BB2DA
:1044D000138086E0C080FFFF8080FFFF80C0FFFF69
:1044E0007A683B681B789B0013441B889CB2234668
:1044F00003F48043002B14D07A683B681B789B0040
:1045000013441B889BB223F4E04323F070039CB256
:104510007A683B681B789B001A44354B23439BB257
:1045200013807A683B681B789B0013441B889CB2FD
:10453000234603F04003002B14D07A683B681B78B5
:104540009B0013441B889BB223F4E04323F07003C9
:104550009CB27A683B681B789B001A44254B234326
:104560009BB213807A683B681B789B0013441B88BE
:104570009BB223F4E04323F070039CB27A683B685B
:104580001B789B001A441A4B23439BB213807A6812
:104590003B681B789B0013441B889BB223F4E043C9
:1045A00023F040039CB27A683B681B789B001A4456
:1045B000114B23439BB213807A683B681B789B00A6
:1045C00013441B889BB223F4804323F070039CB2F6
:1045D0007A683B681B789B001A44074B23439BB2C5
:1045E0001380002318460837BD4690BC704700BFB3
:1045F00080C0FFFFC080FFFF8080FFFF90B58DB0BF
:1046000000AF786039603B685B78012B40F06081D7
:104610003B689A693B681B699A4209D93B681B69E8
:10462000BB623B689A69BB6AD21A3B689A6105E033
:104630003B689B69BB623B6800229A613B681B7BBD
:10464000002B19D13B6859693B68DA88BB6A9BB279
:10465000786800F0A2FB7C687B68B3F850309BB2AE
:104660001C443B681B781B01234403F204431C4693
:10467000BB6A9BB223800FE17A683B681B789B0082
:1046800013441B889BB203F04003002B65D07C6869
:104690003B685B78002B48D17C687B68B3F850306E
:1046A0009BB21C443B681B781B01234403F20C4360
:1046B0001C46BB6A002B0ED123889BB223F4F8431F
:1046C0009BB2238023889BB26FEA43436FEA534334
:1046D0009BB223803DE0BB6A3E2B10D8BB6A5B08CF
:1046E0007B62BB6A03F00103002B02D07B6A0133BB
:1046F0007B627B6A9BB29B029BB2238029E0BB6AF0
:104700005B097B62BB6A03F01F03002B02D17B6A4B
:10471000013B7B627B6A9BB29B029BB26FEA434385
:104720006FEA53439BB2238013E03B685B78012B15
:104730000FD17B68B3F850309BB21C443B681B78A8
:104740001B01234403F20C43FB60BB6A9AB2FB6873
:104750001A803B685B89FB8563E03B685B78002BD4
:1047600048D17C687B68B3F850309BB21C443B68EE
:104770001B781B01234403F204431C46BB6A002B35
:104780000ED123889BB223F4F8439BB22380238865
:104790009BB26FEA43436FEA53439BB223803DE0F1
:1047A000BB6A3E2B10D8BB6A5B083B62BB6A03F056
:1047B0000103002B02D03B6A01333B623B6A9BB290
:1047C0009B029BB2238029E0BB6A5B093B62BB6A08
:1047D00003F01F03002B02D13B6A013B3B623B6AA3
:1047E0009BB29B029BB26FEA43436FEA53439BB277
:1047F000238013E03B685B78012B0FD17C687B68DA
:10480000B3F850309BB21C443B681B781B01234417
:1048100003F204431C46BB6A9BB223803B681B899E
:10482000FB853B685969BB6A9BB2FA8D786800F0DA
:10483000B4FA3B685B78002B15D17A683B681B782B
:104840009B0013441B889BB223F4E04323F07003C6
:104850009CB27A683B681B789B001A44904B2343B8
:104860009BB2138018E03B685B78012B14D17A6807
:104870003B681B789B0013441B889BB223F4E043E6
:1048800023F070039CB27A683B681B789B001A4443
:10489000844B23439BB213807A683B681B789B0050
:1048A00013441B889BB223F4E04323F040039CB2E3
:1048B00084F010039CB284F020039CB27A683B68B9
:1048C0001B789B001A44784B23439BB2138046E12C
:1048D0003B689A693B681B699A4209D93B681B6926
:1048E000BB623B689A69BB6AD21A3B689A6105E071
:1048F0003B689B69BB623B6800229A613B681B7BFB
:10490000002B48D17C687B68B3F850309BB21C44C4
:104910003B681B781B01234403F20C431C46BB6A13
:10492000002B0ED123889BB223F4F8439BB2238043
:1049300023889BB26FEA43436FEA53439BB22380C1
:10494000F2E0BB6A3E2B10D8BB6A5B08FB61BB6A16
:1049500003F00103002B02D0FB690133FB61FB690B
:104960009BB29B029BB22380DEE0BB6A5B09FB61CA
:10497000BB6A03F01F03002B02D1FB69013BFB6103
:10498000FB699BB29B029BB26FEA43436FEA5343BE
:104990009BB22380C8E03B685B78002B48D17C68E1
:1049A0007B68B3F850309BB21C443B681B781B01FA
:1049B000234403F204431C46BB6A002B0ED1238818
:1049C0009BB223F4F8439BB2238023889BB26FEA07
:1049D00043436FEA53439BB223803DE0BB6A3E2BC7
:1049E00010D8BB6A5B08BB61BB6A03F00103002BF4
:1049F00002D0BB690133BB61BB699BB29B029BB216
:104A0000238029E0BB6A5B09BB61BB6A03F01F031B
:104A1000002B02D1BB69013BBB61BB699BB29B020E
:104A20009BB26FEA43436FEA53439BB2238013E088
:104A30003B685B78012B0FD17C687B68B3F8503002
:104A40009BB21C443B681B781B01234403F20443C4
:104A50001C46BB6A9BB223807C683B685B78002B5A
:104A60004ED17C687B68B3F850309BB21C443B68E5
:104A70001B781B01234403F20C431C46BB6A002B2A
:104A800014D123889BB223F4F8439BB2238023885C
:104A90009BB26FEA43436FEA53439BB2238043E0E8
:104AA000C080FFFF80C0FFFF8080FFFFBB6A3E2BFE
:104AB00010D8BB6A5B087B61BB6A03F00103002B63
:104AC00002D07B6901337B617B699BB29B029BB205
:104AD000238029E0BB6A5B097B61BB6A03F01F038B
:104AE000002B02D17B69013B7B617B699BB29B02FE
:104AF0009BB26FEA43436FEA53439BB2238013E0B8
:104B00003B685B78012B0FD17B68B3F850309BB2C8
:104B10001C443B681B781B01234403F20C433B619C
:104B2000BB6A9AB23B691A807A683B681B789B0023
:104B300013441B889BB223F4804323F070039CB280
:104B400084F480539CB284F400539CB27A683B682E
:104B50001B789B001A44044B23439BB21380002311
:104B600018463437BD4690BD8080FFFF90B482B0B8
:104B700000AF786039603B685B78002B18D07A68AA
:104B80003B681B789B0013441B889BB223F4E043D3
:104B900023F040039CB284F010039CB27A683B6817
:104BA0001B789B001A44114B23439BB2138017E0E0
:104BB0007A683B681B789B0013441B889BB223F4E4
:104BC000804323F070039CB284F480539CB27A68D3
:104BD0003B681B789B001A44044B23439BB2138011
:104BE000002318460837BD4690BC70478080FFFF01
:104BF00090B482B000AF786039603B681B7B002BBB
:104C00007DD13B685B78002B3DD07A683B681B7890
:104C10009B0013441B889CB2234603F04003002BE7
:104C200014D07A683B681B789B0013441B889BB2A6
:104C300023F4E04323F070039CB27A683B681B784E
:104C40009B001A44314B23439BB213803B68DB78B3
:104C5000012B54D07A683B681B789B0013441B8857
:104C60009BB223F4E04323F040039CB284F0200382
:104C70009CB27A683B681B789B001A44244B234300
:104C80009BB213803BE07A683B681B789B0013441F
:104C90001B889CB2234603F48043002B14D07A680F
:104CA0003B681B789B0013441B889BB223F4E043B2
:104CB00023F070039CB27A683B681B789B001A440F
:104CC000144B23439BB213807A683B681B789B008C
:104CD00013441B889BB223F4804323F070039CB2DF
:104CE00084F480539CB284F400539CB27A683B688D
:104CF0001B789B001A44064B23439BB2138000236E
:104D000018460837BD4690BC704700BFC080FFFF03
:104D10008080FFFF80C0FFFF80B483B000AF786069
:104D20000B46FB70FB78002B03D17B688022A3F835
:104D30004C20002318460C37BD4680BC704780B419
:104D400083B000AF7860002318460C37BD4680BCA6
:104D5000704780B483B000AF7860002318460C37EA
:104D6000BD4680BC704780B485B000AF78607B687A
:104D7000B3F844309BB2FB60FB6818461437BD465D
:104D800080BC704780B483B000AF78603960002386
:104D900018460C37BD4680BC704780B48DB000AF5C
:104DA000F860B96011461A460B46FB801346BB807B
:104DB000BB8801335B083B62FB68FB61BB687B62BD
:104DC000FB885A00FB69134403F58063BB623B6AAE
:104DD000FB621DE07B6A1B78BB617B6A01337B62EF
:104DE0007B6A1B781B029BB21A46BB6913437B612B
:104DF0007B699AB2BB6A1A80BB6A0233BB62BB6A28
:104E00000233BB627B6A01337B62FB6A013BFB625C
:104E1000FB6A002BDED100BF00BF3437BD4680BC2B
:104E2000704780B48BB000AFF860B96011461A4685
:104E30000B46FB801346BB80BB885B089BB2BB6103
:104E4000FB687B61BB68FB61FB885A007B6913448C
:104E500003F580633B62BB697B621BE03B6A1B8896
:104E60009BB23B613B6A02333B623B69DAB2FB694E
:104E70001A70FB690133FB613B691B0ADAB2FB69FB
:104E80001A70FB690133FB613B6A02333B627B6A48
:104E9000013B7B627B6A002BE0D1BB8803F00103FE
:104EA0009BB2002B07D03B6A1B889BB23B613B69DE
:104EB000DAB2FB691A7000BF2C37BD4680BC704760
:104EC00080B584B000AF78600B46FB700023FB73A5
:104ED000402303228121786804F087FD7B6801224A
:104EE000DA62402303220121786804F07EFD7B68AA
:104EF0000122C3F86C21542004F098FE02467B681E
:104F0000C3F8B8227B68D3F8B832002B02D1012352
:104F1000FB7312E07B68D3F8B832BB60BB68002239
:104F200083F850207B68D3F8BC325B689847BA6836
:104F300040230121786804F042FEFB7B18461037BD
:104F4000BD4680BD80B582B000AF78600B46FB7077
:104F50008121786804F06FFD7B680022DA6201210C
:104F6000786804F068FD7B680022C3F86C217B68D8
:104F7000D3F8B832002B0ED07B68D3F8BC329B68D4
:104F800098477B68D3F8B832184604F05BFE7B681C
:104F90000022C3F8B822002318460837BD4680BD5A
:104FA00080B588B000AF786039607B68D3F8B832DC
:104FB0003B610023FB830023BB610023FB810023B3
:104FC000FB753B681B7803F06003002B51D0202B4E
:104FD00040F0D8803B685B78023B092B41D801A2A6
:104FE00052F823F03D5000081B50000863500008A1
:104FF00063500008635000086350000863500008C5
:105000004D5000082B5000080D5000083B685B888D
:10501000DBB21A463B691A642AE03B69403301223D
:105020001946786801F09CF922E03B685B881B0A0E
:105030009BB2DBB21A463B695A6419E03B694433C0
:1050400001221946786801F08BF911E03B690122D1
:10505000DA6439693B68DB881A46786801F0AEF992
:1050600006E03968786801F011F90223FB7500BF8A
:105070008FE03B685B780B2B7CD801A252F823F0C1
:10508000B1500008755100087551000875510008AD
:105090007551000875510008D95000087551000875
:1050A0007551000875510008275100084F5100083C
:1050B0007B6893F89C32032B07D107F10E03022281
:1050C0001946786801F04CF95BE03968786801F0BE
:1050D000DDF80223FB7554E03B685B881B0A9BB23A
:1050E000222B0BD13B68DB88222B28BF2223FB839A
:1050F0007B68D3F8BC321B68BB610DE03B685B8802
:105100001B0A9BB2212B07D1244BBB613B68DB8878
:10511000092B28BF0923FB83FB8B1A46B9697868E2
:1051200001F01EF92DE07B6893F89C32032B07D128
:105130003B69483301221946786801F011F920E0F3
:105140003968786801F0A2F80223FB7519E07B68E2
:1051500093F89C32032B06D13B685B88DBB21A467E
:105160003B699A640DE03968786801F08FF8022392
:10517000FB7506E03968786801F088F80223FB7552
:1051800000BF06E03968786801F080F80223FB75FB
:1051900000BFFB7D18462037BD4680BDC8000020FB
:1051A00080B586B000AFF860B9601346FB80FB683D
:1051B000D3F8B8327B61FB6893F89C32032B11D192
:1051C0007B6993F85030002B0AD17B69012283F868
:1051D0005020FB88BA688121F86804F0CDFC01E01A
:1051E000012300E0002318461837BD4680BD0000AB
:1051F00080B483B000AF78607B6829221A80034BAB
:1052000018460C37BD4680BC704700BF44000020E4
:1052100080B483B000AF78607B6829221A80034B8A
:1052200018460C37BD4680BC704700BF7000002098
:1052300080B483B000AF78607B6829221A80034B6A
:1052400018460C37BD4680BC704700BF9C0000204C
:1052500080B483B000AF78600B46FB707B68D3F8F6
:10526000B832002283F85020002318460C37BD4680
:1052700080BC704780B584B000AF78600B46FB708F
:105280007B68D3F8B832FB607B68D3F8BC32DB684C
:10529000FA681078FA68527811469847FA684023FD
:1052A0000121786804F08BFC002318461037BD46B6
:1052B00080BD80B584B000AF78607B68D3F8B83229
:1052C000FB60FB68DB6C012B0CD17B68D3F8BC3234
:1052D000DB68FA681078FA68527811469847FB68DC
:1052E0000022DA64002318461037BD4680BD000056
:1052F00080B483B000AF78607B680A221A80034BC9
:1053000018460C37BD4680BC704700BFD400002053
:1053100080B485B000AF786039600223FB733B68CE
:10532000002B05D07B683A68C3F8BC220023FB73CE
:10533000FB7B18461437BD4680BC704780B584B0EF
:1053400000AFF860B9601346FB71FB68002B01D118
:1053500002231AE0FB68D3F8B432002B03D0FB68B9
:105360000022C3F8B422BB68002B03D0FB68BA68E4
:10537000C3F8B022FB68012283F89C22FB68FA790B
:105380001A70F86804F0C6FA002318461037BD46B4
:1053900080BD80B485B000AF786039600023FB73B6
:1053A0003B68002B06D07B683A68C3F8B422002320
:1053B000FB7301E00223FB73FB7B18461437BD46E9
:1053C00080BC704780B582B000AF7860786804F028
:1053D000F1FA002318460837BD4680BD80B483B07B
:1053E00000AF7860002318460C37BD4680BC70477C
:1053F00080B584B000AF78600B46FB700223FB736E
:105400007B68D3F8B432002B0CD07B68D3F8B4326D
:105410001B68FA781146786898470346002B01D13B
:105420000023FB73FB7B18461037BD4680BD80B55B
:1054300082B000AF78600B46FB707B68D3F8B43263
:105440005B68FA7811467868984700231846083751
:10545000BD4680BD80B582B000AF786039607B68A2
:1054600003F52A733968184600F0D7FE7B680122DD
:10547000C3F894227B68B3F8AE321A467B68C3F84F
:1054800098227B6893F8A83203F01F03022B16D0F2
:10549000022B1CD8002B02D0012B08D017E07B6810
:1054A00003F52A731946786800F0CAF91AE07B6898
:1054B00003F52A731946786800F02CFA12E07B682D
:1054C00003F52A731946786800F06CFA0AE07B68E5
:1054D00093F8A83223F07F03DBB21946786804F012
:1054E000C9FA00BF002318460837BD4680BD80B505
:1054F00086B000AFF8600B467A60FB72FB7A002B37
:105500004BD1FB6803F5AA737B61FB68D3F8943237
:10551000032B34D17B69DA687B691B699A4219D9FC
:105520007B69DA687B691B69D21A7B69DA607B69FF
:10553000DA687B691B699A4203D27B69DB689BB29C
:1055400002E07B691B699BB21A467968F86800F033
:1055500053FF38E0FB68D3F8B4321B69002B0AD044
:10556000FB6893F89C32032B05D1FB68D3F8B43267
:105570001B69F8689847F86800F050FF23E0FB6863
:10558000D3F89432052B1ED1FB680022C3F8942275
:105590000021F86804F06EFA15E0FB68D3F8B43225
:1055A0009B69002B0DD0FB6893F89C32032B08D12C
:1055B000FB68D3F8B4329B69FA7A1146F8689847C9
:1055C00001E0022300E0002318461837BD4680BDE5
:1055D00080B586B000AFF8600B467A60FB72FB7A4C
:1055E000002B7FD1FB6814337B61FB68D3F89432C6
:1055F000022B5CD17B69DA687B691B699A4215D9F9
:105600007B69DA687B691B69D21A7B69DA607B691E
:10561000DB689BB21A467968F86800F0BDFE00238B
:1056200000220021F86804F0CAFA4EE07B699B680A
:105630007A691269B3FBF2F101FB02F29B1A002BAB
:105640001CD17B699A687B691B699A4216D37B6976
:105650009A68FB68D3F898329A420FD20022002150
:10566000F86800F099FEFB680022C3F89822002336
:1056700000220021F86804F0A2FA26E0FB68D3F8C3
:10568000B432DB68002B0AD0FB6893F89C32032B02
:1056900005D1FB68D3F8B432DB68F86898478021FD
:1056A000F86804F0E7F9F86800F0CBFE0DE0FB685D
:1056B000D3F89432042B04D0FB68D3F89432002B37
:1056C00003D18021F86804F0D5F9FB6893F8A03283
:1056D000012B1DD1F868FFF781FEFB68002283F8DB
:1056E000A02215E0FB68D3F8B4325B69002B0DD023
:1056F000FB6893F89C32032B08D1FB68D3F8B432D3
:105700005B69FA7A1146F868984701E0022300E0E5
:10571000002318461837BD4680BD80B582B000AF63
:105720007860402300220021786804F05EF97B68ED
:105730000122C3F858217B684022C3F8642140232A
:1057400000228021786804F050F97B6801229A6178
:105750007B6840225A627B68012283F89C227B6826
:105760000022C3F894227B6800225A607B680022E2
:10577000C3F8A4227B68D3F8B832002B09D07B6829
:10578000D3F8B4325B687A685268D2B2114678684E
:105790009847002318460837BD4680BD80B483B0C3
:1057A00000AF78600B46FB707B68FA781A740023B0
:1057B00018460C37BD4680BC704780B483B000AF3C
:1057C00078607B6893F89C227B6883F89D227B68D5
:1057D000042283F89C22002318460C37BD4680BC67
:1057E000704780B483B000AF78607B6893F89C32D8
:1057F000042B05D17B6893F89D227B6883F89C225B
:10580000002318460C37BD4680BC704780B582B077
:1058100000AF78607B6893F89C32032B0BD17B68D8
:10582000D3F8B432DB69002B05D07B68D3F8B432EF
:10583000DB6978689847002318460837BD4680BD65
:1058400080B584B000AF786039600023FB733B689B
:105850001B7803F06003402B05D0402B4FD8002B62
:1058600009D0202B4BD17B68D3F8B4329B683968C0
:105870007868984748E03B685B78092B39D801A2E3
:1058800052F823F0D5580008E9580008F3580008EA
:10589000DF580008F3580008B7580008AD58000852
:1058A000F3580008CB580008C158000839687868D8
:1058B00000F0DCF922E03968786800F03FFB1DE079
:1058C0003968786800F07EFB18E03968786800F085
:1058D00007FC13E03968786800F037FC0EE039689F
:1058E000786800F065FC09E03968786800F074FCBD
:1058F00004E03968786800F0C9FC00BF04E039684A
:10590000786800F0C3FC00BFFB7B18461037BD462B
:1059100080BD00BF80B584B000AF786039600023DF
:10592000FB733B681B7803F06003402B05D0402BD2
:105930002ED8002B01D0202B2AD17B6893F89C32E3
:10594000013B022B1DD83B689B88DBB2012B13D88F
:105950007B68D3F8B4329B68396878689847034607
:10596000FB733B68DB88002B10D1FB7B002B0DD138
:10597000786800F053FD09E03968786800F086FC2B
:1059800004E03968786800F081FC00E000BF04E0C2
:105990003968786800F07AFC00BF00231846103799
:1059A000BD4680BD80B584B000AF7860396000230B
:1059B000FB733B689B88BB733B681B7803F06003F9
:1059C000402B07D0402B00F24681002B0AD0202B21
:1059D00040F041817B68D3F8B4329B6839687868BD
:1059E00098473DE13B681B7803F06003202B0AD108
:1059F0007B68D3F8B4329B68396878689847034667
:105A0000FB73FB7B2DE13B685B78032B07D0032BFB
:105A100000F31B81002B72D0012B3AD015E17B687B
:105A200093F89C32022B02D0032B15D02BE0BB7BCA
:105A3000002B0CD0BB7B802B09D0BB7B1946786830
:105A400004F018F88021786804F014F820E0396830
:105A5000786800F01BFC1BE03B685B88002B0ED1D4
:105A6000BB7B002B0BD0BB7B802B08D03B68DB883B
:105A7000002B04D1BB7B1946786803F0FBFF7868E4
:105A800000F0CCFC04E03968786800F0FFFB00BF50
:105A9000E0E07B6893F89C32022B02D0032B15D0F8
:105AA00026E0BB7B002B0CD0BB7B802B09D0BB7BC3
:105AB0001946786803F0DEFF8021786803F0DAFF8A
:105AC0001CE03968786800F0E1FB17E03B685B8810
:105AD000002B12D1BB7B03F07F03002B04D0BB7BD8
:105AE0001946786803F0E5FF786800F097FC04E059
:105AF0003968786800F0CAFB00E000BFAAE07B6864
:105B000093F89C32022B02D0032B32D097E0BB7B60
:105B1000002B07D0BB7B802B04D03968786800F05D
:105B2000B5FB91E097F90E30002B0BDABB7B03F04D
:105B30007F0213469B0013449B0010337A68134482
:105B400004330BE0BB7B03F07F0213469B0013443E
:105B50009B0003F5A8737A6813440433BB60BB68E9
:105B600000221A60BB6802221946786800F0F8FB30
:105B70006AE097F90E30002B11DABB7B03F00F02BD
:105B8000796813469B0013449B000B4418331B6831
:105B9000002B17D13968786800F078FB54E0BB7BA4
:105BA00003F00F02796813469B0013449B000B44DB
:105BB00003F5AC731B68002B04D13968786800F0DA
:105BC00065FB41E097F90E30002B0BDABB7B03F04D
:105BD0007F0213469B0013449B0010337A681344E2
:105BE00004330BE0BB7B03F07F0213469B0013449E
:105BF0009B0003F5A8737A6813440433BB60BB7B36
:105C0000002B02D0BB7B802B03D1BB6800221A6023
:105C10000EE0BB7B1946786803F06AFF0346002B51
:105C200003D0BB6801221A6002E0BB6800221A6040
:105C3000BB6802221946786800F092FB04E03968DC
:105C4000786800F023FB00BF04E03968786800F052
:105C50001DFB00BF04E03968786800F017FB00BF47
:105C6000FB7B18461037BD4680BD000080B584B070
:105C700000AF7860396000233B810023FB60002384
:105C8000FB723B685B881B0A9BB2013B062B00F250
:105C9000288101A252F823F0B55C0008CD5C000811
:105CA0000D5D0008E35E0008E35E0008835E000807
:105CB000AF5E00087B68D3F8B0321B687A68127C4C
:105CC00007F1080110469847F86012E17B681B7CD9
:105CD000002B0DD17B68D3F8B4329B6A07F1080220
:105CE00010469847F860FB68013302221A7000E101
:105CF0007B68D3F8B432DB6A07F108021046984794
:105D0000F860FB68013302221A70F2E03B685B889E
:105D1000DBB2052B00F2AC8001A252F823F000BFE9
:105D2000395D00086D5D0008A15D0008D55D0008C3
:105D3000095E00083D5E00087B68D3F8B0325B68FE
:105D4000002B0BD07B68D3F8B0325B687A68127C8A
:105D500007F1080110469847F86091E039687868C3
:105D600000F094FAFB7A0133FB7289E07B68D3F888
:105D7000B0329B68002B0BD07B68D3F8B0329B68A5
:105D80007A68127C07F1080110469847F86077E0BE
:105D90003968786800F07AFAFB7A0133FB726FE0B9
:105DA0007B68D3F8B032DB68002B0BD07B68D3F86C
:105DB000B032DB687A68127C07F108011046984718
:105DC000F8605DE03968786800F060FAFB7A0133CA
:105DD000FB7255E07B68D3F8B0321B69002B0BD007
:105DE0007B68D3F8B0321B697A68127C07F108012E
:105DF00010469847F86043E03968786800F046FA42
:105E0000FB7A0133FB723BE07B68D3F8B0325B690D
:105E1000002B0BD07B68D3F8B0325B697A68127CB8
:105E200007F1080110469847F86029E0396878685A
:105E300000F02CFAFB7A0133FB7221E07B68D3F887
:105E4000B0329B69002B0BD07B68D3F8B0329B69D2
:105E50007A68127C07F1080110469847F8600FE055
:105E60003968786800F012FAFB7A0133FB7207E0B8
:105E70003968786800F00AFAFB7A0133FB7238E07F
:105E800037E07B681B7C002B09D17B68D3F8B432E8
:105E90005B6B07F1080210469847F86029E0396803
:105EA000786800F0F3F9FB7A0133FB7221E07B683C
:105EB0001B7C002B0DD17B68D3F8B4321B6B07F130
:105EC000080210469847F860FB68013307221A70F1
:105ED0000FE03968786800F0D9F9FB7A0133FB727A
:105EE00007E03968786800F0D1F9FB7A0133FB727A
:105EF00000BFFB7A002B1CD13B89002B11D03B68E3
:105F0000DB88002B0DD03B68DA883B89934228BFA1
:105F100013469BB23B813B891A46F968786800F0CA
:105F20001FFA3B68DB88002B04D1786800F076FA12
:105F300000E000BF1037BD4680BD00BF80B584B013
:105F400000AF786039603B689B88002B30D13B689C
:105F5000DB88002B2CD13B685B887F2B28D83B68E3
:105F60005B88DBB203F07F03FB737B6893F89C32A2
:105F7000032B04D13968786800F088F91DE07B684C
:105F8000FA7B83F89E22FB7B1946786803F0D5FDE7
:105F9000786800F043FAFB7B002B04D07B68022278
:105FA00083F89C2209E07B68012283F89C2204E0AC
:105FB0003968786800F06AF900BF00BF1037BD4645
:105FC00080BD000080B582B000AF786039603B686A
:105FD0005B88DAB2414B1A70404B1B78012B04D915
:105FE0003968786800F052F975E07B6893F89C3264
:105FF000022B02D0032B23D062E0384B1B78002BFE
:106000001AD0364B1B781A467B685A607B6803228D
:1060100083F89C22314B1B7819467868FFF7E8F922
:106020000346022B04D13968786800F02FF952E05A
:10603000786800F0F3F94EE0786800F0EFF94AE094
:10604000264B1B78002B12D17B68022283F89C22FE
:10605000224B1B781A467B685A60204B1B781946E6
:106060007868FFF7E4F9786800F0D8F933E01B4B63
:106070001B781A467B685B689A421DD07B685B6818
:10608000DBB219467868FFF7D2F9144B1B781A4631
:106090007B685A60114B1B7819467868FFF7A8F99E
:1060A0000346022B04D13968786800F0EFF812E05B
:1060B000786800F0B3F90EE0786800F0AFF90AE014
:1060C0003968786800F0E2F8044B1B781946786864
:1060D000FFF7ADF900BF0837BD4680BDF8020020CC
:1060E00080B582B000AF786039603B68DB88012BF7
:1060F00004D03968786800F0C9F822E07B6893F82A
:106100009C32022B02DC002B03DC15E0032B0BD0AE
:1061100012E07B6800229A607B68083301221946EE
:10612000786800F01DF90CE07B6804330122194601
:10613000786800F015F904E03968786800F0A6F88E
:1061400000BF00BF0837BD4680BD80B582B000AF3C
:10615000786039607B6893F89C32013B022B1ED833
:106160003B68DB88022B04D03968786800F08EF831
:106170001AE07B680122DA607B68D3F8A432002B36
:1061800005D07B68DB6843F002027B68DA607B68DD
:106190000C3302221946786800F0E2F804E039680E
:1061A000786800F073F800BF00BF0837BD4680BDB7
:1061B00080B582B000AF786039603B685B88012BA6
:1061C00006D17B680122C3F8A422786800F026F982
:1061D00000BF0837BD4680BD80B582B000AF786093
:1061E00039607B6893F89C32013B022B0BD83B68EB
:1061F0005B88012B0CD17B680022C3F8A42278684D
:1062000000F00CF904E03968786800F03FF800E02D
:1062100000BF00BF0837BD4680BD80B483B000AF6B
:10622000786039603B681A787B681A703B685A78E6
:106230007B685A703B6802331B781A463B6803330D
:106240001B781B029BB213449AB27B685A803B684E
:1062500004331B781A463B6805331B781B029BB23C
:1062600013449AB27B689A803B6806331B781A46BF
:106270003B6807331B781B029BB213449AB27B68BE
:10628000DA8000BF0C37BD4680BC704780B582B055
:1062900000AF786039608021786803F0EBFB002163
:1062A000786803F0E7FB00BF0837BD4680BD80B5C6
:1062B00086B000AFF860B9607A600023FB75FB68B8
:1062C000002B32D0F86800F034F8034601339BB25B
:1062D0005B009AB27B681A80FB7D5A1CFA751A46DD
:1062E000BB6813447A6812781A70FB7D5A1CFA75E1
:1062F0001A46BB68134403221A7012E0FB685A1C4A
:10630000FA60FA7D511CF9751146BA680A441B7887
:106310001370FB7D5A1CFA751A46BB6813440022A1
:106320001A70FB681B78002BE8D100BF1837BD46F8
:1063300080BD80B485B000AF78600023FB7305E0BA
:10634000FB7B0133FB737B6801337B607B681B78CD
:10635000002BF5D1FB7B18461437BD4680BC704737
:1063600080B584B000AFF860B9601346FB80FB686D
:106370000222C3F89422FA88FB68DA61FA88FB6883
:106380001A62FB88BA680021F86803F0F5FB002365
:1063900018461037BD4680BD80B584B000AFF860A8
:1063A000B9601346FB80FB88BA680021F86803F0E7
:1063B000E3FB002318461037BD4680BD80B584B08E
:1063C00000AFF860B9601346FB80FB680322C3F896
:1063D0009422FA88FB68C3F85C21FA88FB68C3F84A
:1063E0006021FB88BA680021F86803F0E8FB00230D
:1063F00018461037BD4680BD80B584B000AFF86048
:10640000B9601346FB80FB88BA680021F86803F086
:10641000D6FB002318461037BD4680BD80B582B03C
:1064200000AF78607B680422C3F894220023002226
:106430000021786803F0A0FB002318460837BD460A
:1064400080BD80B582B000AF78607B680522C3F85C
:106450009422002300220021786803F0B0FB00237F
:1064600018460837BD4680BD80B582B000AF786061
:106470000B46FB70FB781946786803F0C3FB0346B4
:1064800018460837BD4680BD80B485B000AFEFF335
:106490000583BB60BB68002B0FD1EFF310837B60DB
:1064A0007B68002B09D1104B1B68022B09D1EFF33D
:1064B00011833B603B68002B03D06FF00503FB604A
:1064C0000CE0094B1B68002B05D1074B01221A6019
:1064D0000023FB6002E04FF0FF33FB60FB681846CF
:1064E0001437BD4680BC7047FC02002080B584B0E4
:1064F00000AFEFF30583BB60BB68002B0FD1EFF358
:1065000010837B607B68002B09D1114B1B68022B29
:1065100009D1EFF311833B603B68002B03D06FF090
:106520000503FB600EE00A4B1B68012B07D1084BEB
:1065300002221A6001F040FA0023FB6002E04FF0F3
:10654000FF33FB60FB6818461037BD4680BD00BFB7
:10655000FC02002080B592B004AFF860B9607A60A8
:1065600000237B61EFF305837B627B6A002B40F0A5
:106570009480EFF310833B623B6A002B40F08D80E8
:10658000484B1B68022B06D1EFF31183FB61FB69BB
:10659000002B40F08280FB68002B7ED080233B6381
:1065A0001823FB620023FB7607F11B037B634FF08C
:1065B000FF33BB627B68002B45D07B681B68002BD8
:1065C00002D07B681B687B637B689B69002B02D0D1
:1065D0007B689B69FB62FB6A002B08D0FB6A382B47
:1065E00005D87B685B6803F00103002B01D0002312
:1065F00054E07B685B69002B03D07B685B699B0878
:106600003B637B689B68002B0ED07B68DB68A72B05
:106610000AD97B681B69002B06D07B685B69002B5D
:1066200002D00123BB6210E07B689B68002B0CD179
:106630007B68DB68002B08D17B681B69002B04D1C9
:106640000023BB6201E00023BB62BB6A012B10D1B7
:106650007B681B697A68926802920193FB6A0093D7
:10666000BB683A6B796BF86800F0BCFF03467B614E
:1066700013E0BB6A002B10D13B6B9AB207F11403F5
:106680000193FB6A0093BB68796BF86801F009F825
:106690000346012B01D000237B617B691846383704
:1066A000BD4680BDFC02002080B586B000AF78609A
:1066B000EFF305833B613B69002B0FD1EFF31083B0
:1066C000FB60FB68002B09D10D4B1B68022B09D125
:1066D000EFF31183BB60BB68002B03D06FF00503A1
:1066E0007B6107E000237B617B68002B02D0786828
:1066F00001F02CF97B6918461837BD4680BD00BFF4
:10670000FC02002080B485B000AFF860B9607A6008
:10671000FB68064A1A60BB68054A1A607B688022DB
:106720001A6000BF1437BD4680BC704700030020CC
:10673000A803002080B485B000AFF860B9607A602B
:10674000FB68074A1A60BB68064A1A607B684FF408
:1067500080721A6000BF1437BD4680BC704700BF0E
:10676000A80500205006002080B483B000AF7860F8
:106770007B6803F108027B685A607B684FF0FF3248
:106780009A607B6803F108027B68DA607B6803F13A
:1067900008027B681A617B6800221A6000BF0C3710
:1067A000BD4680BC704780B483B000AF78607B6822
:1067B00000221A6100BF0C37BD4680BC704780B410
:1067C00085B000AF786039607B685B68FB603B68D0
:1067D000FA685A60FB689A683B689A60FB689B6835
:1067E0003A685A60FB683A689A603B687A681A614E
:1067F0007B681B685A1C7B681A6000BF1437BD4653
:1068000080BC704780B485B000AF786039603B6869
:106810001B68BB60BB68B3F1FF3F03D17B681B699A
:10682000FB600CE07B680833FB6002E0FB685B68A0
:10683000FB60FB685B681B68BA689A42F6D2FB682B
:106840005A683B685A603B685B683A689A603B6884
:10685000FA689A60FB683A685A603B687A681A611D
:106860007B681B685A1C7B681A6000BF1437BD46E2
:1068700080BC704780B485B000AF78607B681B69CE
:10688000FB607B685B687A6892689A607B689B684B
:106890007A6852685A60FB685B687A689A4203D1EA
:1068A0007B689A68FB685A607B6800221A61FB6803
:1068B0001B685A1EFB681A60FB681B681846143771
:1068C000BD4680BC7047000080B584B000AF7860E2
:1068D00039607B68FB60FB68002B0BD14FF05003E5
:1068E00083F31188BFF36F8FBFF34F8FBB6000BF7F
:1068F00000BFFDE702F0CAFAFB681A68FB68DB6BB1
:10690000F968096C01FB03F31A44FB685A60FB68E1
:1069100000229A63FB681A68FB689A60FB681A6831
:10692000FB68DB6B013BF968096C01FB03F31A445C
:10693000FB68DA60FB68FF2283F84420FB68FF22D3
:1069400083F845203B68002B14D1FB681B69002BA2
:106950001AD0FB681033184601F0CEFA0346002B1C
:1069600012D00D4B4FF080521A60BFF34F8FBFF320
:106970006F8F09E0FB6810331846FFF7F5FEFB68E0
:1069800024331846FFF7F0FE02F0B0FA0123184650
:106990001037BD4680BD00BF04ED00E080B58EB06D
:1069A00002AFF860B9607A603B60FB68002B0BD1E6
:1069B0004FF0500383F31188BFF36F8FBFF34F8FF6
:1069C000BB6200BF00BFFDE73B68002B0BD14FF05F
:1069D000500383F31188BFF36F8FBFF34F8F7B6238
:1069E00000BF00BFFDE77B68002B02D0BB68002B17
:1069F00001D0012300E00023002B0BD14FF0500306
:106A000083F31188BFF36F8FBFF34F8F3B6200BFDB
:106A100000BFFDE77B68002B02D1BB68002B01D1D2
:106A2000012300E00023002B0BD14FF0500383F330
:106A30001188BFF36F8FBFF34F8FFB6100BF00BFA3
:106A4000FDE750237B617B69502B0BD04FF0500347
:106A500083F31188BFF36F8FBFF34F8FBB6100BF0C
:106A600000BFFDE73B68FB62FB6A002B0DD0FB6AB1
:106A7000012283F8462097F83820FB6A00931346DA
:106A80007A68B968F86800F044F8FB6A184630374D
:106A9000BD4680BD80B58AB002AFF860B9601346CC
:106AA000FB71FB68002B0BD14FF0500383F311886F
:106AB000BFF36F8FBFF34F8F3B6100BF00BFFDE798
:106AC000BB68002B02D10023FB6104E0FB68BA68BD
:106AD00002FB03F3FB61FB695033184602F0D8FA5E
:106AE000B861BB69002B0FD0BB6950337B61BB69B8
:106AF000002283F84620FA79BB69009313467A692D
:106B0000B968F86800F005F8BB6918462037BD463B
:106B100080BD80B584B000AFF860B9607A60FB706A
:106B2000BB68002B03D1BB69BA691A6002E0BB697C
:106B30007A681A60BB69FA68DA63BB69BA681A6472
:106B40000121B869FFF7C0FEBB69FA7883F84C20D1
:106B500000BF1037BD4680BD80B582B000AF786001
:106B60007B68002B0ED07B6800225A607B68002275
:106B70001A607B680022DA60002300220021786816
:106B800000F01CF800BF0837BD4680BD80B586B058
:106B900000AF0346FB7101237B6100233B61FB795E
:106BA0001A4639697869FFF775FFF860F868FFF7EA
:106BB000D3FFFB6818461837BD4680BD80B58EB040
:106BC00000AFF860B9607A603B6000237B63FB68CC
:106BD0003B633B6B002B0BD14FF0500383F31188C9
:106BE000BFF36F8FBFF34F8FBB6200BF00BFFDE7E6
:106BF000BB68002B03D13B6B1B6C002B01D1012325
:106C000000E00023002B0BD14FF0500383F31188D9
:106C1000BFF36F8FBFF34F8F7B6200BF00BFFDE7F5
:106C20003B68022B03D13B6BDB6B012B01D10123B2
:106C300000E00023002B0BD14FF0500383F31188A9
:106C4000BFF36F8FBFF34F8F3B6200BF00BFFDE705
:106C500001F01CFB0346002B02D17B68002B01D105
:106C6000012300E00023002B0BD14FF0500383F3EE
:106C70001188BFF36F8FBFF34F8FFB6100BF00BF61
:106C8000FDE702F003F93B6B9A6B3B6BDB6B9A42BF
:106C900002D33B68022B29D13A68B968386B00F0FF
:106CA00034FBF8623B6B5B6A002B10D03B6B2433E8
:106CB000184601F021F90346002B13D03F4B4FF04B
:106CC00080521A60BFF34F8FBFF36F8F0AE0FB6AE9
:106CD000002B07D0394B4FF080521A60BFF34F8F13
:106CE000BFF36F8F02F002F9012363E07B68002B92
:106CF00003D102F0FBF800235CE07B6B002B06D194
:106D000007F11403184601F05BF901237B6302F0DD
:106D1000EDF800F0C1FE02F0B9F83B6B93F8443097
:106D20005BB2B3F1FF3F03D13B6B002283F84420F9
:106D30003B6B93F845305BB2B3F1FF3F03D13B6B44
:106D4000002283F8452002F0D1F83A1D07F1140320
:106D50001146184601F04AF90346002B24D1386B3E
:106D600000F0CBFB0346002B18D03B6B10337A6846
:106D70001146184601F06EF8386B00F056FB00F033
:106D800099FE0346002B7FF47CAF0C4B4FF08052F2
:106D90001A60BFF34F8FBFF36F8F72E7386B00F04D
:106DA00044FB00F087FE6CE7386B00F03EFB00F020
:106DB00081FE002318463837BD4680BD04ED00E053
:106DC00080B58EB000AFF860B9607A603B60FB6858
:106DD0003B633B6B002B0BD14FF0500383F31188C7
:106DE000BFF36F8FBFF34F8F7B6200BF00BFFDE724
:106DF000BB68002B03D13B6B1B6C002B01D1012323
:106E000000E00023002B0BD14FF0500383F31188D7
:106E1000BFF36F8FBFF34F8F3B6200BF00BFFDE733
:106E20003B68022B03D13B6BDB6B012B01D10123B0
:106E300000E00023002B0BD14FF0500383F31188A7
:106E4000BFF36F8FBFF34F8FFB6100BF00BFFDE744
:106E500002F0DEF8EFF311824FF0500383F3118854
:106E6000BFF36F8FBFF34F8FBA617B61BB69FB626A
:106E70003B6B9A6B3B6BDB6B9A4202D33B68022BFA
:106E80002CD13B6B93F8453087F82B303A68B968C2
:106E9000386B00F03AFA97F92B30B3F1FF3F12D17B
:106EA0003B6B5B6A002B16D03B6B2433184601F01A
:106EB00023F80346002B0ED07B68002B0BD07B6899
:106EC00001221A6007E097F82B300133DBB25AB287
:106ED0003B6B83F8452001237B6301E000237B6348
:106EE000FB6A3B613B6983F3118800BF7B6B1846EB
:106EF0003837BD4680BD000080B58CB000AFF8606B
:106F0000B9607A600023FB62FB68BB62BB6A002B3E
:106F10000BD14FF0500383F31188BFF36F8FBFF392
:106F20004F8F3B6200BF00BFFDE7BB68002B03D162
:106F3000BB6A1B6C002B01D1012300E00023002B56
:106F40000BD14FF0500383F31188BFF36F8FBFF362
:106F50004F8FFB6100BF00BFFDE701F097F90346CB
:106F6000002B02D17B68002B01D1012300E000231C
:106F7000002B0BD14FF0500383F31188BFF36F8FB9
:106F8000BFF34F8FBB6100BF00BFFDE701F07EFF85
:106F9000BB6A9B6B7B627B6A002B1FD0B968B86AA7
:106FA00000F01DFA7B6A5A1EBB6A9A63BB6A1B69B2
:106FB000002B0FD0BB6A1033184600F09DFF03462C
:106FC000002B07D03C4B4FF080521A60BFF34F8F1D
:106FD000BFF36F8F01F08AFF012369E07B68002B0C
:106FE00003D101F083FF002362E0FB6A002B06D18E
:106FF00007F11003184600F0E3FF0123FB6201F0E4
:1070000075FF00F049FD01F041FFBB6A93F8443081
:107010005BB2B3F1FF3F03D1BB6A002283F8442087
:10702000BB6A93F845305BB2B3F1FF3F03D1BB6A53
:10703000002283F8452001F059FF3A1D07F11003A3
:107040001146184600F0D2FF0346002B23D1B86A40
:1070500000F03DFA0346002B17D0BB6A24337A6850
:107060001146184600F0F6FEB86A00F0DEF900F0AE
:1070700021FD0346002B89D10F4B4FF080521A603F
:10708000BFF34F8FBFF36F8F80E7B86A00F0CDF981
:1070900000F010FD7AE7B86A00F0C7F900F00AFDC9
:1070A000B86A00F014FA0346002B3FF46FAF0023D8
:1070B00018463037BD4680BD04ED00E080B58EB087
:1070C00000AF7860396000237B637B68FB6200233C
:1070D0003B63FB6A002B0BD14FF0500383F3118805
:1070E000BFF36F8FBFF34F8F3B6200BF00BFFDE761
:1070F000FB6A1B6C002B0BD04FF0500383F31188FD
:10710000BFF36F8FBFF34F8FFB6100BF00BFFDE781
:1071100001F0BCF80346002B02D13B68002B01D1E3
:10712000012300E00023002B0BD14FF0500383F329
:107130001188BFF36F8FBFF34F8FBB6100BF00BFDC
:10714000FDE701F0A3FEFB6A9B6BBB62BB6A002BF1
:1071500024D0BB6A5A1EFB6A9A63FB6A1B68002B29
:1071600004D101F017FA0246FB6A5A60FB6A1B69F8
:10717000002B0FD0FB6A1033184600F0BDFE03460B
:10718000002B07D0544B4FF080521A60BFF34F8F43
:10719000BFF36F8F01F0AAFE012398E03B68002B3C
:1071A00012D13B6B002B0BD04FF0500383F31188AF
:1071B000BFF36F8FBFF34F8F7B6100BF00BFFDE751
:1071C00001F094FE002382E07B6B002B06D107F1D7
:1071D0000C03184600F0F4FE01237B6301F086FEE9
:1071E00000F05AFC01F052FEFB6A93F844305BB2A7
:1071F000B3F1FF3F03D1FB6A002283F84420FB6A0E
:1072000093F845305BB2B3F1FF3F03D1FB6A002234
:1072100083F8452001F06AFE3A4607F10C03114657
:10722000184600F0E3FE0346002B32D1F86A00F066
:107230004EF90346002B26D0FB6A1B68002B09D1B0
:1072400001F024FEFB6A5B68184601F03DF83863E4
:1072500001F04CFEFB6A24333A681146184600F0F0
:10726000F9FDF86A00F0E1F800F024FC0346002B79
:107270007FF467AF184B4FF080521A60BFF34F8F07
:10728000BFF36F8F5DE7F86A00F0CFF800F012FCF3
:1072900057E7F86A00F0C9F800F00CFCF86A00F053
:1072A00016F90346002B3FF44CAF3B6B002B0DD07F
:1072B00001F0ECFDF86A00F011F87862FB6A5B6897
:1072C000796A184601F0DEF801F010FE0023184636
:1072D0003837BD4680BD00BF04ED00E080B485B006
:1072E00000AF78607B685B6A002B06D07B681B6B05
:1072F0001B68C3F13803FB6001E00023FB60FB68FF
:1073000018461437BD4680BC704780B586B000AFC4
:10731000F860B9607A6000237B61FB689B6B3B611E
:10732000FB681B6C002B0DD1FB681B68002B4DD13B
:10733000FB685B68184601F035F87861FB6800224D
:107340005A6043E07B68002B19D1FB689868FB68A2
:107350001B6C1A46B96803F05EFBFB689A68FB6811
:107360001B6C1A44FB689A60FB689A68FB685B6850
:107370009A422BD3FB681A68FB689A6026E0FB6888
:10738000D868FB681B6C1A46B96803F044FBFB68BD
:10739000DA68FB681B6C5B421A44FB68DA60FB68C6
:1073A000DA68FB681B689A4207D2FB685A68FB6878
:1073B0001B6C5B421A44FB68DA607B68022B05D1C8
:1073C0003B69002B02D03B69013B3B613B695A1C86
:1073D000FB689A637B6918461837BD4680BD80B547
:1073E00082B000AF786039607B681B6C002B18D0CE
:1073F0007B68DA687B681B6C1A447B68DA607B68A0
:10740000DA687B685B689A4203D37B681A687B689A
:10741000DA607B68D9687B681B6C1A46386803F0B1
:10742000FAFA00BF0837BD4680BD80B584B000AF12
:10743000786001F02BFD7B6893F84530FB7311E019
:107440007B685B6A002B12D07B682433184600F0FF
:1074500053FD0346002B01D000F02CFEFB7B013BCB
:10746000DBB2FB7397F90F30002BE9DC00E000BFC3
:107470007B68FF2283F8452001F038FD01F006FD0E
:107480007B6893F84430BB7311E07B681B69002B69
:1074900012D07B681033184600F02EFD0346002BF7
:1074A00001D000F007FEBB7B013BDBB2BB7397F959
:1074B0000E30002BE9DC00E000BF7B68FF2283F880
:1074C000442001F013FD00BF1037BD4680BD80B5DC
:1074D00084B000AF786001F0D9FC7B689B6B002B17
:1074E00002D10123FB6001E00023FB6001F0FEFC00
:1074F000FB6818461037BD4680BD80B584B000AF2C
:10750000786001F0C3FC7B689A6B7B68DB6B9A4206
:1075100002D10123FB6001E00023FB6001F0E6FCE7
:10752000FB6818461037BD4680BD000080B485B0AA
:1075300000AF786039600023FB6014E00E4AFB68FE
:1075400052F83330002B0BD10B49FB683A6841F8F5
:107550003320094AFB68DB0013447A685A6006E06E
:10756000FB680133FB60FB68072BE7D900BF00BF56
:107570001437BD4680BC7047500A002080B586B0E5
:1075800000AFF860B9607A60FB687B6101F07EFC57
:107590007B6993F844305BB2B3F1FF3F03D17B6961
:1075A000002283F844207B6993F845305BB2B3F145
:1075B000FF3F03D17B69002283F8452001F096FC50
:1075C0007B699B6B002B06D17B6924337A68B96891
:1075D000184600F065FC7869FFF727FF00BF1837F1
:1075E000BD4680BD80B58EB004AFF860B9607A60EA
:1075F0003B607B6B002B0BD14FF0500383F3118862
:10760000BFF36F8FBFF34F8F3B6200BF00BFFDE73B
:10761000BB6B002B0BD14FF0500383F31188BFF3EA
:107620006F8FBFF34F8FFB6100BF00BFFDE7A82343
:107630003B613B69A82B0BD04FF0500383F31188BB
:10764000BFF36F8FBFF34F8FBB6100BF00BFFDE77C
:10765000BB6B002B1ED07B6B002B1BD0BB6B7B62EC
:107660007B6A7A6B1A637B6A022283F8A520002367
:1076700003937B6A029307F1140301933B6B00931E
:107680003B687A68B968F86800F050F8786A00F0EA
:10769000EDF801E000237B617B6918462837BD4681
:1076A00080BD80B58CB004AFF860B9603B60134614
:1076B000FB80FB889B00184601F0EAFC78617B693F
:1076C000002B0ED0A82001F0E3FCF861FB69002B31
:1076D00003D0FB697A691A6305E0786901F0A0FDBF
:1076E00001E00023FB61FB69002B17D0FB6900223E
:1076F00083F8A520FA8800230393FB690293FB6AB1
:107700000193BB6A00933B68B968F86800F00EF813
:10771000F86900F0ABF80123BB6102E04FF0FF33E2
:10772000BB61BB6918462037BD4680BD80B588B0B7
:1077300000AFF860B9607A603B603B6B186B7B68A8
:107740009B001A46A52103F095F83B6B1A6B7B68EA
:1077500003F18043013B9B001344BB61BB6923F0F1
:107760000703BB61BB6903F00703002B0BD04FF08D
:10777000500383F31188BFF36F8FBFF34F8F7B618B
:1077800000BF00BFFDE70023FB6112E0BA68FB69A0
:10779000134419783A6BFB69134434330A461A7060
:1077A000BA68FB6913441B78002B06D0FB690133D0
:1077B000FB61FB690F2BE9D900E000BF3B6B0022A6
:1077C00083F84320BB6A372B01D93723BB623B6B5D
:1077D000BA6ADA623B6BBA6ADA643B6B00221A65FA
:1077E0003B6B04331846FEF7DEFF3B6B183318463D
:1077F000FEF7D9FF3B6B3A6B1A61BB6AC3F13802E3
:107800003B6B9A613B6B3A6B5A623B6B0022C3F84D
:10781000A0203B6B002283F8A4203B6B54334C2206
:107820000021184603F026F83B6B0D4A9A653B6B26
:107830000C4ADA653B6B0C4A1A663A68F968B86913
:1078400001F030FA02463B6B1A60FB6A002B02D053
:10785000FB6A3A6B1A6000BF2037BD4680BD00BF8F
:10786000D825002040260020A826002080B582B020
:1078700000AF786001F00AFB2D4B1B6801332C4AE6
:1078800013602C4B1B68002B09D12A4A7B681360BC
:10789000274B1B68012B10D100F030FC0DE0264B6C
:1078A0001B68002B09D1234B1B68DA6A7B68DB6AF3
:1078B0009A4202D81F4A7B681360204B1B68013331
:1078C0001E4A13601D4B1A687B685A647B68DA6A2B
:1078D0001B4B1B689A4203D97B68DB6A184A13600A
:1078E0007B68DA6A13469B0013449B00154A1A44CE
:1078F0007B68043319461046FEF761FF01F0F6FA83
:107900000D4B1B68002B0ED00A4B1B68DA6A7B6894
:10791000DB6A9A4207D20C4B4FF080521A60BFF3D9
:107920004F8FBFF36F8F00BF0837BD4680BD00BFCC
:10793000640F0020900A0020700F0020800F0020AC
:107940006C0F0020940A002004ED00E080B584B0A4
:1079500000AF78600023FB607B68002B18D0144BCD
:107960001B68002B0BD04FF0500383F31188BFF33B
:107970006F8FBFF34F8FBB6000BF00BFFDE700F00C
:107980008BF80021786800F019FE00F093F8F86099
:10799000FB68002B07D1074B4FF080521A60BFF3F2
:1079A0004F8FBFF36F8F00BF1037BD4680BD00BF44
:1079B0008C0F002004ED00E080B58AB004AF0023F6
:1079C000BB6000237B603A46391D07F10803184667
:1079D000FEF798FE39687B68BA680292019300232B
:1079E000009300230A4624492448FFF7FBFD034681
:1079F000234A1360224B1B68002B02D001237B61BA
:107A000001E000237B617B69012B02D100F02AFE9B
:107A100078617B69012B1BD14FF0500383F31188F0
:107A2000BFF36F8FBFF34F8F3B6100BF154B1B68D8
:107A30005433154A1360154B4FF0FF321A60144B44
:107A400001221A60134B00221A6001F0ADF90FE019
:107A50007B69B3F1FF3F0BD14FF0500383F31188E3
:107A6000BFF36F8FBFF34F8FFB6000BF00BFFDE719
:107A700000BF1837BD4680BDF8B70008CD800008AC
:107A8000880F0020900A002074010020840F00203D
:107A9000700F0020680F002080B400AF044B1B68FB
:107AA0000133034A136000BFBD4680BC704700BF6E
:107AB0008C0F002080B584B000AF0023FB60002352
:107AC000BB60424B1B68002B0BD14FF0500383F37C
:107AD0001188BFF36F8FBFF34F8F3B6000BF00BFB4
:107AE000FDE701F0D3F9394B1B68013B374A1360BE
:107AF000364B1B68002B62D1354B1B68002B5ED0C8
:107B00002FE0344BDB68DB68FB60FB6818331846FA
:107B1000FEF7B0FEFB6804331846FEF7ABFEFB68C9
:107B2000DA6A2D4B1B689A4203D9FB68DB6A2A4A42
:107B30001360FB68DA6A13469B0013449B00274AD4
:107B40001A44FB68043319461046FEF738FEFB68FA
:107B5000DA6A234B1B68DB6A9A4202D3214B01226B
:107B60001A601C4B1B68002BCBD1FB68002B01D08B
:107B700000F068FB1C4B1B687B607B68002B10D0FF
:107B800000F044F80346002B02D0164B01221A6085
:107B90007B68013B7B607B68002BF1D1124B00229C
:107BA0001A60104B1B68002B09D00123BB600F4BE0
:107BB0004FF080521A60BFF34F8FBFF36F8F01F009
:107BC00095F9BB6818461037BD4680BD8C0F002064
:107BD000640F0020240F00206C0F0020940A002066
:107BE000900A0020780F0020740F002004ED00E0C0
:107BF00080B483B000AF044B1B687B607B68184681
:107C00000C37BD4680BC7047680F002080B586B039
:107C100000AF00237B61524B1B68002B40F08F802C
:107C2000504B1B6801333B614E4A3B6913603B6913
:107C3000002B21D14C4B1B681B68002B0BD04FF045
:107C4000500383F31188BFF36F8FBFF34F8F3B60F7
:107C500000BF00BFFDE7444B1B68FB60434B1B6844
:107C6000414A1360414AFB681360414B1B68013372
:107C70003F4A136000F0E6FA3E4B1B683A699A42AD
:107C80004ED3394B1B681B68002B01D1012300E048
:107C90000023002B04D0374B4FF0FF321A603FE037
:107CA000314B1B68DB68DB68BB60BB685B687B6073
:107CB0003A697B689A4203D22E4A7B6813602FE0B0
:107CC000BB6804331846FEF7D5FDBB689B6A002BE2
:107CD00004D0BB6818331846FEF7CCFDBB68DA6ADF
:107CE000254B1B689A4203D9BB68DB6A224A1360A2
:107CF000BB68DA6A13469B0013449B001F4A1A4470
:107D0000BB68043319461046FEF759FDBB68DA6AB2
:107D10001B4B1B68DB6A9A42B3D301237B61B0E73C
:107D2000174B1B68DA6A154913469B0013449B00E6
:107D30000B441B68012B07D901237B6104E0114B25
:107D40001B6801330F4A13600F4B1B68002B01D0D7
:107D500001237B617B6918461837BD4680BD00BF93
:107D60008C0F0020680F00201C0F0020200F002027
:107D70007C0F0020840F00206C0F0020940A00204C
:107D8000900A0020740F0020780F002080B485B086
:107D900000AF2A4B1B68002B03D0294B01221A602D
:107DA00047E0274B00221A60264B1B68FB6011E05E
:107DB000FB68002B0BD14FF0500383F31188BFF306
:107DC0006F8FBFF34F8F7B6000BF00BFFDE7FB6885
:107DD000013BFB601C49FA6813469B0013449B005F
:107DE0000B441B68002BE3D0FA6813469B00134436
:107DF0009B00154A1344BB60BB685B685A68BB684C
:107E00005A60BB685A68BB6808339A4204D1BB68A1
:107E10005B685A68BB685A60BB685B68DB680B4A82
:107E20001360084AFB681360084B1B685433084A08
:107E3000136000BF1437BD4680BC70478C0F002014
:107E4000780F00206C0F0020940A0020900A002078
:107E50007401002080B584B000AF786039607B6821
:107E6000002B0BD14FF0500383F31188BFF36F8FBA
:107E7000BFF34F8FFB6000BF00BFFDE7074B1B68E0
:107E8000183319467868FEF7BDFC0121386800F008
:107E900095FB00BF1037BD4680BD00BF900A002093
:107EA00080B586B000AFF860B9607A60FB68002BDF
:107EB0000BD14FF0500383F31188BFF36F8FBFF3E3
:107EC0004F8F7B6100BF00BFFDE70A4B1B68183373
:107ED0001946F868FEF773FC7B68002B02D04FF060
:107EE000FF33BB607968B86800F068FB00BF1837E3
:107EF000BD4680BD900A002080B586B000AF786096
:107F00007B68DB68DB683B613B69002B0BD14FF082
:107F1000500383F31188BFF36F8FBFF34F8FFB6064
:107F200000BF00BFFDE73B6918331846FEF7A2FC0F
:107F30001D4B1B68002B1DD13B6904331846FEF70F
:107F400099FC3B69DA6A194B1B689A4203D93B6971
:107F5000DB6A164A13603B69DA6A13469B001344D6
:107F60009B00134A1A443B69043319461046FEF736
:107F700026FC05E03B69183319460E48FEF71FFC46
:107F80003B69DA6A0C4B1B68DB6A9A4205D901230C
:107F90007B610A4B01221A6001E000237B617B694F
:107FA00018461837BD4680BD8C0F00206C0F00208E
:107FB000940A0020240F0020900A0020780F00204F
:107FC00080B483B000AF7860064B1A687B681A6093
:107FD000054B1A687B685A6000BF0C37BD4680BCF1
:107FE000704700BF7C0F0020680F002080B588B06C
:107FF00000AF786039607B68002B0BD14FF05003E5
:1080000083F31188BFF36F8FBFF34F8F3B6100BFC6
:1080100000BFFDE73B68002B0BD14FF0500383F30B
:108020001188BFF36F8FBFF34F8FFB6000BF00BF9E
:10803000FDE700F02BFF1D4B1B68BB617B685B6895
:10804000BA69D31A7B613B681B68B3F1FF3F02D169
:108050000023FB6123E07B681A68154B1B689A427A
:1080600007D07B685B68BA699A4202D30123FB613F
:1080700015E03B681B687A699A420BD23B681A6824
:108080007B69D21A3B681A607868FFF799FF002372
:10809000FB6104E03B6800221A600123FB6100F0F1
:1080A00025FFFB6918462037BD4680BD680F0020BC
:1080B0007C0F002080B400AF034B01221A6000BF88
:1080C000BD4680BC704700BF780F002080B582B0ED
:1080D00000AF786000F052F8064B1B68012BF9D90D
:1080E000054B4FF080521A60BFF34F8FBFF36F8F75
:1080F000F0E700BF940A002004ED00E080B582B0F4
:1081000000AF00237B600CE07A6813469B001344A9
:108110009B00124A13441846FEF726FB7B68013386
:108120007B607B68372BEFD90D48FEF71DFB0D48B0
:10813000FEF71AFB0C48FEF717FB0C48FEF714FB82
:108140000B48FEF711FB0B4B054A1A600A4B054A18
:108150001A6000BF0837BD4680BD00BF940A0020EA
:10816000F40E0020080F0020240F0020380F0020FC
:10817000500F00201C0F0020200F002080B582B07F
:1081800000AF19E000F082FE104BDB68DB687B601B
:108190007B6804331846FEF76DFB0D4B1B68013BF3
:1081A0000B4A13600B4B1B68013B0A4A136000F03B
:1081B0009DFE786800F010F8064B1B68002BE1D19B
:1081C00000BF00BF0837BD4680BD00BF380F00208C
:1081D000640F00204C0F002080B584B000AF7860A1
:1081E0007B685433184602F05DFB7B6893F8A5303A
:1081F000002B08D17B681B6B184601F011F87868DA
:1082000001F00EF819E07B6893F8A530012B03D13B
:10821000786801F005F810E07B6893F8A530022B30
:108220000BD04FF0500383F31188BFF36F8FBFF370
:108230004F8FFB6000BF00BFFDE700BF1037BD469A
:1082400080BD000080B483B000AF0E4B1B681B687C
:10825000002B01D1012300E00023002B04D00A4BA6
:108260004FF0FF321A6008E0064B1B68DB68DB68E2
:108270007B607B685B68044A136000BF0C37BD46B7
:1082800080BC70471C0F0020840F002080B483B096
:1082900000AF0B4B1B68002B02D101237B6008E071
:1082A000084B1B68002B02D102237B6001E00023F6
:1082B0007B607B6818460C37BD4680BC704700BFAA
:1082C000700F00208C0F002080B584B000AF786064
:1082D0007B68BB600023FB607B68002B56D0BB68CB
:1082E000DA6A2D4B1B68DB6A9A4246D2BB689B69EF
:1082F000002B06DB284B1B68DB6AC3F13802BB6826
:108300009A61BB685969BB68DA6A13469B001344DB
:108310009B00224A1344994201D1012300E000232B
:10832000002B22D0BB6804331846FEF7A3FA1A4B81
:108330001B68DA6ABB68DA62BB68DA6A184B1B68CA
:108340009A4203D9BB68DB6A154A1360BB68DA6AD4
:1083500013469B0013449B00104A1A44BB68043325
:1083600019461046FEF72BFA04E00B4B1B68DA6A3D
:10837000BB68DA620123FB6008E0BB68DA6C064B7D
:108380001B68DB6A9A4201D20123FB60FB68184636
:108390001037BD4680BD00BF900A0020940A00201F
:1083A0006C0F002080B586B000AF78607B683B61C1
:1083B00000237B617B68002B58D02F4B1B683A69E8
:1083C0009A420BD04FF0500383F31188BFF36F8FA5
:1083D000BFF34F8FFB6000BF00BFFDE73B691B6D24
:1083E000002B0BD14FF0500383F31188BFF36F8F35
:1083F000BFF34F8FBB6000BF00BFFDE73B691B6D44
:108400005A1E3B691A653B69DA6A3B69DB6C9A4222
:108410002CD03B691B6D002B28D13B6904331846D7
:10842000FEF728FA3B69DA6C3B69DA623B69DB6A82
:10843000C3F138023B699A613B69DA6A0F4B1B68EA
:108440009A4203D93B69DB6A0C4A13603B69DA6ADA
:1084500013469B0013449B00094A1A443B690433AA
:1084600019461046FEF7ABF901237B617B6918467C
:108470001837BD4680BD00BF900A00206C0F002059
:10848000940A002080B588B000AF786039607B68BE
:10849000BB6101237B617B68002B71D0BB691B6DC5
:1084A000002B0BD14FF0500383F31188BFF36F8F74
:1084B000BFF34F8FFB6000BF00BFFDE7BB69DB6C04
:1084C0003A689A4202D93B68FB6102E0BB69DB6C07
:1084D000FB61BB69DB6AFA699A4251D0BB691B6DCB
:1084E0007A699A424CD1284B1B68BA699A420BD1DF
:1084F0004FF0500383F31188BFF36F8FBFF34F8F9B
:10850000BB6000BF00BFFDE7BB69DB6A3B61BB69C5
:10851000FA69DA62BB699B69002B04DBFB69C3F172
:108520003802BB699A61BB6959693A6913469B0075
:1085300013449B00154A1344994201D1012300E0E2
:108540000023002B1CD0BB6904331846FEF792F9B8
:10855000BB69DA6A0E4B1B689A4203D9BB69DB6AB6
:108560000B4A1360BB69DA6A13469B0013449B00F5
:10857000064A1A44BB69043319461046FEF71FF930
:1085800000BF2037BD4680BD900A0020940A00201D
:108590006C0F002080B400AF074B1B68002B04D089
:1085A000054B1B681A6D01321A65034B1B68184690
:1085B000BD4680BC704700BF900A002080B584B0E3
:1085C00000AF78603960214B1B68FB60204B1B6853
:1085D00004331846FEF74EF97B68B3F1FF3F0AD12A
:1085E0003B68002B07D01A4B1B6804331946194807
:1085F000FEF7E5F826E0FA687B681344BB60144B8D
:108600001B68BA685A60BA68FB689A4209D2124B72
:108610001A680F4B1B68043319461046FEF7F2F830
:1086200010E00E4B1A680A4B1B68043319461046BB
:10863000FEF7E8F80A4B1B68BA689A4202D2084A69
:10864000BB68136000BF1037BD4680BD680F0020B7
:10865000900A0020500F0020200F00201C0F002047
:10866000840F002080B58AB004AF00237B6100F046
:10867000D9FA1D4B1B68002B21D00023FB6000237F
:10868000BB603A1D07F1080107F10C031846FEF71D
:1086900051F87968BB68FA6802920193022300934B
:1086A00000230A4611491248FEF79CFF0346114A6F
:1086B0001360104B1B68002B01D001237B617B6989
:1086C000002B0BD14FF0500383F31188BFF36F8F52
:1086D000BFF34F8F3B6100BF00BFFDE77B691846CA
:1086E0001837BD4680BD00BFC00F002000B800088D
:1086F00019880008C40F002080B58AB000AFF86068
:10870000B9607A603B6000237B62FB68002B0BD171
:108710004FF0500383F31188BFF36F8FBFF34F8F78
:108720003B6200BF00BFFDE7194B1B68002B2AD03E
:10873000BB683B617B687B61FB68BB61BB68052BE9
:1087400018DCFFF7A3FD0346022B09D1104B186874
:1087500007F1100100233A6BFEF730FA786212E05D
:108760000B4B186807F1100100230022FEF726FAD0
:10877000786208E0064B186807F1100100233A6898
:10878000FEF71EFB78627B6A18462837BD4680BD1F
:10879000C00F002080B588B002AF786039601D4BF3
:1087A0001B68DB68DB687B617B6904331846FEF776
:1087B00061F87B69DB69012B23D17B699A697B684E
:1087C000D1187B683A68786900F0CCF80346002B32
:1087D00017D00023009300237A6800217869FFF7FF
:1087E0008BFF38613B69002B0BD14FF0500383F3B3
:1087F0001188BFF36F8FBFF34F8FFB6000BF00BFC7
:10880000FDE77B695B6A7869984700BF1837BD460A
:1088100080BD00BFB80F002080B584B000AF786085
:1088200007F10803184600F059F8F860BB681946CC
:10883000F86800F005F800F0D7F800BFF0E7000096
:1088400080B584B000AF78603960FFF725F907F193
:108850000803184600F066F8F860BB68002B30D1BA
:108860003B68002B0AD17A68FB689A4206D8FFF76A
:1088700021F9F9687868FFF78DFF24E03B68002B49
:1088800008D0134B1B681B68002B0CBF012300236F
:10889000DBB23B600F4B18687A68FB68D31A3A6802
:1088A0001946FEF76BFEFFF705F90346002B0AD1C8
:1088B000094B4FF080521A60BFF34F8FBFF36F8F99
:1088C00001E0FFF7F7F800BF1037BD4680BD00BFDD
:1088D000BC0F0020C00F002004ED00E080B485B084
:1088E00000AF78600E4B1B681B68002B0CBF012388
:1088F0000023DBB21A467B681A607B681B68002B7A
:1089000005D1074B1B68DB681B68FB6001E0002397
:10891000FB60FB6818461437BD4680BC704700BF3B
:10892000B80F002080B584B000AF7860FFF760F921
:10893000F8600B4B1B68FA689A4205D200F010F9F8
:108940007B6801221A6002E07B6800221A60044AF8
:10895000FB681360FB6818461037BD4680BD00BF3A
:10896000C80F002080B586B000AFF860B9607A60AB
:108970003B6000237B61FB68BA685A60FB68FA6859
:108980001A61BA687B689A4212D87A683B68D21A30
:10899000FB689B699A4202D301237B611BE0104B69
:1089A0001A68FB68043319461046FDF72BFF12E0E6
:1089B0007A683B689A4206D2BA683B689A4202D308
:1089C00001237B6107E0074B1A68FB6804331946F3
:1089D0001046FDF717FF7B6918461837BD4680BD66
:1089E000BC0F0020B80F002080B58EB002AFA5E00C
:1089F0007B68002B19DA3B1D0433FB62FB6A002BFA
:108A00000BD14FF0500383F31188BFF36F8FBFF387
:108A10004F8FFB6100BF00BFFDE7FB6A1B68FA6A6E
:108A20005068FA6A9268114698477B68002BC0F23A
:108A30008580FB68BB62BB6A5B69002B04D0BB6AA4
:108A400004331846FDF716FF3B461846FFF76AFF4A
:108A500078627B68092B6CD801A252F823F000BF22
:108A6000898A0008898A0008898A0008338B0008EF
:108A7000E78A0008218B0008898A0008898A000893
:108A8000338B0008E78A0008BA68BB6A9B69D11873
:108A9000BB687A6AB86AFFF765FF0346002B4AD0C5
:108AA000BB6A5B6AB86A9847BB6ADB69012B42D133
:108AB000BA68BB6A9B691A44002300930023002113
:108AC000B86AFFF719FE38623B6A002B33D14FF0CA
:108AD000500383F31188BFF36F8FBFF34F8FBB61D8
:108AE00000BF00BFFDE7BA68BB6A9A61BB6A9B69B9
:108AF000002B0BD14FF0500383F31188BFF36F8F1E
:108B0000BFF34F8F7B6100BF00BFFDE7BB6A9A696F
:108B10007B6AD1187B6A7A6AB86AFFF723FF0DE097
:108B2000BB6A93F82C30002B07D1B86A00F078FBB1
:108B300003E000BF02E000BF00E000BF074B1B687E
:108B4000391D00221846FEF7D7F90346002B7FF4A3
:108B50004FAF00BF00BF3037BD4680BDC00F002003
:108B600080B588B002AF46E02C4B1B68DB681B6801
:108B70003B612A4B1B68DB68DB68FB60FB680433E6
:108B80001846FDF777FEFB685B6AF8689847FB6854
:108B9000DB69012B2FD1FB689B693A691344BB60E9
:108BA000BA683B699A420ED9FB68BA685A60FB689A
:108BB000FA681A61194B1A68FB68043319461046A3
:108BC000FDF720FE17E00023009300233A690021FF
:108BD000F868FFF791FD78607B68002B0BD14FF0B0
:108BE000500383F31188BFF36F8FBFF34F8F3B6048
:108BF00000BF00BFFDE7094B1B681B68002BB3D10A
:108C0000064B1B687B61064B1B68044A1360044AD1
:108C10007B69136000BF1837BD4680BDB80F0020C8
:108C2000BC0F002080B582B002AF00F02FF9154BC9
:108C30001B68002B20D11448FDF796FD1348FDF763
:108C400093FD134B104A1A60124B104A1A6000230E
:108C50000093114B114A10210A20FDF79FFE034695
:108C6000084A1360074B1B68002B05D0054B1B6897
:108C70000B491846FEF75AFC00F038F900BFBD4614
:108C800080BD00BFC00F0020900F0020A40F002067
:108C9000B80F0020BC0F00206C100020CC0F00206B
:108CA00008B8000880B485B000AFF860B9607A6099
:108CB000FB68043BFB60FB684FF080721A60FB6846
:108CC000043BFB60BB6823F00102FB681A60FB6891
:108CD000043BFB60084AFB681A60FB68143BFB60BE
:108CE0007A68FB681A60FB68203BFB60FB681846EB
:108CF0001437BD4680BC7047FD8C000880B485B039
:108D000000AF00237B60124B1B68B3F1FF3F0BD019
:108D10004FF0500383F31188BFF36F8FBFF34F8F72
:108D2000FB6000BF00BFFDE74FF0500383F31188E5
:108D3000BFF36F8FBFF34F8FBB6000BF00BF7B6877
:108D4000002BFCD000BF00BF1437BD4680BC70476D
:108D5000E000002000000000000000000000000013
:108D6000074B19680868B0E8F00F80F30988BFF373
:108D70006F8F4FF0000080F311884EF00D0E70479A
:108D8000900A002000BF00BF06480068006880F31A
:108D9000088862B661B6BFF34F8FBFF36F8F00DFF5
:108DA00000BF00BF08ED00E080B584B000AF324BDB
:108DB000FB60FB681B78DBB27B60FB68FF221A70EC
:108DC000FB681B78DBB2FB70FB78DBB203F050036F
:108DD000DAB22A4B1A702A4B07221A6009E0284B94
:108DE0001B68013B264A1360FB78DBB25B00DBB2F9
:108DF000FB70FB78DBB203F08003802BEFD0204BBD
:108E00001B68C3F10703042B0BD04FF0500383F30F
:108E10001188BFF36F8FBFF34F8FBB6000BF00BFE0
:108E2000FDE7174B1B681B02154A1360144B1B68A8
:108E300003F4E063124A13607B68DAB2FB681A70CD
:108E4000104B1B680F4A43F4700313600D4B1B68F3
:108E50000C4A43F07043136000F0B8F80A4B00224C
:108E60001A60FFF791FFFEF791FFFFF747FF00231E
:108E700018461037BD4680BD00E400E0BC1000205D
:108E8000C010002020ED00E0E000002080B483B09E
:108E900000AF4FF0500383F31188BFF36F8FBFF320
:108EA0004F8F7B6000BF0F4B1B6801330D4A13606F
:108EB0000C4B1B68012B10D10B4B1B68DBB2002B3A
:108EC0000BD04FF0500383F31188BFF36F8FBFF3C4
:108ED0004F8F3B6000BF00BFFDE700BF0C37BD46B2
:108EE00080BC7047E000002004ED00E080B483B057
:108EF00000AF124B1B68002B0BD14FF0500383F3D4
:108F00001188BFF36F8FBFF34F8F7B6000BF00BF2F
:108F1000FDE70A4B1B68013B084A1360074B1B68BF
:108F2000002B05D100233B603B6883F3118800BF11
:108F300000BF0C37BD4680BC704700BFE00000207A
:108F4000EFF30980BFF36F8F0D4B1A6820E9F00F24
:108F500010602DE908404FF0500080F31188FEF7B3
:108F600015FF4FF0000080F31188BDE80840196834
:108F70000868B0E8F00F80F30988BFF36F8F70477F
:108F8000900A002000BF00BF80B582B000AF4FF054
:108F9000500383F31188BFF36F8FBFF34F8F7B6054
:108FA00000BFFEF733FE0346002B03D0064B4FF005
:108FB00080521A6000233B603B6883F3118800BF36
:108FC00000BF0837BD4680BD04ED00E080B400AFAF
:108FD0000A4B00221A600A4B00221A60094B1B68D8
:108FE000094AA2FB03239B09084A013B1360034B78
:108FF00007221A6000BFBD4680BC704710E000E049
:1090000018E000E000000020D34D621014E000E002
:1090100080B485B000AFEFF30583FB60FB680F2BD6
:1090200015D9174AFB6813441B78FB72154B1B7844
:10903000FA7A9A420BD24FF0500383F31188BFF3B0
:109040006F8FBFF34F8F7B6000BF00BFFDE70E4BFC
:109050001B6803F4E0620D4B1B689A420BD94FF07A
:10906000500383F31188BFF36F8FBFF34F8F3B60C3
:1090700000BF00BFFDE700BF1437BD4680BC70478E
:10908000F0E300E0BC1000200CED00E0C010002078
:1090900080B58AB000AF78600023FB61FEF7FCFC6E
:1090A0005A4B1B68002B01D100F016F9584B1A6877
:1090B0007B681340002B40F090807B68002B1ED013
:1090C00008227B6813447B607B6803F00703002B56
:1090D00015D07B6823F0070308337B607B6803F0BF
:1090E0000703002B0BD04FF0500383F31188BFF31D
:1090F0006F8FBFF34F8F7B6100BF00BFFDE77B68C1
:10910000002B6AD0434B1B687A689A4265D8424B61
:109110003B62414B1B687B6204E07B6A3B627B6A7B
:109120001B687B627B6A5B687A689A4203D97B6AB8
:109130001B68002BF1D1354B1B687A6A9A424CD0E0
:109140003B6A1B6808221344FB617B6A1A683B6A0E
:109150001A607B6A5A687B68D21A08235B009A42BD
:1091600020D97A6A7B681344BB61BB6903F00703AB
:10917000002B0BD04FF0500383F31188BFF36F8F98
:10918000BFF34F8F3B6100BF00BFFDE77B6A5A68AA
:109190007B68D21ABB695A607B6A7A685A60B86980
:1091A00000F0FCF81B4B1A687B6A5B68D31A194AFB
:1091B0001360184B1A68194B1B689A4203D2154B5F
:1091C0001B68164A13607B6A5A68114B1B681A4366
:1091D0007B6A5A607B6A00221A60FEF76BFCFB69AF
:1091E00003F00703002B0BD04FF0500383F31188DB
:1091F000BFF36F8FBFF34F8FFB6000BF00BFFDE772
:10920000FB6918462837BD4680BD00BFCC1C002036
:10921000D81C0020D01C0020C41C0020D41C00201E
:1092200080B586B000AF78607B687B617B68002B7F
:109230004AD008235B427A6913447B617B693B61B6
:109240003B695A68224B1B681340002B0BD14FF02F
:10925000500383F31188BFF36F8FBFF34F8FFB6011
:1092600000BF00BFFDE73B691B68002B0BD04FF030
:10927000500383F31188BFF36F8FBFF34F8FBB6031
:1092800000BF00BFFDE73B695A68114B1B681340E4
:10929000002B19D03B691B68002B15D13B695A681C
:1092A0000B4B1B68DB431A403B695A60FEF7F4FB2B
:1092B0003B695A68074B1B681344064A13603869B8
:1092C00000F06CF8FEF7F6FB00BF1837BD4680BD16
:1092D000D81C0020D01C002080B485B000AF4FF413
:1092E0004063BB60274BFB60FB6803F00703002B68
:1092F0000CD0FB680733FB60FB6823F00703FB60BF
:10930000BA68FB68D31A1F4A1344BB60FB687B60D2
:109310001D4A7B6813601C4B00225A607B68BA6848
:109320001344FB600822FB689B1AFB60FB6823F078
:109330000703FB60FB68154A1360144B1B6800228F
:109340005A60124B1B6800221A607B683B603B68C6
:10935000FA68D21A3B685A600C4B1A683B681A606C
:109360003B685B680A4A13603B685B68094A1360A4
:10937000094B4FF000421A6000BF1437BD4680BC55
:10938000704700BFC4100020C41C0020CC1C00206B
:10939000D41C0020D01C0020D81C002080B485B034
:1093A00000AF7860274BFB6002E0FB681B68FB6046
:1093B000FB681B687A689A42F7D8FB68BB60FB6859
:1093C0005B68BA6813447A689A4208D1FB685A68A5
:1093D0007B685B681A44FB685A60FB687B607B684B
:1093E000BB607B685B68BA681A44FB681B689A427A
:1093F00018D1FB681A68144B1B689A420DD07B6821
:109400005A68FB681B685B681A447B685A60FB6893
:109410001B681A687B681A6008E00B4B1A687B6847
:109420001A6003E0FB681A687B681A60FA687B6858
:109430009A4202D0FB687A681A6000BF1437BD46B2
:1094400080BC7047C41C0020CC1C002080B500AF3D
:10945000002212491248FBF771FF0346002B01D08E
:10946000F7F718F90F490E48FBF793FF0346002B57
:1094700001D0F7F70FF90C490948FBF749FF0346FC
:10948000002B01D0F7F706F90548FBF79BFF0346D1
:10949000002B01D0F7F7FEF800BF80BD18010020B7
:1094A000DC1C00200C0000200801002080B400AF6C
:1094B00000231846BD4680BC704780B400AF00232F
:1094C0001846BD4680BC704780B5C4B000AF0246A8
:1094D00007F58873A3F209131A7007F58873A3F5CB
:1094E00085730A461A7001212148FCF7BDFF034627
:1094F00087F80E311E4BD3F8B832C7F80831002375
:1095000087F80F3114E097F80F315B001A4607F126
:109510000C03981897F80F31D7F80821D35C1A4636
:10952000144901F0AFF897F80F31013387F80F3184
:1095300097F80F2197F80E319A42E4D30E4B1B682F
:109540004FF0FF311846FDF7B9FD07F10C0319463E
:109550000A4801F027F8084B186800230022002170
:10956000FDF72CFB0023184607F58877BD4680BD24
:10957000DC1C002010B80008AC02002018B800085D
:1095800080B483B000AF03463960FB713B681222A0
:109590001A80034B18460C37BD4680BC704700BF8D
:1095A0003401002080B483B000AF03463960FB7102
:1095B0003B6804221A80034B18460C37BD4680BC1A
:1095C000704700BF4801002080B582B000AF03465D
:1095D0003960FB71FB79002B05D13A6807490848CF
:1095E000FCF765FE04E03A6804490548FCF75FFEB5
:1095F000024B18460837BD4680BD00BFA01F0020A3
:1096000024B8000880B582B000AF03463960FB7112
:109610003A6804490448FCF74AFE024B18460837EA
:10962000BD4680BDA01F002044B8000880B582B0B0
:1096300000AF03463960FB713B681A221A8000F0C4
:1096400043F8024B18460837BD4680BD4C01002048
:1096500080B582B000AF03463960FB71FB79002B07
:1096600005D13A6807490848FCF721FE04E03A684A
:1096700004490548FCF71BFE024B18460837BD4657
:1096800080BD00BFA01F002058B8000880B582B080
:1096900000AF03463960FB71FB79002B05D13A68B6
:1096A00007490848FCF703FE04E03A680449054806
:1096B000FCF7FDFD024B18460837BD4680BD00BFD4
:1096C000A01F00206CB8000880B584B000AF0F4B1D
:1096D0001B68FB600E4B1B68BB600E4B1B687B60FE
:1096E000FA687B681344FB60FB68002B09D00822F2
:1096F0000949F86800F014F804220849B86800F035
:109700000FF800BF1037BD4680BD00BFE8F7FF1F50
:10971000ECF7FF1FF0F7FF1F4E0100205E01002055
:1097200080B487B000AFF860B9601346FB710023C6
:10973000FB750023FB7527E0FB681B0F092B0BD87B
:10974000FB681B0FDAB2FB7D5B001946BB680B445C
:109750003032D2B21A700AE0FB681B0FDAB2FB7D1E
:109760005B001946BB680B443732D2B21A70FB68F3
:109770001B01FB60FB7D5B000133BA6813440022D0
:109780001A70FB7D0133FB75FA7DFB799A42D3D3C6
:1097900000BF00BF1C37BD4680BC704780B584B099
:1097A00000AF78607B681B680D4A934213D10D4B64
:1097B000DB690C4A43F40003D3610A4BDB6903F411
:1097C0000003FB60FB68002205211420F7F71BFB58
:1097D0001420F7F734FB00BF1037BD4680BD00BF33
:1097E000005C00400010024080B582B000AF78609D
:1097F0007B68D3F868227B6803F50C731946104622
:10980000FBF728FE00BF0837BD4680BD80B582B09B
:1098100000AF78600B46FB707B68D3F86802FB787A
:109820007A685B01134403F59E731A68FB78194646
:10983000FBF75DFE00BF0837BD4680BD80B582B036
:1098400000AF78600B46FB707B68D3F86802FB784A
:109850007A685B0113443C331A68FB781946FBF7BE
:10986000B7FE00BF0837BD4680BD80B582B000AFEF
:1098700078607B68D3F868321846FBF7C7FF00BFF3
:109880000837BD4680BD80B584B000AF7860012345
:10989000FB737B689B68022B01D0F6F7FBFE7B68AD
:1098A000D3F86832FA7B11461846FBF777FF7B68DE
:1098B000D3F868321846FBF730FF00BF1037BD46BB
:1098C00080BD000080B582B000AF78607B68D3F8BF
:1098D00068321846FBF771FF7B689B69002B05D047
:1098E000044B1B69034A43F00603136100BF0837AA
:1098F000BD4680BD00ED00E080B582B000AF78606D
:109900007B68D3F868321846FBF76BFF00BF083757
:10991000BD4680BD80B582B000AF7860234A7B68C9
:10992000C2F868327B68214AC3F8C0221F4B204A24
:109930001A601E4B08225A601C4B02229A601B4B75
:1099400000229A61194B0022DA61184B00221A6238
:109950001648F7F74EFD0346002B01D0F6F79AFEA6
:109960007B68D3F8C002182300220021F8F7E6FB39
:109970007B68D3F8C002582300228021F8F7DEFB71
:109980007B68D3F8C002982300228121F8F7D6FB28
:109990007B68D3F8C002D82300220121F8F7CEFB60
:1099A000002318460837BD4680BD00BFA021002017
:1099B000005C004080B584B000AF78600023FB738A
:1099C0000023BB737B68D3F8C0321846F7F7F2FD6B
:1099D0000346FB73FB7B184600F048F90346BB7354
:1099E000BB7B18461037BD4680BD80B584B000AF44
:1099F0007860084611461A460346FB700B46BB705A
:109A000013463B800023FB730023BB737B68D3F8B2
:109A1000C002BB783A88F978F7F725FF0346FB7355
:109A2000FB7B184600F022F90346BB73BB7B18464C
:109A30001037BD4680BD80B584B000AF78600B465E
:109A4000FB700023FB730023BB737B68D3F8C03229
:109A5000FA7811461846F7F766FF0346FB73FB7B5F
:109A6000184600F003F90346BB73BB7B184610375A
:109A7000BD4680BD80B584B000AF78600B46FB70FA
:109A80000023FB730023BB737B68D3F8C032FA78E2
:109A900011461846F8F710F80346FB73FB7B18468F
:109AA00000F0E4F80346BB73BB7B18461037BD4695
:109AB00080BD80B584B000AF78600B46FB7000239A
:109AC000FB730023BB737B68D3F8C032FA7811466E
:109AD0001846F8F74BF80346FB73FB7B184600F07B
:109AE000C5F80346BB73BB7B18461037BD4680BD27
:109AF00080B485B000AF78600B46FB707B68D3F80C
:109B0000C032FB6097F90330002B08DAFB7803F0D2
:109B10007F03FA685B0113442A331B7808E0FB7863
:109B200003F07F03FA685B01134403F595731B7818
:109B300018461437BD4680BC704780B584B000AF6E
:109B400078600B46FB700023FB730023BB737B68BC
:109B5000D3F8C032FA7811461846F7F75FFE03468D
:109B6000FB73FB7B184600F081F80346BB73BB7B9D
:109B700018461037BD4680BD80B586B000AFF8608E
:109B80007A601A460B46FB7213463B810023FB7535
:109B90000023BB75FB68D3F8C0023B89F97A7A6869
:109BA000F7F751FF0346FB75FB7D184600F05EF8A2
:109BB0000346BB75BB7D18461837BD4680BD80B5D2
:109BC00086B000AFF8607A601A460B46FB72134607
:109BD0003B810023FB750023BB75FB68D3F8C002F3
:109BE0003B89F97A7A68F7F7E0FE0346FB75FB7D5F
:109BF000184600F03BF80346BB75BB7D1846183786
:109C0000BD4680BD80B582B000AF78600B46FB706A
:109C10007B68D3F8C032FA7811461846F7F7FFFE92
:109C2000034618460837BD4680BD000080B483B0A7
:109C300000AF7860024B18460C37BD4680BC7047B9
:109C40000C24002080B483B000AF786000BF0C37D4
:109C5000BD4680BC704780B483B000AF78600B46CF
:109C6000FB7000BF0C37BD4680BC704780B485B028
:109C700000AF0346FB710023FB73FB79032B17D85E
:109C800001A252F823F000BF999C00089F9C000895
:109C9000A59C0008AB9C00080023FB730BE002238B
:109CA000FB7308E00123FB7305E00223FB7302E072
:109CB0000223FB7300BFFB7B18461437BD4680BCF4
:109CC000704700BF80B582B000AF7860391D0523B2
:109CD00001220448F9F75FFB7B6818460837BD4648
:109CE00080BD00BF2002002080B500AF00222021EF
:109CF0000248F7F766FB00BF80BD00BF000C0140C3
:109D000080B500AF012220210248F7F75AFB00BFBF
:109D100080BD00BF000C014080B500AF00222021B3
:109D20000248F7F74EFB00BF80BD00BF001801409E
:109D300080B500AF012220210248F7F742FB00BFA7
:109D400080BD00BF0018014080B582B000AF102177
:109D50000448F7F71FFB0346FB71FB7918460837E9
:109D6000BD4680BD0018014080B500AF174B1B7881
:109D7000052B21D801A252F823F000BF959D0008C1
:109D80009B9D0008A19D0008A79D0008AD9D0008AF
:109D9000B39D000800F01CF811E000F03BF80EE065
:109DA00000F088F80BE000F0A7F808E000F0C8F831
:109DB00005E000F0E9F802E000F000F900BF4FF420
:109DC0007A70FCF771FC00BF80BD00BF64240020E6
:109DD00080B500AF0C4B1B684FF0FF311846FDF704
:109DE0006DF90A4800F046FC074B18680023002272
:109DF0000021FCF7E3FE40F6B830FCF755FC044BBD
:109E000001221A7000BF80BDAC02002084B8000897
:109E10006524002080B592B000AF224B1B684FF044
:109E2000FF311846FDF74AF91F4800F023FC1D4B8F
:109E30001868002300220021FCF7C0FE1B4B1B7892
:109E4000012B05D11A4B02221A70184B00221A70EE
:109E500000237B6007F108033C220021184600F034
:109E600009FD002387F847300EE097F8473097F850
:109E700047205532D2B248333B4403F8442C97F87C
:109E80004730013387F8473097F847303F2BECD9FC
:109E90003B1D4021184600F099FA00BF4837BD46E7
:109EA00080BD00BFAC02002098B8000866240020E6
:109EB0006524002080B500AF0C4B1B684FF0FF31CC
:109EC0001846FDF7FBF80A4800F0D4FB074B18686A
:109ED000002300220021FCF771FE40F6B830FCF7A9
:109EE000E3FB044B03221A7000BF80BDAC020020CC
:109EF000ACB800086524002080B500AF0D4B1B688E
:109F00004FF0FF311846FDF7D9F80B4800F0B2FBCF
:109F1000084B1868002300220021FCF74FFEFFF7D2
:109F200013FF0346002B02D1044B04221A7000BF1A
:109F300080BD00BFAC020020C0B80008652400202E
:109F400080B500AF0D4B1B684FF0FF311846FDF791
:109F5000B5F80B4800F08EFB084B18680023002270
:109F60000021FCF72BFEFFF7EFFE0346012B02D189
:109F7000044B03221A7000BF80BD00BFAC0200205A
:109F8000D4B800086524002080B500AF094B1B68D9
:109F90004FF0FF311846FDF791F8074800F06AFBD3
:109FA000044B1868002300220021FCF707FE00BFC5
:109FB00080BD00BFAC020020E8B8000880B500AF4B
:109FC000094B1B684FF0FF311846FDF777F807483B
:109FD00000F050FB044B1868002300220021FCF71E
:109FE000EDFD00BF80BD00BFAC020020FCB8000842
:109FF00080B584B000AF78600B46FB700023FB7324
:10A0000009E0FB7B7A681A44FB7B11780F4AD15434
:10A01000FB7B0133FB73FA7BFB789A42F1D301227D
:10A0200080210B48F7F7CDF9FB789AB24FF47A7399
:10A0300006490848F9F7AFF9002280210448F7F7EC
:10A04000C0F900BF1037BD4680BD00BF6C240020A2
:10A05000001401406002002080B582B000AF78603B
:10A060007B681B68154A934223D1154B1B78012B43
:10A0700005D1012213491448F9F726FA1AE0134BC7
:10A080001B78632B15D8114B1B781A460D4B19788A
:10A090000F4B99540D4B1B780133DAB20B4B1A70EE
:10A0A0000C4B01221A70012206490748F9F70CFAF5
:10A0B00000E000BF00BF0837BD4680BD004400403F
:10A0C000672400203425002060020020682400203E
:10A0D000D02400206924002080B400AF064B002269
:10A0E0001A70064B00221A70054B00221A7000BF2E
:10A0F000BD4680BC704700BF682400206724002054
:10A100006924002080B582B000AF4C4B1B78012B36
:10A1100040F08F804A4B1B7819464A4800F0E2F81D
:10A120000346012B54D1484B1B684FF0FF311846B2
:10A13000FCF7C4FF424B1B781946444800F032FA42
:10A14000414B1868002300220021FCF737FD002353
:10A15000FB7109E0FB793B4AD35C19463C4800F0AF
:10A1600021FAFB790133FB71354B1B78FA799A425E
:10A17000F0D3384800F07EFA324B5B78B12B09D12E
:10A18000304B9B78002B05D12E4B1B79184600F0E5
:10A190006DF84CE02B4B5B78B12B48D1294B9B7869
:10A1A000112B44D12C4800F065FA264B1B79012B6A
:10A1B0003DD1244B9B79032B39D1224B5B7A002B69
:10A1C00035D1264800F056FA254B01221A702EE0B0
:10A1D0001D4B1B684FF0FF311846FCF76FFF184B03
:10A1E0001B7819461F4800F0DDF9174B186800234B
:10A1F00000220021FCF7E2FC0023BB7109E0BB79DF
:10A20000104AD35C1946124800F0CCF9BB790133EF
:10A21000BB710B4B1B78BA799A42F0D3084B1B7871
:10A22000013B084AD35C19460F4800F0BBF9FFF721
:10A2300053FF00BF0837BD4680BD00BF6724002024
:10A2400068240020D0240020AC02002010B90008AF
:10A2500040B9000844B9000848B9000854B90008DA
:10A260006624002064B900089CB9000880B483B05B
:10A2700000AF0346FB71FB79052B27D801A252F8EA
:10A2800023F000BF9DA20008A5A20008ADA200080F
:10A29000B5A20008BDA20008C5A20008104B00220C
:10A2A0001A7017E00E4B01221A7013E00C4B0222B9
:10A2B0001A700FE00A4B03221A700BE0084B0422BD
:10A2C0001A7007E0064B05221A7003E0044B0522C2
:10A2D0001A7000BF00BF0C37BD4680BC704700BF7E
:10A2E0006424002080B483B000AF78600B46FB701C
:10A2F000FB78052B01D8002322E07B681B78EE2B2E
:10A300001BD1FB78013B7A6813441B78FF2B14D1D7
:10A31000FB78023B7A6813441B78FF2B0DD1FB7846
:10A32000033B7A6813441B78FC2B06D1FB78043B73
:10A330007A6813441B78FF2B01D0002300E001232F
:10A3400018460C37BD4680BC7047000080B586B00B
:10A3500000AF0346FB711C4A07F10C0307CA03C395
:10A360001A70FB79052B21D801A252F823F000BF07
:10A3700089A300088FA3000895A300089BA30008E9
:10A38000A1A30008A7A3000800233B7411E0012348
:10A390003B740EE002233B740BE003233B7408E0A4
:10A3A00004233B7405E005233B7402E0FF233B7468
:10A3B00000BF07F10C0309211846FFF719FE00BF83
:10A3C0001837BD4680BD00BFB0B9000880B584B065
:10A3D00000AF78600B46FB700023FB7309E0FB7B4A
:10A3E0007A681A44FB7B11780B4AD154FB7B01330A
:10A3F000FB73FA7BFB789A42F1D340220649074867
:10A40000FAF7CEFE0346002B01D1012300E0002322
:10A4100018461037BD4680BD98250020DC1C002062
:10A42000002310B50446C0E90033C0E9043383605B
:10A4300081814366C2818361194608225C3000F045
:10A4400019FA0D4B246263620C4BA3620C4BE3625E
:10A450000C4B23630C4B9C4206D003F168029442E0
:10A4600002D0D0339C4205D104F15800BDE8104021
:10A4700000F0CEBA10BD00BFC5A60008E7A60008D0
:10A480001FA7000843A70008D8250020024A034957
:10A49000034800F069B800BF6801002075B50008E6
:10A4A0007801002041680C4B10B59942044601D058
:10A4B00001F060F8A168094B994202D0204601F0F2
:10A4C00059F8E168064B994204D02046BDE8104097
:10A4D00001F050B810BD00BFD82500204026002054
:10A4E000A826002010B50B4B0B4C0C4A20461A60D6
:10A4F00004210022FFF794FF04F1680001220921E2
:10A50000FFF78EFF04F1D0000222BDE810401221B7
:10A51000FFF786BF10270020D82500208DA4000853
:10A52000014800F076BA00BF19270020014800F06A
:10A5300071BA00BF1927002010B50446FFF7F0FFDD
:10A54000236A1BB1BDE81040FFF7F0BF044B236244
:10A55000044B1B68002BF5D1FFF7C4FFF2E700BFE7
:10A56000A5A40008102700202DE9F84307468846D7
:10A5700014460026D4E90195B9F1010905D52468EE
:10A58000002CF7D13046BDE8F883AB89012B07D901
:10A59000B5F90E30013303D029463846C04706438B
:10A5A0006835E9E70FB407B5064904AB086853F806
:10A5B000042B8168019300F0B3FC03B05DF804EB59
:10A5C00004B0704774010020036A70B505460E465A
:10A5D00084680BB9FFF7B0FF636EDB0705D4A3896E
:10A5E000980502D4A06D00F014FAA389190702D5CA
:10A5F0002369002B35D12146284600F0E5F880B3C9
:10A600004FF0FF35636EDA0705D4A3899B0502D4AA
:10A61000A06D00F0FFF9284670BD002B04DAA26996
:10A620009A4217DC0A2915D023685A1C2260197037
:10A63000A36816F8011F013BA3600029EDD1002B90
:10A6400011DA22460A21284600F07FF80130D7D0DF
:10A650000A25D7E72246284600F077F80130E7D1EF
:10A66000CEE7013EE4E723685A1C22600A221A70F2
:10A67000EEE70000024B01461868FFF7A5BF00BFD8
:10A68000740100200EB46FF0004100B59CB01DAB0A
:10A6900002900690079104910848094953F8042B49
:10A6A0000591006802A9019300F016FB0022029BAD
:10A6B0001A701CB05DF804EB03B070477401002001
:10A6C0000802FFFF10B50C46B1F90E1000F052F968
:10A6D0000028ABBF636DA3891B1823F48053ACBF64
:10A6E0006365A38110BD2DE9F0411F468B890546A6
:10A6F000DB050C46164605D502230022B1F90E10E3
:10A7000000F026F9A389324623F48053A38128461A
:10A710003B46B4F90E10BDE8F04100F03DB910B56C
:10A720000C46B1F90E1000F013F9431CA38915BFB4
:10A73000606523F4805343F48053A38118BFA38141
:10A7400010BDB1F90E1000F09DB8F8B50E461446D4
:10A75000054618B1036A0BB9FFF7EEFEA369A360C3
:10A76000A3891A0701D5236943B92146284600F079
:10A770002BF818B14FF0FF373846F8BD236822692F
:10A78000F6B2981A63693746834205DC21462846AB
:10A7900000F0F0FE0028EDD1A368013BA360236820
:10A7A0005A1C22601E706269431C9A4204D0A3891D
:10A7B000DB07E1D50A2EDFD12146284600F0DAFE7C
:10A7C0000028D9D0D6E7000038B5294B05461868CF
:10A7D0000C4618B1036A0BB9FFF7AEFEB4F90C30A2
:10A7E000190722D4DA0607D409222A6043F040036D
:10A7F0004FF0FF30A38133E0580712D5616B41B1B0
:10A8000004F14403994202D0284600F013F90023D2
:10A810006363A38923F02403A38100236360236976
:10A820002360A38943F00803A38123694BB9A3895B
:10A8300003F42073B3F5007F03D02146284600F0CF
:10A84000E6FEB4F90C3013F001020AD00022A26037
:10A8500062695242A261226942B913F08000C5D1F7
:10A8600038BD990758BF6269A260F4E70020F7E796
:10A870007401002003460244934200D1704703F85C
:10A88000011BF9E738B50023054D044608462B6047
:10A89000F6F711F9431C02D12B6803B1236038BDD0
:10A8A00014270020294B70B51B68044683424BD007
:10A8B000C369ABB1DB686BB10025E369DB6859594B
:10A8C00000293BD10435802DF7D1E3692046D968B2
:10A8D00000F0B0F8E369196811B1204600F0AAF859
:10A8E000616911B1204600F0A5F8E16911B1204677
:10A8F00000F0A0F8216B11B1204600F09BF8616BCD
:10A9000011B1204600F096F8A16B11B1204600F07D
:10A9100091F8A16C11B1204600F08CF8616C11B176
:10A92000204600F087F8E16A11B1204600F082F875
:10A93000236A4BB12046BDE8704018470E68204698
:10A9400000F078F83146BBE770BD00BF740100200D
:10A9500038B50446084611460022054D2A601A46BD
:10A96000F6F7CDF8431C02D12B6803B1236038BD44
:10A970001427002038B50446084611460022054D2C
:10A980002A601A46F6F75EF8431C02D12B6803B121
:10A99000236038BD1427002038B504460846114608
:10A9A0000022054D2A601A46F6F769F8431C02D1C9
:10A9B0002B6803B1236038BD14270020014B1868B1
:10A9C000704700BF7401002070B500260C4D0D4C7F
:10A9D000641BA410A64209D100F0E6FE00260A4D31
:10A9E0000A4C641BA410A64205D170BD55F8043B67
:10A9F00098470136EEE755F8043B98470136F2E7F1
:10AA000074BA000874BA000874BA000878BA00086A
:10AA10007047704770470A44914200F1FF3300D1FC
:10AA2000704710B511F8014B914203F8014FF9D16D
:10AA300010BD000038B50546002940D051F8043C4F
:10AA40000C1F002BB8BFE41800F0DEF81C4A136896
:10AA500033B9636014602846BDE8384000F0DAB8C6
:10AA6000A34208D9206821188B4201BF19685B688E
:10AA700009182160EDE71A465B680BB1A342FAD9C9
:10AA800011685018A0420BD120680144501883422D
:10AA90001160E0D118685B68084410605360DAE721
:10AAA00002D90C232B60D6E7206821188B4201BF06
:10AAB00019685B680918216063605460CBE738BD92
:10AAC0002027002070B50F4E0C463168054611B99D
:10AAD00000F016FE30602146284600F011FE431CAF
:10AAE00003D14FF0FF34204670BDC41C24F0030492
:10AAF000A042F8D0211A284600F002FE0130F2D11F
:10AB0000EFE700BF1C2700202DE9F843CD1C25F0FE
:10AB1000030508350C2D38BF0C25002D064601DB3A
:10AB2000A94204D90C2333600020BDE8F883DFF884
:10AB3000D48000F069F8D8F800301C4644BB2946A0
:10AB40003046FFF7BFFF431C044658D1D8F80040F9
:10AB50002746002F43D1002C4BD02368394630467E
:10AB600004EB030900F0CCFD814542D12168304659
:10AB70006D1A2946FFF7A6FF01303AD023682B440F
:10AB80002360D8F800305A6862BBC8F800700FE044
:10AB90002268521B20D40B2A17D96119A3422560C1
:10ABA00018BF5960636808BFC8F8001062514B6055
:10ABB000304600F02FF804F10B00231D20F00700B1
:10ABC000C21A1CBF1B1AA350AFE76268A3420CBF96
:10ABD000C8F800205A60EBE723466468AEE73C46BD
:10ABE0007F68B6E71A465B68A342FBD10023536037
:10ABF000DEE70C233046336000F00CF894E7056084
:10AC0000D6E700BF202700200148FFF702BF00BFA2
:10AC1000182700200148FFF7FDBE00BF18270020BD
:10AC20002DE9F0471F468E688246BE420C4690468C
:10AC30000B682DD8B1F90C2012F4906F26D06569FD
:10AC4000096905EB4505A3EB010905EBD5757B1CEF
:10AC50004B446D109D4238BF1D46530527D52946EC
:10AC6000FFF752FF064660B34A462169FFF7D3FE5D
:10AC7000A38923F4906343F08003A38126614E44AB
:10AC800026603E466561A5EB0905A560BE4200D978
:10AC90003E4632464146206800F0F5FC0020A3689D
:10ACA0009B1BA360236833442360BDE8F0872A46DA
:10ACB00000F044FD06460028E0D150462169FFF728
:10ACC000B9FE0C23CAF80030A3894FF0FF3043F0DF
:10ACD0004003A381E9E700002DE9F04F98468B89F6
:10ACE00007461B060D4614469DB010D50B6973B977
:10ACF0004021FFF709FF2860286130B90C233B6031
:10AD00004FF0FF301DB0BDE8F08F40236B61002392
:10AD1000099320238DF8293030234FF00109CDF815
:10AD20000C80DFF898818DF82A3023469A4613F874
:10AD3000012B0AB1252AF9D1BAEB040B0BD05B46E3
:10AD4000224629463846FFF76BFF013000F0A78006
:10AD5000099A5A4409929AF80030002B00F09F801B
:10AD600000234FF0FF32CDE905230AF1010A0493D5
:10AD700007938DF853301A935446052214F8011B9B
:10AD80004E4800F0CDFC049AD8B9D00644BF202329
:10AD90008DF85330110744BF2B238DF853309AF8A8
:10ADA00000302A2B15D0544600204FF00A0C079A89
:10ADB000214611F8013B303B092B4BD9B0B107922A
:10ADC00014E0A0EB080309FA03F31343A24604932B
:10ADD000D2E7039B191D1B680391002BBBBF5B428D
:10ADE00042F0020207930793B8BF049223782E2BF8
:10ADF0000AD163782A2B32D1039B02341A1D1B68B7
:10AE0000039243EAE3730593DFF8B4A003225046AC
:10AE1000217800F085FC38B14022049BA0EB0A00A9
:10AE2000824013430134049314F8011B0622254881
:10AE30008DF8281000F074FC002836D0224B1BBB84
:10AE4000039B073323F0070308330393099B334421
:10AE500009936AE70C4601200CFB0232A8E70023A5
:10AE60004FF00A0C194601340593204610F8012BC7
:10AE7000303A092A03D9002BC6D00591C4E704460D
:10AE800001230CFB0121F0E703AB00932A4638466F
:10AE90000E4B04A9AFF30080421C0646D6D1AB8905
:10AEA0005B063FF52DAF09982CE703AB00932A46CC
:10AEB0003846064B04A900F0BDF9EDE740BA00089A
:10AEC00046BA00084ABA00080000000021AC000899
:10AED000936810B4013B002B936007DA9469A34296
:10AEE00001DB0A2902D110BCFFF72FBC1368581CE4
:10AEF00010601970084610BC7047F8B506460F463A
:10AF00001446D518AC4201D1002007E03A4630463D
:10AF100014F8011BFFF7DCFF431CF3D1F8BD000060
:10AF20002DE9F04F0D461446984606469DB018B1DF
:10AF3000036A0BB9FFF700FB6B6ED90705D4AB8929
:10AF40009A0502D4A86DFFF764FDAB891B0701D5F4
:10AF50002B699BB929463046FFF736FC70B16B6E02
:10AF6000DC0704D54FF0FF301DB0BDE8F08FAB8992
:10AF70009805F7D4A86DFFF74DFDF3E7002309937B
:10AF800020238DF8293030234FF00109CDF80C80B3
:10AF9000DFF8A8818DF82A3023469A4613F8012B52
:10AFA0000AB1252AF9D1BAEB040B0BD05B46224635
:10AFB00029463046FFF7A1FF013000F0A780099A2B
:10AFC0005A4409929AF80030002B00F09F80002329
:10AFD0004FF0FF32CDE905230AF1010A04930793EC
:10AFE0008DF853301A935446052214F8011B534828
:10AFF00000F096FB049AD8B9D10644BF20238DF8FF
:10B000005330130744BF2B238DF853309AF8003088
:10B010002A2B15D0544600204FF00A0C079A2146DF
:10B0200011F8013B303B092B4BD9B0B1079214E02A
:10B03000A0EB080309FA03F31343A2460493D2E7F3
:10B04000039B191D1B680391002BBBBF5B4242F0A1
:10B05000020207930793B8BF049223782E2B0AD1DC
:10B0600063782A2B32D1039B02341A1D1B6803928A
:10B0700043EAE3730593DFF8C8A003225046217822
:10B0800000F04EFB38B14022049BA0EB0A00824046
:10B0900013430134049314F8011B062229488DF848
:10B0A000281000F03DFB00283FD0274B1BBB039B23
:10B0B000073323F0070308330393099B3B440993A9
:10B0C0006AE70C4601200CFB0232A8E700234FF090
:10B0D0000A0C194601340593204610F8012B303A2A
:10B0E000092A03D9002BC6D00591C4E704460123E1
:10B0F0000CFB0121F0E703AB00932A463046134BCB
:10B1000004A9AFF300800746781CD6D16B6ED9072F
:10B1100005D4AB899A0502D4A86DFFF77BFCAB89F7
:10B120005B063FF51FAF09981EE703AB00932A4665
:10B130003046064B04A900F07DF8E4E740BA000869
:10B1400046BA00084ABA000800000000FBAE00083A
:10B150002DE9F047164698468A680B6907469342E0
:10B16000B8BF1346336091F843200C46DDF82090B9
:10B170000AB1013333602368990642BF3368023352
:10B180003360256815F0060506D104F1190AE36855
:10B1900032689B1AAB422BDC94F843302268003BA8
:10B1A00018BF0123920630D44146384604F14302C9
:10B1B000C847013023D02368226903F00603042B1B
:10B1C00014BF002533684FF0000608BFE56804F19E
:10B1D0001A0408BFED1A54F8123C08BF25EAE575B9
:10B1E0009342C4BF9B1AED18B5421AD1002008E063
:10B1F0000123524641463846C847013003D14FF03B
:10B20000FF30BDE8F0870135C1E73020E11881F853
:10B2100043005A1C94F845102244023382F843102C
:10B22000C2E70123224641463846C8470130E6D0EE
:10B230000136D9E72DE9FF470F7E9146782F8046EA
:10B240000C469A460C9E01F1430207D8622F0AD899
:10B25000002F00F0D380582F00F0BA8004F142068E
:10B2600084F842703AE0A7F16303152BF6D801A1E8
:10B2700051F823F0CDB20008E1B200085DB2000839
:10B280005DB200085DB200085DB20008E1B20008DE
:10B290005DB200085DB200085DB200085DB2000852
:10B2A000E3B300080BB300089DB300085DB20008CB
:10B2B0005DB2000805B400085DB200080BB30008D9
:10B2C0005DB200085DB20008A5B3000833681A1D1E
:10B2D0001B68326004F1420684F8423001239EE08C
:10B2E00033682068191D3160060601D51D6803E02A
:10B2F0004506FBD5B3F90050002D03DA2D236D422E
:10B3000084F843300A23594811E02168336808065D
:10B3100053F8045B02D4490648BFADB26F2F3360C7
:10B3200014BF0A2308235148002184F8431066689B
:10B33000002EA8BF2168A660A4BF21F004012160EF
:10B340000DB9002E4BD01646B5FBF3F103FB115798
:10B35000C75D06F8017D2F46BB420D46F4D9082B88
:10B360000BD12368DF0708D5236961689942DEBFE6
:10B37000302306F8013C06F1FF36921B22614B4652
:10B3800021464046CDF800A003AAFFF7E1FE0130B8
:10B390004AD14FF0FF3004B0BDE8F087236843F096
:10B3A000200323607827324884F845702368316889
:10B3B0001F0651F8045B02D45F0648BFADB231608E
:10B3C000D90744BF43F0200323601DB11023ABE72E
:10B3D0002648E9E7236823F020032360F6E71646B2
:10B3E000BDE733682568181D616930602E061B684B
:10B3F00001D5196002E06806FBD5198000231646C6
:10B400002361BCE7336800211A1D32601E68626840
:10B41000304600F085F908B1801B606063682361E5
:10B42000002384F84330AAE7324649464046236960
:10B43000D0470130ADD023689B0713D4E068039B4D
:10B440009842B8BF1846A6E701233246494640460F
:10B45000D04701309DD00135E36803995B1AAB42B8
:10B46000F2DCEBE7002504F11906F5E751BA000814
:10B4700062BA0008B1F90C20F8B5160705460C466B
:10B4800054D44B68002B02DC0B6C002B48DDE66AC1
:10B49000002E45D0002312F480522F68216A2B60C1
:10B4A00030D0626DA389590705D56368D21A636BE2
:10B4B0000BB1236CD21A00232846E66A216AB047F2
:10B4C000431CA38906D129681D292BD8284A0A4183
:10B4D000D60727D4002262602269D904226004D5ED
:10B4E000421C01D12B6803B96065616B2F60B9B153
:10B4F00004F14403994202D02846FFF79BFA002347
:10B5000063630DE001232846B0470246501CC9D1B1
:10B510002B68002BC6D01D2B01D0162B1DD12F6000
:10B52000002021E043F040031BB21AE00F69002F16
:10B53000F6D0930718BF00230E6808BF4B69F61BAF
:10B540000F608B60002EEBDD33463A462846216AB9
:10B55000D4F828C0E047002807DCB4F90C3043F0E9
:10B5600040034FF0FF30A381F8BD0744361AE9E7E6
:10B57000FEFFBFDF38B50B6905460C4613B9002541
:10B58000284638BD18B1036A0BB9FEF7D5FFB4F9E8
:10B590000C30002BF3D0626ED00704D4990502D48E
:10B5A000A06DFFF736FA28462146FFF763FF636E6A
:10B5B0000546DA07E4D4A3899B05E1D4A06DFFF723
:10B5C00029FADDE770B50C46B1F90E1015460029D1
:10B5D0001E4696B00CDAA389002113F0800F14BF29
:10B5E00040234FF48063002031602B6016B070BDA3
:10B5F0006A4600F063F80028EDDB019901F4704120
:10B60000A1F50053594259414FF48063EBE78B8910
:10B61000F7B59D0706460C4607D504F1470323609E
:10B6200023610123636103B0F0BD6A4601ABFFF7FC
:10B63000C9FF009F054639463046FFF765FA48B90D
:10B64000B4F90C309A05EED423F0030343F002035F
:10B65000A381E2E7A389C4E9040743F08003A3813F
:10B66000019B20605BB13046B4F90E1000F038F851
:10B6700028B1A38923F0030343F00103A381A38925
:10B680001D43A581CFE7884210B501EB020402D922
:10B690008442234607D8431EA14208D011F8012B4B
:10B6A00003F8012FF8E7014602448A4200D110BD99
:10B6B00013F8014D02F8014DF7E7000038B50023FB
:10B6C000064D0446084611462B60F5F7FFF9431C6A
:10B6D00002D12B6803B1236038BD00BF14270020BE
:10B6E00038B50023054D044608462B60F5F7FDF9F3
:10B6F000431C02D12B6803B1236038BD14270020FE
:10B7000038B50023054D044608462B60F5F704FACA
:10B71000431C02D12B6803B1236038BD14270020DD
:10B72000034610B5C9B202449342184601D1002025
:10B7300003E0047801338C42F6D110BD2DE9F041CD
:10B74000804615460C4621B91146BDE8F041FFF789
:10B75000DBB92AB9FFF76EF900242046BDE8F08175
:10B7600000F01AF88542064602D8B5EB500FF4D81F
:10B7700029464046FFF7C8F907460028ECD0B542F5
:10B780002A46214628BF3246FFF745F92146404662
:10B79000FFF750F93C46E0E751F8043C181F002B36
:10B7A000BCBF0B58C0187047F8B500BFF8BC08BC48
:10B7B0009E467047F8B500BFF8BC08BC9E4670476F
:10B7C00064656661756C745461736B006D794C458A
:10B7D000445461736B0000006D795573617274326B
:10B7E0005461736B0000000002030405060708099A
:10B7F0000A0B0C0D0E0F101049444C4500000000C0
:10B80000546D722053766300546D72510000000035
:10B8100025303278000000005B7379735D25730D6D
:10B820000A00000053544D333220437573746F6D1A
:10B830002048756D616E20696E746572666163651E
:10B840000000000053544D6963726F656C6563744A
:10B85000726F6E6963730000437573746F6D204877
:10B86000494420436F6E6669670000004375737436
:10B870006F6D2048494420496E7465726661636546
:10B88000000000005B7379735D73746174653A2026
:10B89000494E4954210D00005B7379735D737461E7
:10B8A00074653A2053544F50210D00005B73797337
:10B8B0005D73746174653A205245414459210D000D
:10B8C0005B7379735D73746174653A2050415553AD
:10B8D00045210D005B7379735D73746174653A2063
:10B8E000574F524B210D00005B7379735D73746188
:10B8F00074653A204552524F52210D005B737973A3
:10B900005D7374617465206572726F72210D000041
:10B910005B7379735D5553415254322052656365B0
:10B920006976652064617461203A205B20726563EA
:10B9300065697665203D202564205D205B20000040
:10B94000255820005D0D0000627574746F6E210D26
:10B9500000000000627574746F6E20646F776E2152
:10B960000D0000005B7379735D4552524F523A20CF
:10B97000555341525432205265636569766520649F
:10B98000617461203A205B20726563656976652089
:10B990003D202578205D205B200000005D2C20727A
:10B9A0006563655F73756D203D2025640D0A000099
:10B9B000EEB1000000FFFCFFFF000000C0B7000870
:10B9C0000000000000000000000000000000000077
:10B9D000000200001800000000000000000000004D
:10B9E000CCB70008000000000000000000000000CC
:10B9F000000000000002000008000000000000003D
:10BA000000000000D8B7000800000000000000009F
:10BA1000000000000000000000020000080000001C
:10BA20000000000000000000000000000000000016
:10BA300001020304060708090000000001020304D4
:10BA4000232D302B2000686C4C0065666745464707
:10BA5000003031323334353637383941424344458A
:10BA600046003031323334353637383961626364F9
:04BA70006566000007
:04BA740015020008AF
:04BA7800F1010008D0
:10BA7C000024F4001000000001000000C14E00087A
:10BA8C00454F0008A14F000800000000B352000809
:10BA9C005152000875520008000000000000000020
:10BAAC000000000011520008F1510008315200084A
:10BABC00F152000809022900010100C032090400FA
:10BACC0000020300000009211101000122220007DD
:10BADC000581034000050705010340000500000037
:10BAEC0009022900010100C0320904000002030010
:10BAFC0000000921110100012222000705810340E9
:10BB0C00000507050103400005000000090229009B
:10BB1C00010100C0320904000002030000000921E9
:10BB2C0011010001222200070581034000050705D1
:10BB3C00010340000500000009211101000122222F
:10BB4C00000000000A060002000000400100000096
:10BB5C00AAAAAAAA06FF000901A101090315002639
:10BB6C0000FF750895408102090415002600FF7539
:10BB7C000895409102C00000E4000020AD9400083C
:10BB8C00BB940008C994000881950008A59500088D
:10BB9C0005960008C99500082D96000851960008D6
:10BBAC008D960008120100020000004083045057DB
:10BBBC000002010203010000040309041A0300003F
:10BBCC000000000000000000000000000000000069
:10BBDC000000000000000000000000000300000056
:10BBEC00D82500207801002000000000D825002076
:10BBFC0040260020A82600200000000000000000C5
:10BC0C000000000000000000000000000000000028
:10BC1C000000000000000000000000000000000018
:10BC2C000000000000000000000000000000000008
:04BC3C000000000004
:0400000508000BEDF7
:00000001FF
